x1,y
0.9140122,4.4122853
0.18961541,0.21768296
-0.13443401,-0.12380043
-0.3063492,-0.2422712
-0.59603494,-0.3635689
0.42899534,0.75431854
0.27193633,0.38209623
0.7803105,2.7384384
0.19467668,0.26063952
-0.66039234,-0.36373463
0.36566728,0.57515955
0.75758725,2.5264318
0.9809247,5.6089106
0.37013194,0.6064092
-0.42092812,-0.30539942
0.1307636,0.15310737
0.029967882,0.025469368
0.023957247,0.0064486535
-0.84276026,-0.30883962
-0.61090827,-0.3534119
0.04823214,0.033449896
0.5963637,1.3986644
-0.63642716,-0.3548507
-0.671437,-0.35789266
0.5197106,1.0613421
0.38110805,0.6021234
-0.029783683,-0.04073974
-0.89927614,-0.23630689
-0.054636776,-0.053143132
0.669704,1.8510725
-0.97875696,-0.06403132
-0.79478717,-0.32236257
0.61867225,1.5475407
0.050303858,0.056879316
0.32453394,0.46736428
0.49010366,0.9487219
-0.39958408,-0.2708046
-0.40424922,-0.29292867
-0.47208852,-0.32372123
-0.6654905,-0.35346788
-0.39051238,-0.29420474
0.9056607,4.304581
-0.82804745,-0.3131289
-0.5187278,-0.33922815
-0.36396515,-0.24918967
-0.69236803,-0.36885324
-0.84519684,-0.2898573
-0.6762843,-0.35453042
0.055598095,0.046049874
0.19350499,0.24828036
-0.5694887,-0.35495353
0.0076076095,-0.005135961
-0.98754084,-0.040928874
0.20403719,0.25694343
-0.9973906,-0.0053657168
0.2855533,0.3919777
-0.033357523,-0.034441154
-0.7814519,-0.3526936
-0.8231907,-0.31809056
-0.98621994,-0.053284798
0.1032897,0.11439444
0.61309874,1.4921024
0.7130875,2.1793542
0.13847461,0.16455995
0.7743356,2.6754205
0.723959,2.2375944
0.39644524,0.66132486
-0.27383384,-0.21243165
0.6543846,1.729004
-0.21664701,-0.18592303
-0.1934711,-0.1556665
0.35615015,0.55574065
0.85583735,3.6095262
3.9559094e-05,-0.0027604254
-0.6455769,-0.3724762
-0.7150936,-0.37395072
-0.39552307,-0.2728419
-0.08469086,-0.058642644
-0.4046753,-0.28405643
0.42383566,0.74070966
0.08530415,0.085269645
-0.18653706,-0.15741324
-0.5731901,-0.35205707
0.21082978,0.27098
0.34820035,0.5340379
0.5683414,1.3000425
0.98169285,5.6350636
-0.5373429,-0.32812035
-0.9697763,-0.08009145
0.00088883436,-0.020369528
0.84800977,3.5089862
-0.5024774,-0.31809723
0.51175034,1.0432408
-0.36097792,-0.2653196
-0.21759985,-0.19304518
0.8954507,4.146567
-0.07796428,-0.086823866
0.45064437,0.8263154
0.09970895,0.11529043
0.52781075,1.088503
-0.36526895,-0.25948685
0.7537896,2.5146356
0.097844794,0.11629822
-0.3816782,-0.2553916
-0.92360264,-0.19095315
-0.97358346,-0.063473545
-0.29326713,-0.24121138
-0.5685991,-0.33129957
-0.89464206,-0.22280194
0.10569254,0.11444878
0.97757804,5.534788
-0.15534659,-0.13985626
0.10422586,0.113757774
-0.56039184,-0.345851
-0.59016675,-0.35562423
-0.34325308,-0.26145652
0.6701032,1.8589119
0.9211527,4.5284395
0.47945046,0.9155919
-0.95888746,-0.10714077
-0.12317348,-0.10973514
-0.15859526,-0.13058238
0.8704006,3.789082
0.49113652,0.94392
0.42878145,0.7430829
0.12955219,0.1435675
0.2916697,0.40914744
0.39721748,0.66358495
0.105111584,0.11856184
0.68965685,1.9834316
-0.9262107,-0.17495947
0.88276225,3.963185
0.5471754,1.1849647
0.05792366,0.06713997
0.7206561,2.218498
0.6559611,1.7434293
-0.1612195,-0.12574038
0.67963237,1.9189999
-0.62332386,-0.3557876
-0.0615966,-0.041030444
-0.53544337,-0.33354962
-0.7512036,-0.35236514
0.7892059,2.8342233
-0.26610646,-0.21559855
0.36876693,0.5854888
-0.24980259,-0.19015837
0.08824551,0.10656588
-0.30391616,-0.24670057
0.48545337,0.9403559
0.5729271,1.2911122
-0.13893476,-0.12786938
0.7192265,2.2106788
-0.28939262,-0.21643242
0.52492166,1.0694686
0.30012754,0.4306921
-0.08803793,-0.09712646
0.77783597,2.733668
0.14450677,0.15781893
0.68036515,1.9193522
0.46666822,0.86230344
0.06514842,0.06398398
-0.34715936,-0.27725083
0.9022734,4.2372046
-0.88650817,-0.24257451
0.7889725,2.8276515
0.012785911,0.009765256
0.49748218,0.9671041
-0.33173692,-0.25155172
-0.23158056,-0.20002349
-0.6184981,-0.36551252
0.9086815,4.3462625
-0.9134019,-0.19985369
-0.22633979,-0.20278952
-0.33059824,-0.24762172
0.62615395,1.562836
0.003179008,-0.010471825
-0.6617917,-0.35247055
0.018025532,0.025651673
-0.5279671,-0.3325417
-0.96577376,-0.09485004
0.08909007,0.09199507
-0.27918455,-0.2032758
-0.52222234,-0.33475882
-0.6555239,-0.37353188
-0.09261294,-0.09471086
0.73924166,2.375415
0.5162586,1.043535
-0.9907401,-0.016685769
0.4623003,0.85210204
-0.85455585,-0.2933436
0.09600275,0.124807805
0.5600928,1.2236952
-0.09341692,-0.09765609
-0.24660902,-0.19861846
0.8789462,3.917662
-0.9414677,-0.15623769
-0.7880506,-0.32821652
0.74065655,2.379498
0.772475,2.698197
-0.25453556,-0.19950236
0.08039396,0.076572515
-0.6712081,-0.37194034
0.76855886,2.6413012
-0.06187261,-0.06638888
0.12817647,0.14625776
-0.76387995,-0.3273293
0.22964503,0.30445722
0.39165026,0.6474159
-0.4105639,-0.26982993
0.7922945,2.863384
-0.59219027,-0.35605887
0.79476255,2.8934724
0.4066884,0.6760892
0.6617016,1.7892325
0.39817536,0.65442014
-0.14315341,-0.1318068
-0.33685306,-0.25456113
0.46814612,0.8644077
-0.40367225,-0.2830967
-0.8762861,-0.265122
-0.5059864,-0.3201762
0.5104681,1.0315754
0.58644193,1.3648187
-0.44678503,-0.31094307
-0.34415385,-0.25517142
0.098677054,0.10822944
-0.4760634,-0.31849825
0.21234722,0.25617966
-0.4359129,-0.30045033
-0.75824946,-0.346041
-0.6903355,-0.3497582
-0.49889997,-0.33778
-0.6641887,-0.37669712
0.9486853,5.0198016
0.31674105,0.44798404
-0.6414826,-0.34900835
-0.15219371,-0.120258346
-0.46174097,-0.30701077
0.3690593,0.56828386
0.73455286,2.3309402
-0.19834678,-0.16603173
-0.14232573,-0.12169943
-0.20306775,-0.16324052
-0.10155083,-0.099682465
-0.9282966,-0.16273777
0.18520945,0.23250446
0.9040759,4.28358
0.57064503,1.2809479
0.72282284,2.2397487
-0.54172814,-0.36392474
0.2143601,0.27679744
0.7859408,2.8228269
-0.86278737,-0.26430407
0.7545088,2.5130658
-0.87099856,-0.25453854
0.9661368,5.3397694
-0.8321569,-0.30536222
-0.2640669,-0.1989796
-0.8907039,-0.23128249
-0.8864542,-0.24125326
0.7325684,2.3294053
-0.87278605,-0.26691312
0.58524305,1.3478563
0.8137622,3.077049
0.8700997,3.7824035
0.7280875,2.274359
0.9103286,4.3739142
-0.8964131,-0.2229408
0.9932171,5.8679714
-0.9590227,-0.12197616
-0.6669716,-0.36379012
-0.8381034,-0.30777225
0.4879906,0.92691755
-0.825943,-0.30549246
-0.41462877,-0.2905951
0.27615294,0.38627204
-0.0039664474,0.001846816
-0.727549,-0.36350763
0.04307081,0.055952974
-0.31867465,-0.25059465
0.17187843,0.19699085
0.07699186,0.08739597
0.97901434,5.5765424
0.72703445,2.2620199
-0.99266523,-0.029852722
-0.6479763,-0.36029163
0.8262751,3.245131
0.078914836,0.07529387
0.5189364,1.0512305
0.0070133116,-0.0020452854
0.5715285,1.2661909
-0.734453,-0.34334362
0.47580358,0.8995345
0.73921394,2.3836498
-0.4687019,-0.3187995
-0.2632683,-0.21805364
0.1811636,0.21249247
0.7364846,2.3400867
0.81558895,3.1157768
0.06885126,0.058465056
0.31613055,0.45793906
0.7458212,2.4234776
-0.53740555,-0.33240128
0.6504287,1.7251353
-0.4762913,-0.32268554
0.16200799,0.1980848
0.86933,3.7703598
0.022989638,0.010902242
-0.8131793,-0.31974718
0.7916196,2.8650508
0.16993853,0.20332342
-0.85769826,-0.26433098
-0.978943,-0.052426428
-0.4774343,-0.3089741
-0.7594227,-0.3543672
0.2568694,0.34888452
0.19343136,0.2293726
0.68176204,1.9198709
0.026722655,0.030767612
-0.49375814,-0.33465403
-0.89943475,-0.23073512
-0.9789905,-0.054867707
0.8515566,3.5415075
-0.710975,-0.35224542
-0.0016105144,-0.0037506134
0.589566,1.3743939
0.8572661,3.6246881
-0.5966086,-0.35816833
-0.53613496,-0.33792698
-0.64050084,-0.37264872
-0.6821381,-0.39187506
-0.090089604,-0.096773185
0.27181047,0.3685649
0.41252166,0.7036344
-0.3456028,-0.23481429
0.24762262,0.3231134
-0.9952626,-0.020552304
0.7765463,2.7165208
0.73950434,2.376767
0.088171184,0.099253945
-0.51325935,-0.33553106
0.944455,4.9159307
0.6212832,1.5481249
-0.96609193,-0.0923445
-0.06071762,-0.07313168
-0.79584354,-0.3247476
-0.7355182,-0.3494055
-0.9973833,-0.0022086853
0.37542528,0.59533745
-0.4949591,-0.32400805
-0.3903146,-0.2887247
-0.90593255,-0.22641477
-0.98411095,-0.04643597
0.58544564,1.3403453
0.32281917,0.47483623
-0.23536302,-0.19100869
-0.86020344,-0.28325054
0.5516162,1.2149825
0.8527112,3.5578117
0.054862533,0.06016933
-0.7221056,-0.3617758
0.30506596,0.4480265
-0.85696554,-0.28204775
-0.6689437,-0.3775734
-0.05853491,-0.051148918
-0.5019338,-0.34387597
0.86042833,3.6547668
0.61774176,1.5211258
-0.44646627,-0.3109405
0.9275884,4.646687
-0.24340998,-0.1999795
0.13674636,0.15966348
0.12802568,0.14002381
0.29917213,0.4309276
-0.5127429,-0.34120727
0.8441027,3.443263
-0.46864557,-0.32703343
0.32968172,0.48708272
0.5315217,1.1186974
0.7630229,2.5841281
-0.0861278,-0.08390696
0.4233692,0.729581
-0.8292239,-0.3180403
0.5560396,1.1983728
0.511314,1.0177295
-0.17879054,-0.16215578
-0.37308466,-0.24698752
-0.23960015,-0.17403448
-0.8188672,-0.29535803
0.27561128,0.3681453
0.82606447,3.2577348
0.33145243,0.4879969
0.16104126,0.2083994
0.98140824,5.6258345
0.08367626,0.08139238
-0.30833778,-0.21891885
0.40932274,0.7058605
0.04285521,0.034166194
0.9441789,4.934185
0.7959102,2.8890836
0.8936833,4.119541
-0.99795604,-0.009973717
-0.3315776,-0.25277013
0.25444105,0.35730076
-0.3833628,-0.28960297
0.3128875,0.45269975
0.4299033,0.7568761
0.24656777,0.31403345
-0.08347806,-0.08588109
0.39350548,0.65756285
0.5607528,1.2503812
0.39217755,0.6385371
0.62400657,1.5702146
0.8945038,4.151095
-0.79497737,-0.33516622
0.8128389,3.0982976
-0.4529624,-0.31328633
0.12753847,0.13264947
0.884743,3.9945626
0.24014525,0.3135359
-0.831659,-0.31307757
-0.0015452766,-0.0049356967
0.78869647,2.8318756
-0.17581098,-0.14673194
0.6959159,2.0390005
0.58836627,1.3804556
0.81286424,3.0897963
-0.47385293,-0.3233365
-0.0068897475,0.00655611
-0.32957974,-0.24856184
0.06853672,0.067608535
-0.9617542,-0.100575246
-0.5166537,-0.35243264
0.9480725,4.994451
0.20626056,0.25446516
-0.6533507,-0.3723267
0.01663562,0.020717593
0.39597395,0.6638061
0.20744237,0.2786426
0.00384836,-0.0010939233
0.347922,0.5297846
-0.6661132,-0.37167326
-0.12362615,-0.10464264
0.50052226,0.96766
0.15891169,0.18504083
0.8125589,3.0901983
-0.112478055,-0.10733682
-0.735642,-0.36095947
-0.9024816,-0.20815732
-0.04511099,-0.04373163
-0.12485434,-0.09904877
-0.4869743,-0.30675244
0.1810312,0.22634669
-0.49964845,-0.3309008
-0.56735796,-0.3340937
0.244436,0.2981805
0.88988453,4.0526924
-0.594451,-0.34867
-0.63435555,-0.3381034
0.038700584,0.047083985
-0.7611237,-0.34631035
-0.41182393,-0.29493812
0.9815197,5.629211
0.682087,1.9410377
0.41224542,0.70543516
-0.9479516,-0.13288985
-0.46985292,-0.30588552
0.139337,0.16494413
0.42056182,0.72689396
0.33675012,0.51669455
-0.6290764,-0.37156397
-0.0674274,-0.06339205
-0.60298705,-0.35694495
0.84714013,3.4816334
0.11483128,0.1188307
-0.21948145,-0.18621783
0.8360374,3.3682222
0.80792207,3.0344708
0.008201034,0.009568485
0.37355578,0.59777516
-0.36231026,-0.25903958
-0.38467327,-0.27189648
0.09912437,0.110705845
0.69328934,2.0080183
0.19431983,0.25211966
-0.081922,-0.08064777
0.32828298,0.5017118
0.6245857,1.5592437
0.5746849,1.2996874
-0.25880748,-0.19845238
0.8713184,3.831839
-0.9684827,-0.10536999
-0.09842188,-0.08094482
0.8150507,3.1196818
0.3920122,0.63789636
0.40798336,0.6895554
-0.6870591,-0.3764237
0.16411133,0.18839885
0.933898,4.759352
-0.5769043,-0.36244196
-0.34563804,-0.25491014
-0.22275542,-0.18879087
-0.28022438,-0.22331469
0.25409937,0.35132766
-0.5308529,-0.35066006
0.011379073,0.011171954
-0.19952175,-0.16153865
0.28896114,0.40873668
-0.51611817,-0.339903
0.106249504,0.122533225
0.48073235,0.90406513
0.38590997,0.6214807
0.6685591,1.8529116
0.9123211,4.411816
0.70793766,2.118821
0.87641054,3.8823533
-0.96498173,-0.1026222
0.25786293,0.35017085
-0.46454865,-0.3185214
0.6179906,1.5218217
0.63807595,1.6427875
-0.90446264,-0.22093782
0.19111049,0.2376629
0.7017642,2.0761697
0.17482676,0.2091322
-0.14891987,-0.15813304
-0.8464402,-0.29851058
0.46054327,0.83475435
-0.85071737,-0.28172243
0.19582877,0.23620616
0.83525383,3.3434079
-0.16177931,-0.13085149
0.5403302,1.1384163
0.5996218,1.4300569
-0.97931796,-0.064487465
0.82987994,3.2799938
-0.6224401,-0.37296924
-0.43460315,-0.3061146
0.7415493,2.3971946
0.37318242,0.58410186
-0.25628406,-0.21109916
-0.8242408,-0.28825095
-0.22753459,-0.18276626
0.93266445,4.7377667
-0.7907679,-0.33987203
0.6922635,2.0123723
-0.34939733,-0.24640773
0.30912676,0.4410034
0.26308703,0.36758065
-0.3488215,-0.24474803
-0.89141387,-0.25551867
-0.7023627,-0.35445344
0.13169757,0.14402972
0.897716,4.1962295
0.85153615,3.5408812
-0.7730544,-0.3368748
0.75045776,2.4525378
-0.53238106,-0.3283552
0.81974226,3.1684475
0.51698744,1.0628164
0.92252773,4.5604486
-0.11654308,-0.102246016
0.46317068,0.86946195
0.47054982,0.8788468
-0.007656336,-0.003301588
0.9490374,5.0231867
-0.51267534,-0.3482862
0.972428,5.4416633
0.62423724,1.5743368
0.23219442,0.2818894
-0.8488269,-0.2762091
-0.48127437,-0.3267553
0.6825644,1.9533527
0.45630723,0.8360667
0.92538506,4.606035
-0.20642547,-0.16129714
0.7889079,2.850627
0.72365206,2.2486126
0.9322687,4.7233033
-0.45509934,-0.29560018
-0.010935351,-0.020106182
-0.8380732,-0.28725353
0.18183357,0.19815391
0.4646447,0.86036086
-0.5239766,-0.34228837
-0.66069543,-0.37847474
0.27906138,0.39994666
-0.21374449,-0.19755897
-0.14687142,-0.11422322
-0.05775968,-0.06993341
0.022948729,0.03402128
-0.60894805,-0.36697078
0.1554758,0.16455895
-0.8618061,-0.27777424
-0.77297866,-0.33734185
0.4230568,0.7200853
0.46286893,0.8558707
-0.46735832,-0.3082862
-0.6306076,-0.34748125
-0.8920145,-0.23332196
-0.16222773,-0.12792346
0.018089991,0.026916025
0.7989185,2.9390771
-0.9950801,-0.0030720413
-0.18827753,-0.14949809
-0.16143651,-0.1406558
0.7731078,2.6869676
-0.60792047,-0.35627788
-0.8676252,-0.2609112
-0.23677973,-0.17258745
0.22463496,0.28163528
0.71628886,2.1862693
-0.46195486,-0.3126074
-0.49737707,-0.31925434
-0.34804666,-0.26224586
-0.76353365,-0.35283545
0.9544305,5.111855
0.081235535,0.093168676
-0.4555536,-0.31474987
-0.27652574,-0.24307244
0.73191226,2.3009033
0.34744895,0.5456552
0.106411636,0.13455258
0.44961476,0.80519783
0.51164615,1.0468748
-0.61157846,-0.36289912
-0.6826409,-0.37999192
0.93339276,4.7435274
-0.62854844,-0.35490254
-0.070476204,-0.07148933
0.96556145,5.322934
-0.165575,-0.13938245
0.029698044,0.02774275
0.596727,1.4206649
-0.3192131,-0.22942509
-0.13793232,-0.119394764
-0.33565333,-0.24504629
-0.42520648,-0.31114858
-0.056363802,-0.03944123
0.4917707,0.9485998
0.7345762,2.3241143
-0.05976934,-0.047530845
-0.35799268,-0.26690206
0.8231853,3.2000418
-0.32814837,-0.24969962
0.55000955,1.1762723
0.4972389,0.96701974
-0.90044844,-0.2110305
-0.64472115,-0.35218447
0.14569373,0.17119308
0.7352547,2.3316514
0.18798621,0.23563412
0.48542017,0.9120278
0.4688238,0.8849524
-0.011267268,-0.011838139
0.1216047,0.12809542
-0.8574369,-0.26330945
0.8554647,3.5994031
0.34869242,0.53014845
-0.6910062,-0.34365353
-0.5119888,-0.33777404
-0.9906958,-0.019657392
-0.47198454,-0.31016746
-0.3667572,-0.2761629
0.36627895,0.575189
-0.046685137,-0.047123134
0.6855571,1.9362193
-0.8264258,-0.3279695
0.41404358,0.6812936
0.7497883,2.459687
-0.15734585,-0.14588483
-0.42253295,-0.3046553
-0.10886569,-0.10238479
0.5776849,1.3170974
0.83808273,3.37931
-0.868824,-0.27198604
0.057037503,0.079797015
0.27942035,0.38557616
-0.96504784,-0.08441675
-0.6375035,-0.37554625
-0.87487686,-0.24403434
-0.41926154,-0.29928848
-0.58919007,-0.3272229
-0.026399394,-0.038838837
0.31068298,0.43963552
0.68443507,1.9440675
-0.3913819,-0.28382748
-0.89918715,-0.23493032
-0.99230367,-0.00782239
0.68910336,1.9928489
0.756271,2.5189703
-0.7980147,-0.31910866
-0.9796482,-0.043213777
0.600531,1.4327146
0.2814561,0.38481173
0.112288974,0.13931079
0.06640595,0.08239055
0.5475199,1.1649104
-0.4133712,-0.27685207
-0.2217707,-0.19169542
-0.84429777,-0.28817704
0.13225938,0.1442567
0.92162305,4.554649
-0.43229958,-0.29869568
0.85849947,3.6604626
0.4584148,0.8223577
-0.5322409,-0.34717038
0.32570872,0.47780788
-0.26753205,-0.20769918
-0.75539595,-0.3534926
-0.8145566,-0.339758
-0.965545,-0.085827194
0.595617,1.4204888
0.7696995,2.6515293
-0.034923367,-0.03830938
0.039851513,0.04355245
0.38317248,0.6070638
0.40181676,0.6795131
-0.3517445,-0.25474736
-0.6816363,-0.37001857
-0.13916558,-0.121343516
0.39402708,0.6581187
0.6084164,1.4865676
-0.82167536,-0.31298473
0.17662892,0.23597808
-0.8918055,-0.22057854
0.6495595,1.7196052
0.33361274,0.49598414
0.3932515,0.6420812
0.52343684,1.0777727
-0.008715284,-0.009743069
-0.4022042,-0.26861903
0.5713281,1.2770636
0.554739,1.2146225
-0.7301135,-0.37809822
0.80552465,3.014226
-0.55757415,-0.3385004
-0.38708133,-0.26371944
-0.56816727,-0.35603926
0.9311944,4.702719
-0.4010772,-0.27483854
0.9428052,4.9190245
0.27587745,0.3785429
-0.64687073,-0.3836046
0.10768545,0.11009299
0.76452863,2.597513
0.12334957,0.12652494
-0.734809,-0.34960437
-0.42612967,-0.304739
-0.55038524,-0.3458546
-0.7482888,-0.34192443
-0.34542722,-0.25262913
0.32212552,0.4941122
-0.23498033,-0.17626086
-0.11239653,-0.111428656
-0.35868067,-0.2575006
0.98894364,5.773577
0.17239542,0.22017272
0.66776484,1.8369452
-0.11734198,-0.110016085
-0.6627253,-0.36004826
0.6936153,2.0080857
0.52686906,1.0832971
-0.34038204,-0.25466245
0.21283521,0.27284464
-0.8130638,-0.3058885
-0.94735515,-0.13977203
0.6315184,1.585959
0.8838559,3.9799745
-0.31188065,-0.23495309
0.19514629,0.24427217
0.43458268,0.76089025
0.49208507,0.96457386
-0.037857533,-0.0333533
0.22656447,0.29892308
0.31410545,0.43914062
-0.7934894,-0.3337337
0.2902212,0.4072538
0.021715352,0.039036576
-0.24300094,-0.19651726
-0.4765276,-0.32555783
0.2758389,0.3735518
-0.66648215,-0.35508874
0.6216705,1.5425407
-0.65640527,-0.37311396
0.5432346,1.1679102
0.63483435,1.628605
0.8793082,3.9156866
-0.07341783,-0.08167237
-0.8726259,-0.2546952
0.35536405,0.55842227
-0.43475503,-0.31050357
-0.8145469,-0.31413737
0.7115319,2.1454976
-0.72052526,-0.36902472
0.012742477,0.008465321
0.57702315,1.3133707
-0.6018122,-0.37104145
0.7932709,2.8867557
-0.33682543,-0.25869468
-0.20716506,-0.17830415
-0.73701304,-0.35124105
0.28891966,0.4015471
-0.009367643,-0.011435733
0.94832087,5.0024743
0.39665964,0.647127
0.51798373,1.0486828
-0.6018309,-0.35803872
0.4255429,0.73622036
0.114789,0.13494419
-0.19233438,-0.1555881
0.5653189,1.2702731
0.9570947,5.1456614
-0.81043684,-0.31167918
0.57777894,1.3141134
0.83895904,3.3996265
-0.3696282,-0.26579234
-0.27395573,-0.2207247
0.5895443,1.391213
0.90728474,4.335066
0.87784135,3.9018579
-0.8887471,-0.21676208
0.74285644,2.3936698
0.17290701,0.20929912
-0.15774685,-0.13062997
0.69106823,1.9826307
0.60086733,1.4279441
0.018697245,0.029020369
-0.17855908,-0.15646529
-0.0550535,-0.043461908
-0.36328632,-0.27216175
0.3610411,0.5839952
0.7840671,2.7640083
-0.49899992,-0.31766295
0.65101564,1.7259518
-0.27851138,-0.23304534
-0.73634225,-0.3587108
-0.9190099,-0.2096509
-0.041276928,-0.03611734
0.13662708,0.15227832
-0.9879328,-0.05441168
0.3052534,0.44067496
0.037058897,0.03993343
0.9948321,5.913473
-0.7909688,-0.3252127
0.41003817,0.66784674
-0.56593585,-0.3548138
-0.5873158,-0.3437726
-0.962562,-0.116628155
-0.98691267,-0.04546495
-0.6267546,-0.3619071
-0.6489951,-0.3694421
-0.99912524,0.013294445
0.4342981,0.7643955
0.0073470552,0.0077345623
-0.20770904,-0.18113945
-0.7924114,-0.34366632
-0.33220357,-0.24798858
-0.058821112,-0.056355335
0.9960957,5.90637
0.02119907,0.023998532
-0.9609832,-0.103522815
-0.5845169,-0.35726282
-0.29095665,-0.21331887
-0.08814704,-0.08113011
0.34855965,0.53172
0.18118589,0.23258229
0.01853,0.017370632
0.67578876,1.8818536
-0.6075019,-0.37062111
-0.8442411,-0.29141748
0.67640907,1.8994431
-0.07567153,-0.07451779
0.1067085,0.106162116
0.6747691,1.889011
0.89162844,4.104001
0.10400143,0.121922605
0.6245131,1.5654972
0.08956634,0.10257866
-0.93335235,-0.17910527
0.9117171,4.390179
0.6355342,1.6355989
0.5068444,1.0137173
-0.11634852,-0.095196664
0.88509023,4.0148005
-0.020307204,-0.032254398
0.44157335,0.7897191
-0.79881495,-0.33128044
-0.56227803,-0.35300016
-0.15158899,-0.106914505
0.16259597,0.1784607
0.61110926,1.4877493
-0.51825625,-0.33709833
0.5487116,1.1831686
0.77998435,2.7271411
0.63690054,1.6271771
0.24482664,0.3246179
0.619985,1.524867
0.7550041,2.5204327
0.11020022,0.12964432
0.62032276,1.5248526
-0.15774728,-0.13855511
0.044956967,0.050828457
-0.894776,-0.24364114
0.7669801,2.6056724
-0.7192585,-0.37000597
-0.4476075,-0.27984357
-0.36507404,-0.25586244
-0.76819855,-0.3512526
0.8435069,3.4353008
0.9400673,4.8516083
0.7303937,2.3130257
-0.30727005,-0.21451162
-0.8895261,-0.24566972
-0.6342171,-0.35971978
0.5441998,1.1603092
-0.42805153,-0.2851981
0.78521055,2.7879622
0.67025965,1.8581774
-0.52610946,-0.35082993
0.38690913,0.6384401
-0.11541063,-0.11197624
-0.57010573,-0.35377777
0.18022485,0.21338491
0.6747195,1.898175
0.8535865,3.5848846
-0.88254195,-0.25140205
-0.16253018,-0.14805223
0.20884268,0.2770852
-0.32401794,-0.2784233
-0.36467308,-0.2618035
0.5438673,1.1518942
0.5650154,1.2792116
0.4578425,0.8640112
0.79705024,2.9206767
-0.010583981,-0.014127593
0.57562363,1.3077368
-0.97757685,-0.069104165
0.9748592,5.485673
0.83846664,3.3894255
0.6826979,1.9399735
0.17553332,0.21423182
0.08830866,0.099763446
-0.69973963,-0.36967504
-0.8920736,-0.24320637
-0.48824635,-0.33305964
-0.6980411,-0.35580912
0.1216421,0.13928379
-0.3349008,-0.24851143
-0.22428538,-0.17976032
-0.94721633,-0.13568261
0.09723534,0.10879288
0.31232926,0.46672082
-0.33118972,-0.24069479
-0.73749405,-0.35788745
0.407455,0.67976713
-0.74203527,-0.34457862
0.63371277,1.6213721
0.09204487,0.09829606
-0.52511173,-0.35000512
0.79745805,2.9415843
-0.7164554,-0.3722209
0.2023673,0.25653675
0.23502259,0.32542875
-0.92538524,-0.1822209
0.21942817,0.2806259
0.38843316,0.6415
0.8202647,3.1617098
0.41786876,0.697306
-0.031138599,-0.033769313
0.7066,2.1093762
-0.29242876,-0.22542754
0.7110298,2.1567848
0.6879407,1.9613811
0.20731936,0.26008424
-0.31075335,-0.22179377
0.18241079,0.22032146
0.8117961,3.0987306
0.2730791,0.37316674
0.6800257,1.9081448
-0.31074777,-0.23725489
-0.4153799,-0.28937253
-0.48830613,-0.3277628
-0.017499033,-0.013216692
-0.13604788,-0.12124642
0.70844185,2.1353545
-0.7747956,-0.3370347
0.108093806,0.12130156
-0.19318694,-0.165065
0.8751397,3.8683805
0.57677895,1.312967
-0.13329795,-0.122143604
0.28122693,0.38383472
0.49118242,0.9587787
-0.857717,-0.28258604
0.3474395,0.5284892
-0.72102046,-0.35455316
-0.6221042,-0.35057658
-0.07757687,-0.06604041
0.9589053,5.2022758
0.9043145,4.2891936
0.8045415,2.9999495
-0.9313417,-0.1635739
0.7056723,2.1197653
0.5523319,1.1968082
-0.0024379073,-0.013356471
-0.34914792,-0.28358635
0.5111769,1.0464283
-0.78594196,-0.3165425
0.30088675,0.4201555
0.34375116,0.5358076
0.1073915,0.13063715
0.755561,2.5223484
-0.34028018,-0.24846122
-0.04367755,-0.04929599
0.51732475,1.0525353
0.43337387,0.76324487
0.124920584,0.14345026
-0.45573017,-0.31080222
-0.41149893,-0.2771139
0.48241052,0.9304428
-0.9885119,-0.024553558
0.30546883,0.4487867
-0.5034534,-0.32711852
0.3459889,0.53977853
-0.6261242,-0.37382296
-0.24712212,-0.1974132
0.50763243,1.0204412
0.5104023,1.0294969
-0.58062035,-0.34951946
-0.24743688,-0.18903983
0.005011855,0.01944752
0.17471805,0.20106566
0.48486865,0.9320254
-0.95272624,-0.13025093
-0.76935214,-0.333951
-0.6845542,-0.35731262
-0.6186745,-0.37048125
-0.93945324,-0.15145548
0.84094256,3.4021604
-0.6756101,-0.3553596
-0.85272187,-0.28866553
-0.056549195,-0.06482463
0.8823664,3.9574506
0.9287717,4.6754947
0.35280564,0.5469487
-0.6433025,-0.3686151
-0.9924084,-0.023311183
-0.32993552,-0.2506815
-0.7490878,-0.3619453
0.51019114,1.0045863
0.9382117,4.8280473
-0.83255446,-0.2971661
-0.20613109,-0.17104903
0.80493903,3.0246408
0.45658207,0.82663447
0.739561,2.374617
0.8459563,3.4837675
-0.17476676,-0.14435594
0.3873243,0.6274915
0.41866985,0.71577215
0.26163208,0.35339147
-0.34845212,-0.25111377
0.6643377,1.8020903
0.5377946,1.1110526
-0.10957391,-0.1021841
-0.15806454,-0.11960967
-0.97843283,-0.052630443
0.68688864,1.9476535
-0.43203202,-0.29297876
-0.0583927,-0.053086784
-0.17739789,-0.15441409
0.35627854,0.54155374
-0.21979292,-0.18830429
-0.6405269,-0.36907548
0.73723364,2.3735442
-0.6329078,-0.35628176
-0.943141,-0.1508541
-0.6075205,-0.3643433
-0.089711405,-0.08270028
-0.15354349,-0.13743596
0.5926421,1.3919672
-0.6101368,-0.36084294
0.5512211,1.1947868
-0.8072638,-0.34304112
-0.052678704,-0.042039625
0.73065794,2.2943923
-0.17413236,-0.13923465
0.9265618,4.655253
0.26207906,0.34051695
0.51330394,1.0363632
0.01971557,0.015911316
-0.14048432,-0.11923045
-0.83064467,-0.32577783
-0.7601016,-0.35214895
0.14340757,0.15922867
0.22726747,0.31033862
0.96950966,5.4098597
0.7154865,2.17454
0.6889736,1.9667581
-0.4267924,-0.30570528
-0.17643607,-0.14957999
-0.7957419,-0.34463808
0.1630729,0.20003411
-0.8609244,-0.27621898
-0.10633835,-0.09255399
0.13239953,0.1565474
-0.5436301,-0.32929188
0.5508886,1.1986852
0.34969527,0.5396868
-0.70426977,-0.36032224
0.96736103,5.330891
0.08409095,0.09360803
-0.94716394,-0.12909578
-0.2997803,-0.23168403
0.95862156,5.2052083
0.8046188,2.9858432
-0.69767404,-0.37096447
0.7100115,2.1283875
0.23682162,0.3103476
-0.9565309,-0.12089526
0.51486045,1.0290892
-0.17432731,-0.15200232
-0.20772208,-0.1618332
-0.23439987,-0.18231638
0.19311665,0.23237494
0.4284291,0.7411954
0.29528502,0.41095924
-0.51647615,-0.3467269
0.41360444,0.7060722
-0.7289647,-0.3711659
0.94268197,4.9115686
-0.05277313,-0.031941302
-0.81730753,-0.31192768
0.15324998,0.18721138
0.1539634,0.18792234
-0.9223771,-0.18922222
-0.9782731,-0.057363253
0.9922045,5.841529
-0.21983074,-0.1864527
-0.50908893,-0.35663894
0.0954496,0.095042326
-0.98332477,-0.057003465
-0.9742099,-0.06659226
-0.77444077,-0.35707352
0.6050507,1.4755172
-0.50350374,-0.3131381
0.006914065,0.017484
-0.552758,-0.35093126
0.089656815,0.07770119
0.017610958,0.0262485
-0.19855113,-0.17312798
-0.13360405,-0.10998167
0.30675632,0.4481378
0.6843078,1.9406567
-0.36118189,-0.27695683
0.06429098,0.07058018
0.70835084,2.106264
-0.6641489,-0.3620305
0.9591145,5.2022786
0.501258,0.98250717
-0.26777357,-0.2261691
-0.24964188,-0.1834397
-0.589304,-0.36061192
-0.46416935,-0.31592107
0.17407021,0.22166507
-0.9925238,-0.027614059
-0.9536801,-0.1285073
0.97295356,5.4770474
-0.52894,-0.34570247
0.65913004,1.7872727
0.22480223,0.29148608
-0.108039506,-0.09618595
0.46436092,0.85317147
-0.8999573,-0.2240108
0.5121571,1.0487645
0.7139801,2.1741333
-0.43954244,-0.3167602
-0.39676812,-0.29286748
-0.79396755,-0.32787922
0.7117878,2.154879
0.6158191,1.5231824
-0.14957626,-0.13088076
-0.24456222,-0.20495647
-0.14494672,-0.13469565
-0.15930772,-0.16041987
-0.14076668,-0.107060075
-0.7085139,-0.3885296
-0.97304595,-0.07698669
0.5248664,1.0638607
-0.31250042,-0.24371803
-0.018222205,-0.012134128
-0.38512608,-0.3000024
-0.23672043,-0.18785012
-0.8502735,-0.27717462
-0.25942615,-0.21009725
-0.07376876,-0.041307133
0.6656821,1.7954508
-0.35558927,-0.27891237
-0.8229116,-0.31427193
0.5183878,1.0526433
-0.24872898,-0.19799384
0.8307269,3.3039498
0.9180717,4.483548
0.7437046,2.397188
-0.54670805,-0.35097253
-0.49237984,-0.31491855
0.58824456,1.3775283
-0.10778039,-0.09799161
-0.4043967,-0.29177853
-0.4121844,-0.2919737
0.15493196,0.18695475
0.7900604,2.8490398
0.23785372,0.2979446
0.24055998,0.30191645
0.4938862,0.9590909
0.5206007,1.0715735
0.8189005,3.1475754
-0.6757756,-0.36078036
0.9692657,5.3687577
-0.34233785,-0.25390968
-0.4368644,-0.30974275
0.01957374,-0.00093445514
-0.47127965,-0.32227436
-0.5341766,-0.3527283
0.9336135,4.7475276
-0.79201156,-0.3287528
0.97988594,5.5960517
0.24495597,0.30458504
0.9171593,4.4873514
0.7948019,2.9010437
0.29679847,0.4175422
0.17967634,0.20634058
0.9852634,5.69394
0.030424722,0.04749179
-0.6424826,-0.3576878
0.9858874,5.720234
-0.35295397,-0.27026147
-0.8251715,-0.3147045
0.43378642,0.7480439
-0.107901536,-0.104045816
-0.223952,-0.1693692
0.2632161,0.35263953
-0.8942957,-0.23748861
0.396444,0.6566843
0.0068963915,0.0011992218
-0.019516747,-0.0182158
0.8000678,2.946454
0.6624216,1.7983903
0.063172735,0.06363204
0.15668204,0.17461012
0.61392725,1.5155832
-0.17742667,-0.13250585
0.34246916,0.5249766
0.08155162,0.07377501
-0.00074311084,-0.0030249355
0.9694417,5.392428
-0.9649844,-0.11140588
-0.17074981,-0.1512046
0.86035585,3.6482549
0.85629636,3.599372
0.49542853,0.9707551
0.18381265,0.22470537
0.38169175,0.6044572
-0.49414787,-0.32657787
-0.0232091,-0.0263066
0.072121926,0.08655632
-0.87255716,-0.28106225
0.7324406,2.3074236
-0.08662404,-0.064544335
0.79780346,2.9166288
-0.22007991,-0.19117227
-0.18226576,-0.15934096
-0.5115677,-0.3196817
0.28864548,0.40955624
0.096994855,0.0967891
0.8259379,3.2378762
-0.14152598,-0.12749499
0.29614973,0.42497084
0.41512656,0.7057202
-0.36028853,-0.26231837
0.7616522,2.5684752
-0.23829758,-0.17917947
0.2747186,0.37818435
0.23168096,0.29523253
-0.15718424,-0.1252254
-0.6333192,-0.3568241
0.18499559,0.21788117
-0.24893099,-0.2386679
-0.24181649,-0.18928488
-0.014156744,-0.018317806
0.3544817,0.54847777
0.45923865,0.8531004
-0.14585534,-0.1368179
-0.76023895,-0.3597594
0.5834289,1.331353
0.33882755,0.5337234
0.6013854,1.4492358
-0.36822376,-0.2617383
0.8182393,3.131448
-0.4745384,-0.3323846
-0.42047262,-0.2873472
0.072752215,0.08247619
0.99468476,5.886646
-0.5956947,-0.3701536
0.6770081,1.9047847
-0.9952951,0.0040022996
-0.5249568,-0.332653
-0.30771658,-0.24266848
0.2972152,0.43786108
-0.77248317,-0.3415277
-0.7425992,-0.33838227
-0.70728564,-0.36599195
0.32510835,0.5017714
-0.77071637,-0.34851676
-0.20354967,-0.17572637
-0.68664694,-0.35614666
-0.23585871,-0.19154482
0.4280877,0.7477877
-0.44455296,-0.3155538
0.23529246,0.29763082
-0.50299037,-0.33305427
0.47514743,0.8984632
0.5541309,1.1990504
-0.37921253,-0.2634391
-0.9524206,-0.12478216
-0.74182904,-0.33784017
-0.01808892,-0.028288629
-0.23588999,-0.18741007
-0.30888,-0.23119073
0.15860608,0.19121242
-0.6769982,-0.36531878
-0.086637355,-0.071258
-0.5932322,-0.3684737
0.96211964,5.2557034
-0.9027512,-0.2275097
-0.9684356,-0.09191617
0.12836193,0.1499488
-0.8747414,-0.24807778
0.6219812,1.5363698
0.63919204,1.6672444
-0.13548218,-0.10929271
0.67674357,1.8928499
0.4810185,0.90469486
-0.72916955,-0.34301752
0.71920276,2.211452
0.74855745,2.4579003
-0.35457408,-0.26801798
0.5499862,1.1902707
0.79472286,2.889832
0.4912875,0.9643205
-0.8119753,-0.30729252
-0.8107132,-0.3221448
0.9647827,5.296498
0.08270427,0.09807442
0.2888929,0.4125376
0.8245185,3.2106543
-0.98512596,-0.045588803
-0.14661676,-0.105938844
0.13279895,0.15305354
-0.99571544,-0.0103385355
0.24882892,0.33662608
0.7018754,2.0672512
-0.8901844,-0.22894296
0.6084511,1.4788918
0.9550594,5.1350956
0.84057534,3.3958395
0.07402729,0.083486706
0.7209239,2.222689
0.54127324,1.1361034
0.63533133,1.6249722
-0.2038991,-0.16541201
-0.048758313,-0.045990493
-0.5217535,-0.33619395
-0.8968609,-0.22689724
0.19446088,0.23673736
-0.38084763,-0.2549104
0.005415353,0.0087279705
0.92538416,4.617123
-0.87370336,-0.2721529
0.74697316,2.43617
-0.82647395,-0.3135781
0.30715427,0.44264153
-0.3134789,-0.24165207
-0.7997051,-0.33430016
0.5138783,1.0353476
0.39716637,0.6454176
0.28051543,0.39564592
0.92976433,4.6941304
-0.95264494,-0.11822838
-0.13067421,-0.10701344
0.12532595,0.1511387
-0.2845974,-0.23427156
0.33899456,0.52699524
0.7984057,2.943291
0.39396676,0.6285512
0.13874982,0.15350129
0.4756812,0.8843999
-0.78073823,-0.3347978
0.25998893,0.3458825
-0.18551247,-0.15623687
-0.36240923,-0.24805836
0.014216993,0.028864687
0.6094658,1.4710363
-0.17485954,-0.1442513
0.40489858,0.695659
0.17778991,0.20707963
0.832311,3.3230581
-0.110315874,-0.101037465
0.63984,1.6452353
0.6839534,1.9577008
-0.071648926,-0.07114341
-0.02282157,-0.023807585
-0.3331716,-0.2531162
-0.008894573,0.0017184544
-0.5014923,-0.31884885
0.7165335,2.178234
-0.5001735,-0.32703054
-0.48475346,-0.31856334
0.7913172,2.870678
0.06432052,0.062665194
-0.7897243,-0.32039088
-0.30855018,-0.22744714
0.4107729,0.68429255
-0.18839142,-0.15367287
-0.1536475,-0.12828945
-0.0026237222,-0.009707668
-0.5549892,-0.342214
-0.1518907,-0.13183634
-0.56931585,-0.36574
-0.2985097,-0.26168314
0.06473985,0.08971254
0.38744724,0.6291319
0.26784974,0.3667847
0.15104936,0.16765755
0.19106774,0.2302019
0.021857101,0.044028208
0.22922759,0.32153615
-0.24896246,-0.21784145
0.7988954,2.9403327
0.18112072,0.23985425
0.87318283,3.8355317
-0.1908359,-0.15340498
-0.21097055,-0.17589611
0.93003976,4.6958003
0.4581119,0.85204077
0.037479263,0.044155695
0.43701252,0.7586746
-0.20655285,-0.17748626
0.5176153,1.0601305
-0.58084387,-0.35399485
0.9017597,4.2379994
-0.078290984,-0.0835068
-0.81418705,-0.3280235
0.6900256,1.9786348
0.7887168,2.8389175
0.45991614,0.83833283
0.25940797,0.35194373
0.8568379,3.6182244
0.24411187,0.3305682
0.5828305,1.334125
-0.057509523,-0.03821781
0.45441154,0.8079601
0.9979648,5.954149
-0.23498976,-0.19449201
0.4402134,0.7727739
-0.70221615,-0.3851102
0.2701972,0.38222316
-0.35422403,-0.25275934
0.73319393,2.3261185
-0.28072086,-0.22634542
-0.109711565,-0.1039211
0.96062064,5.221859
-0.5692583,-0.35280862
0.12952186,0.15674417
0.7275167,2.269127
-0.3703465,-0.27812752
-0.9694537,-0.08213615
0.7926819,2.8753915
0.23926425,0.31949303
-0.5391497,-0.32779935
-0.4473307,-0.31066632
0.59917456,1.4350033
0.28419596,0.39824262
0.46520096,0.87128866
0.1544447,0.19497357
0.58008105,1.3212063
0.6421328,1.6883357
-0.22620648,-0.18264097
0.8019231,2.96037
0.010399017,-0.0008810342
-0.6796689,-0.35002375
-0.5630509,-0.3356042
0.46764955,0.88023853
-0.24531838,-0.20236172
-0.4751207,-0.32212064
0.209544,0.24931282
0.5645404,1.2515376
-0.7815471,-0.3370093
-0.101747915,-0.07734947
0.5429409,1.1547167
0.8072577,3.025871
-0.9728994,-0.07205096
0.31217983,0.4619539
0.1947427,0.25735393
0.035481937,0.029792998
-0.67960584,-0.3664668
0.48357537,0.92578644
-0.21440805,-0.1791989
-0.5307498,-0.3451799
0.70005023,2.0566237
-0.38593993,-0.28972974
-0.6031689,-0.36418056
-0.3759069,-0.28476635
-0.6378945,-0.36309916
0.55454624,1.2047818
-0.6358597,-0.36846447
0.43333626,0.75981116
-0.67499906,-0.38960257
-0.5473871,-0.34740317
-0.3149602,-0.23734073
0.9001213,4.228595
0.82763237,3.2645001
-0.82976854,-0.29276398
-0.32835403,-0.2612131
-0.30731073,-0.224408
-0.5768721,-0.34936303
-0.12876624,-0.119446374
0.49599048,0.9705193
-0.8013177,-0.29582396
0.34330243,0.5233685
-0.47847298,-0.31893995
0.28487954,0.4067435
0.36378706,0.5682858
0.4562749,0.8236678
0.72341925,2.2547271
0.7992395,2.928994
0.5182604,1.0553961
-0.037803497,-0.037074428
-0.9116346,-0.21147604
0.874215,3.8344867
0.20265493,0.25286964
0.069142,0.07793989
-0.5210287,-0.32522166
0.36847237,0.5742875
0.9894619,5.7747016
-0.33994174,-0.2380461
0.5991601,1.4209269
-0.4177541,-0.29643145
-0.024537858,-0.011761978
-0.57342756,-0.3679488
0.025569407,0.01422724
-0.08139847,-0.061351776
-0.9221681,-0.19073059
-0.23638888,-0.19649911
-0.8745552,-0.26229492
-0.09874868,-0.09307583
0.9603426,5.2155147
-0.41404617,-0.2899094
0.031279434,0.044817124
-0.73960733,-0.36360124
-0.69205475,-0.3699804
-0.28906107,-0.22379024
-0.020525038,-0.0043968256
0.40281793,0.66869473
-0.0866146,-0.0887008
-0.9512292,-0.14654645
-0.45808226,-0.31887442
-0.9504534,-0.13673809
0.83588344,3.3440428
-0.9419298,-0.14558168
-0.9008192,-0.22330646
-0.403449,-0.27196956
0.26465765,0.36194134
-0.28408632,-0.21103431
-0.87686825,-0.25653315
0.6725024,1.8547189
0.40044102,0.6713276
-0.20725591,-0.1829502
0.35381398,0.55804235
-0.45082614,-0.31560683
0.055735607,0.06642896
0.76101667,2.569581
-0.78463787,-0.3467759
0.6937873,2.0251348
0.57709676,1.3334038
0.89820176,4.182702
0.0275536,0.02178909
-0.45017806,-0.3071586
-0.2938013,-0.21826112
0.27961868,0.4002128
-0.7184093,-0.3641741
-0.29666388,-0.22725563
0.45286596,0.8170472
0.14749447,0.16888176
-0.87449545,-0.2631892
-0.0062914025,-0.019887457
0.04843366,0.059530567
0.4016125,0.6693613
-0.9786899,-0.044708323
-0.14319369,-0.117013454
0.7732327,2.6770341
-0.94970304,-0.14112052
0.34482047,0.54408836
-0.55363566,-0.36307216
-0.22502896,-0.18708776
0.768223,2.6299253
-0.27494472,-0.22202992
0.09090249,0.09147847
-0.8207171,-0.32522202
-0.3505889,-0.26635596
-0.7166984,-0.3614187
0.12311442,0.1434561
-0.080426805,-0.07968945
-0.47084662,-0.32193324
0.9992464,5.9737706
-0.6934512,-0.3622802
0.65096277,1.7235923
-0.928478,-0.16920969
0.693675,2.0067987
-0.046014104,-0.05309708
0.6563803,1.7572381
0.49437866,0.96869475
0.14526863,0.16108575
-0.25686672,-0.21058781
0.33102453,0.4819256
0.66509616,1.8023158
0.006612146,0.0011892008
-0.17026415,-0.15390168
-0.7142119,-0.35333738
0.79249567,2.8733456
-0.4653932,-0.301711
-0.75295806,-0.33850816
-0.86755717,-0.26632196
0.50156105,0.97020584
0.3499921,0.54143703
-0.7590832,-0.33752602
0.060284585,0.07047655
-0.69460887,-0.3603682
-0.23285575,-0.1913245
0.5657368,1.2482588
-0.5443282,-0.33704534
-0.9445702,-0.14270262
-0.6133259,-0.3568049
-0.19901018,-0.17183933
-0.51663536,-0.31417453
0.44444525,0.7962271
0.5783587,1.3165482
-0.5189937,-0.34635586
-0.4627549,-0.32723877
0.12014518,0.14275745
0.50503093,0.9975762
0.91873795,4.502231
-0.39889702,-0.28943068
0.82214224,3.1841161
-0.6364802,-0.36597705
-0.91788006,-0.19182022
0.584987,1.3430083
-0.042771675,-0.037698027
-0.8462881,-0.30221322
-0.85778785,-0.28220093
-0.97276294,-0.07164514
-0.38734984,-0.27839482
0.47072667,0.8632942
0.33062777,0.46542928
0.9993356,5.9917326
0.18786307,0.23821145
-0.7790555,-0.33562878
0.9570009,5.156747
0.38594306,0.6239561
-0.25192842,-0.2022473
-0.50601035,-0.32450166
-0.5556666,-0.3480091
0.91246635,4.4114313
-0.16115811,-0.1256458
-0.02638663,-0.035378788
0.67360437,1.8691205
0.9277283,4.6438694
-0.9912133,-0.029608985
0.9804865,5.6022744
-0.8490769,-0.29592818
0.67366993,1.8551787
0.90063715,4.213514
0.12222722,0.14368205
0.10342699,0.10867473
0.3380278,0.5076885
-0.29433703,-0.22676122
-0.6683932,-0.35582727
-0.86716986,-0.2697781
0.7622024,2.5792508
0.09465509,0.09323068
0.38814124,0.63058656
-0.33589563,-0.26085368
0.61401707,1.504126
-0.3001575,-0.2294179
-0.9404777,-0.15162943
-0.32619116,-0.24989647
0.7006518,2.0663729
0.75177693,2.4778624
0.8694373,3.7786174
-0.0010430716,-0.011570716
0.9131865,4.424014
-0.0016429785,-0.0020631517
-0.6921691,-0.3688564
0.0040739337,-0.0062963334
0.73722845,2.3785167
0.5713797,1.2565142
-0.13189365,-0.124107294
-0.5749133,-0.35668647
0.16223921,0.20286007
0.8624507,3.6866076
-0.64501554,-0.3620463
0.65408045,1.7383718
-0.70535076,-0.34423816
0.83920175,3.3999405
0.38651237,0.62142074
-0.78163725,-0.33163115
-0.59515035,-0.35899392
0.85384345,3.5964901
0.01513288,0.028880151
-0.0930184,-0.082158364
-0.8834561,-0.24841084
-0.83192044,-0.30992982
0.38329718,0.6283765
0.55386776,1.2201657
0.734013,2.3250809
0.005619769,0.010143575
-0.3428528,-0.24984762
0.25104526,0.3440106
0.23776023,0.30408153
-0.9306672,-0.16438183
0.8776056,3.9168212
0.28512055,0.39958224
-0.9870629,-0.03279657
0.9192684,4.518993
0.9053019,4.3026595
0.8918395,4.084995
0.7777976,2.7458498
-0.63072795,-0.36142635
0.95434576,5.1164174
0.5238649,1.0783844
0.28151405,0.40105408
0.8853412,3.9980142
-0.23782545,-0.20516858
0.862738,3.6923585
0.21136901,0.27278927
0.15859473,0.18501872
0.29190284,0.40526646
0.5083207,1.019495
-0.1101598,-0.108504266
0.9612086,5.2458453
-0.8229624,-0.31432202
0.82764804,3.263566
0.31484622,0.44746727
0.819833,3.1822758
-0.26247996,-0.20315155
0.6579975,1.7739421
0.23197621,0.28908962
0.6622177,1.7876542
-0.34995526,-0.25676772
0.8346023,3.3298006
0.8484817,3.504142
-0.050353415,-0.04038923
-0.19937025,-0.17227727
0.15038818,0.18074396
-0.5996312,-0.36570162
-0.0075808046,-0.0015153039
0.79364157,2.8736725
-0.26964802,-0.20635962
0.4720976,0.9060237
0.24624547,0.3212692
-0.47721976,-0.3258497
0.063530765,0.07923326
0.7051823,2.098433
0.10983777,0.111693926
0.39368883,0.6502937
0.55077845,1.194011
-0.9012007,-0.22640765
-0.8974912,-0.23250943
-0.77008003,-0.33563584
-0.6739993,-0.37476406
0.6228853,1.5415385
-0.12882791,-0.12187497
-0.6294745,-0.35361737
0.063604414,0.06530994
0.52668047,1.0833437
-0.71987265,-0.3609967
-0.31119487,-0.23224649
-0.6112603,-0.34423193
0.29274982,0.41717556
-0.72633016,-0.33936107
0.5621913,1.2508746
-0.584354,-0.35711887
-0.882796,-0.23803283
0.82173723,3.1967793
-0.33357537,-0.2381703
0.005490811,0.012890626
-0.79801565,-0.32806522
-0.041076675,-0.044265248
-0.5548744,-0.34509736
0.680757,1.9053516
0.4275089,0.74056375
0.32661197,0.4726427
0.5625227,1.2496743
-0.41256362,-0.2822851
-0.09270241,-0.081682496
-0.8268587,-0.3095897
-0.86443114,-0.2730469
-0.34181693,-0.24232547
0.6454904,1.6989588
0.1953301,0.23211905
-0.1509796,-0.1286209
0.93398046,4.7597113
-0.11566102,-0.10572479
-0.062241454,-0.07225155
0.9850594,5.673398
-0.7372746,-0.35450226
-0.48877215,-0.34076074
-0.09338624,-0.090645455
0.14258423,0.17313805
-0.70383507,-0.35871053
-0.34235483,-0.2605957
-0.5594724,-0.33880067
0.6997921,2.062531
0.6692399,1.836673
-0.52032554,-0.3202427
-0.13014759,-0.110285506
0.3032849,0.42717084
-0.90367365,-0.2367128
0.76721627,2.625913
0.0220474,0.017495412
-0.5469222,-0.34388283
-0.20648997,-0.17350312
0.80334085,2.9650033
-0.9504336,-0.13102734
-0.7144189,-0.37233174
-0.61452234,-0.36520496
-0.8797755,-0.25679275
-0.5494884,-0.34422517
0.6343119,1.6245867
0.054153465,0.061867513
0.21086568,0.24320917
-0.6882299,-0.35012978
-0.44336957,-0.32116267
0.8349765,3.3449645
-0.5791199,-0.36118704
0.81348723,3.1005197
0.3264274,0.46573985
0.0055453773,0.021068687
-0.65210134,-0.36795264
0.34720078,0.5359382
0.7727946,2.6688118
-0.6804383,-0.34812006
-0.9876415,-0.049446005
0.48012227,0.8859067
0.20092154,0.26505414
0.0061748684,-0.0055485847
-0.08790822,-0.08150382
-0.0048070718,0.010799779
-0.25083366,-0.20453614
-0.83533657,-0.29790044
0.5514479,1.2029737
-0.06433218,-0.060143184
0.6499087,1.7295195
0.9644415,5.3030386
-0.65649986,-0.3735291
0.58696765,1.3703169
0.9550364,5.1230836
0.44887403,0.8075093
-0.5080622,-0.3277789
0.79297155,2.887161
0.5864455,1.3507496
-0.10138116,-0.07899438
0.14513533,0.18221332
0.44384438,0.7856329
-0.75095856,-0.33437854
0.85396785,3.5780778
0.9748882,5.4998503
-0.33893508,-0.25737065
0.43016994,0.75832075
-0.15739055,-0.14043489
-0.9445297,-0.13923821
0.91743374,4.4597716
-0.7153565,-0.36586308
-0.850113,-0.29170898
0.67437834,1.8573246
-0.932265,-0.15804392
0.3757741,0.59643304
0.8601521,3.6414626
-0.18762676,-0.15196136
-0.86329705,-0.26062584
-0.56341505,-0.350192
0.8966482,4.152047
-0.06922793,-0.08358473
0.08271998,0.07793405
-0.6878778,-0.37266183
0.8360338,3.3748603
0.034260716,0.033434913
0.057721283,0.048531093
0.1520945,0.17322494
0.53475016,1.1332128
-0.59409404,-0.35074672
0.8846591,3.9938023
-0.64918995,-0.36586112
-0.60517,-0.35845703
-0.97518367,-0.0675425
-0.96063155,-0.106866
-0.14231673,-0.12356337
-0.6340565,-0.36581933
-0.5761964,-0.36074027
0.97585666,5.510271
0.8586281,3.6431117
-0.35509303,-0.2687935
-0.3136844,-0.23434481
-0.41580325,-0.28387257
0.7644622,2.6012287
-0.8034282,-0.33129668
0.16817205,0.20312722
-0.627395,-0.360474
0.51630616,1.0491965
0.26271948,0.3711188
-0.22431277,-0.19477253
-0.8037819,-0.32337436
0.5348175,1.1187887
-0.8459274,-0.30279782
-0.4525148,-0.32144323
-0.49270955,-0.3165813
0.1570499,0.17226553
0.027466122,0.031228997
-0.44051445,-0.30225423
-0.13924967,-0.1308092
-0.12726676,-0.10453728
0.14711902,0.16067937
0.79647744,2.908886
-0.71613497,-0.37192023
0.1153934,0.1380943
-0.9632416,-0.08690513
0.39644125,0.6567755
0.28078786,0.41561162
0.38803136,0.6363636
-0.05011445,-0.041400887
-0.62628317,-0.3517977
-0.103837885,-0.10079311
-0.95280397,-0.118770786
-0.23712854,-0.20131198
0.67715025,1.8820287
-0.32282704,-0.23284492
0.18350841,0.21624403
-0.47776982,-0.31762537
-0.73156464,-0.3414087
0.041845046,0.025562182
-0.9284717,-0.16650526
0.80896026,3.0475237
0.5543639,1.2071732
0.9958381,5.9138002
0.98636955,5.7203503
0.45797208,0.84236073
0.55338186,1.1929535
0.056183055,0.06454904
-0.56291306,-0.35998568
0.616816,1.5421004
-0.46061277,-0.3133941
0.29997012,0.4299925
0.46175388,0.86727846
0.12858267,0.13980906
0.32545504,0.48179504
-0.41417724,-0.30549708
0.5210311,1.0563527
0.8870962,4.013849
-0.031988677,-0.023015056
-0.75804484,-0.34367603
0.23943664,0.3103843
-0.31717417,-0.24562077
-0.16178888,-0.12954925
-0.6967497,-0.36370763
0.25157526,0.32738185
0.57449937,1.3123615
0.5328799,1.1132423
0.98776346,5.754983
-0.57560635,-0.3513186
0.8282848,3.2867978
0.46523732,0.8590981
0.414971,0.68561023
0.36751685,0.57735956
0.07672911,0.08576968
-0.24270064,-0.19066353
0.88669133,4.0303817
-0.6978262,-0.36935902
-0.6480358,-0.34845558
-0.96657073,-0.08105395
0.4787701,0.90878594
0.7879701,2.8198247
-0.627911,-0.3427956
-0.93116,-0.16057901
-0.5117921,-0.33737227
0.7673364,2.6388285
-0.9676335,-0.08589711
-0.7976868,-0.31431937
-0.9500231,-0.13743801
0.8863001,4.014699
-0.7289937,-0.34452808
0.80083656,2.9536011
-0.053122755,-0.052977655
-0.21028373,-0.20110957
-0.14697571,-0.124018595
-0.16266157,-0.12836011
-0.31653756,-0.24940296
0.6215986,1.5524137
0.015991423,0.010841083
0.9819614,5.617284
0.035543073,0.03359963
0.63694865,1.6315292
0.49019384,0.94946337
-0.1977947,-0.16818096
0.57727075,1.3284183
-0.69006425,-0.3697951
-0.5933161,-0.35742778
0.23775905,0.31426018
0.4231279,0.7287672
0.28765768,0.3982355
0.018887596,0.01976465
-0.7247853,-0.35405505
-0.25447962,-0.19381472
0.20978217,0.24427238
-0.5478597,-0.3393096
0.27567196,0.373678
-0.5314384,-0.32762176
-0.80428314,-0.31578115
-0.35132343,-0.2502399
-0.4544927,-0.31555778
0.62089175,1.5300086
-0.032772344,-0.019021412
-0.8719159,-0.24943742
0.631134,1.582836
-0.4626235,-0.2994451
0.13574831,0.16061813
0.083049126,0.09189044
0.94317526,4.9052653
-0.49012947,-0.31421408
-0.7096311,-0.36667216
-0.48315296,-0.32626313
0.15292294,0.15916643
-0.5649136,-0.35669464
-0.31905878,-0.25154802
0.31610972,0.44099268
-0.7670401,-0.33008757
0.8906085,4.077441
0.06470463,0.054924
-0.03280654,-0.041402537
-0.27391094,-0.22073314
-0.5086705,-0.337287
-0.033198554,-0.024125807
-0.027455201,-0.0294142
-0.88775605,-0.23908217
0.6947743,2.0175903
0.6415251,1.6764755
-0.10438681,-0.08074359
-0.32648775,-0.24716938
-0.0021359583,-0.011593685
-0.5571311,-0.34818882
-0.9983153,-0.03612868
-0.2913963,-0.22237048
-0.96398956,-0.110538915
-0.918595,-0.19333152
-0.94105977,-0.14337151
0.76011837,2.5518365
-0.71278584,-0.36596313
-0.4913233,-0.32224023
-0.01946849,-0.024677893
0.05862155,0.07151579
-0.7558631,-0.34246966
0.819027,3.1652873
-0.5378361,-0.3475734
0.88517755,4.0064387
-0.4862484,-0.33027014
-0.99481213,-0.01619579
0.9437227,4.8966374
-0.032567378,-0.019968254
0.75750077,2.5508313
0.4686859,0.8750236
-0.6419625,-0.37942326
0.69053745,1.9872949
-0.8978433,-0.22455141
0.015116374,0.01550864
-0.4917736,-0.2995841
-0.27682757,-0.21915683
0.5140567,1.0325593
0.366767,0.5794175
-0.11983295,-0.10843692
-0.90816325,-0.2164177
-0.9201685,-0.2059376
0.40440908,0.68335813
0.8976591,4.1734877
0.69453436,2.0084186
-0.7556319,-0.35839552
-0.75754625,-0.36418167
0.22105685,0.29031792
0.31522474,0.4651061
0.2329783,0.3055951
0.77078533,2.6646538
-0.5379907,-0.33700317
-0.655411,-0.35865986
0.8283351,3.284853
0.44429925,0.8031972
0.42345434,0.7319907
-0.32924226,-0.2567132
0.25574395,0.32756823
0.45340404,0.80470383
0.20055132,0.26030907
0.47244164,0.87998796
0.18010075,0.22044717
0.9640639,5.2794204
-0.015993377,0.0063134828
-0.975062,-0.08737292
-0.6733149,-0.36350444
0.9283167,4.6585617
-0.06095901,-0.057273097
-0.7589571,-0.35222328
-0.6883597,-0.3732479
-0.9421009,-0.15711042
-0.54732096,-0.32372874
0.97329044,5.4604335
-0.34236956,-0.25121567
-0.49949586,-0.3438755
0.33524224,0.48242176
0.3483956,0.52695084
0.9356671,4.793628
0.45919546,0.8414195
-0.7800665,-0.34488434
0.97119606,5.427632
0.5004745,0.9806525
-0.48156703,-0.30721888
-0.47760805,-0.30521843
0.9199945,4.521056
-0.61472696,-0.36792377
-0.5448249,-0.34418595
-0.28213742,-0.21567467
0.35894284,0.5559878
-0.14055192,-0.1127707
-0.37747166,-0.2705843
-0.46475163,-0.30321035
-0.74980813,-0.36358264
0.09251121,0.09601569
-0.4531759,-0.30381927
-0.33703378,-0.2511771
-0.9844075,-0.046514504
0.062479492,0.061452135
0.3928466,0.6455194
0.8550678,3.608168
-0.60574603,-0.37869146
0.838725,3.3886876
-0.27773887,-0.21835223
0.60478556,1.4445156
0.7936041,2.8829334
0.9227291,4.554476
-0.3491123,-0.26414517
-0.47909266,-0.3226778
-0.1208714,-0.107888594
0.10930679,0.14147249
0.3812977,0.6062306
0.38375503,0.6074967
-0.7667008,-0.33590275
0.22363514,0.24338846
-0.6642626,-0.37103465
0.4227364,0.7248748
0.9531612,5.0802617
0.54179966,1.1515926
0.38947025,0.6292102
-0.8450307,-0.3086535
-0.6307339,-0.35624588
-0.2895188,-0.21781646
0.8669553,3.739586
-0.33821663,-0.2577705
0.62754345,1.6005337
-0.79249734,-0.32810622
0.32400444,0.47874716
0.5582177,1.2415018
0.08584356,0.07768812
0.5336918,1.0977293
0.44733045,0.8045832
-0.04603853,-0.035611264
0.73103815,2.286044
-0.31674138,-0.2533025
-0.14918219,-0.121883884
0.07972203,0.075105384
-0.7386027,-0.35841483
0.03063536,0.033702455
-0.3517679,-0.25018638
-0.48666888,-0.3260703
0.15366998,0.18649377
-0.34079403,-0.2661704
0.7110154,2.1483896
-0.1800413,-0.16165443
-0.17392476,-0.16195907
0.96388423,5.3062596
-0.31694606,-0.22212355
-0.7370281,-0.35481143
0.75316656,2.5098145
0.8339967,3.3301475
-0.54709995,-0.34550652
0.7641541,2.5931745
-0.010886329,-0.01990299
-0.9131367,-0.2240423
0.09766207,0.1051392
0.69754606,2.0536375
-0.2067011,-0.1685228
0.102000095,0.12173104
-0.7187714,-0.35659242
0.68439394,1.937199
-0.7862195,-0.3337148
-0.8111419,-0.32362217
0.86711675,3.7409925
0.74694586,2.4482815
0.14974964,0.16306934
-0.7876922,-0.3419644
0.09197225,0.12345764
0.8410853,3.4259293
0.2247098,0.29225287
-0.60352373,-0.37992007
0.8116615,3.0761971
0.7309125,2.2904618
0.093174845,0.10196863
0.70448655,2.0906088
-0.88727576,-0.24931197
-0.07763752,-0.060319666
-0.6438218,-0.35421923
0.67508197,1.869777
0.9423825,4.9154983
0.86139864,3.6644456
0.006696904,0.023384428
0.021994408,0.020380104
0.81645733,3.1266773
0.44349337,0.80575025
-0.85078967,-0.28699118
-0.74331945,-0.34348536
0.90344495,4.2558947
-0.26822117,-0.21113034
-0.62528086,-0.3569832
0.4710697,0.8928404
0.75937665,2.5578475
-0.5868903,-0.35427442
-0.49712792,-0.322306
0.7998818,2.9428964
-0.9736574,-0.066974066
0.81590044,3.1292236
-0.92147547,-0.19374563
-0.8091938,-0.32046843
0.7245507,2.2575698
-0.50316054,-0.30486485
-0.5506101,-0.33334264
0.68825704,1.9753507
0.08438736,0.09501106
-0.298762,-0.23132539
0.42846444,0.746148
0.6194914,1.5438045
0.72553724,2.2653992
-0.76129603,-0.34894055
0.16509001,0.18673645
0.35643795,0.5505756
-0.7670512,-0.35402924
0.22025135,0.2702765
-0.9361232,-0.15203395
-0.3168585,-0.23691869
-0.655968,-0.373753
0.12241299,0.13624215
-0.61781436,-0.35757822
0.578288,1.3225771
-0.75770783,-0.34510761
0.515658,1.0370187
-0.8021826,-0.322929
-0.11521206,-0.10378587
0.39706853,0.66370106
-0.677064,-0.3540796
0.504688,1.0323842
0.9068224,4.333459
-0.2531974,-0.20072766
-0.9996394,-0.0014585922
-0.046340797,-0.053647883
0.8048822,2.99442
0.33001193,0.49464315
0.4065722,0.685056
0.58493364,1.3795714
0.8164074,3.1228456
-0.750392,-0.36047706
0.18041907,0.22262907
0.7794642,2.7367003
0.55177814,1.2001883
-0.5021163,-0.3336527
0.7492127,2.4562283
-0.41179302,-0.28596303
-0.17822725,-0.15693179
-0.6287195,-0.36578336
0.7704533,2.659672
-0.8139709,-0.31775132
0.9882178,5.750978
-0.34263897,-0.25960463
0.42161754,0.73528916
-0.7425474,-0.35159364
-0.024273925,-0.027313648
-0.91973597,-0.18043448
0.7567991,2.5315344
-0.1071413,-0.08322414
0.48550808,0.9401638
0.7890291,2.8491938
-0.8628095,-0.27548936
0.02288235,0.0145293055
-0.6209178,-0.35339502
-0.8619859,-0.2652259
0.24406622,0.32175207
-0.7718064,-0.35396352
-0.016129749,-0.012804164
-0.6061631,-0.35479245
-0.6045573,-0.3719572
0.04598855,0.051948182
0.11077935,0.13608646
-0.9930414,-0.033582997
0.0015385225,0.0068326206
0.33950052,0.5263221
0.35702354,0.56784546
0.69976026,2.0382895
0.79060084,2.8644552
0.2457229,0.3225655
-0.036335964,-0.039358217
-0.5917868,-0.3306828
-0.7464775,-0.35126722
0.21819933,0.2752401
0.89316624,4.1239166
-0.44357017,-0.28807604
-0.8010933,-0.3254924
-0.15227693,-0.13748814
-0.9990348,-0.0019747554
0.107149035,0.13091615
-0.90104145,-0.22343917
0.8619312,3.6938453
0.73986596,2.3762438
-0.7701967,-0.3628154
-0.7062069,-0.3473612
0.906895,4.3248286
0.62710536,1.5899808
0.8840491,3.9877055
-0.33099717,-0.24798465
-0.77808553,-0.33312407
0.23077373,0.2984226
0.93341035,4.7650166
-0.7400728,-0.35573566
0.63778955,1.6604962
-0.28077424,-0.2130684
-0.7689833,-0.36862865
-0.08192556,-0.08562096
-0.02253323,-0.013540054
-0.98183316,-0.06079194
-0.051099993,-0.062179457
0.29495615,0.43091708
0.5293233,1.0839825
-0.80288506,-0.31826338
0.7530756,2.4898934
-0.6645082,-0.35782596
0.316574,0.46541587
0.105265,0.096917264
0.7600172,2.553459
-0.9227095,-0.1861722
-0.61687475,-0.3564088
-0.75606847,-0.3469368
-0.34489763,-0.25846896
-0.32230306,-0.25481173
-0.82277507,-0.3065405
0.028649911,0.03820653
-0.7675137,-0.34216055
-0.8512994,-0.2870086
-0.93365574,-0.16671255
0.8582838,3.6261675
-0.20652243,-0.16867433
-0.43262735,-0.2980847
-0.035451923,-0.025876021
-0.68461806,-0.37077847
-0.18768474,-0.15682678
-0.6189087,-0.37397453
-0.3912145,-0.28359005
0.84843165,3.5041666
-0.7026019,-0.35244495
-0.052310236,-0.032646295
0.32171836,0.4620244
0.83599436,3.3663666
0.84602165,3.4865239
-0.50548226,-0.33565012
0.8863095,4.0093203
-0.3372213,-0.25945407
0.7898427,2.8420522
-0.8135923,-0.3220868
-0.6032989,-0.35967124
-0.8420047,-0.29931656
-0.4019462,-0.27743718
0.74770594,2.450861
-0.6814604,-0.36642322
-0.55030704,-0.35050225
-0.56762826,-0.35564333
-0.45060354,-0.303644
-0.96263844,-0.09961685
-0.1523051,-0.13018516
0.9525863,5.087952
-0.10383052,-0.0946069
0.62668014,1.5906887
0.14285903,0.1466438
-0.97023416,-0.09480905
0.17101583,0.22439134
0.8930271,4.109914
0.107021116,0.122809716
0.055865835,0.07170272
0.34045094,0.5188162
0.74177545,2.4031982
0.12951268,0.15493733
-0.18712746,-0.14779449
-0.9258397,-0.17303346
-0.7778691,-0.33329034
0.29744273,0.417279
0.23787713,0.31729865
-0.5219451,-0.33641687
0.437846,0.77251375
-0.44066855,-0.32042974
-0.39005157,-0.28383023
-0.877205,-0.25572696
0.1005627,0.12736276
-0.42460933,-0.29909962
0.63787764,1.6456658
0.60293394,1.459276
-0.7431149,-0.36690077
-0.68001366,-0.36857358
-0.35801914,-0.2542818
0.16170888,0.21759257
-0.31497145,-0.25914392
-0.2994881,-0.23147291
-0.7198786,-0.3540287
-0.3288031,-0.23871975
-0.059186872,-0.033418413
0.9694386,5.383468
0.6759297,1.8844837
0.58596313,1.3416764
0.11964129,0.1371814
-0.27982026,-0.21342383
0.7138928,2.185819
-0.30514085,-0.21657078
0.18559201,0.2430386
-0.48564854,-0.32955754
0.5528194,1.2052103
0.029066242,0.03382802
0.7903371,2.8555503
0.13780023,0.1593971
-0.67139065,-0.353595
0.98589545,5.707111
0.003931878,0.0072416877
-0.49858388,-0.31306043
-0.34143382,-0.23258997
-0.75753164,-0.35785517
-0.8521197,-0.27844116
-0.09886745,-0.085428484
0.90374625,4.285671
-0.7540448,-0.33453283
0.8054484,3.0062973
0.59346884,1.3952993
0.61285293,1.4998578
0.4199067,0.7246796
0.18367134,0.23325689
-0.7572252,-0.35343817
0.15130542,0.19684806
-0.2960448,-0.24656022
-0.7893913,-0.34634954
0.60765594,1.4768883
0.093097255,0.101011485
0.48991057,0.941501
-0.04097983,-0.029771596
0.10343439,0.12349302
0.42468643,0.74634355
-0.50610626,-0.34074515
0.694097,2.0234144
-0.1581033,-0.12849575
0.4169787,0.70136905
-0.34783962,-0.2572216
0.4049496,0.68721724
-0.9129576,-0.18748419
0.85852367,3.636987
0.5737894,1.2872257
0.32961112,0.5063633
-0.3522357,-0.2595887
0.68517506,1.9322923
0.5353719,1.1227309
-0.09383103,-0.074453786
-0.60510033,-0.3706741
-0.648972,-0.36298794
-0.02360819,-0.026336437
0.5668162,1.2647208
0.42893046,0.7420602
-0.012871426,-0.0076762545
-0.5911455,-0.35789368
-0.52153903,-0.32930407
-0.88472503,-0.24797666
-0.6464077,-0.3527889
-0.97448134,-0.070777066
0.34898952,0.5230317
0.1764791,0.2057312
0.9759127,5.502412
0.5255462,1.0733377
-0.50751895,-0.34403744
0.41578463,0.6971602
-0.9756565,-0.06793556
0.97231525,5.4521003
0.22887062,0.28323036
-0.7606597,-0.35639012
-0.0029615737,0.0050777365
0.8812287,3.94333
0.6994001,2.0372438
-0.40216205,-0.28522453
-0.20770721,-0.1683506
0.70711625,2.115652
0.8000232,2.9741292
0.82919407,3.2691262
0.8957791,4.1653028
0.0010841116,0.0008412648
0.7230381,2.2422884
-0.30605337,-0.2406565
0.67621344,1.8820486
-0.30507055,-0.24607806
0.21663585,0.2618369
-0.063070126,-0.05261668
0.7858784,2.8002563
-0.8669582,-0.24174318
0.8975863,4.1763124
-0.07581101,-0.06374144
-0.037214037,-0.035327405
0.655634,1.7344137
0.33236396,0.48369122
0.90742,4.3144245
0.093232356,0.11750752
0.117303625,0.1458772
0.94340533,4.9367595
0.85288036,3.5437458
-0.58261406,-0.36742982
-0.38611042,-0.27158585
0.25067768,0.32678065
0.87875,3.9172163
0.12671365,0.1406454
0.4656459,0.8570578
-0.81200266,-0.33783102
0.04524832,0.041625265
-0.7047967,-0.35904035
-0.47873577,-0.32972887
-0.6673909,-0.36420453
-0.6681759,-0.3753659
0.98341507,5.6534414
-0.4035093,-0.2933092
0.13096982,0.15535362
-0.95982915,-0.09822135
0.6127724,1.5170642
0.36045548,0.57016915
-0.542443,-0.33908066
-0.9278798,-0.15638833
-0.45083803,-0.3053886
0.25716078,0.3522298
-0.96959424,-0.073688515
-0.8492824,-0.28518236
-0.18130536,-0.15415443
-0.64800173,-0.36575744
0.26362008,0.3521465
-0.65068185,-0.36923382
0.98722976,5.7480807
-0.12837423,-0.124736615
-0.70336664,-0.36154988
-0.852332,-0.28395933
-0.15887928,-0.15134664
0.6181844,1.5370879
-0.122329816,-0.12235915
-0.7178395,-0.36815056
-0.022581944,-0.022939187
-0.32525873,-0.23024008
0.0037371335,0.008958969
-0.21772553,-0.17566884
0.29577821,0.43324256
0.60724914,1.4659742
0.77290636,2.6978757
0.48258024,0.92592263
-0.28995398,-0.22330953
-0.103083946,-0.11141765
0.28353092,0.40528777
-0.56034297,-0.34262443
0.40352565,0.67137194
0.29957953,0.42235476
0.31297424,0.47525585
-0.33334613,-0.25763306
0.20313373,0.25838628
-0.6045361,-0.3580293
-0.62060803,-0.35418373
0.5370416,1.1129675
-0.24087931,-0.1873563
0.08919763,0.11393135
-0.41451564,-0.3105798
-0.52829,-0.34764317
0.5597335,1.2379067
0.5883623,1.3686898
0.67257035,1.8707598
0.7088905,2.133549
-0.17724074,-0.14829974
0.61793464,1.5449364
-0.3081312,-0.22782415
-0.894964,-0.24286006
0.37867507,0.6146745
-0.6020812,-0.35823616
-0.097055875,-0.08299377
-0.6722612,-0.35321864
-0.21692745,-0.16208537
0.7697326,2.6483607
0.22630435,0.30084246
-0.7037218,-0.3736859
0.45100233,0.8099519
0.69568694,2.021298
-0.6672148,-0.3545486
0.4881932,0.95822155
0.09825025,0.14084756
0.20852765,0.2720592
0.8780498,3.9117846
-0.9268786,-0.1933264
0.27757904,0.36617866
-0.83701485,-0.30764452
0.5791724,1.311781
0.7922674,2.875811
-0.8269405,-0.2905348
-0.9483212,-0.13259813
0.91133744,4.3835316
0.85305285,3.5711985
0.8474948,3.4908752
0.87937033,3.913483
0.00019383842,-0.0017561067
0.9537992,5.105014
0.784625,2.7763567
-0.8046736,-0.34513634
0.62541807,1.5611291
0.42488837,0.73966944
-0.731804,-0.370316
0.475846,0.9156399
-0.030154645,-0.02075136
0.7076478,2.1232667
0.63759387,1.6496885
0.8846617,3.9976368
-0.84944177,-0.28168482
0.42049077,0.73400706
-0.24585418,-0.18729389
0.5519873,1.200233
0.2051248,0.27727506
-0.008838765,-0.007986719
-0.9915307,-0.029320175
0.21433765,0.257953
-0.15923925,-0.1445872
-0.3349453,-0.23852804
0.97754073,5.545278
0.40073282,0.670729
0.07976955,0.08749242
0.73744524,2.344961
-0.5458035,-0.34663272
0.23981555,0.30706954
0.7218489,2.223668
-0.7528288,-0.36018318
-0.52782184,-0.33318326
-0.8347356,-0.29292712
0.9848868,5.690848
0.16182564,0.17316987
-0.021028427,-0.03412219
-0.32312962,-0.23747899
-0.10109964,-0.09937246
0.5517141,1.1884652
0.8334356,3.3274152
-0.7901096,-0.3418629
-0.40074116,-0.30612195
-0.62174386,-0.3704775
-0.12902835,-0.11831921
0.060968306,0.059378613
0.44255993,0.7949611
0.75131637,2.4786692
0.08425961,0.09219154
-0.022462824,-0.010400547
0.15150584,0.162956
0.7768204,2.7314694
0.29709187,0.4388848
0.5747448,1.3016565
0.4389866,0.7729606
0.8470174,3.5055375
0.6338751,1.6163653
-0.31759167,-0.23725861
0.7087372,2.1277094
-0.0651082,-0.05623674
0.6944454,2.0068333
0.8114923,3.07991
0.3705388,0.5783153
0.43776616,0.7671504
-0.7177833,-0.35142323
-0.35231006,-0.2650602
0.11546499,0.12415778
-0.9929697,-0.018612646
0.6945558,2.0321054
-0.26104096,-0.1828897
0.44679657,0.81265205
0.53859526,1.150092
0.096166104,0.106158935
0.5804531,1.3562026
0.36481568,0.5749785
-0.28031093,-0.21918988
0.63231206,1.6136134
0.2721109,0.37632832
-0.6795905,-0.37789562
0.5456482,1.1622708
0.35237402,0.5468652
-0.43069807,-0.30701262
0.68395627,1.9490559
-0.25198495,-0.20085621
0.105478585,0.12728347
-0.3136808,-0.23979001
0.4487338,0.8121767
0.16234434,0.17568691
-0.059413858,-0.07217578
-0.95936114,-0.115929075
0.21436915,0.2759451
0.24470426,0.31610304
-0.6375293,-0.35590354
-0.3353816,-0.24692562
0.7575758,2.5296593
0.09833152,0.111293554
-0.12984058,-0.11935914
0.8719235,3.819552
0.623891,1.5558751
-0.80505604,-0.32061514
0.71785474,2.209716
-0.70052886,-0.37562084
-0.65039533,-0.3711977
-0.8493049,-0.29342523
-0.03729781,-0.032845303
0.28937864,0.4153566
0.5074309,0.9951904
-0.9465495,-0.13837114
-0.64427733,-0.3635234
0.24244538,0.328791
0.05116704,0.044967994
-0.8972922,-0.21880214
0.87081987,3.8043613
0.51702076,1.0677763
-0.2824074,-0.19816561
0.07279669,0.08647041
-0.251488,-0.2035047
-0.08942141,-0.07717478
0.1923683,0.243991
-0.20306517,-0.16351083
0.24143563,0.32242036
-0.069706365,-0.059822664
0.31452197,0.46888828
-0.47555697,-0.29658186
-0.6576158,-0.3827309
-0.9728354,-0.062109787
0.20396027,0.25761607
0.9615624,5.23468
-0.15922542,-0.15086073
-0.5747437,-0.34876534
-0.9737821,-0.07233619
0.025567887,0.015451614
0.9854092,5.7006297
0.9675507,5.364614
-0.7972943,-0.31414384
0.63281405,1.6140156
-0.6533589,-0.36318684
0.618703,1.5378416
0.7070986,2.124025
-0.9845315,-0.042464513
-0.52547723,-0.33371252
-0.88689667,-0.24527064
-0.0021807493,-0.0037530987
-0.9465676,-0.14285715
0.25217047,0.32677
0.11665958,0.120016694
-0.24121368,-0.20291984
-0.07639651,-0.08028384
0.98019,5.6004434
-0.6646948,-0.36037296
0.46207592,0.84643114
0.29061937,0.40104267
0.32739735,0.5076804
-0.3085715,-0.24001466
-0.5670593,-0.35576338
0.30164596,0.415883
0.8254493,3.2382345
0.951975,5.086623
-0.038179588,-0.038642198
-0.1487767,-0.13297692
-0.30211532,-0.22907557
0.6199507,1.5417024
-0.48920113,-0.3489526
0.026054764,0.03322714
-0.30989122,-0.21761753
0.75140166,2.4791021
-0.43465167,-0.3020105
0.37297562,0.60117966
0.177497,0.22255358
-0.3432578,-0.25339276
-0.49043667,-0.31674638
0.6075766,1.4785882
0.021001762,0.009720569
0.22292636,0.27535775
0.9241755,4.5814176
-0.20396717,-0.1845361
0.6285579,1.5959568
0.27752575,0.39208573
0.18706945,0.23458512
-0.8908771,-0.21898745
0.82471573,3.2215083
-0.54280037,-0.34972936
-0.053623684,-0.049668144
0.50402665,1.0109968
0.04464678,0.04082495
-0.9913274,-0.00592896
0.89807594,4.187607
-0.9590298,-0.103537425
-0.8201751,-0.31181473
-0.5517348,-0.3495
0.19792028,0.25584695
0.9422747,4.863142
0.8453172,3.467591
0.30267268,0.4416653
0.4833763,0.90919185
0.42376488,0.7241354
0.3738947,0.5906125
0.62478936,1.5628177
-0.32022074,-0.24831294
-0.55775726,-0.3574577
-0.30470705,-0.23406728
-0.90279245,-0.20952462
0.93407285,4.761837
0.47900966,0.9185828
-0.573133,-0.35341874
-0.48841867,-0.31109947
0.985217,5.684336
0.5362146,1.1417996
-0.14868125,-0.11851314
-0.5866987,-0.37045658
-0.9191437,-0.18546684
0.33862522,0.50996757
0.5599564,1.2322129
-0.7845099,-0.33647448
-0.9952203,-0.02032785
-0.2851494,-0.21237312
0.3348966,0.50285614
0.84759206,3.4880352
0.7590731,2.5475616
0.37705326,0.5987923
0.62810427,1.5913794
-0.28827253,-0.2367908
-0.50979054,-0.311702
-0.75157523,-0.35054463
-0.63673574,-0.37546426
0.9258614,4.6198053
0.85991484,3.651722
-0.9061616,-0.22013949
-0.06011856,-0.052458752
-0.25333473,-0.17977054
0.30356458,0.45423606
-0.3432033,-0.25308055
-0.43878087,-0.3105969
0.6183415,1.5323851
0.89423084,4.1389008
-0.5944086,-0.35432836
-0.52940977,-0.331081
-0.16176683,-0.13480069
0.41260636,0.70181674
-0.6658749,-0.3770347
-0.06413326,-0.061571486
0.6816977,1.9458431
-0.5318668,-0.3344451
-0.90467733,-0.20289685
0.813655,3.1195395
0.5750632,1.2925565
0.39761496,0.6834502
-0.82533956,-0.2995083
0.79866666,2.948968
-0.38946903,-0.2860236
-0.57701755,-0.34514487
-0.025002403,-0.032405
0.8455992,3.4759698
0.9891088,5.77876
0.22821762,0.29327214
0.9110165,4.396603
-0.093331344,-0.09056284
-0.94066995,-0.1690136
-0.44869676,-0.3096346
-0.3963451,-0.27020907
0.56541514,1.2830949
-0.7515114,-0.33861518
-0.6501913,-0.35357267
0.22853921,0.29241332
-0.73877114,-0.33277074
-0.008966626,-0.0020439152
-0.92986685,-0.16312508
0.337761,0.51555383
0.8167467,3.122345
0.7497958,2.4680903
-0.85276425,-0.29780874
0.182008,0.23076756
-0.79231936,-0.32933468
-0.8929515,-0.23890266
0.22077005,0.29454768
0.1449172,0.16589184
-0.81232923,-0.32277486
-0.28028417,-0.21347755
-0.36669534,-0.2678141
-0.3150722,-0.23701705
-0.33361876,-0.23949222
0.6493125,1.7054007
-0.29278305,-0.23456301
-0.3391311,-0.25518963
-0.9407657,-0.14932401
0.58081496,1.3388089
0.3197572,0.48897856
-0.31713253,-0.24095802
-0.09632003,-0.087495446
0.5881463,1.3624226
-0.31156358,-0.24506277
-0.05326086,-0.043794665
-0.96042687,-0.10501381
0.83663446,3.3774483
-0.2575175,-0.19334096
-0.4071331,-0.27932298
0.2182367,0.26451975
0.053395562,0.06324052
-0.19815044,-0.17471781
0.84470505,3.4445593
-0.2740357,-0.21279204
0.9967474,5.945644
0.5782555,1.3269598
0.80665684,3.013876
-0.43448627,-0.2728839
-0.8595233,-0.26767984
-0.16160594,-0.14753784
-0.3732301,-0.2915117
-0.8786616,-0.25452182
-0.857033,-0.29826763
-0.65146244,-0.374619
-0.24440913,-0.21335393
0.8704833,3.789341
0.31554052,0.45521635
-0.20317449,-0.17759065
0.5987986,1.4467133
0.13698596,0.15686157
-0.16510184,-0.12842178
-0.71126425,-0.35612953
0.8540805,3.5791802
0.24777576,0.32453328
-0.12148352,-0.09481353
-0.12342687,-0.12022756
0.53007114,1.0966921
-0.6410937,-0.36994627
-0.16491616,-0.14081882
-0.87397647,-0.2676204
-0.8401633,-0.2866233
0.052592818,0.06625954
-0.23839043,-0.1996428
0.43902338,0.78227615
0.9734621,5.458308
0.7188505,2.2058113
-0.11620309,-0.09240453
-0.24428463,-0.19525088
0.17013648,0.20396183
-0.81669825,-0.2932764
0.97532046,5.506132
0.9619855,5.2419643
0.8459081,3.469099
0.32440093,0.50240135
0.0062402505,-0.001126734
0.41337928,0.6941488
-0.371213,-0.26974246
0.70445836,2.0996175
-0.7307643,-0.37032732
0.6069507,1.4642233
0.73495984,2.3225467
-0.6596674,-0.36624497
-0.04285882,-0.032882113
0.78330505,2.7773073
0.91858304,4.523951
0.6227286,1.5458862
0.8818219,3.9554198
0.8739968,3.857752
0.9594392,5.2136145
-0.17320536,-0.12120416
-0.4261149,-0.29376775
0.26588714,0.35311186
-0.62229764,-0.36047482
0.114030756,0.12032565
0.15857552,0.18966319
0.612874,1.5115762
-0.27641466,-0.20949243
0.20365146,0.25466928
0.8065498,3.014665
-0.15649946,-0.13206859
0.14344661,0.17276576
0.5747522,1.2903086
-0.50071454,-0.33858362
-0.79325867,-0.33503214
0.36360145,0.55670685
-0.2590443,-0.2237937
-0.23679155,-0.20172884
0.86018604,3.663911
-0.18425009,-0.15455858
0.9073563,4.324104
-0.7872573,-0.3449806
-0.31404582,-0.23507433
0.38588554,0.6294504
-0.748004,-0.34053785
-0.22591685,-0.20937257
0.70349056,2.0675266
0.52352726,1.0855149
-0.43579134,-0.2967059
-0.28709462,-0.21358994
0.010165231,0.001348196
0.46257576,0.84840333
-0.6962489,-0.37648165
0.055306852,0.03519305
-0.8532771,-0.28131855
-0.20436496,-0.15551789
-0.61801386,-0.36235243
-0.38191873,-0.28267404
-0.33702815,-0.26289922
0.54025155,1.157023
-0.46967864,-0.31533757
0.32752693,0.48765978
0.066554815,0.05686089
0.6084514,1.4659444
-0.35686165,-0.2551135
0.9893145,5.774296
-0.40845418,-0.29517034
0.15909329,0.21428496
0.26443592,0.36007348
0.0763367,0.08092235
0.7176809,2.1933734
-0.77404284,-0.34925553
0.19453402,0.24077915
0.012664947,0.03222847
-0.16557536,-0.1379209
-0.3075576,-0.25096998
-0.6942345,-0.36826164
0.2999459,0.42919156
-0.7645784,-0.3617964
0.65858585,1.7669152
-0.10454836,-0.10426271
0.2108374,0.2631807
-0.84438884,-0.29117703
-0.8132141,-0.31179282
-0.52819943,-0.3496678
0.55948377,1.2302535
-0.028335093,-0.030827299
-0.37828174,-0.2758569
0.6989268,2.042644
-0.61617905,-0.36086434
-0.48103368,-0.31583503
0.55346304,1.1899124
-0.9459098,-0.12062025
-0.55937284,-0.33831123
0.042666394,0.028822033
0.83007085,3.3014157
-0.4682445,-0.30040753
-0.5738077,-0.35661238
0.94983286,5.0323443
0.04902941,0.05246204
-0.8749825,-0.27102616
-0.44701776,-0.29618886
0.06732432,0.053375423
-0.85603464,-0.27683285
0.38510332,0.6399266
0.044978283,0.030209126
0.41944438,0.7156224
-0.3165167,-0.22877963
-0.1600663,-0.13395493
0.85626805,3.6176393
-0.57862943,-0.3596551
-0.9209704,-0.19628769
0.9644252,5.2936845
-0.9851655,-0.039911557
0.7764929,2.7186272
0.651947,1.7337447
-0.024741035,-0.014356308
0.41068375,0.6946964
-0.789846,-0.34462115
0.5273288,1.0780959
0.5675188,1.27598
-0.8973169,-0.21600421
-0.0055169957,0.014226736
0.896296,4.186171
0.9022845,4.261087
0.9690294,5.3858347
0.3133301,0.45166737
-0.71776867,-0.3694488
-0.1742204,-0.14769864
0.4538734,0.82276267
-0.4323322,-0.28081504
0.6202877,1.5463872
0.7227223,2.2327573
0.527098,1.081882
-0.31579453,-0.23442325
0.48294547,0.9235612
-0.855434,-0.28489825
-0.32956278,-0.2544204
0.5312025,1.1131499
0.5896418,1.372435
-0.3624412,-0.26865438
0.92062575,4.532113
-0.45344293,-0.2809227
0.32001993,0.47170416
0.7579275,2.529224
0.102798015,0.08884731
-0.17501706,-0.16535027
-0.5771875,-0.3553579
-0.60711837,-0.34190032
-0.6821575,-0.34179407
-0.11395991,-0.10468412
0.09584101,0.109641895
0.67809427,1.9000589
-0.56530595,-0.34480768
0.51041526,1.0217079
0.38822106,0.62683266
0.26903787,0.36135325
-0.32130662,-0.23580538
-0.36401322,-0.25322065
0.51787716,1.0489453
-0.4509315,-0.30090067
-0.3405627,-0.2520815
0.93038356,4.692529
0.99692875,5.9426146
-0.9965747,0.003308798
0.37352812,0.5863803
0.07100101,0.07320111
-0.07965924,-0.059114557
-0.44868773,-0.30761865
0.014302379,0.006563235
-0.08684945,-0.07821057
-0.19737774,-0.16474548
0.6996334,2.0666454
-0.45870948,-0.3119696
0.19495212,0.24204735
0.72843,2.2810602
0.9580031,5.178943
0.20550339,0.27380496
0.04007264,0.048993897
0.6810299,1.9116493
-0.6231068,-0.35861254
0.26003146,0.35475773
-0.871644,-0.2576995
0.32003698,0.4553642
0.5916185,1.3880342
-0.8739779,-0.26421028
0.6968412,2.0204394
-0.75328195,-0.33905184
-0.6483326,-0.36693832
0.6728071,1.862893
-0.7505959,-0.3432692
0.34771043,0.5423601
-0.41037142,-0.29206535
-0.50326985,-0.32905072
0.30030903,0.4187864
-0.7864767,-0.3454783
0.14924482,0.18840241
0.84904516,3.5179331
0.70281667,2.0896096
0.7022307,2.0738523
-0.39415294,-0.27745718
0.40256545,0.65351814
0.5602163,1.2430743
0.802809,2.9810054
-0.47173423,-0.32169688
0.52172077,1.0751164
-0.53545153,-0.3305697
-0.9444176,-0.14513043
-0.03633076,-0.047018014
0.5317847,1.1267388
-0.5712609,-0.3530894
-0.90281004,-0.23674282
-0.25241908,-0.20571248
-0.59424496,-0.35183415
-0.23582692,-0.1916109
0.84166384,3.4246964
0.48780257,0.9360219
-0.2541119,-0.20677836
-0.34990147,-0.27150887
0.8423891,3.4218965
0.7776877,2.7279375
0.20817496,0.2751883
-0.28482482,-0.2243241
0.5846689,1.3653445
0.32746714,0.49730402
0.12934074,0.14723547
0.47710904,0.9080612
-0.7310679,-0.35295367
0.86029696,3.6564832
0.94584167,4.938375
-0.2911016,-0.22394282
0.8936003,4.1292906
0.59166235,1.3812604
0.8820597,3.976659
0.83491665,3.3547082
-0.5981962,-0.37187013
-0.47994778,-0.32228273
-0.47881186,-0.32827815
-0.8114055,-0.3237812
-0.20462413,-0.16331095
-0.27475634,-0.21796112
-0.3120767,-0.24333295
-0.3021098,-0.23089835
-0.8758587,-0.24852872
-0.62804955,-0.35459495
-0.4081825,-0.28237075
0.77795535,2.7406201
0.85305864,3.5673137
-0.42958105,-0.30221802
0.3883177,0.63110447
0.7012443,2.0600164
0.012350351,0.0041775233
0.5110871,1.0341115
0.9517336,5.072426
-0.67557174,-0.39131775
-0.859162,-0.26685134
0.2800468,0.38467863
0.01696348,0.01093264
-0.4067927,-0.29112247
0.83317375,3.3109922
0.6916563,1.9958713
-0.4711973,-0.29762694
0.54838675,1.1657822
0.65680903,1.766361
-0.349341,-0.24868083
-0.8017015,-0.32100704
0.7008369,2.0804012
-0.8064235,-0.3138253
-0.04278407,-0.034319215
-0.6112702,-0.3492003
0.8549233,3.6019528
-0.78576076,-0.33994073
-0.76619864,-0.3397298
0.40345925,0.67068493
-0.5888884,-0.36851263
-0.73527783,-0.33840004
-0.6636146,-0.3703644
0.19179268,0.24824917
-0.55474824,-0.34106225
-0.24552304,-0.20604031
0.699469,2.0471077
-0.6486551,-0.36016494
0.65255475,1.7371243
0.55080265,1.1881912
0.66235226,1.78021
-0.30596536,-0.22605868
-0.05527562,-0.081630826
0.41401196,0.7064429
-0.9251455,-0.16792513
0.3275246,0.4679496
-0.7598099,-0.34708232
-0.42385167,-0.29979157
0.61956847,1.5384247
0.27076793,0.38093814
0.24371351,0.3087185
-0.5461738,-0.34609842
0.33575496,0.5030996
-0.73659754,-0.37589818
0.9295892,4.688915
-0.49460676,-0.3097968
0.65349567,1.7457833
0.84030265,3.410668
-0.6564163,-0.3557258
-0.9805012,-0.061119106
0.74858975,2.4447565
0.5279726,1.0994296
-0.6914612,-0.36182585
0.66075516,1.788767
0.62093943,1.5356184
-0.07745172,-0.08693405
0.8936468,4.1125655
0.1642186,0.18795341
-0.11423984,-0.12293848
-0.9735292,-0.06859
0.90555525,4.2880945
-0.7432628,-0.36792484
-0.40762302,-0.29087335
0.45887408,0.831021
-0.9893081,-0.04684062
0.085177764,0.07843575
-0.68218535,-0.35930613
-0.9549233,-0.121453375
0.28333172,0.38000503
0.20595646,0.2739164
0.46858943,0.86533624
0.23644312,0.31490448
-0.11602632,-0.10504435
-0.042758968,-0.04002654
-0.5597542,-0.3476272
-0.83255494,-0.31680387
0.72170216,2.2492788
0.3826267,0.6102153
-0.7541643,-0.3425713
-0.47152638,-0.3248189
0.72645706,2.254337
0.919663,4.535211
0.5822858,1.3552144
0.13991192,0.16720717
0.7382946,2.3722885
0.25361994,0.32716838
0.39882603,0.66733646
0.6538989,1.7481223
-0.29203767,-0.22150317
0.5690771,1.2922131
-0.58609927,-0.37734684
-0.61149657,-0.36141145
0.62267756,1.5688844
0.1275977,0.13513571
-0.17220704,-0.14040935
0.046903357,0.044353206
0.95584023,5.138847
0.78834474,2.8199942
0.015153138,0.038015388
0.09437935,0.092743434
0.22846341,0.29477093
0.58165145,1.3339176
0.74760723,2.455647
-0.706942,-0.36176258
0.25637686,0.3289027
-0.5456217,-0.35013074
0.24355972,0.30029225
-0.6573842,-0.3638996
0.61593103,1.5339473
0.32186717,0.472117
0.7319917,2.3144872
0.8888757,4.064671
0.86785454,3.7545846
-0.7096731,-0.35106865
-0.24635948,-0.17849518
-0.03380951,-0.05045005
0.5778971,1.3294642
-0.9703708,-0.09614239
0.85089105,3.5329797
-0.18553856,-0.14518096
0.26221246,0.35850987
0.96122783,5.231818
0.76531523,2.628136
-0.27563873,-0.21928239
-0.030976564,-0.019082125
0.5398885,1.1412731
0.4871115,0.9416323
0.4095997,0.69540995
-0.97861457,-0.059361733
-0.6019677,-0.37207404
-0.5566441,-0.3441839
-0.49876785,-0.33345708
-0.8076298,-0.32738084
0.6132108,1.507028
-0.3174068,-0.23544157
0.5511759,1.1860546
0.8630492,3.699808
-0.37395155,-0.27122456
-0.092456564,-0.09324981
-0.82497483,-0.3175449
-0.41031834,-0.29739428
0.0924852,0.10180033
-0.6396239,-0.36643255
0.07400514,0.082012616
-0.37423745,-0.28037208
0.9800962,5.593882
-0.24857576,-0.20001738
-0.9218875,-0.18196104
-0.054091264,-0.036617693
-0.3319559,-0.23814796
-0.25994304,-0.20699413
-0.25893286,-0.22156234
0.7623403,2.5729353
-0.0034708632,0.005750934
-0.49431798,-0.32652423
0.58500713,1.3405986
-0.113107055,-0.10366916
-0.7092889,-0.36683112
0.99699664,5.9498525
-0.9452844,-0.14506029
0.4184678,0.7198734
0.69511294,2.029599
-0.2923734,-0.23847456
-0.6853132,-0.37195987
-0.12688403,-0.116866216
-0.03504567,-0.032481622
0.99940705,5.9816117
-0.96106863,-0.11765169
0.31176788,0.44251
0.6088973,1.4869295
0.23580822,0.32924
0.25986287,0.35404667
0.75062174,2.4823792
0.13034089,0.15341464
0.7631707,2.5927618
-0.5796283,-0.34561735
0.03224528,0.04009762
-0.9328079,-0.16111527
0.606967,1.4685211
0.5545691,1.2047433
0.078079805,0.08994799
-0.20835376,-0.16930982
-0.25977582,-0.21521716
-0.59778166,-0.34517428
-0.14422141,-0.116126224
-0.39218146,-0.27874497
0.15534323,0.19568868
0.57296664,1.3015391
0.38827333,0.628141
0.027910518,0.010560521
0.8972074,4.1569366
-0.60535216,-0.34590432
0.27994615,0.38831508
-0.8239158,-0.31412217
0.3460262,0.52160954
0.45067167,0.8141676
0.5652339,1.2668365
0.32751969,0.47830802
-0.75475633,-0.34966215
-0.91141504,-0.17693509
0.4285232,0.76335895
0.59646523,1.3892224
-0.93471783,-0.17906046
-0.7001353,-0.34524682
0.580573,1.3401568
0.9356564,4.7852316
0.04107317,0.048117097
-0.6933764,-0.36712584
-0.35747328,-0.269446
0.56284636,1.2538941
0.086451165,0.093662955
-0.8844096,-0.23609015
-0.38316143,-0.28162885
0.50558215,1.0126308
-0.34843758,-0.2548186
-0.1353444,-0.13255551
0.8100985,3.074939
0.96928596,5.3729486
0.514405,1.0530117
-0.51974845,-0.33070529
-0.51370776,-0.32672694
-0.3914681,-0.2852515
-0.6788896,-0.36846873
-0.64233494,-0.36360168
-0.48802075,-0.33642477
0.31977257,0.47534618
0.22493853,0.28659827
-0.31819654,-0.262336
-0.60666496,-0.33989486
0.2480438,0.33243906
-0.73825294,-0.35269636
-0.7075073,-0.36929098
-0.23326644,-0.1857914
0.13474028,0.16307886
0.45657757,0.8180379
0.3739606,0.60174596
-0.24309628,-0.20611008
0.30930468,0.4345602
-0.57730633,-0.36126304
-0.012510039,0.008650551
0.23055589,0.30742818
0.48881173,0.94300586
-0.8408217,-0.27833638
-0.79771745,-0.33861864
-0.852295,-0.29402837
0.09293805,0.09329604
0.14010938,0.18171708
-0.9779692,-0.053174283
0.3134018,0.4478658
0.526649,1.0819409
-0.7667801,-0.34295803
-0.32534575,-0.256525
0.69994426,2.0566225
0.37440014,0.58688545
-0.39071253,-0.2806351
0.48448575,0.935812
0.77453506,2.7110424
-0.38135988,-0.2908794
0.3685674,0.5882368
-0.81316113,-0.3120408
-0.8826342,-0.24948014
0.17251465,0.20254919
-0.015151928,-0.020863174
0.62017655,1.5213699
0.56056654,1.2438649
-0.42660877,-0.30487776
0.024524814,0.008454111
0.5115531,1.0317659
-0.45809454,-0.30813533
-0.27607733,-0.20778291
-0.88027304,-0.23216596
-0.7390228,-0.3553312
0.2204407,0.27975023
-0.0064975754,-0.010362738
-0.6628187,-0.36775446
-0.9854376,-0.04919598
-0.6619337,-0.36912715
0.49927992,0.9744639
-0.81263536,-0.32959518
-0.19510126,-0.1458747
-0.52242196,-0.32231975
0.09879331,0.09099445
0.02310467,0.026829664
0.9659071,5.322722
0.54576015,1.1711806
0.87665915,3.8667767
0.15591654,0.16624045
0.47556272,0.89576465
0.79015315,2.8453004
-0.917858,-0.197917
0.8309004,3.294642
-0.5764594,-0.34625164
0.4100322,0.70051837
0.54668176,1.1639533
-0.781348,-0.34769487
0.9061998,4.312333
0.85311836,3.5812085
0.30910558,0.44487086
-0.6893417,-0.36281967
0.13210112,0.13857184
-0.31171033,-0.25937408
0.8615287,3.700779
-0.18668851,-0.15454037
0.3874987,0.6203262
0.2740302,0.3558824
-0.45796946,-0.29675877
0.070993684,0.0669772
-0.18003967,-0.16201869
-0.25074446,-0.20759374
0.7280109,2.2795043
-0.7204833,-0.35380578
-0.17921211,-0.15496816
-0.9864951,-0.049390104
-0.47621936,-0.29585454
0.24349357,0.31688347
-0.82495546,-0.30945185
-0.4576376,-0.3260822
0.76045763,2.5664551
0.3836707,0.63143945
-0.8594225,-0.2845618
0.9847596,5.669555
0.89028317,4.070158
-0.71662027,-0.3419594
0.8437369,3.4450397
0.099887505,0.1362998
0.8587621,3.6359427
0.93610156,4.7740026
0.38712713,0.6244337
-0.41740453,-0.31163707
0.8493149,3.5136752
0.14695688,0.17609356
-0.31691703,-0.24505591
-0.07992411,-0.06299793
-0.18759596,-0.16331612
0.87058,3.7832685
0.6396661,1.6550719
-0.9372503,-0.15734139
-0.9802887,-0.055971026
-0.8612507,-0.28661743
0.22077376,0.2859693
0.62895954,1.6040735
0.029896991,0.017677264
0.06944243,0.05552128
-0.519155,-0.3504903
-0.08141543,-0.075573005
-0.4863079,-0.3389409
-0.45197424,-0.3053642
-0.2176802,-0.1751811
-0.90490997,-0.21053338
0.9099167,4.393922
0.82852525,3.2501743
0.5925305,1.3741647
0.1370222,0.17156307
0.62605095,1.5786884
0.9482754,5.0142045
-0.43283218,-0.32050666
-0.2714497,-0.22700915
0.45809174,0.84730625
0.28573084,0.39814362
0.6496377,1.7279564
-0.306039,-0.23830271
-0.3788948,-0.2760887
0.17083423,0.22893001
-0.7082844,-0.372676
-0.9208503,-0.17968981
-0.5117285,-0.348101
-0.68335104,-0.37327194
-0.9866496,-0.031103972
0.5560176,1.2011898
0.08642303,0.103363216
0.33790612,0.50739306
-0.6738989,-0.37463763
-0.48661608,-0.3240562
-0.8797753,-0.25686178
0.99494755,5.8876724
-0.7938259,-0.33674204
-0.81926996,-0.32808265
0.22833693,0.27823538
-0.3362344,-0.27253124
0.7751585,2.7046888
0.663037,1.8048283
0.7363053,2.339385
0.4702606,0.87682456
-0.7364206,-0.3426066
-0.87277657,-0.2663098
-0.8707409,-0.26525798
0.6035592,1.4682335
0.31423515,0.4616642
0.9619687,5.2591386
0.28701654,0.40943223
-0.5014731,-0.32362178
-0.8209714,-0.32006073
-0.2688008,-0.2215074
-0.6006074,-0.35088018
0.25679073,0.3506509
-0.80807436,-0.32017022
0.5450211,1.1694245
0.39310136,0.6376086
0.4727158,0.874729
0.9309539,4.698504
0.3011201,0.42803213
0.5771048,1.3082896
-0.82939094,-0.29011735
0.88618124,4.029763
-0.56285423,-0.34016863
-0.013898372,-0.0015017819
0.91418874,4.42174
-0.6412729,-0.35636663
-0.928986,-0.17239556
-0.40587163,-0.2920138
-0.6872489,-0.3672306
0.3360608,0.50273013
-0.44325078,-0.30858126
-0.87432134,-0.26424736
0.78604704,2.7939131
-0.90105027,-0.2360382
-0.45745757,-0.3069801
-0.51941115,-0.36323088
-0.9529865,-0.10299233
-0.66953456,-0.37112167
0.62969786,1.5764841
-0.9249438,-0.17440532
-0.95354545,-0.122547925
0.26804245,0.35658586
-0.8221564,-0.31759506
-0.25684205,-0.20518732
-0.99571687,-0.0018434885
-0.2752402,-0.24218921
-0.36391643,-0.2630127
0.22540092,0.30740958
-0.0018085332,-0.0099529335
0.35705027,0.561662
0.87171143,3.820234
0.5903467,1.3989016
0.86710143,3.7537606
-0.8915485,-0.22759797
0.98067796,5.6177077
-0.35588115,-0.25576648
-0.44656405,-0.3151876
-0.19295682,-0.16902442
0.56660336,1.2667702
0.9085695,4.3558908
0.10847135,0.12505014
-0.69122523,-0.3744956
-0.5718914,-0.3535487
-0.18925692,-0.17300223
-0.2684856,-0.20569976
-0.52346,-0.31673604
0.70045644,2.067491
-0.4397751,-0.32279238
0.1855063,0.22879788
-0.041394487,-0.039894965
0.84692043,3.4855964
0.2578408,0.32686904
-0.33581308,-0.24624613
0.2773836,0.39316085
-0.36218694,-0.27412602
-0.8182608,-0.3238828
-0.029588323,-0.03191257
0.72039634,2.23379
0.8183619,3.1492662
0.087484084,0.088213265
0.39904776,0.65735036
0.22138268,0.29008386
0.6216497,1.5279963
-0.79355067,-0.3342786
-0.19725591,-0.16822506
-0.49383855,-0.32686982
-0.98684824,-0.044884466
0.6598398,1.7663847
-0.73162866,-0.3483855
-0.35324916,-0.27891415
0.73375344,2.341467
0.44263506,0.79166174
0.13542654,0.16345099
-0.37946492,-0.2736285
0.03064435,0.043396138
-0.8875243,-0.23503238
0.45459488,0.83919096
-0.5253687,-0.3287186
-0.04159951,-0.028759563
-0.81106055,-0.32750565
0.42157593,0.72093725
0.79166263,2.8646326
-0.08812731,-0.08095523
-0.833549,-0.29637232
0.8901497,4.064548
-0.105901346,-0.095822595
-0.8393211,-0.2905214
-0.62314576,-0.3805882
-0.76031065,-0.3379161
-0.60494936,-0.33800295
-0.6884275,-0.37348303
0.8457552,3.4912062
-0.58185136,-0.35129017
-0.11606667,-0.11285103
0.4597578,0.85126173
0.35394627,0.56617814
0.9129324,4.410947
0.9320591,4.7135983
0.14138898,0.14232428
0.50460786,1.0003396
-0.22790946,-0.18394923
-0.14149982,-0.105816
-0.79125714,-0.3147188
0.34683907,0.5234606
-0.4587826,-0.30348796
-0.8402774,-0.30739078
-0.8035382,-0.32487705
0.4447539,0.7935041
-0.54214567,-0.35138756
0.5399706,1.1434765
0.81184,3.087776
-0.31830242,-0.23023371
0.58775216,1.3654996
-0.14250135,-0.12559707
0.5444334,1.1455536
-0.38655385,-0.27511874
0.86297405,3.6939876
0.97441316,5.4841094
-0.22769415,-0.19025306
-0.6021456,-0.36741135
0.37066174,0.5787092
0.16718857,0.19398078
0.9829357,5.6384025
0.6231884,1.5598854
0.6702093,1.853654
0.45296082,0.8194935
-0.29842195,-0.22790481
0.8716849,3.810865
-0.06865971,-0.052825235
-0.20111336,-0.16688749
-0.6115303,-0.35684854
-0.39208594,-0.27259436
-0.9954907,-0.013584812
0.31980923,0.48360395
0.21093316,0.26064962
-0.19393364,-0.14516333
0.9342145,4.7584276
0.3862124,0.62061375
-0.5145676,-0.34912664
-0.2425965,-0.18647842
0.031599514,0.028975816
0.09070614,0.10119016
-0.44872928,-0.3045987
-0.50111943,-0.33342075
-0.40115312,-0.274375
0.9267059,4.640204
-0.28094983,-0.22773822
-0.25171518,-0.21448645
0.44048843,0.7893347
-0.6744819,-0.3672874
0.28632635,0.40795866
0.33225986,0.49442282
-0.87097013,-0.26018134
-0.6201096,-0.3529398
-0.067017995,-0.0778208
0.67083484,1.8691139
0.46468654,0.8630806
0.74690217,2.4182618
0.7020128,2.0873504
0.023004029,0.03343234
0.24456754,0.3217768
0.8415982,3.4391415
0.48214546,0.9129603
-0.28424665,-0.22251898
-0.29927787,-0.2067317
-0.26675576,-0.20529716
-0.009593631,0.0013365349
-0.275024,-0.20743921
-0.62498194,-0.37554574
0.18983816,0.23730096
0.73842055,2.367363
-0.014903075,-0.002826039
-0.56170243,-0.33336738
0.6261007,1.5865464
0.51148844,1.0235547
0.40043443,0.65075
0.34944883,0.5411772
0.56454843,1.2536069
0.6605259,1.7736224
0.796406,2.9066672
0.2198624,0.28120348
-0.21281439,-0.17287354
-0.8202075,-0.31897506
0.44483283,0.79489225
-0.71758485,-0.36147445
0.7370397,2.3562937
-0.18825072,-0.16817857
0.75227314,2.4793513
0.03694926,0.051852874
-0.093033776,-0.087705754
-0.27286,-0.20951469
-0.87730587,-0.2664319
-0.9769441,-0.052662425
0.017378554,0.029201752
0.80221534,2.977947
0.17222023,0.2019055
0.72475576,2.237161
0.99950844,6.0124288
-0.64276654,-0.3677326
0.31915307,0.4539265
-0.16618446,-0.14846644
-0.5823897,-0.34969056
-0.5181926,-0.3471876
-0.5106928,-0.3379589
0.45930335,0.8270812
-0.28999603,-0.21023792
-0.4885314,-0.324564
0.7719213,2.6539056
-0.9313108,-0.17658053
0.4712354,0.87499005
0.9211135,4.5450315
0.25128657,0.32642448
0.09632591,0.10294213
-0.87710685,-0.2608841
0.005917622,-0.00841344
-0.2771917,-0.22608498
0.5562012,1.2084519
0.6235525,1.5468537
-0.6647951,-0.3792893
0.044488132,0.040607724
0.7198755,2.220844
0.24905327,0.33009398
-0.03805786,-0.06849299
0.79612315,2.9207766
0.9329758,4.7326665
-0.5294518,-0.3241663
-0.6344077,-0.3547844
0.72965956,2.2886574
-0.514101,-0.33522367
0.69567716,2.015444
-0.39762592,-0.2768614
-0.9616267,-0.08641286
-0.15612169,-0.1423064
-0.91926575,-0.19596073
-0.58401763,-0.33432883
-0.041276474,-0.038777135
-0.9230094,-0.19842376
-0.9335705,-0.17681415
-0.689705,-0.34720078
-0.074492946,-0.06459146
0.94803387,4.987964
-0.8131713,-0.31543833
0.24392058,0.31422287
-0.005853545,-0.025020294
-0.87968946,-0.25457215
-0.93171626,-0.16688162
-0.5563278,-0.36253527
0.36950156,0.5719863
0.9247766,4.5940986
0.112155475,0.124279715
-0.90845543,-0.20715563
-0.48404902,-0.33640113
0.88464457,3.9873078
-0.9749589,-0.07438661
0.2045033,0.23968132
-0.6421642,-0.36137703
-0.8675778,-0.26048076
-0.49112752,-0.32162523
0.8739767,3.8311863
0.52351826,1.0820768
-0.65755993,-0.36564767
-0.86859405,-0.25539365
-0.013707814,-0.008739781
-0.8946779,-0.22690828
-0.19188067,-0.16380222
0.60050255,1.4422226
0.0013269896,-0.01010572
0.79368144,2.8726552
0.5825147,1.3682002
0.110537186,0.10484837
0.5808083,1.3204416
-0.8102668,-0.31289396
-0.5972766,-0.37322867
0.40084094,0.6735956
-0.9885601,-0.020892905
-0.9906415,-0.013836704
-0.23931712,-0.19240057
0.73415315,2.3174455
0.9616998,5.235972
0.29967067,0.44024083
0.90055126,4.2066317
0.6953469,2.032664
-0.5970358,-0.37298834
-0.19208829,-0.16207957
0.2475432,0.32267472
-0.69737506,-0.36802655
-0.37379187,-0.2579306
0.51277655,1.0279237
-0.3106857,-0.22639927
0.85186654,3.5458765
-0.18644632,-0.15451889
-0.5604801,-0.34931016
-0.5797626,-0.36678645
0.37442958,0.58338845
-0.26369634,-0.21122696
-0.5254961,-0.34115857
0.38773283,0.6378884
-0.15720496,-0.15439802
0.69198525,1.9916464
0.09795636,0.11289876
0.94435304,4.9314694
-0.2510913,-0.21519518
-0.43579122,-0.29784006
0.28910613,0.41492942
0.4167291,0.70074946
-0.9660631,-0.08227085
0.3387663,0.50558823
-0.6379578,-0.36678994
0.917726,4.485278
0.15201354,0.18940297
-0.7467202,-0.35501853
-0.8945633,-0.22246906
0.75920695,2.5443108
0.701248,2.0717301
-0.13181001,-0.12733334
-0.82500005,-0.2995103
-0.22003517,-0.18339771
0.5210591,1.0786587
0.32298815,0.47601408
0.73033047,2.298235
0.50238425,1.0162162
-0.33973032,-0.2457373
-0.3177336,-0.23892812
0.2955106,0.40699658
-0.37965462,-0.2819094
0.7353202,2.3468523
-0.34459636,-0.2591779
-0.022133976,-0.02372554
-0.91354483,-0.21072625
-0.7638191,-0.34300184
-0.73620814,-0.3554748
-0.311739,-0.23030625
-0.76674765,-0.33342415
-0.08578384,-0.074519314
-0.4616901,-0.32452983
-0.45508742,-0.3250977
-0.10899728,-0.09097646
0.70767933,2.1180162
0.52346057,1.0933757
0.76745147,2.6261427
0.98035115,5.58335
-0.97779584,-0.074973226
0.38501617,0.6165176
-0.7603409,-0.3310582
0.8736478,3.8515923
-0.5463084,-0.34926707
-0.30008888,-0.23259021
0.95810634,5.165527
0.73438483,2.317152
-0.90558374,-0.20193459
-0.9062669,-0.20260955
0.6376821,1.6389046
-0.85925597,-0.25771707
0.703469,2.0891678
0.84924155,3.5220625
-0.95232576,-0.121744454
-0.55998635,-0.3585169
-0.95362014,-0.11158363
-0.8543336,-0.27205837
0.06814538,0.07553498
0.460328,0.8336782
-0.041052576,-0.028541867
-0.22811046,-0.20371799
-0.5865603,-0.36238763
-0.5268478,-0.33187413
0.16479266,0.19322069
0.7115286,2.1365812
-0.19085963,-0.1464214
0.87925524,3.9286435
-0.89576226,-0.21774447
0.6584212,1.773854
-0.32263875,-0.24331221
0.7375349,2.3751307
0.8388333,3.405872
0.40081686,0.66532236
-0.28989354,-0.19749607
-0.086131215,-0.08055192
0.10355239,0.11936868
-0.075840175,-0.0565891
0.58230954,1.3434803
0.54305655,1.1553289
-0.9746891,-0.066556096
-0.69667625,-0.3637168
-0.27290234,-0.2356106
0.34484994,0.5355165
-0.5406041,-0.34836885
-0.35442126,-0.27266437
-0.07583998,-0.05844434
0.17911088,0.22196592
0.8035929,2.99648
0.60926527,1.4782617
-0.28156504,-0.2173517
0.5359677,1.1246359
0.665316,1.80687
0.044674814,0.05361731
-0.40791538,-0.28601596
0.8861441,4.0316916
0.9245051,4.5773377
-0.5508176,-0.33347112
0.5701322,1.2768669
-0.9164907,-0.19964956
-0.99522674,-0.008271593
-0.29685345,-0.23762834
-0.074923106,-0.07419666
0.0926731,0.108083695
-0.24347097,-0.20110968
-0.74240416,-0.36179748
-0.31041694,-0.24375096
0.6436516,1.6813169
-0.32858008,-0.25905183
0.18460722,0.23395057
0.36175334,0.58667785
0.4648738,0.8599837
-0.02402589,-0.019109713
-0.7485756,-0.3501291
0.80101645,2.9528618
-0.47938228,-0.3169454
-0.3220882,-0.24112535
0.54755664,1.1953242
0.52704763,1.0929711
0.7927718,2.8883123
-0.93250364,-0.16097179
0.7490213,2.452297
0.58445096,1.338548
0.050189573,0.055923145
-0.6810283,-0.35710445
0.08998741,0.09799557
-0.6121133,-0.36605427
0.9299142,4.702634
0.41762483,0.7088877
0.19247222,0.22681652
0.6267272,1.5766085
0.06489443,0.0701749
-0.87948036,-0.25874883
-0.48194084,-0.3220488
0.9633751,5.259191
0.70162594,2.0752065
0.85488963,3.5811038
-0.804338,-0.3288864
-0.5040033,-0.33638245
-0.8735191,-0.24509628
0.6443287,1.6789215
-0.65219927,-0.37279922
-0.17989452,-0.13155732
-0.460996,-0.2945606
0.8607149,3.6753564
0.2167604,0.28234023
0.5990086,1.4161571
0.20428224,0.26758012
0.22510147,0.29410127
-0.23417364,-0.19607827
-0.52199936,-0.33462256
-0.30322605,-0.23713538
-0.41027978,-0.30475706
0.3824525,0.6310247
-0.15487157,-0.15223812
0.100327656,0.13308226
0.541883,1.1507623
-0.4668898,-0.31046787
-0.15270075,-0.12712741
0.038974404,0.030658163
-0.89238566,-0.23551632
-0.6956267,-0.36477783
-0.87297875,-0.2658298
0.5045135,1.0118002
-0.40018302,-0.2967294
-0.15481307,-0.13206999
0.3446489,0.50791657
0.93293905,4.7413735
0.62209123,1.552429
-0.8844008,-0.22567083
-0.38853216,-0.28500086
-0.9018456,-0.2207659
-0.8766634,-0.257486
-0.7450879,-0.337097
-0.35783637,-0.2687395
-0.53700167,-0.33875152
-0.2956506,-0.23096845
0.64402,1.6785467
0.5953689,1.4059683
-0.29852223,-0.21875001
0.31964248,0.4838526
-0.25467265,-0.21680298
-0.22808595,-0.17788626
0.35144484,0.5534163
-0.23135664,-0.18445894
0.098519534,0.121127516
-0.76954806,-0.35705227
0.07762642,0.08923978
0.48399892,0.93840915
0.7767431,2.7087672
-0.7054825,-0.37553847
-0.17857826,-0.14009674
-0.027630948,-0.031115858
0.809624,3.0492158
-0.48518318,-0.3412247
-0.668674,-0.3700368
-0.7170184,-0.36783403
-0.6902408,-0.38223273
0.73904824,2.3647983
0.23961446,0.32691443
-0.1585446,-0.13342424
0.7334758,2.3071208
-0.40394253,-0.28257027
0.8557205,3.60953
0.5177138,1.0538282
-0.9588412,-0.10945757
-0.07473361,-0.0774668
0.6849339,1.9536602
-0.20771126,-0.16612275
0.97428745,5.4853964
0.69317096,2.0259945
0.5061022,1.005436
-0.7289848,-0.37138423
-0.7842671,-0.32052365
0.282379,0.37439853
0.32285058,0.4722522
-0.704964,-0.37193516
0.7079305,2.117719
0.74746144,2.4422581
-0.16681655,-0.15252717
0.2154614,0.2852812
0.021471512,0.020595336
-0.9286748,-0.16044246
-0.8191729,-0.32592255
0.5595528,1.220629
-0.02337204,-0.03390281
0.22180311,0.2901778
0.225734,0.3089819
-0.24076054,-0.19704363
-0.94117475,-0.17098626
0.5738194,1.3031033
-0.06311989,-0.052725308
-0.7221862,-0.37019062
-0.9578495,-0.10574481
-0.964958,-0.08650964
-0.9333056,-0.18418801
-0.6899528,-0.353065
-0.5370679,-0.32923776
-0.5057131,-0.33332685
0.26425666,0.36549872
-0.51687163,-0.3144868
0.3479144,0.52602035
0.646695,1.7081332
-0.23042065,-0.18479018
0.43670654,0.7584981
-0.7917436,-0.35124385
-0.3441513,-0.248392
0.36527526,0.5610566
0.8635701,3.7141829
0.23110567,0.27867764
-0.2723267,-0.2124606
-0.37261957,-0.27394378
-0.21690068,-0.16145249
0.3057988,0.4424011
-0.3460184,-0.25050032
-0.060004093,-0.060915712
0.5180014,1.0521466
-0.52444273,-0.32634136
0.43302009,0.7588593
0.522918,1.0644758
0.7273494,2.284103
-0.95225996,-0.10720796
-0.7724772,-0.32818785
0.9096751,4.377195
-0.7484372,-0.35565022
-0.024260787,-0.033499468
-0.666101,-0.3767402
0.6237759,1.5472497
-0.8069935,-0.32418135
-0.82876635,-0.28862274
0.009406484,-0.0070444616
-0.52364135,-0.3364246
0.32311228,0.4736054
0.36959514,0.5730313
0.17209718,0.20533179
0.66926885,1.8546444
0.3947025,0.6518879
-0.6249663,-0.3554139
-0.8431851,-0.28237483
0.49552533,0.9715851
0.48004305,0.9082556
0.70064574,2.0646396
-0.59530854,-0.36728558
-0.5537041,-0.34553453
0.15334247,0.18233243
-0.68876135,-0.3511361
-0.4073244,-0.291352
0.62486136,1.5632881
-0.33157557,-0.26383558
-0.97734255,-0.057015657
0.30165264,0.4169339
-0.6388276,-0.36829188
-0.6083352,-0.36617112
-0.96694076,-0.08089132
0.15606408,0.18980081
0.123808265,0.14837956
-0.80712813,-0.31369647
-0.89913875,-0.22967318
-0.018327853,-0.026674978
0.5625808,1.228523
0.90748435,4.331794
-0.849692,-0.29431984
0.4163441,0.71413493
-0.6171061,-0.34893173
-0.9320484,-0.15684788
-0.33045724,-0.24684657
0.14776266,0.17415999
0.20270403,0.25412944
-0.9015961,-0.19821432
0.8555942,3.5948167
-0.89082307,-0.23489279
-0.56561625,-0.35125428
-0.13499068,-0.12676618
0.8913047,4.0849934
0.9824649,5.642617
-0.9992965,-0.013953832
-0.5509685,-0.3288182
0.0027010727,0.00997068
0.3887912,0.64482474
0.31349254,0.45460173
-0.49697828,-0.33011612
-0.6049728,-0.36059633
-0.9714522,-0.085567564
0.6857198,1.9680374
-0.24240595,-0.18110342
0.72868156,2.289148
-0.35258812,-0.24319498
0.5120696,1.0545155
-0.8606779,-0.25606942
0.62288153,1.5505321
0.7820247,2.7428782
-0.4702393,-0.30895242
-0.7162701,-0.35671496
-0.6077103,-0.35786796
0.73556924,2.3387806
-0.42758852,-0.28418082
-0.537291,-0.35656083
0.9577661,5.188267
0.34002224,0.5317436
0.6644501,1.8112807
0.4941092,0.9653399
-0.25197268,-0.21306647
0.7254928,2.2675662
0.17633814,0.22679658
0.3147932,0.4666096
-0.3478439,-0.27001232
0.9623278,5.2406316
0.7092038,2.126112
-0.7037711,-0.36208567
-0.5922457,-0.34575316
0.4971674,0.9713971
-0.94849646,-0.12171134
-0.32909915,-0.23600432
0.065037064,0.07429677
-0.59017783,-0.34676594
0.74630225,2.4292767
0.7785363,2.7211986
0.9136923,4.421195
-0.7073382,-0.37073186
-0.84142494,-0.2826722
0.11218902,0.13499172
0.58486587,1.332165
-0.4178834,-0.29136562
-0.51805687,-0.35252374
0.03544154,0.025904564
-0.035888102,-0.026324525
-0.040899966,-0.056535877
-0.189446,-0.17290711
0.4541151,0.8143515
0.22938146,0.28176594
-0.02436943,-0.03799218
0.44140097,0.7837874
-0.47660783,-0.33583653
0.7836735,2.7810087
-0.23166466,-0.18797073
-0.34481466,-0.24845313
0.084549904,0.101652086
-0.4591812,-0.32549658
-0.46251965,-0.32639036
-0.84425074,-0.3058099
0.3038781,0.44409487
0.82546073,3.2366529
0.37052712,0.5835756
0.13547489,0.14478293
0.42357725,0.7321466
0.9329017,4.752043
-0.3270125,-0.23308916
-0.13861889,-0.1364745
-0.42756316,-0.28696525
-0.96655786,-0.10559701
-0.3051469,-0.23763688
-0.8567689,-0.2841199
0.71679753,2.190402
0.4312184,0.74324477
-0.3919372,-0.2795272
-0.34411067,-0.2663977
0.13920654,0.16343755
0.59606385,1.3962845
0.4374146,0.7680847
-0.94236374,-0.14534524
0.5705921,1.2804286
0.7626676,2.5895512
-0.8202204,-0.33599353
0.54011947,1.1470643
-0.49654183,-0.33512223
-0.65258324,-0.35847834
0.087753065,0.09650039
0.10534375,0.12862645
-0.058246285,-0.057369024
0.80360633,3.0021703
-0.5167688,-0.3326488
0.20508751,0.24504818
-0.18026558,-0.16086183
0.747558,2.4386036
-0.7343697,-0.3558611
-0.83416945,-0.2925675
0.9855204,5.7092695
0.15440722,0.18924622
0.82388353,3.2075412
-0.18356574,-0.14626618
0.20859057,0.26458642
0.3881797,0.64024246
0.97222596,5.428232
-0.77452296,-0.33772027
-0.7504384,-0.3582528
0.046406973,0.036012143
-0.8883996,-0.2326918
0.45495957,0.8230336
0.981511,5.6287804
0.6228716,1.5453845
-0.46838233,-0.29529428
0.5991227,1.4242195
0.2557526,0.3388509
-0.7611605,-0.33824328
0.1318483,0.15101434
0.79355323,2.9156246
-0.42015412,-0.28257293
0.31821504,0.46151948
-0.91687053,-0.19341339
0.6684306,1.8368104
-0.5881253,-0.36555448
0.21725047,0.2903542
0.048386883,0.046551507
0.09626062,0.10404052
-0.4925264,-0.3230981
0.11822401,0.12491792
0.20550272,0.26075143
-0.14908661,-0.13477083
0.2665061,0.3584422
-0.61685234,-0.36211744
0.02519052,0.018491957
0.43360314,0.74481165
-0.26400816,-0.2070571
-0.17770731,-0.1737834
-0.67159206,-0.38743824
0.23289824,0.30400681
-0.7529616,-0.35307798
0.0016163993,0.004212248
-0.57915795,-0.3462669
-0.6117431,-0.37943393
-0.80834085,-0.32844964
-0.28520423,-0.22627082
0.73482126,2.3379164
0.20982601,0.26780382
0.55821866,1.2212812
-0.77085847,-0.34352526
-0.37337142,-0.2738769
-0.22277181,-0.19129065
0.7200182,2.2138772
0.32879657,0.4678002
-0.019043064,-0.016234254
-0.39903578,-0.269947
0.51989925,1.0580423
0.77664727,2.7347536
0.073625036,0.085506946
-0.9131469,-0.18599974
-0.45629674,-0.30664077
0.49161363,0.9588723
-0.22479558,-0.18208121
0.2518349,0.32083955
0.049043503,0.03191945
0.81543404,3.1168203
-0.3859966,-0.28360343
-0.10788317,-0.103083596
-0.8704405,-0.2755997
0.6099245,1.4941941
-0.348356,-0.26820624
0.4438679,0.78107154
-0.99393684,-0.017477788
0.73486656,2.3460093
0.94392,4.9349084
-0.06007849,-0.06316967
-0.03479134,-0.03574539
0.23273118,0.31967902
0.950223,5.0482755
0.11715907,0.14147322
-0.8522891,-0.27991506
0.1303384,0.15087348
-0.16190444,-0.11925579
0.5217186,1.0801078
-0.39332289,-0.2800251
0.84892994,3.5232646
0.6001519,1.4283224
-0.34686604,-0.27313092
-0.29601932,-0.23847686
0.03563392,0.03234337
-0.8008137,-0.33266264
0.38023657,0.6044339
0.21829267,0.27244473
-0.3625884,-0.2524369
0.2760921,0.3995488
-0.80351245,-0.3125001
0.9041027,4.257306
-0.8660566,-0.2574925
-0.34232157,-0.24724661
0.9410666,4.8766713
-0.20329043,-0.17390327
0.77120274,2.6584973
-0.6982013,-0.35361236
-0.86652595,-0.26385474
-0.78365546,-0.32540077
0.944105,4.93779
-0.8224462,-0.2972135
0.30347356,0.441695
-0.11880091,-0.11755789
0.72159463,2.209973
-0.41137475,-0.28359798
-0.94217545,-0.1397684
0.49720028,0.96775293
0.17751679,0.21829657
-0.13099384,-0.12036564
-0.353968,-0.26584753
0.79887366,2.925196
-0.75640076,-0.34954944
-0.71729064,-0.36596796
-0.9703421,-0.077604495
-0.8548728,-0.29852694
0.7145641,2.1761749
0.5872995,1.3595161
-0.79515666,-0.34165072
0.5596307,1.2273836
0.2820988,0.37676924
-0.22502981,-0.1865787
-0.8315908,-0.30263975
0.20470344,0.2581004
0.67935157,1.915007
-0.158581,-0.1425497
-0.15122476,-0.123564616
0.6533662,1.7409197
-0.57881343,-0.34466755
-0.6550628,-0.3479295
0.39116028,0.62465477
0.3129299,0.4512016
0.8242527,3.211626
-0.33149344,-0.22725084
-0.59599805,-0.35072273
-0.14234076,-0.12173181
-0.2324194,-0.17659841
0.87618977,3.874932
0.83521277,3.3525913
-0.14370075,-0.1302048
-0.1750097,-0.16258354
-0.110014424,-0.090136
0.461791,0.8400952
0.10012018,0.118745364
-0.42415124,-0.2852569
0.53745925,1.11152
0.807658,3.0440044
0.4355154,0.76880854
-0.6106954,-0.36918005
0.5835472,1.328504
0.9779023,5.5519586
0.37031028,0.58478135
-0.5122276,-0.32168525
-0.9889048,-0.031547908
-0.2291877,-0.1973045
-0.059499815,-0.071695745
0.81930894,3.1642683
0.23935948,0.3146647
-0.43676057,-0.2886755
0.38346073,0.61506087
-0.81562155,-0.3127877
-0.573138,-0.352742
0.48898128,0.9167722
-0.40554032,-0.2800859
-0.937717,-0.15917732
-0.0064639286,0.00016877818
0.31610006,0.46343356
0.5780406,1.3089066
-0.38793617,-0.28029537
-0.15084988,-0.13138907
0.11312268,0.12939154
-0.8506574,-0.2803648
-0.60471267,-0.3581037
-0.26149178,-0.18975936
-0.46564564,-0.30606282
-0.06834279,-0.054010987
0.30146635,0.4394955
0.07937181,0.086979024
0.54841644,1.1887085
0.25270215,0.35055456
-0.41617593,-0.2910859
-0.7600618,-0.3380748
0.27938178,0.37449062
-0.576095,-0.34116822
-0.3626694,-0.27325016
0.59040457,1.3673385
-0.5601721,-0.3507423
0.075670615,0.083939195
-0.8103511,-0.31752303
-0.16692102,-0.13013598
0.9605542,5.218426
0.9087656,4.3666797
0.8931886,4.132713
0.19032307,0.2373056
-0.4106132,-0.29796842
-0.2900967,-0.19982223
-0.5879111,-0.33770493
-0.8048041,-0.32284698
-0.6622964,-0.37842008
-0.06547724,-0.055248354
-0.9459393,-0.1437405
0.87839246,3.9140418
0.12324604,0.14286537
-0.65295947,-0.3803694
-0.16731872,-0.1551324
-0.24742638,-0.20592573
0.67069954,1.867752
-0.7590103,-0.3554957
-0.14025871,-0.14574262
0.42262015,0.72577566
-0.25362214,-0.20487116
-0.28481463,-0.20566116
-0.31912336,-0.22651963
0.52402055,1.0650479
-0.7613925,-0.3441154
0.7134086,2.1690307
-0.8582302,-0.27850956
-0.36199176,-0.26342237
-0.22190773,-0.17052989
-0.21282265,-0.17253344
-0.62465125,-0.3549381
0.2063177,0.27399883
-0.092855714,-0.08943177
0.1351464,0.16422534
0.22982961,0.2939258
-0.6173277,-0.34983504
0.8405826,3.4065669
0.6601888,1.7862989
0.6568089,1.7578976
0.063307576,0.073456585
0.6401077,1.6478126
0.25496995,0.33935812
-0.09889017,-0.09051724
0.5049212,0.9922351
0.19988641,0.24373041
-0.99597275,-0.028332863
0.99400556,5.879139
-0.14029798,-0.115093246
0.14345595,0.15356691
-0.18812822,-0.17004426
-0.7993952,-0.3379136
0.66802007,1.8206772
0.3651107,0.577709
0.6570317,1.7546864
-0.03210772,-0.028606903
0.5834143,1.3377664
0.5954387,1.4028139
-0.32740748,-0.23596309
-0.99185365,-0.0354038
0.71957487,2.2041783
-0.6307335,-0.35825017
0.73742646,2.3536444
0.23659778,0.31175762
0.26948503,0.36877343
-0.50556326,-0.3452571
-0.1947838,-0.14902876
-0.37581617,-0.27338248
-0.61930305,-0.34492546
0.4490126,0.81162596
-0.80831325,-0.3091555
0.023933848,0.034743488
0.07201684,0.08989457
0.9107729,4.3790836
0.7387842,2.3862655
-0.016622502,-0.02107068
0.6883649,1.9774991
0.5811554,1.3426962
-0.94420713,-0.10979439
0.84427416,3.4690135
0.37580952,0.5951181
0.3439047,0.52599525
0.42696297,0.727111
-0.55047625,-0.33045882
-0.9416552,-0.17812292
-0.53631324,-0.3425088
0.5891559,1.3960004
0.19463034,0.24925055
-0.27744278,-0.21218924
-0.51696146,-0.34620076
0.59966314,1.441554
-0.08426155,-0.08685747
0.22348842,0.27871355
-0.9748582,-0.056647733
-0.14013597,-0.13238724
-0.96913105,-0.099038094
0.5748567,1.2937119
-0.50149703,-0.3267931
-0.6657552,-0.3698955
0.8527882,3.5829444
-0.96398467,-0.09661918
-0.604358,-0.37074435
-0.51903105,-0.35368544
0.6456079,1.6988219
0.42016774,0.72365206
0.93481696,4.7766266
0.38971445,0.6320707
-0.52736217,-0.33630732
-0.66632783,-0.35297257
0.51081145,1.0257066
0.80180675,2.9591308
0.82334566,3.2160518
0.5421933,1.1507502
0.5887322,1.3815601
0.3247382,0.48059785
0.4716542,0.8914904
-0.76790124,-0.34022796
-0.34158468,-0.2412282
-0.083802365,-0.06770177
0.32864615,0.4758626
-0.16463661,-0.16009657
-0.25000396,-0.20072325
0.12719396,0.15174752
-0.21114226,-0.18157113
-0.8549182,-0.276488
0.93883365,4.842767
0.8523241,3.55815
-0.92198247,-0.19139846
0.0583735,0.051798448
0.42554793,0.76118165
0.21972567,0.2603616
-0.29322672,-0.23898467
0.6065505,1.490859
0.22949433,0.2874753
-0.5221394,-0.3417053
0.22246544,0.29288253
-0.45065743,-0.30324435
0.1916997,0.24158281
0.5286368,1.111984
-0.39491192,-0.2916155
-0.4349565,-0.29931268
0.45340493,0.8217642
0.016740097,0.008234805
-0.7223988,-0.35876873
0.09139084,0.106186576
0.3264181,0.48986313
-0.017368544,-0.0063776667
0.2483225,0.32988018
-0.2702913,-0.22276969
0.7556279,2.502701
-0.5200711,-0.33998036
-0.43730944,-0.31565422
0.54731965,1.1694564
-0.8842832,-0.25672764
0.9747604,5.4851627
0.25803044,0.365496
0.61488974,1.5091286
0.16788772,0.21747923
0.5726599,1.2969722
-0.13160078,-0.12251976
0.15348497,0.18007861
0.3238489,0.46190003
0.803857,2.989205
-0.93045485,-0.1823384
-0.7821798,-0.33239722
0.38129225,0.61002934
-0.31127512,-0.24020372
0.35546198,0.546207
-0.544525,-0.3343775
0.2565181,0.33602598
-0.043769635,-0.0514926
-0.754163,-0.3473997
0.85885423,3.65361
0.58439606,1.3534391
0.5621498,1.2652377
0.39385015,0.6379894
-0.9573035,-0.13432413
0.009244597,0.01420316
0.5019213,0.9900699
-0.566502,-0.34496632
0.23052569,0.30810735
0.85896575,3.628942
0.5058636,1.003711
0.09527818,0.111172654
-0.3801514,-0.27205563
0.27307683,0.37374538
0.42880756,0.7534388
0.27554023,0.39013892
0.51083744,1.0052406
-0.44150558,-0.28825456
0.015622244,0.0036422228
0.097343184,0.11379509
-0.82023,-0.31670305
-0.64691114,-0.35146335
-0.38675472,-0.27074793
-0.9044877,-0.20899087
-0.532793,-0.3374252
0.044313338,0.040994883
0.08348986,0.08119448
-0.50114566,-0.34238416
0.89297646,4.1068935
-0.06566689,-0.052499145
0.27455255,0.36827826
-0.9392752,-0.13966216
-0.20163572,-0.17804784
0.08421672,0.09031749
-0.37549138,-0.26771098
-0.657256,-0.35435677
-0.597707,-0.3607112
-0.066899806,-0.057892375
-0.857968,-0.2754648
-0.53107804,-0.34158087
0.43907776,0.7667824
-0.5705197,-0.3463405
-0.76613015,-0.34579238
-0.8324777,-0.30628005
0.9774565,5.545126
-0.82627445,-0.30274493
-0.13300306,-0.13418794
0.02214436,0.017183287
0.9291519,4.6661987
0.7821985,2.7598093
-0.52464247,-0.34482166
-0.83059764,-0.29376143
-0.12414582,-0.10710286
-0.798171,-0.3401058
0.742211,2.3996868
0.40754986,0.6890357
0.88757294,4.031334
0.1389041,0.14843643
-0.2711501,-0.22411218
0.0012951867,-0.0145647535
-0.6784458,-0.34339297
-0.073873445,-0.08607822
0.9974154,5.933415
0.38101232,0.613423
-0.8752869,-0.2751353
0.4513348,0.8040634
-0.7986786,-0.3276344
-0.21871085,-0.17740917
0.5725005,1.29613
-0.74382025,-0.34715256
-0.41451323,-0.29195982
-0.60947555,-0.36615905
0.74019164,2.3850148
-0.70416695,-0.3489227
0.07157046,0.08326406
-0.4493702,-0.31612977
0.014515443,0.020870885
-0.6652718,-0.35927087
0.51515293,1.0302764
0.28622288,0.3984466
-0.9131475,-0.19491655
0.8951304,4.1563535
0.78594714,2.799847
-0.40444458,-0.30128708
-0.41623917,-0.28729013
-0.0016444444,-0.0041232365
0.2382382,0.31508577
-0.41792813,-0.2912723
0.5907055,1.3833996
-0.8430094,-0.29737282
-0.20432796,-0.16058321
0.11161826,0.117153324
0.599364,1.4293281
0.7436346,2.4140627
-0.51118594,-0.33418757
-0.51787156,-0.32666883
-0.2634711,-0.2131112
-0.14488885,-0.10358344
0.69680643,2.0375228
-0.9848577,-0.031024735
0.36992013,0.59447646
-0.5598824,-0.3336349
0.764804,2.6018934
-0.36530486,-0.25565565
0.075112104,0.09577208
-0.3419291,-0.25151694
-0.14943735,-0.13699333
0.044461872,0.06482831
0.49507475,0.9662446
-0.75848687,-0.34841433
-0.29554608,-0.22526929
0.27927414,0.379474
0.17760009,0.21934801
0.56166095,1.2445949
0.77814865,2.7287116
-0.81185293,-0.3204471
0.4276833,0.7404892
-0.4319877,-0.3035107
-0.037226293,-0.028624387
0.25554752,0.34607697
-0.6987796,-0.35414004
-0.30682078,-0.23980305
0.95216477,5.0831027
-0.7274059,-0.34980318
-0.83333445,-0.30474725
0.67359656,1.8642584
-0.13872951,-0.11588028
0.34958318,0.52063453
-0.38853115,-0.2830023
-0.6031345,-0.35535672
-0.5750493,-0.35339537
-0.608822,-0.36986732
-0.5060564,-0.3294668
-0.5575592,-0.3572033
0.62739545,1.5837249
0.06658741,0.06742329
-0.40699556,-0.28933552
-0.3098879,-0.24458705
0.9155963,4.4645905
-0.6322604,-0.36406854
0.7735083,2.676313
0.47360784,0.8883633
0.22690494,0.31081015
0.24818502,0.3333854
-0.15412018,-0.12277863
-0.12229865,-0.12508789
0.59216285,1.3873816
0.62172586,1.5386602
0.14231533,0.16073477
0.5371853,1.1251357
0.6201085,1.5524102
-0.3357779,-0.24384297
0.24671738,0.31989527
-0.12841143,-0.118444584
-0.8037839,-0.32181275
0.2969313,0.4309528
0.17496806,0.22247814
-0.7948046,-0.32484886
-0.8583743,-0.25899583
-0.50073135,-0.32413116
0.66683084,1.8210567
-0.8726464,-0.26835993
-0.07926336,-0.084237404
-0.64192694,-0.3757015
-0.49289384,-0.31867933
0.5398478,1.1600621
0.701209,2.0688937
0.16057697,0.2095718
0.7264876,2.2659168
0.71374637,2.169822
-0.5569619,-0.36286825
0.29003513,0.41639954
0.55665696,1.2118614
0.12210852,0.1473985
0.611557,1.5048486
0.25766316,0.35004386
-0.431086,-0.2949643
0.37119257,0.58995295
0.17599979,0.21998164
0.2499011,0.35180742
-0.80935955,-0.32146564
-0.748529,-0.3511436
0.6293067,1.574419
-0.1374584,-0.11662552
-0.56944543,-0.35827205
-0.8146484,-0.31968772
-0.47419244,-0.31323165
-0.40960705,-0.3053704
0.9659283,5.328425
0.66901004,1.8425279
-0.8430859,-0.2861301
0.4968997,0.96642315
0.12786041,0.1577305
-0.54304886,-0.33985743
0.49315432,0.95188725
-0.9396426,-0.16469595
0.4630614,0.8484933
0.7905759,2.862031
0.76522505,2.6094093
0.5446813,1.1435691
0.86946154,3.7797554
0.41465515,0.7060475
0.37345612,0.6135349
-0.94761246,-0.12137267
-0.6516241,-0.36611667
0.5628574,1.2484529
0.9950055,5.8823576
0.43986434,0.75332683
0.15965931,0.18602112
-0.6331615,-0.35268053
0.89582473,4.1567855
0.29946563,0.41968307
-0.021923374,-0.012328599
0.7227741,2.2534072
0.9065641,4.301517
-0.25763038,-0.20531957
0.03157041,0.027271751
-0.7697961,-0.34400746
0.91971004,4.51771
-0.7586482,-0.32121915
0.8580559,3.631197
-0.6179285,-0.35766137
0.81755006,3.14463
-0.09538752,-0.09961231
0.18413116,0.22771364
-0.9287597,-0.1871905
-0.21122652,-0.15634292
-0.013213205,-0.0040082796
-0.98114276,-0.05922515
0.32171324,0.47210774
0.67779076,1.909882
-0.95044,-0.12536374
-0.014928792,-0.031224668
-0.93253726,-0.16351499
0.7465878,2.4467962
-0.6783686,-0.38813227
-0.8829505,-0.24535331
0.7153958,2.1683316
-0.110984586,-0.08722259
-0.809182,-0.32623628
0.2958379,0.41428936
0.4111992,0.7032685
0.13666934,0.14932846
-0.33574277,-0.25015426
-0.15102811,-0.12839869
0.9096816,4.3624525
0.06872335,0.06075662
-0.20588161,-0.17943437
0.4163839,0.7084305
-0.84768534,-0.3075017
-0.41954428,-0.29308212
-0.5470546,-0.34676543
0.36020708,0.5674985
0.20782556,0.26882255
0.51887286,1.0461822
-0.14645518,-0.13293861
-0.652113,-0.37363818
-0.6343447,-0.36810902
0.7845102,2.7893531
-0.8502116,-0.27475688
0.18823974,0.22592111
-0.5366537,-0.332027
-0.57144445,-0.34837762
-0.80318487,-0.311984
0.9585624,5.1839447
-0.8780302,-0.26143995
-0.70449704,-0.3613455
-0.26966414,-0.22838007
-0.088405,-0.07964787
0.9015986,4.246684
-0.51642376,-0.3231094
0.44195622,0.7901331
0.31277728,0.45327732
0.034989573,0.055668842
-0.46787867,-0.3154944
-0.68672645,-0.3750202
-0.64695865,-0.36436054
-0.30801088,-0.24872188
-0.7257546,-0.37142769
0.99716127,5.9430847
-0.10836766,-0.1110309
0.07798043,0.078409284
0.23291434,0.291901
-0.6084319,-0.35768324
-0.036492564,-0.04232606
-0.8742192,-0.25290367
0.9383341,4.8347135
-0.054348554,-0.0645906
-0.9406756,-0.13967174
0.19814816,0.24538258
-0.79977137,-0.34032848
0.57996106,1.3319193
0.9067112,4.3362665
0.8331201,3.3210123
-0.1444327,-0.14268504
0.42516765,0.744497
-0.6883916,-0.34857753
-0.84860784,-0.2984177
0.6421017,1.6603945
0.39033607,0.63833797
0.81412184,3.085272
0.8291761,3.2972648
-0.3054393,-0.23429231
-0.36270365,-0.26514608
-0.116198234,-0.10052768
0.3313644,0.4923439
-0.9900214,-0.034206066
0.0692228,0.06495649
-0.9605382,-0.11692511
-0.09865186,-0.08572853
-0.8354426,-0.28688008
0.12443372,0.151617
-0.3714511,-0.27302504
-0.04217144,-0.042390794
0.91538835,4.4697533
-0.31806222,-0.24904771
0.43856713,0.7589134
0.36658934,0.5798647
0.7378547,2.3689966
-0.33117723,-0.2733372
-0.88784564,-0.23595893
0.94126135,4.8691154
-0.27528536,-0.22995318
-0.6125196,-0.3626841
0.8282028,3.2535145
-0.6187787,-0.37849385
0.05751186,0.0621038
0.5110021,1.0259495
0.46202984,0.8333047
-0.9410698,-0.16213672
-0.59512556,-0.35186476
0.77698654,2.722729
0.106361836,0.092559546
0.3744418,0.5842871
-0.19541685,-0.16428898
0.4904061,0.95319176
-0.4218095,-0.29089177
-0.5359385,-0.334634
0.99422413,5.8726635
-0.6846965,-0.3627664
0.9627201,5.260052
0.85302,3.562122
0.42935148,0.7325634
0.16394621,0.19906498
-0.990941,-0.042940248
0.27057177,0.35908616
0.5448226,1.172506
0.46575126,0.8612292
-0.65587115,-0.35404456
0.089067526,0.0944113
0.10039598,0.10604512
0.30576482,0.45154396
0.66189003,1.7890104
0.3964617,0.6571572
-0.7173886,-0.3624046
-0.9619381,-0.100639425
-0.72682935,-0.36106285
-0.9194361,-0.18084848
-0.12645333,-0.11157653
-0.4324936,-0.30326265
-0.98538053,-0.0394345
-0.8394436,-0.31215566
-0.20491469,-0.1599264
0.8795236,3.905986
0.98959756,5.778659
-0.89975923,-0.2268467
0.6611602,1.7907532
-0.039484452,-0.0217821
0.2420838,0.32965535
0.011938406,-0.0026399645
0.8490138,3.5082264
-0.043030288,-0.05525005
-0.66405404,-0.37783915
0.55970645,1.2262287
0.027549068,0.04142689
-0.7658621,-0.34864306
-0.076815456,-0.072494216
0.37478966,0.60008913
-0.40832415,-0.29798767
0.8239467,3.2150245
0.69991636,2.060664
0.13578987,0.18171622
-0.89125586,-0.22581886
0.16652882,0.21625708
-0.16879041,-0.14412165
0.44813734,0.81075233
-0.46593788,-0.31197506
0.21152705,0.25036415
0.108874336,0.09755211
0.053701125,0.045500476
-0.7681772,-0.33274138
-0.020229083,-0.023778861
0.1012447,0.12043452
0.85531545,3.6101084
-0.078272,-0.08542225
0.27972984,0.40294087
0.1384916,0.14912933
-0.60950947,-0.36134
-0.6311815,-0.37327844
0.47879624,0.9099385
0.046127878,0.04673999
0.79206586,2.876589
0.81631047,3.1390336
-0.40584844,-0.27159384
-0.7969462,-0.3223592
-0.31183887,-0.22934441
-0.8659225,-0.27291304
0.56250954,1.2432519
-0.7076367,-0.35922298
0.732719,2.3047497
-0.16934559,-0.1335846
-0.44279245,-0.30592445
0.0030375186,0.0049900287
0.21094015,0.25212505
0.40308684,0.668752
-0.32363546,-0.23559722
0.9659416,5.3282127
-0.15542544,-0.1262205
0.6689365,1.8361516
-0.93026465,-0.16830598
0.55592626,1.2138864
0.102676295,0.12106988
0.27925122,0.38987055
-0.25424245,-0.20647968
0.08968121,0.0729148
0.8644409,3.7177236
-0.22792646,-0.202373
-0.78846794,-0.32804388
0.4410253,0.79150355
0.010328009,-0.012409165
-0.15011732,-0.12752673
0.5556366,1.2163635
0.124353655,0.14577404
0.26276138,0.3439727
0.852152,3.561463
-0.88297796,-0.2592873
-0.47523582,-0.31152952
0.7964429,2.9183545
0.5854559,1.3521183
-0.6228029,-0.35713735
-0.6617636,-0.37425286
0.6502733,1.7132034
0.105727695,0.12986748
0.7206795,2.2298765
0.8353683,3.338811
-0.86091346,-0.2804599
0.9395566,4.8455486
0.4329472,0.7590965
0.6689313,1.8381494
0.26066822,0.36538017
-0.38967648,-0.26408714
0.19886161,0.26624104
0.03174079,0.054375622
0.86414945,3.696363
0.11006074,0.12178233
-0.9442107,-0.14844777
0.3721904,0.58228546
-0.8989189,-0.20952868
0.88800156,4.0452805
-0.026814692,-0.04200584
0.9360154,4.816726
-0.9482706,-0.15098155
0.06569983,0.06678092
-0.5475878,-0.34341556
0.28148276,0.38024566
-0.0035793695,0.001934693
0.13224961,0.14622808
-0.2807188,-0.21085115
-0.8969111,-0.22268821
-0.7878068,-0.36035198
0.7171211,2.1747952
0.4055446,0.6876644
0.53879535,1.1436951
-0.7546612,-0.36090368
-0.9015176,-0.22627875
-0.9654473,-0.094312765
0.043628663,0.02536776
0.0017942728,0.024512844
-0.7787039,-0.3499849
-0.30675578,-0.23424259
0.06042972,0.08102326
0.35162967,0.5394623
0.6199971,1.5421087
0.28277758,0.38449636
-0.93998706,-0.15577883
0.17218234,0.19873828
-0.8241573,-0.29742256
0.12982024,0.14251402
-0.2480252,-0.20611916
-0.4273249,-0.30617878
-0.036567796,-0.031452995
-0.23704357,-0.18577221
0.660541,1.76426
-0.54701513,-0.34344238
-0.72658205,-0.3558899
0.67395836,1.8874309
-0.51318216,-0.34518412
-0.9355278,-0.17051819
-0.22603348,-0.17792164
0.6380898,1.6434983
-0.13625972,-0.10613129
-0.059829187,-0.045438718
-0.9056054,-0.21029508
0.4221003,0.7256102
-0.3125847,-0.23949656
0.4572365,0.8344253
-0.1780584,-0.15053272
0.05378571,0.071056776
0.17897151,0.19760701
-0.60621864,-0.36288163
-0.4119712,-0.28829598
0.17113766,0.20043956
0.6458811,1.68864
0.9228867,4.56901
0.04833996,0.0638284
-0.852175,-0.28811994
0.9120268,4.3936214
-0.1584621,-0.12897925
-0.79504037,-0.33640444
0.944404,4.933165
-0.43897238,-0.31394428
0.31367597,0.45254445
-0.71176136,-0.3620923
0.4391259,0.76466846
0.95262766,5.079108
0.9701134,5.4078584
-0.7475816,-0.37302163
0.53741354,1.1272475
0.32858032,0.5143056
0.60294145,1.4435169
-0.33358255,-0.2384078
-0.19650662,-0.1645001
-0.31637555,-0.243397
0.5330334,1.1246326
0.6182096,1.5408181
-0.50139743,-0.33757097
0.14557713,0.15940233
-0.7480653,-0.36662942
-0.97367394,-0.08175488
0.22014792,0.29362482
0.68040526,1.9180356
0.81310636,3.1051822
0.24072264,0.30664572
0.6173828,1.5141941
-0.19152284,-0.16465424
0.75067455,2.4750307
0.54943514,1.1844903
-0.3829442,-0.2690526
0.19443336,0.2454929
-0.8974827,-0.22093542
-0.70682573,-0.35562694
0.8933054,4.1289234
-0.9804916,-0.07979784
-0.5935309,-0.35630298
-0.72238296,-0.3513824
0.39753732,0.6824883
-0.7886113,-0.3358549
-0.959742,-0.12898348
0.86097854,3.6846943
0.7455188,2.414404
-0.28310245,-0.21591921
-0.7989522,-0.3232301
0.3564043,0.553897
0.76623213,2.5930698
0.9493037,5.017276
-0.7397521,-0.37121946
0.20042136,0.2551798
-0.13889794,-0.13080862
-0.6864993,-0.3856888
0.6157916,1.5224789
0.5643817,1.241044
0.92929685,4.679685
-0.82893234,-0.31356198
-0.52224994,-0.32743776
0.65515107,1.757851
-0.20914689,-0.17057674
-0.04813105,-0.046995174
0.22305045,0.2826418
-0.18309116,-0.16680034
-0.9292057,-0.1775029
0.20796984,0.26734084
-0.5422551,-0.32311425
0.9377421,4.825818
0.3806513,0.6198798
0.6813083,1.9229374
0.90880287,4.3560777
-0.87334746,-0.2808078
-0.70261496,-0.37023863
0.61604667,1.5238163
0.7695835,2.6533155
-0.99024254,-0.033860963
0.8904494,4.0632997
-0.09124332,-0.08432401
-0.074746616,-0.07389263
0.7574852,2.542827
-0.4209344,-0.28755683
0.1669822,0.21594036
-0.33162123,-0.23759992
-0.7728909,-0.34576282
-0.28284284,-0.21688196
-0.653935,-0.34411833
0.04195891,0.039792962
0.059588365,0.0651134
-0.12538548,-0.111458935
-0.65237325,-0.3642094
-0.76253563,-0.35632488
-0.79076403,-0.32052806
-0.77567047,-0.35086092
-0.41024348,-0.27093527
-0.9962712,0.0053251428
-0.8754874,-0.2540952
-0.059111226,-0.055755712
-0.63461864,-0.37064487
-0.4732421,-0.3169071
-0.29335487,-0.2158714
-0.92069715,-0.19421422
-0.5599566,-0.3332123
0.55337507,1.2136867
-0.31820607,-0.24220373
-0.62768084,-0.35408473
-0.60451096,-0.36749706
0.96946585,5.389406
-0.70308936,-0.3407925
0.81083643,3.0802362
-0.83891034,-0.29219797
0.7488609,2.456658
0.0138326045,0.013284481
0.21741074,0.2774926
-0.50813663,-0.3388675
0.79721737,2.9286416
0.17429087,0.22151831
0.3514001,0.53824115
0.113522016,0.13273333
-0.7495307,-0.35973126
0.67244935,1.8624771
-0.6328297,-0.37113604
-0.41610396,-0.2945816
0.33903724,0.5133595
-0.81334144,-0.31264085
0.8668084,3.741373
-0.7517448,-0.34692875
0.3343119,0.49194047
0.27024415,0.37334833
0.3960609,0.675375
-0.13330638,-0.12133929
-0.23542958,-0.20387001
0.95531595,5.1374445
0.634317,1.6244793
-0.029112715,-0.023705399
-0.63546485,-0.35024846
0.7811072,2.7508576
0.29749888,0.41637963
-0.7284532,-0.35302928
-0.6337912,-0.352387
0.08163972,0.09126999
0.007367275,0.0067076385
-0.18143563,-0.15033875
-0.146252,-0.12025476
-0.65559524,-0.37902656
-0.48906812,-0.33384588
-0.0145831425,-0.015261437
-0.8725907,-0.253381
-0.29463542,-0.20571756
-0.5792523,-0.35406712
-0.6507036,-0.36182168
-0.706814,-0.3691277
-0.7196211,-0.35378942
-0.67912215,-0.3757519
-0.25173414,-0.20117125
-0.7970899,-0.3392876
0.7940829,2.8683283
-0.004167749,0.02278744
0.009550974,0.017662155
-0.5778154,-0.34449467
0.7343104,2.339585
0.65626216,1.7709289
-0.9315079,-0.1655743
0.4648087,0.8684145
-0.6314617,-0.3675191
0.11123369,0.12343272
0.74103653,2.3723507
0.8681056,3.7668767
-0.63109535,-0.36777028
0.87915206,3.9145403
-0.86083454,-0.26606753
0.8186531,3.1584084
0.544652,1.1751989
0.8276496,3.252702
-0.26770756,-0.2072782
0.8815586,3.9431467
0.6370336,1.6360229
-0.34335497,-0.2582414
-0.32213166,-0.25351134
-0.28556907,-0.22614214
0.17757349,0.2216821
-0.63620144,-0.37220472
-0.13300022,-0.12402641
-0.864679,-0.25746602
-0.28336903,-0.20650782
0.33346608,0.5079314
0.17893863,0.23500875
-0.36692855,-0.2541312
-0.48559192,-0.32346675
-0.345807,-0.23662044
-0.86090493,-0.25868326
-0.48484504,-0.32301188
0.41610202,0.71144146
-0.6425026,-0.37027323
-0.72353894,-0.3605258
0.6921144,1.9853253
-0.52689505,-0.34355763
-0.4977916,-0.31935477
-0.07392254,-0.079077
-0.05617602,-0.056320094
-0.62759525,-0.3564493
0.11227912,0.12358427
0.39148262,0.6525375
-0.031014778,-0.018112045
0.7908696,2.850153
0.9831845,5.6522374
0.057221003,0.061143305
0.94539106,4.9454203
0.29297745,0.43045694
0.057611793,0.057009887
0.7400489,2.3883245
0.93299013,4.724864
0.99801904,5.950808
0.51835257,1.0444779
-0.02939926,-0.041001715
-0.40792707,-0.29356447
0.115961365,0.13484682
0.5550589,1.2263415
-0.9463509,-0.13898383
-0.4646985,-0.31325206
-0.290793,-0.22175346
0.5598955,1.2257116
0.22710417,0.29355693
-0.1485869,-0.10848696
0.83853346,3.3917701
0.076292485,0.10346774
0.44782424,0.8047161
0.31094453,0.4446514
0.71701646,2.199905
0.62475723,1.5785728
0.97806275,5.5508313
-0.2416176,-0.19091545
-0.6702557,-0.36554182
0.5196352,1.046647
0.7494281,2.4477606
-0.89125603,-0.2371107
-0.3342467,-0.23866402
0.6143881,1.5160904
0.36687282,0.5688857
0.51060283,1.0136161
0.08639932,0.08583315
-0.2363218,-0.20069224
0.62278235,1.5458418
0.10908015,0.10217915
0.030032478,0.0065353103
0.4696885,0.8505768
-0.6182658,-0.37622058
0.17200853,0.2194008
-0.39117044,-0.24411757
-0.95710117,-0.09292356
0.49773577,0.97840405
-0.050628968,-0.0559473
0.80649483,3.0166264
0.0003325066,0.0017373709
-0.9796215,-0.036835264
-0.18250541,-0.16424838
-0.65785253,-0.3646177
0.84215766,3.4330082
-0.10840196,-0.09868239
0.021387838,0.0017677654
-0.26900697,-0.21465956
0.044448484,0.032992344
-0.8344157,-0.2784624
-0.08253379,-0.07053147
0.32688665,0.49620587
-0.25549117,-0.21229161
-0.21466516,-0.18120244
0.6748392,1.8998001
0.073252484,0.08928324
0.17529665,0.21676667
-0.40636674,-0.27421013
-0.034040418,-0.013307995
-0.8920787,-0.21868543
-0.13940613,-0.11185376
0.60539126,1.4700897
-0.67708516,-0.36812216
0.5289554,1.1003016
-0.25156873,-0.19414513
-0.9458766,-0.13479294
0.9064157,4.3191657
-0.6372846,-0.3645702
-0.3304631,-0.27536443
-0.038544364,-0.03034793
0.89888644,4.201474
0.16233532,0.19506155
0.8106818,3.0886073
0.1289304,0.15158
-0.58920836,-0.3632919
0.12874335,0.15464598
-0.7991112,-0.3276519
-0.7658822,-0.33501735
-0.76866966,-0.35092446
-0.9754945,-0.07644888
-0.69742656,-0.36899042
-0.29404223,-0.24437235
-0.8557674,-0.28439584
-0.98767424,-0.019737413
-0.77545637,-0.34906128
0.8721161,3.8054502
0.05127543,0.048766393
-0.12995282,-0.11280373
-0.025685431,-0.03250246
0.109617114,0.1238289
-0.78433764,-0.3347146
0.16951303,0.20412524
0.6684468,1.8353617
0.121290624,0.155669
0.76609534,2.6148863
-0.7235396,-0.36747733
0.6517727,1.7357473
0.3252286,0.4808129
0.20734406,0.26227507
0.17754665,0.22600192
-0.76210785,-0.33434436
0.28388488,0.38482407
-0.20243962,-0.15102594
-0.8734866,-0.2598013
-0.5894878,-0.35588303
-0.11484406,-0.11311282
0.9859562,5.7193537
-0.13866785,-0.13599713
-0.70044327,-0.35788792
0.8034191,3.0043359
-0.9295248,-0.17415892
-0.7465463,-0.34262565
-0.05255033,-0.049107235
-0.81444263,-0.33178562
0.14317136,0.16829045
-0.6844658,-0.36641014
0.3017149,0.44071844
-0.7646715,-0.35032725
0.62020856,1.5450696
0.46766004,0.85875183
0.8508063,3.5439513
-0.86316425,-0.2714377
0.110593945,0.12307052
0.41770718,0.7138495
0.80532897,3.0054204
-0.035892118,-0.0332326
0.9026314,4.2546296
-0.7550414,-0.36023715
-0.13354155,-0.13077068
-0.49365598,-0.33066168
-0.6892237,-0.36744776
-0.4264359,-0.3272008
0.32943615,0.49084747
-0.033595055,-0.010473175
-0.6369024,-0.35621953
-0.9365605,-0.15895765
0.8469995,3.4837346
-0.3717279,-0.2872576
-0.7448298,-0.34510595
-0.7077047,-0.35809883
-0.49314818,-0.33787334
-0.5383758,-0.33180907
-0.4408997,-0.29534563
-0.54898006,-0.35142538
-0.1387066,-0.12472893
0.5312073,1.110177
-0.9456421,-0.1329465
-0.6190746,-0.37178585
0.423972,0.7374213
-0.7022394,-0.3624727
0.4826589,0.9322739
0.029619131,0.03814992
0.7632298,2.5869057
-0.97968006,-0.04818291
0.56871307,1.2589318
0.1444218,0.16505654
-0.062242784,-0.068323486
-0.70856065,-0.36778432
-0.5318736,-0.34502032
0.5720599,1.2772983
-0.70198226,-0.35356736
0.054693975,0.06536748
-0.58474064,-0.36030176
-0.02145635,-0.044157527
-0.49051926,-0.32956004
-0.2977768,-0.22977768
0.60488844,1.4695094
-0.92576534,-0.18374118
0.8485961,3.5216289
-0.3612362,-0.26983213
0.19208384,0.2434274
-0.55649114,-0.3388347
-0.2825297,-0.21439417
-0.08066933,-0.084218815
0.3774933,0.601018
0.74618036,2.438241
0.73225886,2.2975152
-0.325982,-0.23765036
-0.8225759,-0.32364
0.8500373,3.5164373
-0.9386074,-0.15843944
0.76212925,2.569258
-0.94835484,-0.13082655
0.9532412,5.0937824
-0.97770536,-0.061848715
-0.9660016,-0.10191882
0.017422609,0.029820623
0.3335397,0.5004211
-0.29443753,-0.21800973
0.2117936,0.24574344
0.6917141,2.0033214
0.59116864,1.378545
0.7681576,2.6401603
-0.6816751,-0.34682053
-0.55072695,-0.3569143
0.17542662,0.22132467
0.4473388,0.7969521
-0.7852742,-0.35543212
-0.64873445,-0.35487306
0.84586185,3.4959276
-0.9483234,-0.11160161
-0.19641379,-0.16115333
-0.5782884,-0.36714277
0.5486447,1.1803232
0.7271713,2.270147
-0.5060194,-0.31939462
0.17976601,0.21891232
0.6864186,1.9392402
0.19701132,0.25163808
0.20140664,0.2529037
-0.17427224,-0.13936548
0.30604583,0.44313908
0.9206688,4.5445404
-0.40074423,-0.28476143
-0.5988039,-0.35443014
0.9162766,4.4583926
-0.8796489,-0.24762896
0.6798191,1.9117992
0.8195917,3.1709056
-0.56114244,-0.36004537
-0.14858149,-0.11536777
-0.7539431,-0.34842217
-0.2660662,-0.20214605
-0.08535488,-0.07859482
0.019136656,0.025542378
-0.7550811,-0.37294087
-0.19276093,-0.16267622
0.25028944,0.3258373
0.00028536172,-0.0033139538
0.68283904,1.9448326
0.90214205,4.233218
0.6337079,1.6254127
-0.90523636,-0.20906961
-0.5706545,-0.33797133
-0.82478535,-0.33043683
-0.13233556,-0.11097395
0.44760084,0.8062962
-0.935289,-0.16031237
-0.46590143,-0.30013442
-0.81220156,-0.34060633
-0.179784,-0.15113057
0.85066396,3.5480833
-0.17433205,-0.16470204
0.26946908,0.37467092
-0.22594966,-0.18102731
0.46291253,0.83211434
0.4860545,0.94423
-0.7239037,-0.3684093
0.3064101,0.45719326
-0.22729394,-0.17943299
0.7194939,2.2121487
-0.68436676,-0.35443473
0.79486585,2.906522
0.023044406,0.003997189
-0.48896018,-0.34095222
-0.3306756,-0.24961141
-0.9899782,-0.039917096
0.89981866,4.2309136
-0.5500504,-0.35493925
0.81947345,3.1655872
0.70592755,2.109278
-0.3018442,-0.20724158
-0.5781763,-0.34117833
-0.14678241,-0.13460545
0.8671327,3.757079
0.71023923,2.1434813
-0.022763526,-0.016037297
0.091097035,0.09042229
-0.18270735,-0.13415857
0.88951194,4.0505843
0.9778361,5.558177
-0.42169324,-0.30376768
0.8994417,4.2125897
0.9008445,4.2277317
-0.053111736,-0.06345826
-0.17019624,-0.17018735
0.73860943,2.3757594
0.88611645,4.0084887
-0.19524103,-0.16194811
-0.015596161,0.0026453193
-0.33153495,-0.24241859
-0.5821113,-0.3825987
0.99242747,5.8307214
-0.62234044,-0.37973192
0.6283565,1.5783463
-0.15883254,-0.13976967
-0.8326717,-0.27736294
-0.35013905,-0.24879257
-0.8337346,-0.29839376
0.96389943,5.290329
-0.46959922,-0.31136462
0.49207246,0.9375084
-0.14876336,-0.1435911
0.3588505,0.5630567
-0.4898533,-0.32420072
-0.8117224,-0.31685406
0.6170959,1.5386752
0.43343186,0.75302047
-0.7811892,-0.3425988
0.46189532,0.8525067
0.1952813,0.22563574
-0.6570229,-0.3793427
0.6512121,1.7383074
0.3977995,0.65501696
0.01363837,0.0089241015
-0.64273036,-0.36126226
0.080328986,0.070650816
-0.67458016,-0.367943
-0.6320955,-0.36833465
-0.51731366,-0.33073214
0.30902362,0.4257334
0.3593106,0.5516002
-0.8544769,-0.2860282
0.30179277,0.42706463
-0.9308065,-0.1580374
0.8099736,3.0509548
0.5573299,1.2520435
0.44878286,0.81498486
-0.5215818,-0.3407528
0.97511595,5.5046215
0.8486336,3.5195806
-0.020152166,-0.022857146
-0.9306236,-0.15738764
0.022781426,0.013555207
-0.69204485,-0.35820705
0.18539505,0.22653055
0.9731717,5.4640274
0.5138476,1.0397991
-0.35548255,-0.26154524
-0.21168134,-0.15491912
0.88915026,4.051756
-0.77967,-0.34758517
0.78032607,2.749354
-0.8509334,-0.27216652
-0.17069589,-0.14542203
0.49090168,0.9500474
-0.20986621,-0.1790043
0.14224029,0.16096175
-0.018440455,-0.0074103414
0.20928767,0.26403722
-0.6581243,-0.36211216
0.15618306,0.17810805
0.97452873,5.49501
-0.6122179,-0.34751004
-0.8661019,-0.2774934
-0.21641901,-0.18691929
-0.2512756,-0.20920902
-0.7485256,-0.34243637
0.14295118,0.15718347
-0.124815494,-0.114405565
0.6737727,1.862273
-0.15408544,-0.1165937
0.97132623,5.4205
0.5596977,1.248722
-0.025098886,-0.024749659
0.10438965,0.111621976
0.7335012,2.3316934
0.5483081,1.1805196
0.31547123,0.47450554
-0.46638015,-0.31694093
-0.17930603,-0.15655598
0.57436955,1.2964472
0.25493056,0.35449082
0.9129987,4.4185243
0.74576855,2.4213886
-0.14581312,-0.14161122
-0.41236517,-0.28841975
-0.7518627,-0.36103052
-0.18474405,-0.1736096
-0.5466353,-0.3331184
-0.9665882,-0.10298401
-0.7235716,-0.37743154
-0.093976974,-0.0872788
0.78483313,2.792114
-0.35808107,-0.2718441
-0.117759675,-0.10316334
-0.23185436,-0.19115283
-0.26205036,-0.18557957
0.44527772,0.7945187
0.012062565,-0.00051557814
-0.18311432,-0.15176529
0.8866449,4.025461
-0.44742504,-0.30998808
0.66569966,1.801383
0.030011673,0.046406265
-0.116622314,-0.11706632
-0.87406844,-0.24958019
0.71698475,2.2015471
-0.45867503,-0.314618
0.35871205,0.56696546
0.7489565,2.466485
0.07227412,0.06718284
0.28133544,0.4059861
-0.31963584,-0.23866367
0.4530781,0.7996029
0.31320697,0.45759377
-0.11042784,-0.10503551
0.26920432,0.37269026
-0.47468075,-0.3246059
0.31564087,0.4544262
0.345483,0.5165892
-0.11022456,-0.09703263
-0.50125307,-0.3233917
0.6061319,1.4625766
0.50825435,1.0128145
-0.8858163,-0.24182184
-0.011463563,-0.00076428696
-0.8157781,-0.32725596
-0.36087447,-0.27795783
-0.1555217,-0.14659533
-0.64622754,-0.38035178
-0.06219522,-0.06869145
0.4124424,0.7099173
-0.12606902,-0.12894942
-0.5317204,-0.3418061
-0.17036347,-0.13889554
0.1848136,0.22682227
0.8727846,3.8368456
-0.0011104158,-0.006910784
0.775726,2.7002368
0.9691119,5.3798327
0.11803686,0.1393669
-0.70586216,-0.33530453
0.7506259,2.4715538
0.7247126,2.248808
0.73712116,2.3446057
0.90109813,4.250903
-0.44712907,-0.31037572
-0.33313888,-0.25572798
0.374194,0.59419835
0.1278067,0.1647598
0.7367382,2.3453755
-0.49098742,-0.32494178
0.31681886,0.4381104
0.88081974,3.9489775
-0.5682563,-0.35301098
-0.38624072,-0.26857913
-0.18516445,-0.14989004
-0.82581085,-0.307257
-0.64626056,-0.36846226
-0.23581274,-0.19014959
-0.8512132,-0.29831007
-0.27471069,-0.21316789
-0.5117164,-0.32689035
0.72902125,2.2872715
0.21698709,0.27745014
0.7969801,2.913574
-0.59422606,-0.35793164
-0.83668494,-0.3102315
-0.2919056,-0.2312654
-0.8871496,-0.22027488
0.7670281,2.6227865
-0.6236959,-0.35665676
-0.717855,-0.36095786
0.57556385,1.3074236
0.4248143,0.7355721
-0.88608795,-0.24481934
0.019130489,0.025436586
-0.10230022,-0.09996378
-0.22628483,-0.19933628
-0.7465997,-0.35145944
0.57470405,1.3137993
-0.52008843,-0.34186473
-0.08352938,-0.069246605
0.7621286,2.5828273
-0.36351508,-0.25038406
-0.9285356,-0.15425898
0.7782649,2.7357535
-0.012218692,-0.013269345
-0.0058741705,-0.022003718
0.102831505,0.12438296
-0.640132,-0.35212526
0.42977226,0.74636126
-0.53723735,-0.33755928
-0.39770365,-0.2936812
0.26237795,0.34960917
0.4995124,0.969331
0.46123376,0.8505405
-0.8337013,-0.30598435
0.5091542,1.0317248
0.32545087,0.48424584
0.21019195,0.26963842
0.9337485,4.7526746
-0.30634865,-0.21851604
0.36617243,0.5908467
0.14646782,0.16988404
-0.22408013,-0.1800524
0.57647926,1.3253486
-0.19370453,-0.17402284
0.1171114,0.13566518
0.12125445,0.13448492
0.022655284,0.037906215
-0.085195564,-0.073200874
-0.66444176,-0.3822255
-0.51830846,-0.3389111
-0.7529941,-0.3372106
0.44698235,0.8107345
0.4885893,0.9319539
0.27705795,0.37327594
0.83528626,3.349585
-0.47007173,-0.31685498
0.6420478,1.6654567
-0.6283327,-0.36616182
-0.86435467,-0.27616274
-0.9997423,0.021782467
0.16126673,0.18861303
0.55748063,1.2153809
0.6459727,1.6971253
-0.058690958,-0.056450605
-0.882559,-0.2564808
-0.92847526,-0.17551084
0.83470315,3.3412313
-0.8141193,-0.31380305
0.56932956,1.280072
-0.86086583,-0.28447786
-0.63330334,-0.356641
-0.67426664,-0.3559584
-0.44578558,-0.3166733
-0.1887401,-0.16653308
-0.750548,-0.35386223
0.9463176,4.9704847
-0.9959934,-0.009300199
0.54423696,1.1626656
0.053016115,0.041669145
-0.828847,-0.2961457
-0.7599363,-0.35854852
0.17999844,0.2330082
-0.36949322,-0.2574412
-0.09962119,-0.10173102
0.09837822,0.11263715
0.14669627,0.18552457
0.16522133,0.20380676
-0.85989875,-0.29239947
0.48095706,0.91477877
-0.41299167,-0.28249383
-0.77113825,-0.3270287
-0.7955982,-0.33206904
-0.52596873,-0.35404357
0.25735983,0.36832777
-0.05615409,-0.05439303
-0.7858518,-0.32195538
-0.9352946,-0.16235074
-0.95066863,-0.12209098
-0.15781637,-0.14315788
0.57627785,1.3035635
0.1472591,0.19078353
0.61935675,1.5446815
-0.36122283,-0.26505622
-0.71931785,-0.35107395
0.6060032,1.4551346
0.45568344,0.82968646
0.17821449,0.21787797
0.7755199,2.6955776
0.2613602,0.34483266
0.05163101,0.03555616
0.0046201022,-0.005033876
0.23475008,0.3249902
0.03325066,0.016624155
-0.4545973,-0.3101122
0.907745,4.336049
0.91612315,4.462682
-0.6663079,-0.35613516
0.06118964,0.06242733
0.57923174,1.3341495
-0.89044845,-0.23073462
-0.75287455,-0.36482322
0.089785986,0.110258184
-0.94332117,-0.14651825
0.66598356,1.8019825
0.74633175,2.438409
0.47262108,0.8833116
0.64472127,1.700651
0.34342554,0.5331544
-0.71626663,-0.3700069
-0.9402909,-0.14018205
0.6961689,2.0235043
0.41432163,0.68727255
-0.20307703,-0.17493199
0.5936742,1.38382
-0.89344,-0.23200001
-0.36182848,-0.24579154
-0.31630048,-0.23926735
-0.79024976,-0.32929763
0.48339313,0.9137381
0.5550538,1.2055806
0.16634096,0.20497952
-0.16428451,-0.14178644
0.2141049,0.2652008
0.7967649,2.927411
-0.28449598,-0.21996231
-0.33150563,-0.22808945
0.24545708,0.3318276
0.36727637,0.5676976
-0.08450246,-0.076761596
0.71912867,2.1941988
-0.29542333,-0.2078502
0.28183454,0.38235125
0.33559173,0.5155187
-0.4103608,-0.28002933
-0.9622972,-0.1078149
0.6532245,1.7406455
-0.0351637,-0.03141099
-0.80908984,-0.31344518
0.9151194,4.4510984
-0.40714598,-0.2947045
-0.051065475,-0.042976737
-0.031866126,-0.025240231
-0.25840005,-0.21459006
-0.6968346,-0.38670275
0.40858305,0.69355583
-0.6090276,-0.35545817
0.36465132,0.5769075
0.604216,1.4655381
-0.9537358,-0.11200609
0.46356928,0.8685312
0.27606633,0.38900366
-0.6084535,-0.35765052
0.24038628,0.30410162
-0.15845671,-0.1213685
-0.8308161,-0.30664977
0.04737643,0.043673724
0.9465709,4.979102
0.29762042,0.4050806
-0.3389106,-0.2601307
0.12700328,0.13918667
0.47560254,0.8898759
-0.68751603,-0.34503484
0.057657324,0.06036179
0.013729801,0.0075320792
-0.24688348,-0.19843882
0.49413118,0.97111547
0.1300215,0.13039061
0.39779204,0.6590829
0.19192252,0.2329637
0.5618795,1.2448167
0.26786223,0.35426956
0.35548285,0.5486381
-0.5490037,-0.34608525
0.6917373,1.9854323
-0.68925285,-0.3456313
-0.32036737,-0.23822372
0.77881175,2.7445328
-0.7828291,-0.34157842
0.7333578,2.3246503
-0.04926943,-0.05897395
-0.6328266,-0.36907467
0.47438708,0.88326573
-0.43223634,-0.29685798
0.3558184,0.56830597
0.58179116,1.3462362
0.13865763,0.17909484
0.5719973,1.2975646
0.8700925,3.795799
0.10080351,0.10287943
-0.6952629,-0.3605638
0.41920337,0.71311456
-0.17985283,-0.14411093
0.06260559,0.05319505
0.25363073,0.33864772
0.4349853,0.7648248
0.27958527,0.4057693
-0.5342595,-0.35035324
0.49633184,0.98238385
0.61468416,1.5174583
-0.9246532,-0.18272224
-0.38371336,-0.2723252
0.9555967,5.1310563
-0.64454556,-0.36368173
-0.63435954,-0.35531646
0.18264899,0.2489026
-0.32367638,-0.23460546
0.31424224,0.46027493
-0.47470978,-0.30397972
-0.14799848,-0.14312242
0.99686503,5.930464
-0.25311852,-0.20126571
-0.82766837,-0.31766188
0.4848723,0.92362446
0.17715257,0.1987259
-0.11084156,-0.11256892
0.8174419,3.1392865
-0.7067453,-0.37189296
-0.020534296,-0.01591317
-0.61642855,-0.3577517
-0.8330108,-0.29903767
-0.11529256,-0.10841832
0.894694,4.1491456
0.44413394,0.7978698
-0.5309788,-0.33680516
-0.07475407,-0.06722647
0.5949035,1.4013745
-0.6091728,-0.34603176
-0.5926069,-0.344566
-0.6379392,-0.36687827
0.21488616,0.27532297
-0.94209814,-0.14990076
0.17524265,0.23712718
0.6507395,1.7191582
0.56530434,1.2699714
0.3336626,0.5268429
-0.5610153,-0.34501675
0.63283443,1.5954427
0.91493076,4.4614573
-0.6324353,-0.3677457
0.82065654,3.171225
0.7059778,2.121622
0.9585602,5.174423
-0.36144853,-0.2505497
0.8681431,3.763122
-0.6409641,-0.38204643
-0.64964616,-0.35536522
-0.7860228,-0.3588225
-0.1444558,-0.12667972
-0.97563523,-0.08428035
-0.23731208,-0.19504288
0.2518523,0.34351856
-0.84347713,-0.28855178
0.63694984,1.6393628
-0.4145597,-0.28148612
-0.90708894,-0.2106823
-0.25077632,-0.20261018
-0.7231266,-0.35680205
0.5905607,1.3745612
-0.3319854,-0.24027915
-0.76596946,-0.34543377
-0.092680275,-0.07766136
-0.09604669,-0.089403205
-0.44878098,-0.30224404
-0.34600714,-0.24997021
0.53767776,1.1146991
0.27744904,0.36919916
-0.57068497,-0.3563668
0.8963687,4.161698
-0.39055163,-0.2671108
0.06687875,0.07621149
0.1422412,0.1710605
-0.57266754,-0.33587706
-0.41754925,-0.2792354
-0.038612504,-0.047262084
-0.48735687,-0.31094602
-0.38874313,-0.27790993
0.22629967,0.28729814
0.46750894,0.8658643
0.60196114,1.4341086
-0.7565604,-0.34852532
0.47399497,0.8900735
0.8727314,3.8397553
0.16146734,0.21188606
0.20936045,0.26072478
0.9106471,4.3664
0.73886454,2.375759
0.115338385,0.13979325
0.53169906,1.113531
-0.638202,-0.37863863
-0.17377228,-0.15596454
0.43081853,0.7535414
-0.4228346,-0.30163962
-0.092204735,-0.09439788
-0.6545441,-0.34305003
0.7956063,2.8952878
0.7913367,2.8731892
-0.0432815,-0.037359033
-0.61598986,-0.35427678
0.3584225,0.56885254
-0.5729301,-0.35825014
-0.5428108,-0.3458306
0.94409305,4.9341607
-0.8009173,-0.34583288
-0.24151641,-0.17799845
0.10974937,0.12443866
-0.78442,-0.34660292
-0.9221138,-0.17387569
0.08467596,0.093425386
-0.7708815,-0.35117105
-0.4976617,-0.3177861
-0.00545396,-0.028679423
-0.3050043,-0.22933522
0.4211116,0.7364946
0.9249082,4.597932
0.5063842,0.9957519
0.9999841,6.003898
-0.2221746,-0.18853205
-0.3895227,-0.25686836
-0.5748294,-0.35714296
0.76975596,2.6457965
-0.22012855,-0.1751794
0.42188397,0.7074586
0.34955412,0.5370235
-0.88585067,-0.23154588
0.7592924,2.5491388
-0.02692979,-0.037702832
-0.5529036,-0.35021502
0.9581738,5.1612344
0.50631267,1.0053871
0.2334677,0.3156282
0.97675234,5.524038
0.51317346,1.0418595
-0.75771165,-0.36432216
0.98229426,5.6577535
0.19520202,0.2538476
-0.4011292,-0.29001898
0.63504124,1.6126829
-0.90416044,-0.2204887
0.3087329,0.44905186
-0.68145376,-0.35383108
-0.8249146,-0.33069542
-0.2920319,-0.2138302
-0.28727308,-0.22046997
0.20105326,0.239997
0.13086928,0.12508328
0.37589586,0.60197234
-0.6517845,-0.3621418
0.7417268,2.3874853
0.71734756,2.2012112
-0.567455,-0.32959673
-0.05285181,-0.054193493
-0.02396943,-0.030874914
0.84247553,3.4531012
0.81123775,3.0705028
-0.865065,-0.26285458
0.91606,4.458108
-0.8628758,-0.26060736
0.09914351,0.097609706
-0.3768137,-0.27145112
-0.21907225,-0.1767247
0.25343382,0.33755043
0.16763128,0.19502278
-0.66502255,-0.34692916
0.9395636,4.859312
-0.94261146,-0.15351693
-0.31324363,-0.25713983
0.60275817,1.4593743
0.70187277,2.0635579
0.59458053,1.4023998
-0.2550023,-0.20221418
0.34679982,0.5328596
0.5285994,1.0799919
0.15590745,0.18121052
0.35803556,0.5563862
0.10725,0.119579256
-0.8901007,-0.22957821
-0.45342866,-0.30761084
0.4053021,0.6829575
-0.5169322,-0.3402594
-0.08906878,-0.06471344
0.06922566,0.071480855
0.34194165,0.5220842
-0.48171157,-0.31990027
0.19043024,0.23972292
0.19301891,0.25117892
0.69004786,1.9775372
0.10409545,0.12444681
-0.40984654,-0.281953
0.045406222,0.049299613
-0.78544676,-0.33435547
0.21549751,0.26310965
0.8322618,3.3093996
0.059620634,0.044328198
-0.4156635,-0.2951645
-0.1889478,-0.15954559
0.8037158,2.9770133
0.62613374,1.5768299
0.60635084,1.4758524
0.12815969,0.14915283
-0.20717403,-0.17166027
-0.73513216,-0.36206
0.951228,5.0588155
-0.64179367,-0.37375447
-0.49576294,-0.35064155
0.528523,1.1123565
-0.29849678,-0.22010891
0.16773704,0.19054657
0.5232828,1.0606819
0.112242825,0.12749772
-0.01856116,-0.017578784
-0.89859533,-0.21595079
-0.02468561,-0.027440796
-0.08994675,-0.07097441
0.76102394,2.563719
-0.105214365,-0.08306795
0.25988564,0.34921992
0.54746693,1.1685684
-0.06457008,-0.06439803
-0.47828913,-0.31312668
0.7879067,2.8296597
0.79103595,2.8585627
0.79967093,2.937506
-0.4544489,-0.31030202
-0.36908135,-0.2754306
0.83759314,3.369737
-0.74843335,-0.3428709
0.31176242,0.4449072
-0.41536415,-0.30019245
0.44261318,0.7912565
0.66732943,1.8196539
-0.18376951,-0.1607771
-0.6976846,-0.3443093
0.46447212,0.856935
-0.88854456,-0.23219259
-0.9700148,-0.057052635
0.75437987,2.5072567
0.63361496,1.6227138
0.1639101,0.1991656
0.33074996,0.4903097
0.90520746,4.296943
-0.8744673,-0.25969577
-0.56681305,-0.3588741
0.45840508,0.84687567
-0.47192854,-0.33517146
-0.5854748,-0.3543246
-0.115593635,-0.106408775
0.44739586,0.7927592
-0.5789557,-0.3466331
-0.14090975,-0.13372289
0.037634075,0.035027493
-0.6555502,-0.35726684
-0.046424,-0.06361722
0.7317524,2.3198678
0.4921306,0.95487994
0.006895166,0.0038520456
-0.74943584,-0.36628053
-0.9532861,-0.12087165
-0.865515,-0.2686668
0.50043285,0.9914646
0.40874532,0.6833989
0.49212816,0.94548166
-0.38557866,-0.27422813
-0.8201486,-0.3192376
0.42866403,0.7506734
0.8449322,3.4558973
-0.0956168,-0.07933178
0.528629,1.111898
0.45614675,0.8295106
0.70738304,2.128036
-0.9432405,-0.13601476
0.91061,4.382147
0.73071367,2.3003218
0.75296056,2.4870512
0.99270564,5.8606453
0.2789527,0.3966483
-0.8366528,-0.30974552
0.6455928,1.6908748
-0.7302498,-0.36618614
0.4757875,0.90184516
-0.15195104,-0.124415055
-0.98677343,-0.053769764
-0.12844247,-0.11465734
0.59332836,1.3995773
-0.82520217,-0.30844018
-0.9955761,0.004739216
-0.09447572,-0.10205006
-0.99700636,0.0046512764
0.8694784,3.7744775
0.6497242,1.6939225
0.26023456,0.35487285
-0.96536404,-0.094890915
0.13964492,0.16323124
0.34217307,0.52453655
0.17489216,0.21745309
0.89378244,4.119636
0.6626877,1.8063384
-0.26981497,-0.2325684
0.3895973,0.63508534
-0.07770752,-0.06081109
0.85669595,3.617674
0.2362527,0.30977964
0.1641398,0.19292887
0.0013944781,0.004868947
-0.24452206,-0.19924197
-0.70388263,-0.3565941
-0.4521369,-0.31389305
-0.33499813,-0.23532425
-0.6919647,-0.35860696
0.62542653,1.5879016
-0.9955633,-0.017012706
0.8315431,3.316539
-0.7434344,-0.36707914
-0.8980621,-0.21770805
0.9903744,5.7999167
0.9995921,5.992632
-0.6164849,-0.3531447
-0.7324064,-0.35007977
-0.60445076,-0.34997463
0.022646932,0.02669043
-0.35763216,-0.25745386
-0.32726726,-0.2484874
0.61913997,1.527624
0.78038913,2.7525284
0.93966174,4.8314524
0.029476807,0.034562632
-0.5077273,-0.32228303
0.10983584,0.12958765
0.7421022,2.3907764
-0.93817663,-0.17443399
0.8224857,3.2055278
-0.54690516,-0.3519736
-0.37899157,-0.28689182
-0.2718925,-0.20420015
0.82752275,3.2435784
-0.64800614,-0.36580804
-0.55397725,-0.32841232
0.46220526,0.8443929
0.86937594,3.7712755
-0.79053044,-0.32867584
0.044497464,0.049840078
0.82892144,3.2568915
0.77217925,2.6714306
0.896916,4.1828895
0.8042098,3.0103014
-0.37059388,-0.27229354
-0.5839776,-0.34909752
0.8029493,2.988216
0.42390925,0.7416494
-0.24295534,-0.19633384
0.42587084,0.7502962
-0.38561693,-0.28468183
0.16268848,0.20209722
-0.5333327,-0.34984177
0.12348323,0.122976914
0.8463224,3.4895792
0.54287875,1.1867557
0.31213057,0.45654896
-0.5079732,-0.33316222
-0.8732635,-0.24701446
0.42113954,0.7190266
0.15219536,0.16186637
-0.57479095,-0.34240556
0.8695212,3.799436
0.10403844,0.11740803
0.14371742,0.17096318
-0.40247896,-0.29184523
0.7587696,2.5435314
0.7827818,2.7768235
0.4302937,0.750946
-0.8014503,-0.3266337
-0.8312286,-0.335599
-0.06123993,-0.056056906
-0.7157819,-0.374346
-0.33616042,-0.24646714
-0.6573128,-0.35404977
-0.3797693,-0.26881313
0.88582575,3.9984553
0.50672865,1.0015484
-0.7233887,-0.36026755
0.33783093,0.5179639
-0.9389867,-0.14239554
0.9672499,5.352188
0.06339009,0.05803793
0.010826611,0.02268437
-0.5193298,-0.33536714
-0.08433301,-0.08175056
0.052481398,0.05052072
0.3163956,0.4471502
-0.90817636,-0.19790387
-0.31564993,-0.2409334
-0.22600576,-0.19124019
-0.70169973,-0.35705554
-0.52042836,-0.32761648
-0.52665484,-0.35493806
0.6207513,1.5586505
0.374445,0.6191438
0.8454973,3.47423
-0.38021082,-0.27224714
0.7633231,2.611131
0.72760355,2.2638571
-0.10408262,-0.09948706
0.25945637,0.35606533
0.19590639,0.25509924
-0.38434362,-0.2763604
-0.4758572,-0.32681987
-0.6620812,-0.35191086
0.6753305,1.8826574
0.06705837,0.07189237
-0.32326868,-0.23471873
0.019985093,0.035449483
-0.8388192,-0.29487
-0.78803366,-0.33039862
0.51870465,1.067199
0.8024881,2.975604
-0.35946298,-0.26932955
-0.18165343,-0.15740024
-0.25254822,-0.21077889
-0.041914113,-0.05110587
-0.17203599,-0.12456959
-0.22752425,-0.19427304
0.31989372,0.47256926
-0.4557747,-0.31113112
0.8852682,4.0124803
-0.38304704,-0.27492228
-0.5708403,-0.33695394
0.9438127,4.9232664
-0.54238933,-0.3402487
0.07335357,0.086668946
-0.34216252,-0.25253293
-0.8450499,-0.2859508
0.9058252,4.307945
-0.25147408,-0.21502781
0.2896387,0.41514927
0.72450554,2.2612665
0.105968796,0.11723343
0.42570847,0.73481125
0.56921244,1.2793208
-0.23691116,-0.17204334
0.25755283,0.34395012
-0.5880833,-0.34876785
-0.88932705,-0.23958468
0.97345144,5.47248
-0.81479067,-0.33035934
-0.14255522,-0.106809504
-0.8651894,-0.26562685
0.8453991,3.4692047
-0.78161764,-0.34119537
0.5730145,1.297276
0.4314963,0.7741319
-0.9099161,-0.19055834
0.44253734,0.785191
0.9386203,4.8360286
0.042013824,0.045300502
-0.42099583,-0.314137
0.08994542,0.09653093
-0.75798273,-0.34729367
0.9119244,4.390155
-0.26933724,-0.19483553
-0.08599449,-0.09044321
-0.19721065,-0.17486788
-0.94429404,-0.13441728
-0.93129313,-0.16482593
0.12474312,0.13799748
0.0046490068,0.014742902
0.9729911,5.460104
-0.4735297,-0.29924285
-0.2630447,-0.22597794
0.9757245,5.5051303
-0.90423465,-0.19874561
0.28527012,0.40371934
-0.79670864,-0.33107767
0.89279747,4.1065006
-0.42382383,-0.29244247
0.6281953,1.5742999
0.82251304,3.1849349
0.69403183,2.0204458
0.11380408,0.13697179
0.94683313,4.986744
0.35321102,0.5407457
0.57229227,1.286347
-0.51175785,-0.3324709
-0.16325364,-0.15027449
0.19637375,0.25098553
-0.7083759,-0.3652181
0.9314571,4.71355
-0.7805848,-0.34097114
0.46572065,0.86792636
-0.8839642,-0.24248637
-0.79471946,-0.31218874
0.24666697,0.32351896
-0.09503451,-0.068858184
-0.99271214,-0.039507996
-0.21266817,-0.17046066
-0.4998197,-0.34391344
0.74316883,2.3958807
0.41617635,0.6993955
0.4749996,0.8838439
0.9018983,4.2394595
0.41971925,0.7413544
-0.6788569,-0.37356097
0.874624,3.8371341
-0.77378464,-0.3376613
-0.6147838,-0.35774297
-0.4297105,-0.2765026
-0.64979875,-0.3646236
-0.9633573,-0.121338025
-0.08168792,-0.07979313
0.37593663,0.5962278
-0.15754554,-0.14842965
-0.53044975,-0.34450206
0.76580757,2.6089215
-0.2233984,-0.18319035
0.67776424,1.8856323
-0.6430028,-0.3576047
-0.33323687,-0.23324409
0.6070197,1.4701859
-0.93910706,-0.1410317
0.84097975,3.4194388
-0.20688775,-0.18187381
0.9559638,5.142909
0.40271983,0.66635424
0.89878523,4.18779
-0.8675795,-0.26722768
0.44402847,0.8007359
0.7509254,2.4708903
0.9751294,5.518236
-0.93319196,-0.15440914
-0.8337142,-0.307455
0.46336854,0.84914714
-0.9221483,-0.16330376
-0.97726244,-0.06707235
0.09014327,0.10271628
0.05892778,0.066835694
0.22700147,0.27638447
-0.97183365,-0.09475117
0.0065933717,0.015200279
-0.42663223,-0.30771884
0.5121197,1.0308658
-0.30358848,-0.24780495
-0.28680903,-0.22604443
0.30846745,0.44781664
0.32133096,0.45234975
-0.8833978,-0.24558239
0.25200894,0.3379205
0.31570455,0.456215
-0.08495271,-0.08930523
0.6557304,1.749516
-0.98179984,-0.055448286
0.93674946,4.822482
-0.24795012,-0.19984809
0.19139671,0.2320454
-0.9313493,-0.16873358
0.41780064,0.71804464
0.08740136,0.09964002
0.92073023,4.543136
-0.1549386,-0.12812078
0.4437463,0.77704746
-0.85154444,-0.2793909
-0.8709379,-0.26050135
0.8980154,4.181193
-0.49339083,-0.32455248
0.82478994,3.2243483
-0.82475334,-0.30993488
0.27547845,0.3817985
0.103167556,0.09825255
0.93235695,4.7318697
-0.191974,-0.15454331
-0.9031867,-0.21451853
-0.05184272,-0.056538377
0.648371,1.6982872
-0.89506924,-0.22762418
-0.9276103,-0.16661508
0.64350253,1.6899828
0.64795035,1.711953
-0.6000421,-0.3523953
0.31495237,0.433878
-0.871456,-0.26783603
0.53122103,1.1108646
-0.38960665,-0.2861915
-0.5389761,-0.3509335
0.3552873,0.53934634
0.8231172,3.223851
-0.9169901,-0.20694661
-0.7125267,-0.36374387
-0.48854157,-0.3310184
0.85559416,3.592002
0.7543183,2.5088212
0.8143449,3.115322
-0.24325536,-0.20738848
-0.5367386,-0.34039506
-0.6166779,-0.36160448
0.7639062,2.5881054
-0.537555,-0.35051793
0.061678093,0.07681824
-0.33652145,-0.26176336
-0.0021291233,-0.015153043
-0.30846596,-0.22455555
-0.41410255,-0.28936163
-0.145354,-0.13871703
-0.3341489,-0.25088102
0.6793826,1.9043819
0.16131322,0.20722519
-0.6476659,-0.3664835
-0.5281086,-0.3327828
-0.892893,-0.2328989
-0.40062273,-0.27047956
0.33903632,0.5141973
-0.6340833,-0.3512403
-0.8015953,-0.3214823
-0.35796922,-0.26858273
0.22504447,0.29037753
-0.05443991,-0.05375738
-0.33561948,-0.25665933
0.76590353,2.6005483
-0.06288461,-0.045568474
-0.08990666,-0.103101835
-0.93668646,-0.14367586
0.27868566,0.37280077
-0.08131023,-0.06976442
-0.7098457,-0.36789575
-0.5125216,-0.34937862
-0.59527254,-0.34509182
-0.7558036,-0.3742141
-0.12891726,-0.10623347
-0.27342588,-0.21332777
-0.27975392,-0.20798564
-0.49694365,-0.32070902
-0.12714693,-0.106674455
0.095046006,0.11400755
0.22300354,0.29534757
-0.56034863,-0.3434938
0.45568678,0.8263357
-0.94594187,-0.14012764
0.5008805,0.9887493
-0.4340648,-0.30331928
-0.25999826,-0.18442401
0.16142265,0.19162725
0.22090279,0.27200598
-0.15769069,-0.13741513
0.87579787,3.861022
0.71665084,2.2061584
-0.5499269,-0.344017
0.17782038,0.22262043
0.44197002,0.79126704
-0.5661128,-0.34012082
-0.9630991,-0.09669624
0.95120907,5.050774
0.91669685,4.4747367
-0.3593046,-0.2760266
-0.52177036,-0.3374499
-0.6907706,-0.34622794
0.3742915,0.6038956
0.51058334,1.0237023
-0.15919538,-0.11721343
-0.5143812,-0.33946702
-0.10255244,-0.08958603
0.032718703,0.03079579
0.08680774,0.09301338
-0.11326509,-0.09780157
-0.9925325,-0.016145816
-0.056444433,-0.055455968
-0.30545622,-0.24215512
0.113124,0.14587542
-0.86124283,-0.27287778
0.7583785,2.5312076
0.750882,2.4636872
0.12823087,0.16700214
0.47423935,0.9163841
-0.12419252,-0.107105866
0.18059969,0.2142581
0.23534836,0.31105858
-0.29222283,-0.22905512
0.92174435,4.5606995
0.2052074,0.26167145
0.981063,5.614315
-0.13525847,-0.11998645
-0.93535846,-0.16184379
-0.39512604,-0.27265564
0.30157545,0.4295412
0.820687,3.1989973
0.23032849,0.3206987
-0.05647267,-0.05723663
-0.8385139,-0.3011617
-0.71048725,-0.3624334
-0.8930612,-0.23883855
0.4223648,0.7355579
0.6621828,1.8067671
-0.6711221,-0.35206947
-0.34953532,-0.26061255
-0.041784685,-0.042313635
-0.71442693,-0.38121608
-0.1676174,-0.15012065
0.9336642,4.7418256
0.43829635,0.76369417
-0.66613644,-0.36974576
-0.80237085,-0.32945645
-0.10969823,-0.099101044
0.97590226,5.527385
0.58656514,1.3726318
-0.41375318,-0.30244315
-0.9474386,-0.13034503
-0.17742217,-0.1586798
-0.6789254,-0.36329922
-0.6394383,-0.350263
-0.67540365,-0.36972517
0.43921533,0.76771927
-0.9283172,-0.1727951
0.12946573,0.16192144
0.5050418,1.023492
-0.6871818,-0.37056804
0.785862,2.806771
-0.84373116,-0.28977358
0.36541203,0.560241
-0.65607107,-0.37933022
0.6120636,1.4980372
0.1427956,0.16282451
0.17841168,0.20313399
-0.30795497,-0.22837707
-0.43347454,-0.29977748
-0.07335786,-0.06822907
0.51542753,1.0327779
-0.6635604,-0.38189283
0.6325389,1.6051414
-0.040324204,-0.038274087
-0.09557207,-0.094322294
-0.9668034,-0.1011054
-0.7516095,-0.3554583
-0.13605466,-0.119409285
0.9625969,5.275856
-0.4997006,-0.32651043
-0.9794891,-0.07252753
-0.12830998,-0.13394016
-0.968092,-0.111507475
-0.32755697,-0.2430338
-0.29188862,-0.23632304
-0.9952938,-0.0089419205
0.5591359,1.241319
0.82570314,3.2419057
0.9975209,5.945883
0.017563192,0.0363612
-0.38676178,-0.28257143
0.4349495,0.75551003
0.4729257,0.8905635
-0.24162336,-0.18682967
0.13117057,0.12511985
0.6435411,1.6882379
-0.62165105,-0.37746918
-0.9590542,-0.1291316
0.07939302,0.08279828
0.32878447,0.47858876
0.149946,0.18055123
0.1924886,0.24192356
-0.21381427,-0.17304894
0.30298945,0.44660544
-0.9143777,-0.20163296
-0.6976307,-0.35989666
-0.11038329,-0.11610336
0.8859762,4.0216856
0.2889839,0.40118897
-0.289443,-0.22718002
-0.08408156,-0.0809847
0.69126886,1.9937547
0.084939346,0.08913101
-0.9042663,-0.23688528
-0.16626844,-0.13015954
-0.22394036,-0.1894473
0.7997796,2.9453502
-0.38917622,-0.28110585
-0.8706136,-0.25749952
-0.29035747,-0.22981566
-0.9122048,-0.19152422
0.66458267,1.8293964
0.1804138,0.23648016
-0.061247587,-0.055181295
-0.28030992,-0.22459836
-0.16468649,-0.14742932
0.57568204,1.3036418
-0.6399705,-0.371933
-0.8571225,-0.27437076
0.12344996,0.13857107
0.7178124,2.1956112
0.12447359,0.1390904
0.5923101,1.3946207
0.78551817,2.8045535
-0.8462243,-0.2935764
0.17836033,0.21558836
0.66551423,1.8152982
0.28707963,0.40916333
0.18307729,0.21631664
0.5761514,1.3049574
0.414528,0.68543166
0.0032456194,-0.007494056
-0.91193324,-0.20500436
0.2266742,0.28870648
-0.5736495,-0.37116864
-0.49182725,-0.31976414
0.3590879,0.5502694
-0.09381,-0.10196626
0.43355986,0.7639714
-0.2148824,-0.16851743
0.74006337,2.3549676
-0.14586338,-0.12047012
-0.012353191,-0.014359644
-0.74745977,-0.35570312
0.0071301186,-0.004017336
-0.52039945,-0.33703157
0.52596164,1.0851328
0.42808914,0.76645106
-0.9683137,-0.08120499
-0.0123757515,-0.012249079
-0.909212,-0.19537295
0.13856232,0.1696997
0.80327785,2.97177
0.73433775,2.337341
-0.5123698,-0.33167967
-0.7197724,-0.36733553
0.58212894,1.3285303
0.0923655,0.10029769
-0.15234159,-0.13230345
0.62099534,1.5560087
-0.494977,-0.34874552
-0.55078334,-0.3578378
0.22386378,0.2903553
-0.4548296,-0.31125203
-0.1464196,-0.12661375
-0.090370886,-0.087464616
-0.58995247,-0.3529193
-0.87663054,-0.2710221
0.533356,1.137627
0.5671748,1.270956
0.19673915,0.24948426
-0.7027809,-0.37366015
-0.04757354,-0.05129939
-0.6442013,-0.358687
0.7625469,2.576479
0.39457723,0.6519593
-0.93724686,-0.16365927
-0.99666816,-0.02327725
0.96752185,5.3648105
-0.9203062,-0.19703764
0.73171943,2.317917
0.9116312,4.386277
-0.38379258,-0.27804738
0.08027312,0.08340904
0.29481634,0.41569382
0.04085364,0.050173692
-0.57299167,-0.33505815
0.16246909,0.19206484
-0.48265833,-0.32020885
-0.6699554,-0.36760023
0.01104812,0.012037786
-0.25600234,-0.21094441
-0.94518054,-0.14981271
0.89935553,4.210644
-0.92088675,-0.18479966
0.80591166,3.0259926
-0.6205274,-0.36056235
-0.71627533,-0.36145478
-0.8616721,-0.26822367
-0.14859053,-0.11951778
0.17372495,0.20866081
0.8074692,3.0057545
0.5674971,1.2577928
-0.68075275,-0.3540158
-0.6645483,-0.34779465
-0.9836793,-0.033285942
0.37564304,0.5955693
-0.96504146,-0.0976998
-0.72290313,-0.3523048
0.26909766,0.3740342
-0.6994634,-0.38823593
-0.6935665,-0.36351368
-0.53199375,-0.3399226
-0.22947837,-0.19814117
-0.98426783,-0.050991494
0.4921248,0.9578628
0.5476475,1.1758276
-0.26651153,-0.20103411
0.5962476,1.4280162
-0.43045673,-0.28955555
0.9713869,5.431444
-0.20453551,-0.17127883
0.33763307,0.5169451
-0.355108,-0.26775244
-0.098338306,-0.09500332
0.2901687,0.3962263
-0.30494994,-0.24900256
0.31318465,0.46837184
-0.7079704,-0.35961598
-0.0324949,-0.026159188
-0.45428175,-0.3108941
0.8400568,3.4252744
0.6494074,1.7309628
-0.025160875,-0.024710178
-0.092499875,-0.08494981
0.6679784,1.8309325
0.38090023,0.6022221
0.3666412,0.5733834
0.09650905,0.10366613
0.72471905,2.2290552
-0.6210008,-0.38390833
0.7237722,2.2429016
0.04148229,0.051601745
0.24265498,0.31263393
0.9248427,4.62269
-0.15099347,-0.13399598
0.3360641,0.4969693
0.044260066,0.032071177
0.86321163,3.7007492
-0.02470891,-0.044215873
-0.4877361,-0.33092216
-0.03453387,-0.032934703
0.8335149,3.3136952
0.0014291669,-0.0037954573
-0.7077176,-0.3621035
0.08321511,0.07859325
-0.22480144,-0.17700885
0.29954806,0.43675825
-0.51729596,-0.3445067
-0.3554135,-0.26369286
0.033150323,0.033041846
-0.7634372,-0.34374264
-0.5789891,-0.35584593
0.60268265,1.436965
0.87843895,3.895381
0.93907046,4.8511457
0.87452334,3.8461022
0.88403857,3.976768
0.64218485,1.679329
0.47122914,0.88286656
-0.5363226,-0.35101032
-0.11653959,-0.10632724
-0.2040686,-0.1791679
0.460687,0.83423835
-0.049227286,-0.052370444
-0.27965274,-0.22048184
0.6281499,1.5793118
0.49981278,0.9890905
-0.26236558,-0.20125593
-0.1613585,-0.1460164
0.78637636,2.8088837
0.46535704,0.8568587
0.37996516,0.601074
0.4234073,0.7316684
-0.7953944,-0.3496398
0.12700303,0.13588656
-0.41799784,-0.3048408
-0.8303343,-0.31401098
0.46213412,0.8399717
-0.39132926,-0.2964144
-0.37988326,-0.2773906
0.27971086,0.38443378
0.33252636,0.49741086
-0.051870674,-0.046955742
0.11293516,0.13136989
0.6977745,2.0342565
-0.78583944,-0.33579034
-0.86929905,-0.26697913
0.31248972,0.45302367
0.20762168,0.2574283
-0.62815315,-0.37012905
0.0437976,0.043351553
0.49133572,0.94758177
0.46341178,0.8580667
0.19144611,0.24621557
-0.7391052,-0.36511528
-0.3919857,-0.28595302
-0.18843563,-0.13536361
0.57650584,1.2931222
0.08761889,0.07993013
0.4663999,0.87559754
0.8470191,3.5112638
0.24784636,0.3439657
-0.5257058,-0.3341517
-0.7208383,-0.36443278
-0.9989146,-0.005989444
-0.64874333,-0.36013415
-0.46157703,-0.30340156
-0.4604411,-0.30690482
0.33416387,0.481024
-0.6995214,-0.3751384
-0.1290862,-0.11154893
-0.99018395,-0.042433675
-0.47767687,-0.3384653
-0.9178909,-0.18362263
0.41911942,0.7201911
-0.29138717,-0.21001472
-0.039807193,-0.028568296
0.5229063,1.0673916
0.7258461,2.2628691
0.033347003,0.026582131
0.29954317,0.41119832
0.47196537,0.89589137
-0.4293722,-0.30045295
0.4145223,0.7178935
0.30735883,0.44446063
-0.11387119,-0.09944954
-0.31848142,-0.2355318
0.9473188,4.9840355
0.97263724,5.4485064
0.39021277,0.64007974
-0.23167671,-0.17560945
0.5030712,1.0009991
0.35847884,0.5577804
0.08997119,0.094759
-0.7363262,-0.35766667
0.89320564,4.1078644
-0.534467,-0.3500119
-0.2134827,-0.17828597
-0.3151669,-0.23934543
-0.69248945,-0.35676274
-0.95098025,-0.13819392
0.85960364,3.652599
0.47894466,0.9123564
-0.9585722,-0.11954274
0.37553394,0.5950814
-0.7405906,-0.3476861
0.44798234,0.80438566
0.010359042,-0.009701971
0.9557112,5.1433687
-0.13529044,-0.1182778
0.4978934,0.960443
-0.91737974,-0.20204282
0.87111086,3.80411
0.12491974,0.14587545
-0.3715638,-0.25990656
-0.74621415,-0.36256495
0.28163823,0.3873471
0.4925868,0.96574885
-0.82933176,-0.29539832
-0.67067945,-0.3681393
-0.22914633,-0.19172785
0.70351475,2.0901682
0.96586215,5.3018174
0.49005452,0.9475486
-0.9888419,-0.032640744
0.8069151,3.0208132
-0.94689196,-0.13108566
0.7942533,2.902138
-0.17936598,-0.16184124
0.48361862,0.91729075
-0.8258646,-0.30213946
-0.6701461,-0.3794291
-0.09846425,-0.09496226
-0.9229886,-0.16153857
-0.22048652,-0.17874251
0.5039321,0.9963778
0.3094257,0.43043345
-0.29644528,-0.25257206
-0.98231137,-0.03968837
-0.46064648,-0.32399276
0.5524579,1.1997855
-0.318941,-0.22881758
-0.24500626,-0.20172898
-0.8516033,-0.28909025
0.2033812,0.26224843
0.24380068,0.33588356
-0.13830188,-0.113028474
0.52114177,1.0812026
0.75373185,2.476349
0.50107753,0.99263656
0.08861402,0.11007128
0.8713811,3.81354
-0.23559132,-0.19207753
0.30944878,0.4354748
0.15048032,0.16979802
0.68313575,1.9518046
-0.0008134627,-0.0011747718
0.10697269,0.113484114
-0.09237313,-0.10007219
-0.718964,-0.35582784
0.7728531,2.669325
0.7236488,2.2422235
0.40491724,0.69469523
-0.3044178,-0.22522125
-0.28981394,-0.21146467
-0.9279988,-0.17247517
-0.84470373,-0.2844353
0.027595352,0.0416777
-0.9003684,-0.2296669
-0.8015596,-0.327288
-0.4975893,-0.3341085
-0.25261617,-0.20770545
-0.021306738,-0.022342253
-0.35095772,-0.26883578
0.88136953,3.9431834
0.9017902,4.2507715
-0.88791573,-0.24080737
0.9708304,5.408607
-0.6541908,-0.35661286
-0.33725023,-0.26098916
0.674031,1.8628294
0.37543708,0.61144584
-0.8835152,-0.23750916
0.5492062,1.181475
0.3264855,0.5031175
0.900993,4.226266
0.8200179,3.1776597
0.95045507,5.0255346
-0.09022832,-0.0929119
0.4130145,0.7104173
0.9238119,4.6026297
-0.99576104,-0.014057415
0.57786375,1.3407286
-0.8920897,-0.22075437
0.9978325,5.9476824
-0.9722368,-0.080406055
0.10940646,0.10898448
0.041833684,0.03923305
-0.39053133,-0.2774619
0.46469522,0.8597564
-0.4860045,-0.32243654
-0.41842902,-0.28343806
-0.6392814,-0.3616912
0.4281339,0.7509006
-0.6599281,-0.36025873
0.7953454,2.9054368
-0.42432964,-0.2869599
0.037244655,0.04670602
-0.049871657,-0.058765944
0.4047052,0.6950421
-0.531925,-0.33815658
0.67727864,1.8865858
0.47579047,0.89645475
-0.31477177,-0.2365704
-0.7594238,-0.34295645
0.009529973,0.019227501
0.9610509,5.2408247
-0.9514912,-0.107389756
0.6897225,1.9846632
0.39952663,0.6610574
-0.6336387,-0.37744024
-0.04715939,-0.035335608
0.25535914,0.34892967
0.3933685,0.64038837
0.84273,3.4414861
0.7461534,2.4320312
-0.34314558,-0.25331053
-0.75993013,-0.35137695
-0.79146713,-0.33206975
0.93748695,4.800576
0.9116369,4.3906937
0.6390262,1.6528175
0.960925,5.223773
-0.4516638,-0.30460352
0.6511256,1.7447857
0.004459277,-0.0070668636
0.5984422,1.4035189
0.22165906,0.29680943
0.69236964,2.0236506
-0.20530851,-0.16661167
0.97827953,5.5600915
-0.56153816,-0.35478538
0.3452191,0.5317283
0.6051574,1.4572247
0.17150661,0.21549885
-0.41940933,-0.31100148
0.12259821,0.14299871
0.009414895,0.0011627369
-0.619757,-0.3514682
0.52640665,1.0764153
-0.46562394,-0.30816343
0.6642239,1.8024702
-0.5713605,-0.35530657
0.004633445,0.013151623
0.3904372,0.63028747
0.9916615,5.8122954
-0.4580203,-0.31051168
0.27122027,0.36539757
-0.69328547,-0.3776746
0.6392802,1.6547682
0.72289103,2.2393172
0.77591383,2.7081592
0.8910684,4.090437
-0.2886367,-0.24380666
0.33289084,0.49069524
-0.36851302,-0.26583
0.6076076,1.4809113
-0.1688138,-0.1420293
0.10981818,0.13504879
-0.7340181,-0.36387175
0.7009874,2.0600436
-0.034110796,-0.036702592
0.28095338,0.38971147
0.33856347,0.49333927
-0.45149824,-0.30863214
0.5899655,1.3778075
0.6660599,1.8142691
0.03150799,0.024845118
0.804821,3.0055878
-0.6782019,-0.35890713
-0.17113712,-0.14468123
-0.91136014,-0.20218156
-0.20287447,-0.16901188
0.99407583,5.876967
-0.07363858,-0.061781086
-0.16157873,-0.12288724
0.37564322,0.6148857
-0.9027869,-0.22842604
-0.29246515,-0.24725349
0.06614275,0.07613167
-0.031867977,-0.030670235
0.2849536,0.39769572
-0.7221255,-0.35605317
-0.19477153,-0.16545494
0.26719335,0.34828806
-0.39669937,-0.29433787
0.22576053,0.28074458
0.91662383,4.4797735
0.8607709,3.686582
0.45102704,0.80996895
-0.64474183,-0.3378311
0.5684871,1.2539953
-0.106590964,-0.10140085
0.903466,4.2710576
0.22284114,0.26118323
-0.5647538,-0.33399037
-0.37514076,-0.27896082
-0.36188328,-0.26478913
-0.44742808,-0.30215734
0.54364306,1.1446035
-0.32650882,-0.2215198
-0.6087539,-0.35780638
0.19219413,0.23450336
-0.07044286,-0.0769173
-0.9556645,-0.11435971
-0.44176596,-0.319888
-0.92361516,-0.18068276
0.5340816,1.1336614
0.90204966,4.259474
0.00034019642,-0.0052151466
0.1163319,0.12886287
0.6901687,1.9922295
-0.9620687,-0.08971173
-0.67535186,-0.3495328
0.30871528,0.46249053
0.48348,0.91474843
0.2523956,0.34504992
0.8784898,3.8928204
-0.21526428,-0.18174845
0.11016482,0.11206063
0.91280735,4.4014893
0.79928005,2.946235
-0.9383945,-0.16046357
-0.29572016,-0.22520961
0.47798973,0.89266306
-0.998246,-0.0003939691
0.72597486,2.2571511
0.0042188736,0.0013196759
-0.82680136,-0.3210165
-0.115073085,-0.0930078
-0.014755812,-0.013136369
-0.26614007,-0.20472534
-0.09137614,-0.09649148
0.7827921,2.7814598
-0.3518688,-0.25937778
0.9218334,4.5514393
0.3740444,0.6096898
0.79203,2.8723378
-0.58204204,-0.34907573
-0.016309742,-0.03569651
0.13084131,0.16134952
-0.8294307,-0.30128628
-0.01271788,-0.00018106245
0.7219077,2.2225645
-0.8956124,-0.23576744
0.2846132,0.41378286
0.9775115,5.5546336
0.054853722,0.043751318
-0.39326504,-0.28105518
0.16989104,0.21488254
0.082874686,0.0921425
-0.7896818,-0.33973855
-0.57141674,-0.3576608
0.33880407,0.5122796
0.18512133,0.23737986
-0.3113597,-0.24716981
0.9570567,5.138691
0.2895373,0.40323758
-0.5383837,-0.33694294
-0.05763748,-0.047777858
0.42318434,0.71930456
0.34397185,0.5261535
-0.5073427,-0.33722714
0.2956953,0.4269147
-0.3342491,-0.25148422
-0.084990785,-0.0699494
0.33829913,0.5111636
0.16198815,0.19829753
0.42546102,0.7317064
-0.23632494,-0.1982181
0.50400114,0.99663454
-0.96866643,-0.07938787
-0.62406516,-0.33632118
0.94644785,4.983175
-0.8265454,-0.29302847
0.32380623,0.47726765
0.83351505,3.3223033
0.719093,2.1839178
0.8255108,3.227795
0.9678178,5.3454833
-0.28545287,-0.21425767
-0.3396839,-0.25513312
-0.75827605,-0.36248007
-0.5970195,-0.35143903
0.3057567,0.44322658
-0.33770412,-0.26341298
-0.317705,-0.22572418
0.2918477,0.40434468
-0.7907562,-0.3276513
-0.88811016,-0.24081622
0.6056792,1.4766482
0.57969064,1.3360753
-0.22981815,-0.19782579
0.18613544,0.2468928
-0.52384126,-0.3493285
-0.26472482,-0.21983507
-0.92719454,-0.15919405
-0.45278388,-0.3092568
-0.9672413,-0.08594091
-0.15184839,-0.1275982
0.0394465,0.030299228
-0.009338637,0.00955358
-0.31857798,-0.21940976
-0.5861079,-0.37322998
-0.0913126,-0.088170946
0.73985827,2.3843806
0.96646,5.33262
-0.37454832,-0.2771691
0.94885904,5.018657
-0.13089697,-0.10914841
0.22654437,0.30977958
0.60742724,1.4522355
-0.2811595,-0.22943349
-0.58343476,-0.36146864
-0.45384714,-0.28547397
0.6772324,1.9108742
0.8689496,3.778944
-0.7430267,-0.35539258
0.38902488,0.63892925
-0.9301913,-0.15799011
0.7499081,2.4627147
0.7136536,2.1657653
0.54920566,1.1815057
0.6487624,1.6954015
0.20869899,0.24582441
-0.70538455,-0.3695799
0.829116,3.2720184
-0.717954,-0.3563103
-0.5496021,-0.34221253
-0.13477327,-0.13267647
-0.0040734666,-0.0039626383
-0.8073644,-0.32844746
0.5233573,1.0729504
-0.7253876,-0.3583676
0.30951977,0.46068352
-0.09603854,-0.09222383
0.6218717,1.5662688
-0.40879175,-0.30181825
0.67305386,1.8584635
-0.49548006,-0.32737848
0.14868517,0.1629605
-0.027775273,-0.040220674
-0.294847,-0.22682302
-0.97644436,-0.07908535
-0.20430306,-0.17922792
-0.76327896,-0.34810138
-0.54968524,-0.3278937
0.37660018,0.6004639
0.14257717,0.16758887
0.054159436,0.045763686
0.12803358,0.1363488
-0.75989324,-0.37157083
-0.6707183,-0.37474233
0.08560238,0.101265475
-0.18634455,-0.16281788
-0.0735959,-0.06704121
0.7583046,2.543134
-0.62967134,-0.35493663
0.8213966,3.2031183
0.714975,2.1794512
0.8035757,2.9871168
0.28272298,0.40192816
0.7278706,2.2800188
0.98237884,5.618251
-0.05716995,-0.06607227
0.72361684,2.2400362
0.8073856,3.0247455
-0.38046792,-0.27600184
-0.11458865,-0.12707311
0.14734904,0.18122348
-0.3016874,-0.23209225
-0.3557101,-0.24968511
-0.23856774,-0.19232282
-0.15218753,-0.1300733
-0.49546048,-0.33676684
-0.053376023,-0.062722914
0.5574965,1.2233714
0.2489737,0.3314544
-0.24047229,-0.21023516
-0.68760806,-0.3549804
0.64808565,1.7056448
0.02266454,0.018128995
0.94248056,4.892758
-0.4946135,-0.31852075
-0.648974,-0.37111795
-0.9839854,-0.043426186
-0.83475286,-0.30271873
-0.22919627,-0.19173647
-0.603519,-0.37116483
-0.9242328,-0.16792747
-0.5492645,-0.3548486
0.45750907,0.8269987
0.47138882,0.8953531
-0.7007285,-0.3642589
0.8729788,3.833968
-0.6819278,-0.3495313
-0.82131755,-0.29763195
-0.6741251,-0.37037048
-0.7189585,-0.34896824
0.26341286,0.34145886
-0.687485,-0.38197124
0.268656,0.36765245
-0.4468034,-0.30720815
-0.50319034,-0.3228389
0.7945032,2.8992379
-0.57133454,-0.34403583
0.72916913,2.3036957
-0.3929454,-0.26142964
0.9824566,5.65095
0.96185803,5.2478213
0.65522367,1.747996
0.7361732,2.3460588
0.64652175,1.6897144
0.25929117,0.3591882
0.61804557,1.5383359
0.25656196,0.3386596
0.684332,1.9435735
0.87110686,3.78763
0.50664157,1.0086497
0.9293741,4.680002
-0.103539996,-0.10489799
0.85077447,3.5339754
-0.54753757,-0.35581017
-0.93726754,-0.17156732
-0.74380654,-0.33949363
-0.6795054,-0.3804801
0.6488532,1.7110614
-0.19798152,-0.15549327
-0.5336434,-0.32570493
0.62454134,1.5540855
-0.59575176,-0.34386516
-0.84424996,-0.29040146
-0.06761828,-0.057605665
-0.8611855,-0.25636253
-0.4421249,-0.2981789
0.4006717,0.6564836
-0.25093558,-0.22110067
-0.8250463,-0.30308533
-0.19401395,-0.1584088
0.026285546,0.019048562
-0.49954417,-0.32611924
-0.658218,-0.37821645
0.523349,1.0790079
-0.86432594,-0.28371835
0.91373396,4.4396343
-0.98480237,-0.022551248
0.30248415,0.43621704
-0.73279315,-0.3535388
0.094195016,0.109866776
-0.62538105,-0.3589732
-0.93135655,-0.17845604
0.71953255,2.2235887
-0.15213166,-0.12754026
-0.44955835,-0.3019749
0.8945428,4.146188
-0.83601993,-0.2902259
-0.30297667,-0.22000223
-0.6452728,-0.35934237
0.98239183,5.6322985
0.09203914,0.105537325
0.62444216,1.5638784
-0.672932,-0.37364313
-0.39113078,-0.265638
0.23920926,0.31286165
-0.6439399,-0.36149448
0.00012484888,-0.0071578207
0.8632272,3.6994355
0.86050475,3.6735528
-0.29023927,-0.20435584
0.032283667,0.018758796
-0.60318345,-0.3578987
0.9570327,5.1282926
0.03974412,0.037096992
-0.5873736,-0.35366032
0.68952423,1.9838123
-0.1592519,-0.120993584
0.27227387,0.37171817
0.6871341,1.9807055
-0.38159397,-0.27287626
0.15581001,0.17946056
-0.8877593,-0.23815712
-0.5309133,-0.337739
-0.72248805,-0.35780072
0.28838143,0.39803904
-0.49069136,-0.33167192
0.51997185,1.0731577
0.52227324,1.0816083
0.5684875,1.2646744
-0.73474485,-0.35825595
0.052096512,0.058792293
0.35820174,0.5650894
-0.35445118,-0.25929254
-0.47987235,-0.30876634
0.43591332,0.7666956
-0.29740524,-0.21360475
-0.5022411,-0.3034432
0.12581694,0.14465068
0.24077189,0.32081842
0.553605,1.1950642
-0.9181403,-0.19363868
-0.6510225,-0.36250415
0.55449915,1.2154706
0.06374087,0.066033654
0.61214936,1.5027273
-0.102947794,-0.09709097
-0.0812307,-0.06503899
-0.24486454,-0.19250883
0.38239062,0.6209085
0.18041386,0.21551774
-0.21453834,-0.17746289
-0.62490356,-0.3654168
-0.99520874,-0.0054801456
-0.81729925,-0.32924443
-0.78432024,-0.34430203
0.13877082,0.17319843
0.51839566,1.0573791
-0.08623947,-0.067164406
-0.17148049,-0.13807587
-0.7357752,-0.34730786
0.80202585,2.977147
0.4703997,0.87201744
-0.16617836,-0.14174072
-0.80597055,-0.33643502
0.6921689,1.9996098
-0.6607352,-0.3702032
0.34676117,0.51129925
-0.32078347,-0.23834538
0.71910983,2.2093675
0.17389044,0.223109
-0.5452172,-0.3558093
-0.97467154,-0.059609067
-0.57528347,-0.375149
-0.26932773,-0.21357284
0.4167699,0.7306072
-0.5677762,-0.35030827
-0.4769908,-0.32649225
-0.12979962,-0.11572051
-0.91415817,-0.19037
0.53680295,1.1283588
-0.84249073,-0.28982106
0.4740374,0.8948577
-0.46407545,-0.30831882
-0.08013906,-0.06382957
-0.1792088,-0.13217236
-0.493477,-0.32477534
-0.48857442,-0.32052422
0.8980997,4.1768064
-0.38905668,-0.26966724
-0.6338156,-0.34917805
-0.49901545,-0.3208714
0.39040315,0.62429917
-0.38224408,-0.2797212
-0.6567885,-0.3640898
-0.17103006,-0.15461501
-0.7649066,-0.32514527
-0.20266831,-0.1644081
0.7244414,2.258286
-0.2541757,-0.19313507
0.02827595,0.030218353
0.5782817,1.3079625
0.031949874,0.040892035
-0.9052223,-0.19359168
-0.5702599,-0.3544553
0.7885273,2.8267572
0.60437036,1.4615593
0.521337,1.0765241
0.09493941,0.11634647
-0.293478,-0.22815856
0.38876832,0.6324085
0.32670012,0.45835048
0.28552306,0.3999113
0.0073491493,0.0017638075
-0.4812208,-0.34291393
-0.12913707,-0.09542835
0.024235336,0.027252905
-0.5679876,-0.3679107
-0.53988856,-0.33815345
0.58368695,1.3652029
-0.3604533,-0.25233334
0.9473525,4.996132
-0.12720521,-0.12516795
0.21750075,0.27248424
0.007882551,-0.00073984714
-0.01375355,-0.013386136
0.78001213,2.7548933
-0.81396097,-0.31385052
-0.30853015,-0.24465618
-0.42797738,-0.29970706
-0.3479912,-0.24726233
0.8251769,3.2350225
-0.86022127,-0.2710609
-0.43322656,-0.3090536
0.47536084,0.8972182
-0.5224974,-0.34755042
0.6662268,1.8132454
-0.34016418,-0.2682206
-0.77361417,-0.32539442
0.038429968,0.057654332
0.022669628,0.013154186
-0.92173743,-0.19325264
0.43582276,0.76402247
-0.716513,-0.34875515
-0.5731356,-0.3453362
0.12496285,0.1566221
0.7815613,2.7793376
-0.95874774,-0.1044865
0.6454932,1.692094
0.5082916,1.0295181
-0.6766157,-0.35403252
-0.25390878,-0.19169246
0.8119437,3.0852406
-0.70722824,-0.3520031
-0.7772785,-0.3438989
0.47042602,0.87300867
-0.058169544,-0.05836172
-0.43175718,-0.2768844
-0.6562697,-0.37501457
0.44444486,0.80326086
-0.120992914,-0.0881291
-0.5211915,-0.33178192
0.88676894,4.0202217
0.12213109,0.14468056
-0.29354405,-0.2317182
0.43931592,0.7688057
-0.0071460283,0.006363852
-0.98116255,-0.04058575
0.6812608,1.9204986
-0.8673058,-0.27165583
0.978707,5.570545
-0.3005281,-0.23186791
0.049677964,0.044095203
0.99908525,5.9655814
-0.46159175,-0.32734305
-0.07466066,-0.08148155
0.5097882,1.0112822
-0.06602953,-0.059816558
-0.332356,-0.25715092
-0.75873965,-0.356877
0.026109207,0.0142732505
0.103490464,0.10308556
-0.53435403,-0.35277337
-0.33221096,-0.2498303
-0.40275693,-0.27547178
-0.14526117,-0.11181299
0.5964766,1.4121277
-0.33484727,-0.23988329
-0.45509702,-0.317809
0.6797029,1.9185271
0.6221714,1.5424713
0.5865922,1.3654609
0.4855318,0.9231928
0.77743286,2.7144132
0.42645192,0.73853105
-0.66120076,-0.34857824
-0.93404675,-0.15370014
-0.63627213,-0.37035063
-0.27072352,-0.22350577
-0.89412767,-0.23902212
0.5140003,1.0445495
0.28262013,0.39594293
0.43599626,0.7742493
-0.8084218,-0.32738283
-0.34245998,-0.25133225
-0.08117895,-0.07237608
0.20518519,0.2707892
0.60554236,1.475239
0.953875,5.1115346
-0.8355926,-0.28762972
0.28328836,0.39485866
-0.7302885,-0.36502996
-0.40025958,-0.28497684
0.5440952,1.1611546
0.98819715,5.7549634
0.052960124,0.055818614
-0.29376394,-0.22862235
-0.5718083,-0.35565397
0.56506544,1.255596
0.80743915,3.0391955
0.69715726,2.0290923
0.019383892,0.03321953
0.17832717,0.22784679
0.67324173,1.8693787
0.8577084,3.604066
0.878017,3.8783114
0.37955716,0.6110383
-0.61663663,-0.3536781
-0.37402463,-0.2537394
-0.46755272,-0.3193182
-0.6530486,-0.36955655
-0.49848098,-0.339728
0.7397445,2.3825948
0.5406733,1.1477646
-0.91252637,-0.2064085
-0.7045907,-0.36254147
0.9696525,5.3930326
-0.5480559,-0.33475766
0.26878613,0.3631825
-0.5888757,-0.3552
-0.53266007,-0.33110768
-0.0029602887,-0.0055959234
-0.02467327,-0.031492613
0.2923461,0.40005162
-0.6635936,-0.37523982
-0.474572,-0.32459372
0.24829601,0.33984432
-0.8051911,-0.33185896
0.81865007,3.1532044
-0.64240026,-0.37393638
-0.12320946,-0.10915788
-0.78269833,-0.33523923
0.36966974,0.58852243
-0.34615785,-0.2391406
-0.85272133,-0.28344783
0.18526989,0.23032163
0.96133703,5.232778
0.7417761,2.4157972
0.40578794,0.688325
-0.9747016,-0.061500248
0.71972907,2.2219195
0.79346776,2.8905704
-0.92400527,-0.16998918
-0.7552272,-0.35230917
-0.097074285,-0.065831415
-0.19586913,-0.1792384
-0.41115698,-0.2927018
-0.6041627,-0.3409917
0.098217696,0.1072074
0.5426455,1.1628206
0.87407875,3.841082
-0.397798,-0.2790001
0.40646544,0.67813236
0.5763806,1.3224089
-0.044080712,-0.0393126
0.84218943,3.4149237
-0.95404166,-0.12821199
0.80096143,2.951866
0.78500426,2.8108904
-0.7260035,-0.37144855
-0.121154144,-0.11074295
0.031721957,0.05387615
-0.19605203,-0.15143047
0.79111284,2.85028
0.42597046,0.72879547
-0.75299937,-0.36105132
0.853017,3.5697515
-0.90765625,-0.21471217
0.19133428,0.23889624
0.04537565,0.05062444
-0.8551876,-0.2801816
0.39168313,0.6430321
0.92512953,4.6107306
-0.08310918,-0.08445065
0.027801016,0.014135462
-0.23223568,-0.18789494
0.7504271,2.4620445
0.8555912,3.6103628
-0.20582676,-0.1831827
0.78175026,2.7607734
-0.5912583,-0.35414234
-0.084244624,-0.06509233
-0.49616385,-0.33060285
-0.55219585,-0.34382445
0.7139993,2.1719003
0.42846024,0.75265133
-0.8661783,-0.26445818
0.51482594,1.0594414
0.14585482,0.1667889
0.5739428,1.3162595
0.18666531,0.2363929
-0.24519533,-0.19441797
-0.010042464,-0.006707883
-0.7167515,-0.35152173
-0.37878218,-0.28110147
-0.9553391,-0.11568933
-0.18754183,-0.16034198
-0.8175247,-0.29949158
0.3212374,0.46624568
0.8250861,3.2488456
0.4813506,0.91206455
-0.5851347,-0.368208
0.014163441,0.0056612934
0.4239386,0.72315514
0.6113952,1.5077109
-0.43397763,-0.31406277
-0.04584095,-0.040600557
-0.79132164,-0.31860957
0.45271975,0.84780455
-0.13052334,-0.11655512
-0.9166176,-0.19347787
0.05884167,0.05085857
0.5827787,1.3382802
-0.91112846,-0.18214078
-0.19334686,-0.15329756
-0.036266465,-0.022848759
0.9990999,5.987604
-0.56257474,-0.3379356
0.6383128,1.6648341
-0.7081548,-0.36685625
0.92800504,4.664387
-0.3865934,-0.28479117
-0.7088722,-0.3825418
-0.23649052,-0.18857709
-0.9695696,-0.08207125
-0.7822609,-0.33909032
-0.0077013527,-0.014035432
0.8812502,3.946581
-0.11014966,-0.09498549
0.3204536,0.49067765
0.41415173,0.7087114
-0.92687964,-0.17014727
-0.3558355,-0.269406
0.9940909,5.8675776
-0.9859863,-0.05011735
-0.059653863,-0.0592573
0.67489374,1.8803545
-0.42317852,-0.29348293
0.993258,5.851819
-0.027783277,-0.04944538
0.82799524,3.2584438
0.056658905,0.06943528
-0.20471425,-0.17367914
0.42019883,0.71999776
0.916544,4.4559016
-0.24781436,-0.19730905
0.72988325,2.2976687
0.31922024,0.46270806
-0.24279173,-0.18567589
-0.8890287,-0.22627331
-0.3771936,-0.25193858
0.66257423,1.7882105
-0.80969775,-0.31847593
0.14435373,0.15682942
0.023680264,0.03029896
0.3232859,0.48202547
0.87800366,3.8806295
0.50352454,1.0003909
0.02124172,0.019711224
0.66071147,1.7734936
0.40333724,0.6701578
0.7910942,2.8792539
0.44869676,0.812976
0.5060367,0.9989695
-0.8319997,-0.3068226
-0.99235815,-0.04175954
0.91123915,4.3777556
-0.49594325,-0.3097508
-0.6698019,-0.35573697
-0.682564,-0.36013484
0.4757821,0.90097594
-0.9072029,-0.19632827
0.32204732,0.4777027
0.14291811,0.16391519
-0.7053965,-0.363584
-0.72910565,-0.36093873
-0.7346795,-0.35967478
-0.48096326,-0.30377886
0.28357875,0.38505238
-0.5862249,-0.3596231
0.32015002,0.4521573
0.94340783,4.9276357
0.7241938,2.250386
0.5961563,1.4273212
0.8982717,4.184839
0.22494365,0.28224465
0.5377273,1.1234559
0.54785407,1.1834697
0.94908005,5.013447
0.294353,0.41986898
-0.45388725,-0.31370008
-0.6086521,-0.3447361
-0.3866113,-0.26523638
0.52350616,1.076909
0.31310704,0.46593404
-0.56149226,-0.34964213
0.7196632,2.2100441
0.96266896,5.2414017
0.51442075,1.0448337
-0.87579024,-0.25598592
0.2550872,0.35114655
0.87538356,3.8708467
-0.3740724,-0.2789778
0.17086199,0.20414512
-0.54603034,-0.34860197
0.7613727,2.579554
0.73996156,2.3942018
-0.27108943,-0.20520358
-0.30061105,-0.21110421
-0.9997982,0.004633935
-0.3651053,-0.2765677
0.5628402,1.2326857
-0.9427753,-0.15372232
-0.5945102,-0.3609213
0.46053725,0.838777
0.29598248,0.42067996
0.97330487,5.4618826
-0.21876304,-0.17872961
-0.7334392,-0.33283368
0.32942492,0.49938887
-0.84194714,-0.29157746
-0.76649094,-0.33529645
0.13583802,0.14912128
-0.056048986,-0.061569463
-0.47278643,-0.30826688
-0.04406308,-0.042207744
0.7366399,2.3513823
0.4499925,0.79993546
-0.0903965,-0.08764092
-0.37731814,-0.27725592
0.16437052,0.19188896
-0.9942679,0.004546768
0.4661498,0.8854347
0.6048961,1.4673643
-0.75650656,-0.34899205
-0.19475311,-0.16887055
-0.7098541,-0.37238503
0.8976092,4.184804
0.65197664,1.742223
-0.9598548,-0.09896306
0.9407661,4.872889
-0.7163497,-0.35428995
-0.83198917,-0.3037083
-0.9347845,-0.16355866
0.58131975,1.3247385
0.85052174,3.5327709
-0.80875343,-0.31897575
0.96662486,5.332666
-0.3682807,-0.27991655
0.35768953,0.5568595
0.9725315,5.4518924
-0.98300934,-0.052127812
0.09357135,0.10301065
0.3119731,0.42770645
-0.25727677,-0.19715323
-0.7800539,-0.33660874
0.2422404,0.33376893
-0.9059977,-0.21458428
0.8468768,3.4976964
-0.075868465,-0.058733866
0.8205508,3.1771398
0.67309815,1.8709819
-0.99271715,-0.019949792
-0.081563,-0.09140262
0.7756046,2.707855
-0.25561407,-0.21293396
-0.3535623,-0.26928198
0.37117082,0.59395635
0.41010046,0.70482767
0.28632018,0.40877545
-0.27322823,-0.20868467
-0.8727491,-0.25670722
0.84600806,3.488237
-0.36556995,-0.2502243
0.59127396,1.3790437
-0.29664984,-0.23406579
-0.010511405,-0.0030907737
-0.25265726,-0.21869482
-0.83735216,-0.29963216
-0.34110564,-0.2513352
0.91135615,4.3849525
-0.7793258,-0.35904044
0.11168323,0.13957833
0.93681246,4.7983065
-0.958976,-0.11434265
-0.8616204,-0.26017624
0.8182333,3.1211164
0.4711192,0.89615756
0.090646364,0.12194368
0.073284335,0.070185006
0.94977176,5.024311
-0.95809215,-0.105958454
-0.4590472,-0.30917114
-0.36634848,-0.2576269
-0.76101553,-0.3432234
-0.2855508,-0.21369879
-0.25917715,-0.17138109
0.91760063,4.47267
-0.11595887,-0.090485185
0.8695455,3.79901
0.6200749,1.5283473
0.47367597,0.88181734
-0.33895302,-0.24774341
-0.1460452,-0.1399307
-0.91087675,-0.21056353
-0.245306,-0.19454935
0.74081177,2.3789303
0.5627582,1.2439063
0.616727,1.5118948
-0.5567988,-0.35642198
-0.5799267,-0.34838098
0.3266839,0.48358485
0.30253437,0.43466365
-0.6093797,-0.35221183
0.43929356,0.77967215
-0.24769825,-0.20182966
0.77360517,2.6758223
-0.27104408,-0.20867082
-0.5400776,-0.32203567
-0.608268,-0.3502524
0.79639846,2.8985007
0.72005886,2.1934168
-0.14826424,-0.13647011
-0.51855785,-0.35021335
-0.43091452,-0.31206587
-0.23009627,-0.21078292
-0.91130424,-0.20137072
-0.86541456,-0.28061703
0.8549215,3.5803297
0.5322351,1.105326
0.6279672,1.5780007
-0.04271205,-0.043586064
-0.27004156,-0.2265472
-0.8160604,-0.3067911
0.1161704,0.13422956
0.48671743,0.9397769
-0.60817784,-0.36344048
-0.22167839,-0.17068791
0.8546268,3.5931225
0.6875013,1.9696081
0.59658784,1.4221601
-0.92113066,-0.20329666
-0.6688429,-0.36296234
-0.38791803,-0.28523782
-0.39271158,-0.28820562
-0.7420786,-0.34684667
-0.42110488,-0.28095132
-0.143711,-0.11292795
-0.90138984,-0.21971814
-0.19364527,-0.16545936
-0.0069329166,0.0055235703
-0.9181308,-0.20176086
0.34839714,0.5506913
-0.84043497,-0.299591
0.2958485,0.41937047
0.9881667,5.751012
-0.8787519,-0.25200793
-0.45564044,-0.3193238
-0.7413387,-0.35878435
-0.2615374,-0.20571378
0.6705208,1.8490775
0.85889524,3.618387
0.67944324,1.9357828
0.38213515,0.6323674
0.43443543,0.75133
-0.75904965,-0.35519648
-0.50259143,-0.33080837
-0.27220643,-0.20722997
-0.8997231,-0.21765427
0.64329356,1.6646308
-0.48864388,-0.30035463
-0.8954205,-0.23288713
-0.8538311,-0.26407027
0.9389874,4.835319
0.82396877,3.2265534
0.9174836,4.4905086
0.91341436,4.41397
0.5988679,1.429951
-0.4480627,-0.30508602
-0.35046145,-0.24981047
-0.19599657,-0.17162502
0.57000536,1.2793052
0.85354674,3.5825262
-0.11937958,-0.12492538
-0.39704642,-0.29463312
-0.5143046,-0.33294258
-0.4870618,-0.3213599
-0.98623157,-0.040588416
-0.53173584,-0.3313159
-0.41016364,-0.29048008
0.55117625,1.2038406
0.09705668,0.11072411
-0.33780593,-0.26331097
0.19415344,0.24253523
0.57662773,1.311137
0.22009385,0.2754626
-0.85951716,-0.29102623
-0.51799077,-0.3464415
-0.42827132,-0.30648145
-0.2741336,-0.20447402
-0.95074904,-0.13066022
0.4886064,0.95466167
-0.059271786,-0.06617744
0.79316336,2.8728762
0.035364993,0.03103811
0.9763313,5.5191936
0.4013889,0.6701328
0.77373415,2.6921391
0.9465672,4.985224
-0.05648613,-0.07545931
0.266228,0.38293248
0.8280748,3.25296
0.15060331,0.17830649
-0.894414,-0.22081499
0.39397195,0.6540802
0.87147117,3.8214633
0.5623342,1.2543993
0.5825237,1.344995
-0.8414914,-0.28721258
0.4747736,0.88120866
-0.9354921,-0.16647765
0.86132926,3.6652946
0.8286103,3.2461212
0.96055895,5.214696
-0.39360836,-0.29173458
0.0805488,0.07829344
0.15752374,0.19365035
0.11345085,0.12030304
-0.17566514,-0.140965
0.97379667,5.457468
0.7733866,2.6759849
0.22070308,0.2792708
0.29547748,0.43098354
0.42849678,0.7457443
0.207393,0.2645543
0.41504234,0.69492596
0.6329922,1.6223062
0.9557548,5.135828
0.69813377,2.027425
-0.74129385,-0.34806702
0.0927999,0.1052095
0.26381773,0.35479873
-0.46852705,-0.3191209
-0.04895488,-0.05737425
0.8653855,3.7401335
-0.4820338,-0.31390098
-0.36542892,-0.27757612
0.81657743,3.1325352
-0.8112688,-0.3272991
0.7603324,2.546755
-0.39235947,-0.26521218
-0.0031285163,-0.006656065
0.28569928,0.3913427
0.29290232,0.4020679
0.9599611,5.2106843
-0.9304518,-0.19043688
0.40763187,0.6834596
0.691236,2.0066214
0.17665823,0.2238288
0.95144933,5.0638647
-0.16466787,-0.1173329
0.49972412,0.9859033
0.37273595,0.5835185
-0.93727404,-0.14746292
0.10558183,0.11939234
-0.4781621,-0.31921846
0.05749932,0.063964486
0.7681487,2.6285236
0.26025277,0.3703951
0.18777744,0.21489884
0.34487888,0.53371036
0.056635056,0.06136594
-0.10441894,-0.08999258
-0.25112784,-0.20447327
0.40014955,0.67948323
0.5514657,1.2037479
-0.15352185,-0.14078943
-0.91254014,-0.19041923
0.086294964,0.09744694
0.14726113,0.16685428
-0.042002916,-0.05723565
-0.28014407,-0.21104437
0.791836,2.8590136
-0.037765965,-0.031125067
0.59793854,1.433832
0.27545896,0.37190565
0.574114,1.3132213
0.7553337,2.5023901
-0.5133192,-0.31816483
0.6573475,1.781837
0.4422054,0.79584444
0.122145794,0.14352535
0.08992709,0.107717715
-0.37716052,-0.27644727
0.08127127,0.075183004
-0.23130088,-0.19522056
0.77761984,2.7465177
0.16415235,0.1847417
-0.40194032,-0.27590176
-0.7112513,-0.36293402
0.38797003,0.6281736
0.32943144,0.5075336
-0.2798928,-0.21765205
-0.6756542,-0.3555305
0.43235865,0.7806906
-0.4592106,-0.31383762
0.724021,2.250295
0.45245913,0.8263031
0.7847865,2.791421
0.9691846,5.3900266
-0.31797004,-0.22972822
0.008126217,0.01601838
-0.19244763,-0.1602111
-0.8448115,-0.32029068
-0.1900603,-0.17415963
-0.11240585,-0.08270139
-0.6532093,-0.3739706
0.7666251,2.6297805
-0.41512606,-0.30410892
0.5171608,1.0409571
-0.84746057,-0.2819895
-0.9398229,-0.13508949
0.9909713,5.8197327
-0.7539635,-0.3473324
0.53171796,1.0961986
0.20903356,0.24297516
-0.09409428,-0.09032615
-0.9261586,-0.17582358
-0.3427426,-0.25535983
0.8001812,2.9754505
0.8103051,3.0470407
0.19939716,0.24599628
0.14934976,0.19227292
-0.14880341,-0.123019606
0.55112994,1.1824656
0.76588947,2.5890348
0.45501515,0.82357574
0.05057189,0.04314887
0.26918718,0.3637497
-0.5605186,-0.3251745
0.9824571,5.632058
0.8717366,3.8073933
0.9132703,4.4294043
-0.66630703,-0.36193535
0.30556333,0.4546458
0.31268677,0.46270224
-0.28980735,-0.23145907
0.7303603,2.3026726
0.5646828,1.2562838
0.4392323,0.7600446
-0.9422201,-0.12406074
0.9811254,5.6052685
0.4367441,0.7689348
0.93888634,4.834913
-0.8264404,-0.30714893
0.3886989,0.6355927
0.4896206,0.95189595
-0.8706564,-0.26744804
-0.8710379,-0.2513969
0.5245322,1.073426
0.59535915,1.4004883
0.8203564,3.1574826
0.54408115,1.164715
-0.51925725,-0.3198846
0.9374042,4.8118773
-0.4655229,-0.29676706
0.4544295,0.81470644
0.05875035,0.048840486
-0.7553836,-0.33649173
0.85425806,3.5818286
0.17585248,0.20362657
-0.81636786,-0.31377766
-0.23328823,-0.18580286
0.5299937,1.1120921
0.23684028,0.30697796
-0.55300945,-0.3594649
0.1388409,0.15848921
-0.38227436,-0.2758884
0.054539125,0.06894941
-0.364064,-0.28136012
-0.0074416003,-0.011152003
0.68432736,1.9481283
-0.57596636,-0.33667114
-0.99642205,-0.017308632
-0.6900065,-0.37235633
0.683713,1.9475172
-0.16988555,-0.1679838
0.47951883,0.9044324
-0.9384769,-0.14747083
-0.7073044,-0.35888192
0.13789995,0.16197899
0.44060746,0.765489
0.57577163,1.2950203
0.28603107,0.4138285
0.5133659,1.0346781
-0.66849554,-0.36708507
0.31634802,0.45437297
-0.14941514,-0.12980573
0.8297453,3.2782393
0.23056939,0.3081866
0.08333706,0.08037558
0.15652275,0.19391409
0.6626378,1.8143382
-0.9774523,-0.05703532
0.72053623,2.2051423
-0.94162595,-0.1387043
0.16532287,0.19316773
0.0051858914,-2.0242729e-05
-0.25929484,-0.20449035
-0.74256027,-0.35716534
-0.75185704,-0.3562915
0.48431727,0.9339159
-0.7730079,-0.34181133
0.37450802,0.5779712
0.9806125,5.615997
0.36377564,0.58243793
-0.84957504,-0.28060174
0.08411811,0.09844878
0.66887724,1.8369057
0.90922105,4.345308
0.45531172,0.83024114
-0.38066632,-0.2593915
-0.49768284,-0.32452446
0.56764054,1.2855848
0.5206304,1.0815439
-0.027231596,-0.026869735
-0.82637566,-0.3130088
0.34407493,0.5194031
0.18089484,0.21957245
-0.9762856,-0.07599143
0.2848481,0.40366003
-0.7352436,-0.34720874
0.6516611,1.7089934
0.34715402,0.5486655
-0.8966152,-0.23240532
0.06365173,0.06502563
0.6107789,1.4908432
0.6599739,1.7721771
-0.8292356,-0.31183943
-0.8421937,-0.30234194
0.5499948,1.1883515
-0.5346915,-0.34607586
0.18805581,0.23537177
0.21768852,0.2650757
0.2596231,0.35499838
-0.32424998,-0.25584146
-0.9201987,-0.1781568
0.07496362,0.08916607
0.030017173,0.009552855
-0.13371824,-0.10952102
-0.4409257,-0.3298566
0.68608713,1.9459262
-0.25980735,-0.1958334
-0.7464016,-0.35890248
0.51624006,1.0625488
0.2725581,0.3816052
-0.38169348,-0.27968797
-0.6977184,-0.36929542
-0.12066729,-0.092641324
-0.86813,-0.2705713
-0.5544823,-0.36493444
0.92793,4.6464915
-0.69900966,-0.36219475
-0.4500399,-0.31563985
-0.7220594,-0.33597103
0.8240035,3.209916
0.84967214,3.5191178
-0.8810594,-0.25914106
0.79644436,2.9228442
-0.7153541,-0.36393493
-0.2054158,-0.16225858
0.17258917,0.2201319
-0.07517585,-0.06628582
-0.7281599,-0.35545844
0.58316004,1.3319732
0.37483194,0.5827626
0.88240445,3.9464798
-0.29410508,-0.2263937
-0.1392119,-0.09915518
-0.30049703,-0.23656072
-0.8740223,-0.24822573
-0.8900607,-0.23153117
0.5226538,1.0729356
-0.43028283,-0.30136025
-0.02573995,-0.029395796
0.95794034,5.171637
-0.9646849,-0.08922287
0.035309162,0.045206636
0.036445882,0.03358435
0.99709904,5.934996
0.6686613,1.8318651
-0.8663964,-0.25786483
-0.68578357,-0.35569516
-0.9321819,-0.15112573
-0.60633105,-0.3668253
-0.57533646,-0.35814607
-0.82022566,-0.2968563
0.054445967,0.070820384
0.95002306,5.023755
0.6076487,1.4618248
-0.59325325,-0.3535877
0.56599534,1.2736666
0.9644891,5.287831
0.6704622,1.8506163
-0.06264648,-0.048061363
-0.46132857,-0.31467694
0.49578196,0.9679033
0.5729012,1.308165
-0.40632343,-0.29180294
-0.5516346,-0.33282033
0.3442125,0.52251494
0.7768599,2.7053533
-0.9585751,-0.104155764
0.97418165,5.4743886
-0.6162979,-0.37211794
-0.30116287,-0.21163648
-0.8941415,-0.22663319
-0.8889206,-0.24160556
-0.45449573,-0.31272975
0.13003765,0.16478163
0.80216557,2.9904778
-0.86030763,-0.28040707
0.09179968,0.10372414
-0.1677319,-0.1473083
0.9785295,5.5725913
-0.6257871,-0.36533514
-0.26096967,-0.2262154
-0.93308306,-0.17444505
0.8284789,3.2787066
0.24484134,0.31695586
0.17567322,0.2209586
-0.90253896,-0.21426606
-0.80200076,-0.3337543
0.58054876,1.329529
0.09894423,0.10355548
-0.601981,-0.36169368
0.09963184,0.092806086
0.9362313,4.793298
-0.79260075,-0.33831543
0.9404126,4.866557
0.55017656,1.1944432
-0.7115379,-0.35557273
0.62935954,1.5868374
0.4880421,0.9339616
0.1478449,0.17197739
0.5487202,1.1936686
-0.71750546,-0.36590087
0.44324553,0.78324443
0.28185883,0.3812803
-0.43063396,-0.2940135
0.38074422,0.61005545
0.35770187,0.5456881
-0.52192366,-0.34397346
-0.70462745,-0.35607815
-0.27546155,-0.21443579
-0.20167674,-0.17451058
0.648308,1.7122706
-0.12784158,-0.10300039
0.47319084,0.894699
-0.07460181,-0.06735523
-0.8657434,-0.25187117
0.30548713,0.45274392
0.7907723,2.8559608
0.036637962,0.04812404
0.40411386,0.68173164
0.55767876,1.2175361
-0.0652318,-0.045232397
-0.50040156,-0.31140307
0.7201436,2.2263188
0.65737784,1.7701278
0.71897954,2.2145073
0.6515652,1.7235482
-0.73377585,-0.3462064
-0.17057483,-0.15861389
-0.6169261,-0.363768
-0.68961716,-0.38932967
0.562998,1.2512945
-0.03731823,-0.02567894
-0.81859803,-0.29819053
-0.18782486,-0.1602687
0.98659974,5.7271132
-0.5752213,-0.3520843
-0.20567311,-0.15248938
0.18902099,0.23638536
-0.6008231,-0.339121
0.9355199,4.7948585
0.26980522,0.37688446
-0.5411823,-0.3478928
-0.10679346,-0.1073255
-0.27820235,-0.21665886
-0.7553785,-0.34940508
-0.4307926,-0.31079933
0.10743595,0.13119297
-0.8237815,-0.30869043
-0.9033993,-0.21074492
0.08266592,0.107102916
-0.13186263,-0.12426307
-0.6234894,-0.38231
0.42549905,0.7303847
-0.8242466,-0.29284626
-0.45920378,-0.3116599
-0.7974123,-0.33148125
0.4552148,0.8229836
0.26544163,0.3611717
-0.6230912,-0.3671315
0.11473644,0.12468754
0.3929446,0.6553761
-0.9316612,-0.14099203
0.3264428,0.47564298
-0.37695447,-0.27833536
-0.7295089,-0.36380363
0.6423086,1.6855215
0.2122619,0.27701676
0.0930659,0.100044556
0.6729258,1.8613454
-0.46977627,-0.30056372
-0.9717459,-0.07745242
0.89745444,4.1787
-0.47446576,-0.33972314
0.26669636,0.37151894
0.9540645,5.1058345
-0.5327557,-0.338565
0.9854461,5.7027044
0.07731287,0.09319214
0.9179374,4.471643
-0.82792103,-0.31902498
0.06204746,0.08574028
0.8887312,4.039301
-0.68894225,-0.37192595
-0.44958615,-0.2950773
-0.5750518,-0.35139567
0.93089193,4.7053976
-0.47293442,-0.30158502
-0.75808877,-0.35510236
0.59361213,1.3914272
0.027008848,0.035363693
0.17979291,0.22079378
0.21362853,0.28192034
0.2260113,0.28552344
-0.09146611,-0.08180942
0.95112884,5.0526013
-0.65178245,-0.36825284
0.91572034,4.4459906
-0.41519174,-0.29608637
-0.62016326,-0.36639047
0.25146517,0.34838822
0.7836992,2.7894275
-0.27415594,-0.2106317
-0.8491503,-0.28887632
0.07306797,0.06990882
0.97033346,5.409135
-0.22087733,-0.16671436
-0.9600996,-0.1147559
0.001752592,0.006293436
-0.23251402,-0.19315293
-0.8666277,-0.26764518
0.749654,2.461437
0.237529,0.31596732
-0.69158167,-0.36566734
0.8519027,3.548501
0.15248722,0.16415212
0.3783918,0.6091449
0.16683161,0.20633931
0.956706,5.154287
0.7812722,2.7588706
-0.96696115,-0.07488158
-0.9708164,-0.063991524
-0.023638364,-0.012377154
-0.37187633,-0.26700705
0.077746436,0.08527104
-0.3232948,-0.25456682
0.7564093,2.5045707
-0.6604057,-0.35103306
-0.8854446,-0.24216416
-0.31416363,-0.20491248
-0.72171944,-0.3657831
0.18303789,0.2283082
-0.055015195,-0.041926377
0.41592813,0.70190275
-0.8544126,-0.28418863
0.50877625,1.0158243
-0.44686857,-0.3104616
0.34286672,0.52490246
-0.41799155,-0.29265663
0.6675817,1.8101273
0.6681789,1.8355716
-0.3873807,-0.2745352
0.81911,3.1601458
-0.35792446,-0.24655904
0.79138684,2.8651178
-0.6137199,-0.35975647
-0.42416975,-0.2870073
0.7683762,2.6573033
-0.83835447,-0.299138
0.4035707,0.6842584
0.36398318,0.5893437
0.94431996,4.9310775
0.9445539,4.9257355
-0.03901499,-0.033166822
0.31680813,0.47672206
-0.68842155,-0.36718306
-0.54784566,-0.33341515
0.11687745,0.12375155
-0.52481616,-0.33946168
-0.56625336,-0.35053942
-0.9543174,-0.12085014
-0.85331357,-0.29127026
0.42285904,0.7251363
-0.97133785,-0.09856421
0.791563,2.870377
-0.8426782,-0.29319984
-0.68685114,-0.35292888
-0.31931317,-0.2426687
0.45331186,0.8040178
0.40143117,0.6710352
-0.5068802,-0.33729443
-0.34601438,-0.24593425
0.64246356,1.6684378
-0.0064425194,0.013750724
-0.08359538,-0.08608801
0.2669534,0.36650074
-0.086305864,-0.073462754
-0.13199653,-0.11990758
0.59720725,1.4020705
0.86284745,3.6929722
0.0985295,0.09110907
-0.42132467,-0.3017574
0.89941186,4.2064548
0.4038743,0.6845667
0.30864748,0.44885033
0.21333864,0.26712903
0.48075485,0.9097851
0.5512225,1.1883111
0.5823655,1.3492374
0.95160365,5.046954
-0.17759652,-0.1592767
-0.5147278,-0.34838986
-0.21179414,-0.16890518
0.53359693,1.1328031
0.081399664,0.09435242
0.72938234,2.2958949
-0.52771634,-0.34321973
0.47405523,0.8959892
-0.50129354,-0.3361188
0.59822917,1.4149822
-0.12353887,-0.11033112
0.97882605,5.5711327
0.3374676,0.52653104
0.4834605,0.9326739
-0.914552,-0.19702047
0.4061351,0.6979101
-0.16235347,-0.115640864
-0.35373792,-0.26059312
0.59039193,1.3841474
-0.54272705,-0.35519272
-0.6363541,-0.3614095
-0.28936568,-0.23107442
0.25869933,0.33001372
-0.48536694,-0.31259713
0.11719292,0.13381353
-0.23030525,-0.19585684
-0.20657074,-0.18946624
-0.5937633,-0.36231694
-0.3557903,-0.2686319
-0.45230836,-0.30987954
-0.5131216,-0.35035625
-0.83844084,-0.29332864
-0.13386028,-0.11164239
-0.5106307,-0.34505305
0.9220377,4.5427494
0.20340799,0.26547447
-0.075966045,-0.072092384
-0.3240219,-0.23804586
-0.07846914,-0.07165493
-0.3170693,-0.24137616
0.71371126,2.173827
-0.48832515,-0.31525064
-0.44007102,-0.2995231
0.41924098,0.7224976
0.80185497,2.9667766
0.3602318,0.567379
-0.8305427,-0.28925875
0.7979653,2.940208
0.5386482,1.1203041
-0.5205612,-0.3310175
-0.874785,-0.2521635
0.43495864,0.7758966
-0.53084165,-0.32662475
0.047622588,0.05496014
-0.8208774,-0.32526764
0.13632444,0.15671277
-0.9570526,-0.12117195
0.067986116,0.061286956
0.6673907,1.8431915
0.16148606,0.18794316
0.7692974,2.6632726
0.09776341,0.104510084
0.3748612,0.5908385
-0.2674611,-0.20492557
-0.40639916,-0.288448
-0.32835525,-0.24410252
-0.7944047,-0.33683544
-0.49121717,-0.3301724
-0.22592759,-0.18915991
-0.31690186,-0.25082004
-0.008821642,0.000918708
-0.023465648,-0.020869339
0.47080377,0.88150424
-0.20851481,-0.16586255
0.35444766,0.5515426
0.78125316,2.782052
-0.08845576,-0.0770017
0.10685679,0.09912465
0.35435537,0.5428141
-0.011786003,-0.020971606
-0.67360306,-0.3602117
-0.4128487,-0.29489756
-0.94362676,-0.13772802
0.36718372,0.57197744
-0.44084814,-0.30177736
0.6472241,1.6945312
0.31182444,0.44930682
0.47226086,0.8872049
0.7649273,2.6066792
-0.14859834,-0.11508587
-0.62277734,-0.35006925
0.8710249,3.8136404
0.9916554,5.8314977
-0.5640652,-0.35390547
0.48198158,0.9249892
-0.85545653,-0.2684187
-0.94505936,-0.12776749
0.3502576,0.5382378
-0.48968136,-0.3276203
0.7357009,2.3501315
0.026139418,0.0024858867
0.5640909,1.2683318
-0.79306436,-0.31997257
0.74892384,2.4537222
-0.620125,-0.36430946
0.13644725,0.1787661
0.21938083,0.27065736
-0.86810285,-0.26843435
0.9551257,5.1425614
-0.39551798,-0.29306647
0.42822856,0.74594885
0.26329473,0.35488674
-0.93383306,-0.14205506
0.72471917,2.2457952
-0.3911353,-0.2937241
-0.5018875,-0.3264105
-0.8828981,-0.2522346
-0.49933705,-0.32190382
0.240119,0.32027245
-0.5982627,-0.3688547
-0.0669975,-0.044391952
0.59940255,1.4207709
0.910374,4.370081
0.4009839,0.6723986
-0.60853374,-0.3427752
-0.23372069,-0.20227292
0.108099736,0.11657814
0.74281573,2.4126296
0.09544653,0.09979095
-0.017410891,-0.015539597
-0.48058233,-0.32472834
-0.00079592376,0.004152642
-0.36256865,-0.27796674
0.12892087,0.15116651
0.6174287,1.5293359
0.8914477,4.0976806
0.61919546,1.5291345
0.65660006,1.7733184
-0.2840155,-0.24207094
0.39100647,0.63312685
-0.22381665,-0.15842143
-0.95153636,-0.12538362
0.7690862,2.652621
-0.89541763,-0.22702962
-0.7689466,-0.32745063
-0.9632183,-0.100718156
-0.86548597,-0.26671225
-0.8819728,-0.23931395
0.35461345,0.5636953
0.7069975,2.0931513
0.5933762,1.400762
0.25257033,0.32930255
0.5719913,1.2890477
-0.08687044,-0.085285075
0.8128118,3.0676684
-0.08018253,-0.06365239
-0.94357646,-0.15596549
0.4049498,0.67683583
0.66146976,1.7892028
-0.55084085,-0.35321915
-0.3643104,-0.26001677
0.38992453,0.6332407
0.14763448,0.16604975
0.7799392,2.7318656
-0.044651918,-0.051994264
0.34490553,0.529837
-0.4567254,-0.3306702
0.85886645,3.6596851
-0.26040477,-0.20806018
0.079061486,0.07717221
0.23296472,0.30962375
-0.49145353,-0.32905093
-0.3665117,-0.25865915
0.0048516802,-0.0057501504
-0.45827383,-0.32124695
-0.7396942,-0.34958303
0.6731779,1.8800611
-0.35054815,-0.25712365
-0.16802903,-0.14154628
0.09433277,0.09581713
0.6848404,1.9436609
-0.7193599,-0.36698306
0.25190786,0.34960145
-0.2978446,-0.2154244
0.73908955,2.3762069
0.32238176,0.4953317
-0.7096174,-0.35589236
-0.40612555,-0.27570382
-0.92767936,-0.17670487
0.54112303,1.1480534
-0.17442188,-0.15007763
-0.9026528,-0.22716525
-0.97308713,-0.07887599
0.91109365,4.3895864
0.70467263,2.0879316
-0.3311149,-0.24285881
0.033172637,0.026904643
0.15181193,0.17111461
0.03058048,0.031672433
-0.3839998,-0.29699066
-0.2188565,-0.16874734
-0.6376626,-0.3561354
-0.9335705,-0.15501456
-0.6905538,-0.3567444
-0.9738827,-0.073586494
-0.13386391,-0.115619026
0.32178572,0.4778312
-0.63812655,-0.37775525
0.06783176,0.074784204
-0.35006204,-0.26258713
-0.7600132,-0.33013284
-0.74482304,-0.3559109
0.23623021,0.30798388
-0.7645843,-0.35893568
0.106520586,0.115308285
-0.6187554,-0.3819329
0.7322642,2.3319514
-0.9000401,-0.21605027
-0.22582664,-0.18786953
0.5230199,1.0791197
0.49830645,0.9684353
-0.7104431,-0.36376524
-0.6065499,-0.36983147
0.09265474,0.086808324
0.36850792,0.58973294
0.5045675,1.0005822
0.24109681,0.30033743
0.566234,1.254088
-0.12024116,-0.09428172
0.121217184,0.13070141
-0.13353558,-0.11158382
0.52189165,1.0621583
-0.6503771,-0.3618166
-0.49518347,-0.32105798
0.67366654,1.8647842
0.4287851,0.74465126
0.470341,0.881475
-0.8017471,-0.3324744
-0.031188216,-0.032338332
0.12867913,0.13824593
0.55984086,1.2337921
-0.1555366,-0.12383805
0.08141926,0.077001154
-0.52333236,-0.3435448
0.6642452,1.7879924
0.8277815,3.2652657
-0.07167665,-0.08287567
-0.12550022,-0.106482245
-0.34347078,-0.24953462
-0.4663492,-0.30566373
0.106754124,0.12320039
-0.66246146,-0.37989402
0.17863575,0.21615647
0.122636065,0.14173631
0.38813168,0.6374975
-0.5485113,-0.33886468
0.40391815,0.67040616
-0.96615255,-0.09280569
0.06885534,0.07296032
0.6881439,1.9596304
0.45560923,0.8197626
0.7016646,2.0705376
-0.70330745,-0.3713165
0.43778682,0.75857556
-0.061847765,-0.07343655
-0.35366702,-0.2538042
-0.288474,-0.22021239
-0.7961165,-0.3289124
0.3939052,0.6442082
0.2637927,0.3523733
-0.6947576,-0.38400507
0.088446185,0.102965966
-0.7406597,-0.35932925
-0.37330708,-0.2648797
-0.911755,-0.212321
0.24214222,0.33591977
-0.97512674,-0.06737302
-0.47853035,-0.32097563
-0.46660724,-0.32506478
0.4967114,0.97376204
-0.098741814,-0.08370268
0.14642845,0.14913625
-0.50181425,-0.33015144
0.09525555,0.10409755
-0.7015938,-0.35862705
0.98472446,5.670483
0.03394699,0.04314106
0.75876004,2.552438
-0.7886162,-0.32710224
0.18084101,0.21414094
0.3420995,0.53037614
0.57790715,1.3100145
-0.028165452,-0.048528407
-0.92783767,-0.17110844
-0.4776225,-0.32001153
-0.43877524,-0.29058802
-0.3631279,-0.27612558
-0.8155962,-0.32044944
-0.9987322,-0.008146893
0.039378043,0.049025297
0.4735647,0.8785787
-0.5397914,-0.32915625
0.38761055,0.6234473
0.46224248,0.8467623
-0.17751937,-0.1503334
0.05009518,0.04259098
-0.37200454,-0.26650524
-0.2495524,-0.19703722
0.17821081,0.21065389
-0.27616167,-0.21345265
0.002177258,0.005312388
0.48753172,0.9442779
0.92920595,4.6878476
0.78211594,2.7721448
0.8289969,3.279197
0.82243496,3.1873522
-0.5169366,-0.34960955
0.8928211,4.105352
-0.555271,-0.34328634
0.72843057,2.285736
0.16216838,0.16829722
0.67738724,1.8981586
0.96445197,5.3074403
0.75140554,2.5011737
0.6330075,1.6282938
-0.5869899,-0.35996073
0.7198133,2.2059019
-0.66848564,-0.35998273
0.025436109,0.034189202
0.0046901307,0.015945943
0.03748228,0.044917364
0.44629222,0.7873865
-0.20793274,-0.18604243
-0.08670854,-0.06519958
0.31804153,0.46422973
0.36473963,0.5631188
-0.1249356,-0.12238319
-0.89571214,-0.23391387
-0.48182738,-0.3051502
0.8880305,4.039055
0.8548194,3.5979338
0.29929727,0.43032792
-0.6295258,-0.36286086
-0.8085822,-0.3418738
0.8990521,4.2112336
0.7463356,2.4262986
-0.20414434,-0.18608297
0.25920463,0.33132744
0.8283039,3.2721314
-0.72369206,-0.35147482
0.27252504,0.35161301
0.8389709,3.3879652
0.67304814,1.8708372
-0.42574438,-0.29528478
0.90409434,4.27361
-0.5936738,-0.35705096
-0.5828532,-0.3443251
-0.8067841,-0.31902108
-0.7637632,-0.34060457
0.52330655,1.0708705
-0.44827366,-0.31973583
0.7382598,2.3663504
0.71521044,2.1832333
-0.767037,-0.35245445
0.064700685,0.07150801
0.47891924,0.9079691
0.36528373,0.55751467
-0.7926596,-0.3340734
-0.3565111,-0.26053303
0.22395279,0.28389645
0.16867302,0.2138157
0.6280535,1.5724633
-0.88784194,-0.21843472
-0.039285548,-0.0378381
0.6978975,2.041292
0.98731714,5.748371
-0.74300885,-0.3695145
0.2918152,0.43457562
-0.99733746,-0.014745862
-0.30094042,-0.22228277
-0.110497184,-0.099479645
-0.30826968,-0.24560913
0.24901858,0.34169686
-0.9692403,-0.078841075
0.8165141,3.1618233
-0.36294705,-0.26181453
-0.6992766,-0.36973488
-0.1336175,-0.13641787
0.027972164,0.021338351
-0.89596075,-0.2255483
0.5981599,1.4166323
0.47488636,0.9016097
0.023590783,0.027785083
-0.6280724,-0.37456813
0.8531625,3.5654492
0.58835036,1.3613123
-0.53257334,-0.33612588
0.4719724,0.8882718
-0.79727,-0.33568677
-0.76310974,-0.36374578
-0.11082115,-0.071642675
0.40345225,0.6766206
0.83459675,3.3437643
0.9419772,4.8740063
0.38381764,0.62814444
0.56640136,1.2737868
0.020889375,0.024717232
-0.8881692,-0.23814318
-0.74941134,-0.35113353
0.9415693,4.8768272
-0.21399799,-0.18322514
0.54374117,1.1586387
-0.55906147,-0.33664376
0.065823756,0.07313635
-0.6946214,-0.37126866
0.61745524,1.5181592
-0.66387,-0.3864575
0.41187403,0.70139545
-0.6981807,-0.3656116
0.63732874,1.6414174
0.0058338204,0.03617849
-0.17514612,-0.15351053
-0.3264357,-0.24365796
0.37545213,0.593162
-0.8238954,-0.31210726
0.71239495,2.1434748
0.5224891,1.0609472
-0.25410378,-0.22060911
0.95526826,5.116785
0.66412306,1.8099612
-0.4583587,-0.31451547
0.7754733,2.7005107
-0.80205697,-0.33109477
0.37914345,0.61040473
-0.73731285,-0.35528713
0.95184934,5.066498
-0.9006019,-0.22427256
-0.53447634,-0.33289638
0.060258508,0.044056967
0.16792493,0.19417107
0.02582878,0.018533994
0.4801954,0.9189334
-0.9968902,-0.014632998
0.12763268,0.13657261
0.22991028,0.30023572
-0.58185047,-0.34555534
0.31827345,0.47377175
0.30796278,0.4539184
0.060310613,0.06536954
-0.48142165,-0.3181197
-0.1668732,-0.14559914
-0.45510682,-0.31324866
0.5394496,1.1327106
0.23720029,0.31783652
-0.6975729,-0.38154405
0.1352205,0.14329107
0.80651766,3.0398571
0.6655967,1.8161793
0.7824095,2.7722938
0.8340158,3.3215106
-0.62358284,-0.35664022
0.43926418,0.7914876
0.28872687,0.42020112
-0.9332203,-0.1790276
0.5564109,1.2288028
-0.585614,-0.35433042
0.8340178,3.3083878
0.6705563,1.8349808
0.5377869,1.1165496
0.39356908,0.6525991
-0.059836727,-0.058326118
0.59568834,1.4010001
0.6384631,1.6454027
-0.8030388,-0.3083768
-0.3378841,-0.25512096
-0.3666958,-0.26436883
-0.7507671,-0.34572735
0.95158094,5.0492535
0.16718891,0.20639451
0.1795959,0.22810158
-0.23508772,-0.18030824
0.53736943,1.1321219
-0.048700213,-0.037070975
0.48449472,0.9325983
0.7560321,2.5208848
0.3138502,0.4661281
0.24625137,0.34407225
0.5738344,1.3076632
0.006021524,0.005314804
0.62328315,1.5526291
-0.8150023,-0.31217086
-0.5161462,-0.33245337
0.84919053,3.5305302
-0.65761167,-0.37414274
-0.09387003,-0.07544418
-0.03855606,-0.05108131
-0.16496381,-0.14335255
0.73381805,2.332194
0.4994721,0.9812737
0.6204125,1.5456196
0.9825913,5.6586976
0.94964075,5.0212083
0.7842107,2.774833
0.13126767,0.13975225
-0.39739412,-0.28414974
0.44740993,0.81562424
0.8985528,4.1922827
0.9804552,5.624231
0.22645092,0.2799903
0.4016051,0.65083456
-0.4425442,-0.30213246
-0.59684956,-0.36253798
0.2776795,0.37672564
-0.5497203,-0.34472036
-0.20930845,-0.18538879
-0.0148489205,-0.009177107
0.86539215,3.730591
0.9551175,5.1213126
-0.50579536,-0.32816562
-0.73603547,-0.3374407
-0.5502357,-0.34754622
0.037776902,0.03435287
0.5658285,1.2671853
0.04398148,0.03937117
0.86627126,3.745147
0.2748317,0.38704085
-0.032691184,-0.01766064
0.5405857,1.14411
0.90740305,4.3160696
-0.33368382,-0.2524227
-0.44999954,-0.30600062
-0.5732897,-0.35762817
0.07129208,0.07808511
-0.06353016,-0.042306576
-0.50557286,-0.33590147
0.44333047,0.7822654
-0.40490007,-0.27755123
0.51303965,1.0219535
0.67777616,1.899648
0.7323451,2.3087974
-0.70706934,-0.37897554
-0.38812256,-0.28007478
0.048323374,0.044500172
0.6911697,1.9991
-0.19788487,-0.16318652
0.3197353,0.4712678
-0.0908933,-0.092805125
-0.94077045,-0.15434054
-0.3673037,-0.26546112
0.5134403,1.0270233
0.46058622,0.8453291
0.7673259,2.6282067
0.1857689,0.23563235
0.532882,1.1092615
-0.16966917,-0.14897373
-0.300598,-0.22898997
-0.3203242,-0.24967453
-0.68191093,-0.37850392
-0.124429636,-0.107125066
0.6214239,1.5443319
-0.97570515,-0.06239631
0.14977865,0.17043938
-0.6542238,-0.36360437
0.48836046,0.9235119
-0.71956885,-0.3542931
-0.67190933,-0.37026945
-0.9147712,-0.1991931
-0.11465826,-0.10439001
0.29510263,0.4148936
-0.42242026,-0.29464048
-0.9172463,-0.19336325
0.86529297,3.7295105
0.72103745,2.2089174
-0.074374594,-0.061510675
0.64655447,1.6944168
0.60233146,1.4457304
0.12324081,0.13927293
0.05363731,0.046022266
0.30204973,0.4577517
0.44426072,0.79451865
0.6416111,1.6495913
0.14898609,0.17414676
0.49249524,0.95265424
-0.6287447,-0.36380386
0.49224517,0.9393014
-0.8837178,-0.24538594
0.31691873,0.45475823
0.42500672,0.74955153
0.9350949,4.774163
-0.1564353,-0.12808265
-0.7719005,-0.33464423
-0.33072612,-0.2437411
-0.16161332,-0.13750215
0.5399748,1.155676
-0.6275234,-0.36824214
-0.6603847,-0.3572573
-0.5604217,-0.3521771
-0.538129,-0.34045213
0.847573,3.486943
-0.6792755,-0.3778065
-0.17400981,-0.14897117
-0.19341773,-0.1513443
-0.7448494,-0.35601276
-0.7820597,-0.32154784
0.8195832,3.1698842
0.6727458,1.8634684
0.8664554,3.757603
-0.36575314,-0.25407243
0.053004224,0.04235322
-0.48844838,-0.32408467
-0.21619281,-0.17261243
0.58831245,1.3769836
-0.047454022,-0.039214514
-0.78080964,-0.34074885
-0.9936201,-0.021882022
-0.5277147,-0.3390187
-0.63358384,-0.370256
0.5881718,1.3554224
0.3332573,0.5043185
0.67661476,1.8972903
-0.16247357,-0.122200444
0.16726936,0.194958
-0.16527826,-0.13817558
-0.5575982,-0.34976983
0.26188132,0.35322368
-0.22281225,-0.18850566
-0.50134,-0.32814527
0.87694275,3.8990488
-0.78437245,-0.34152064
0.5535938,1.2084689
0.09907068,0.1040042
0.5260727,1.0718671
-0.82025695,-0.3149349
-0.21917386,-0.16061206
0.5920746,1.3807479
0.63015646,1.5874918
0.577816,1.308944
0.4886977,0.9608411
-0.24680464,-0.18685135
0.4323892,0.7631295
-0.7811307,-0.3253905
-0.67478627,-0.35580567
0.07984081,0.085686095
0.099212795,0.10563884
-0.05643533,-0.043133855
0.46999905,0.8783451
0.12763122,0.1371363
-0.8685989,-0.259972
0.7743969,2.6890814
0.2560628,0.35520938
0.7908836,2.8467984
-0.14098,-0.11787885
-0.9963273,-0.009295638
0.5253733,1.0854695
0.1320275,0.15488997
-0.9606888,-0.106710725
0.14522552,0.17491084
0.862167,3.6888359
-0.58252704,-0.35256356
-0.43649864,-0.28969708
0.29902917,0.41285577
0.6418285,1.672557
0.28346846,0.39761746
0.34340686,0.52717364
-0.34660554,-0.25092146
-0.97993934,-0.050064318
0.679724,1.9091395
0.9904891,5.7968907
0.73282707,2.3227787
-0.20499396,-0.15535255
-0.29635602,-0.23052049
0.919736,4.5125623
0.97678584,5.538838
0.22446845,0.2810631
0.028935062,0.03292572
0.032684512,0.023770655
-0.5963867,-0.35965773
0.45639968,0.83187735
-0.6578645,-0.36760828
-0.5807621,-0.3509631
0.34832624,0.53675574
0.73855925,2.3613672
0.33184928,0.49050298
-0.05014452,-0.03511824
0.39047936,0.6359899
-0.09003265,-0.079634555
0.30841553,0.43185294
0.5607183,1.2547365
-0.97062296,-0.07611872
-0.56202656,-0.36870053
0.4061965,0.6708736
-0.19721371,-0.17191365
0.044291906,0.06344557
0.37000912,0.6110613
0.053040694,0.061327677
0.67387164,1.8837484
-0.24168023,-0.18211533
0.38355336,0.6092079
-0.14921592,-0.13056722
0.058614157,0.061388366
-0.7725184,-0.32937416
0.6629561,1.8209425
-0.36011747,-0.24202645
-0.3975892,-0.2783692
-0.82246655,-0.30773813
0.012785884,0.008516717
-0.16418737,-0.14043064
-0.80212456,-0.31588796
0.5031447,1.0057611
-0.86717725,-0.2614196
-0.7099276,-0.37046888
-0.07860453,-0.053516507
-0.28448793,-0.21663685
-0.44896978,-0.30530667
0.12785438,0.15558442
0.048580356,0.04469215
-0.13517077,-0.12640624
0.5523608,1.1952238
-0.003671488,-0.013749494
0.957592,5.1709466
0.60362375,1.4288436
-0.78710127,-0.3404846
-0.4520556,-0.3283446
0.071754254,0.07472283
-0.06222328,-0.06071744
-0.90603644,-0.20066904
0.056300957,0.062526956
0.21071286,0.25917035
-0.07326845,-0.07213895
0.7322673,2.3277073
0.11317952,0.11672726
0.5729124,1.315381
0.17364722,0.21433581
0.81861484,3.1419954
-0.5716241,-0.36138916
0.66336066,1.810942
-0.104018554,-0.086834855
0.39515057,0.65511763
0.13221225,0.15351072
-0.7822912,-0.3393654
-0.12682654,-0.120342225
0.347757,0.53611386
0.7968078,2.9340107
-0.5630813,-0.34905976
-0.28963542,-0.22183093
-0.27878433,-0.20764393
0.04872635,0.046012335
0.7260105,2.2658634
-0.20894785,-0.16482285
-0.70638376,-0.36987862
0.013108005,0.00029486077
-0.9246635,-0.18240999
-0.31108642,-0.22850755
0.028464414,0.014611895
0.0353634,0.03908166
0.6390388,1.6479542
0.6022398,1.4396032
-0.43473437,-0.29794595
-0.39791036,-0.30047742
0.96332943,5.2872057
-0.21702895,-0.18721686
-0.71435124,-0.35768712
0.3138774,0.46405417
-0.51297,-0.31826073
0.20677236,0.26030782
0.642559,1.656516
-0.65268123,-0.3803015
-0.09673193,-0.07545256
-0.234102,-0.19525586
0.9987741,5.970532
0.42326483,0.7183895
-0.8352628,-0.3044184
-0.5428074,-0.32539326
-0.68547994,-0.36417863
-0.96955055,-0.0914397
-0.368297,-0.25800416
-0.35108572,-0.28429532
-0.5300132,-0.3388281
0.10620435,0.11526331
-0.5630998,-0.35151502
0.882131,3.943218
0.4649244,0.8586531
-0.7571987,-0.35369098
-0.46227786,-0.32261163
0.96487606,5.3000627
-0.59962964,-0.3768064
-0.7660856,-0.32433057
-0.53536475,-0.37474892
0.4277127,0.7413175
0.035745732,0.035415348
-0.8648708,-0.275368
-0.2764297,-0.21885538
-0.826759,-0.3016939
-0.4186346,-0.3060849
-0.6580753,-0.38240686
-0.55885124,-0.35291106
0.55632544,1.1895334
0.5669947,1.2571727
0.46483213,0.8544058
0.3764978,0.6030412
-0.50966966,-0.31877357
-0.118531354,-0.10299228
-0.07990821,-0.07056327
0.06971615,0.06767701
0.71269226,2.1494205
0.77725196,2.7141676
-0.5678946,-0.35133433
-0.13601185,-0.124158785
-0.7039513,-0.3596323
0.29635128,0.42707047
0.14414036,0.18120521
0.70165354,2.0739315
0.03778335,0.04249519
0.5621851,1.2551125
-0.36381942,-0.25894028
0.38850695,0.6295655
-0.9196775,-0.19962662
-0.69694567,-0.36842826
-0.10606171,-0.10417073
0.77378815,2.687575
0.77022827,2.6571255
0.19753979,0.24209055
-0.7402243,-0.35905194
0.3619311,0.539445
-0.6462374,-0.36965925
-0.29906958,-0.1986833
-0.37162533,-0.2590018
0.7689315,2.653215
0.38714033,0.63443106
-0.85788673,-0.2684108
0.68677354,1.9590776
-0.13919765,-0.1303166
0.5095292,1.0355471
0.55335754,1.1924405
0.9973619,5.9497476
-0.3061116,-0.21635239
0.7288866,2.2950072
-0.4264067,-0.29971352
0.9910803,5.8282275
-0.17949754,-0.15000859
0.3203605,0.4695209
0.9890195,5.7809896
-0.5991651,-0.36614573
0.24799953,0.31531072
0.996754,5.9298587
0.8879202,4.033371
-0.55851847,-0.36204872
-0.80254966,-0.32595158
-0.14785461,-0.13422297
0.5267109,1.0795853
0.5794208,1.3253775
0.21485591,0.26414564
0.22977592,0.30988693
-0.75868154,-0.33132857
-0.11758198,-0.0981948
0.15233673,0.17543632
0.36719766,0.58294886
-0.81645125,-0.3230329
0.38130203,0.62106705
0.8825376,3.9705389
0.5724708,1.299759
0.2477527,0.32558656
-0.8057286,-0.31704682
0.58871293,1.3767166
0.32591102,0.48554057
0.097388156,0.10879507
0.60428673,1.4420052
0.34900433,0.53930336
-0.060601488,-0.059942704
-0.53085285,-0.351839
0.008680342,0.0016906
-0.6918586,-0.3597725
-0.8796087,-0.2560465
-0.53208095,-0.34514084
-0.26579782,-0.23070261
0.29361066,0.42629465
-0.0012517472,-0.012275346
0.47029042,0.87881744
0.47495246,0.8895126
0.41215026,0.7003328
0.094952025,0.10739841
0.32606646,0.4811971
0.9548529,5.122905
0.41156283,0.6962092
0.48496008,0.91562086
-0.41761434,-0.28096125
-0.044028245,-0.026975725
-0.12958722,-0.12352007
-0.29305953,-0.2419801
-0.080877244,-0.06229669
0.19604288,0.2331112
0.2483988,0.3433587
0.6791491,1.9206499
0.31264487,0.45284653
0.7387491,2.3663363
0.31322607,0.4457184
-0.29984257,-0.22984976
0.26174203,0.3593355
0.45803922,0.8409678
0.37130877,0.59518117
0.6998247,2.068114
0.81115603,3.0713375
-0.3295763,-0.2193568
-0.8421603,-0.28957903
0.31282142,0.45878074
-0.7794747,-0.3358801
0.7679648,2.6347919
0.64432913,1.6859487
0.42705566,0.7513056
0.852352,3.5341752
0.77436614,2.6895428
0.84586686,3.4613214
0.47088978,0.8939038
-0.26308727,-0.22231303
-0.9045105,-0.22275239
-0.87687886,-0.26146302
0.5862912,1.3474817
-0.6172398,-0.3636005
-0.3738122,-0.2923259
0.17221326,0.22329925
-0.73781794,-0.35185248
0.9706566,5.4054375
0.6342054,1.6266879
0.16942161,0.20721868
0.81691766,3.1264255
-0.0128584765,-0.0056289523
0.7938938,2.8853664
0.6519604,1.7407178
-0.97183335,-0.08249746
0.5934768,1.3825812
0.5678593,1.2797625
-0.36523905,-0.26919496
-0.013916522,-0.013971259
-0.72361016,-0.3568939
0.33316344,0.48911643
0.34878626,0.5317061
0.9629177,5.262306
0.4455065,0.79321736
-0.10530388,-0.0827744
-0.63945377,-0.37113208
0.5754308,1.2978693
-0.29240873,-0.21212049
0.8874493,4.0232954
-0.4458232,-0.30529216
-0.60679364,-0.3519457
0.2408695,0.3240163
0.8312624,3.2869296
-0.71786517,-0.3678473
-0.91731375,-0.21082453
0.9347701,4.778083
-0.72655255,-0.34842306
0.21503933,0.28399122
-0.6018044,-0.3581043
-0.6646363,-0.3671664
-0.6879092,-0.36998546
0.4199405,0.70476514
0.5192439,1.0640895
-0.76039964,-0.3581508
-0.72686255,-0.3793028
0.86866164,3.7854702
0.17771976,0.20995004
0.5625908,1.247845
-0.83888716,-0.29864845
-0.8951756,-0.21796265
-0.2076045,-0.18661682
0.11050878,0.13186756
-0.25500035,-0.20360024
0.426865,0.7448287
0.33896568,0.5079576
-0.10629065,-0.09980408
-0.84116346,-0.2858409
0.1910528,0.22867031
-0.51624244,-0.3392988
-0.2283241,-0.18827878
-0.97120434,-0.09371501
0.042216327,0.04139065
0.39798275,0.6563832
0.15499404,0.19028683
0.5031528,0.9909908
0.9988313,5.956656
0.26513562,0.360983
-0.55784166,-0.35205975
0.14458258,0.15715198
-0.509851,-0.32852134
-0.33959624,-0.249498
-0.2959121,-0.2220864
0.039971117,0.045407064
0.047463838,0.057181276
0.3346365,0.5055835
-0.12455085,-0.090528674
-0.62460953,-0.34690824
-0.018025698,-0.015333775
0.5929368,1.3760604
0.40565044,0.69817245
-0.76944625,-0.34727952
0.8966704,4.173737
-0.38834283,-0.27403328
0.17291665,0.2078945
-0.935864,-0.16343911
0.8189534,3.1553338
0.3671432,0.5519084
-0.44788978,-0.3185243
0.36666504,0.57262796
-0.4149057,-0.29124153
-0.48054847,-0.3146535
-0.10603082,-0.10161399
0.20013015,0.25700778
-0.58130723,-0.35571295
0.48581016,0.9287772
0.15610273,0.18549463
-0.9850797,-0.035460744
0.09875176,0.107229665
-0.15817024,-0.13291724
0.33871937,0.5189003
0.7955639,2.9102914
-0.4747014,-0.3248909
0.34736046,0.5265084
-0.69666314,-0.35782823
-0.8288119,-0.3076499
0.86365694,3.6978574
0.72457874,2.2505295
0.0028095134,0.010595775
-0.72335523,-0.35046673
-0.47335428,-0.30745152
0.1347584,0.15606408
0.30369663,0.4396336
0.38121587,0.6252295
0.49562722,0.9617108
-0.58025783,-0.34340057
-0.40749425,-0.28121194
-0.97475374,-0.06318636
-0.85202914,-0.3009349
-0.38101944,-0.28054658
-0.62844557,-0.36830893
-0.014918659,-0.00046668106
0.6973232,2.0301259
0.44597507,0.78797615
0.5091648,1.0071127
0.20050654,0.24703822
0.4008735,0.67035145
-0.63999647,-0.34506467
0.10492551,0.11340566
0.141186,0.15681592
0.25742102,0.3621456
0.55856085,1.2440093
0.88800466,4.0235257
0.42344058,0.7250172
0.8451306,3.4708257
0.09983972,0.11278892
-0.421319,-0.27261207
0.31706065,0.45827612
0.9618724,5.2368326
0.41941905,0.7107395
0.9380279,4.8358755
-0.9552138,-0.11756369
-0.48327836,-0.3056561
-0.45279172,-0.3025224
-0.1464022,-0.13448584
-0.93842244,-0.14486003
0.8285068,3.2806406
0.41415256,0.7179451
-0.83210665,-0.3174491
-0.6506057,-0.36146116
0.20621306,0.24861556
0.8170053,3.1338747
-0.8247715,-0.3120469
-0.13339299,-0.11487473
-0.59997326,-0.3526937
-0.63932055,-0.36939827
0.46017256,0.8565277
0.6529842,1.7491771
0.8422899,3.435521
0.36797154,0.5980143
-0.868703,-0.26587784
-0.28586558,-0.24069689
-0.11688584,-0.11387011
-0.4482242,-0.31142935
0.079737015,0.09584897
-0.534732,-0.35008955
0.798858,2.9387522
-0.71301764,-0.33675274
-0.14789622,-0.12651923
-0.75030077,-0.33611372
-0.28349474,-0.23274639
-0.030427597,-0.04974636
0.10779686,0.10473001
-0.33702695,-0.24086747
0.6192684,1.5324569
0.030829938,0.028531821
0.9848351,5.7066927
-0.7529469,-0.34038168
-0.6329103,-0.35801977
0.6035891,1.4609915
0.10853131,0.12021177
-0.27995318,-0.2151283
-0.17910084,-0.16400912
0.12757595,0.13858871
-0.82844245,-0.3092826
0.53025365,1.1034559
-0.101726554,-0.08246493
-0.17497161,-0.13652858
0.5463865,1.2010639
0.1383863,0.18361792
0.50830626,1.0274005
0.8572722,3.6073742
0.89167464,4.10849
-0.14146078,-0.10501571
-0.86097014,-0.2728039
-0.9750169,-0.08648205
0.41046295,0.69498146
-0.83690906,-0.29011196
-0.2196086,-0.17758445
0.32452753,0.475831
0.99676996,5.931781
-0.5538682,-0.3332361
-0.98058164,-0.050206266
-0.9174955,-0.1783296
-0.55338943,-0.335126
0.9860127,5.7110815
-0.84575963,-0.2821098
0.4985306,0.9939147
-0.7001387,-0.36179933
-0.59247243,-0.34922326
-0.8281419,-0.32207206
-0.5437768,-0.34754634
-0.7689528,-0.34630546
-0.96517193,-0.10433063
0.5972905,1.41715
-0.61901414,-0.343867
-0.76278555,-0.34438655
-0.45559898,-0.29682454
0.5075482,1.0201285
-0.55042183,-0.32793647
0.083810575,0.09085786
-0.5659305,-0.35622072
-0.22581781,-0.1763642
0.042670492,0.028895775
0.51563907,1.0505354
-0.43661746,-0.323891
-0.1070431,-0.10541621
0.28582218,0.4034975
-0.4495215,-0.32028952
-0.55992675,-0.35197973
0.13781627,0.14671515
0.90478885,4.296424
0.82015604,3.183766
0.20072475,0.25114968
-0.1560104,-0.11298292
0.13162547,0.1492334
0.6039911,1.4378067
-0.8143064,-0.3322499
0.5623771,1.242965
0.31603903,0.46484524
-0.46191427,-0.28791776
0.75207937,2.4739006
-0.84012616,-0.30234468
0.83736736,3.37858
-0.22415386,-0.18211281
0.62063533,1.5364673
-0.69108737,-0.36457604
0.1350633,0.14481486
-0.9331059,-0.16855305
-0.44253612,-0.31558034
0.65931267,1.7867125
-0.091291904,-0.076237865
0.31900144,0.46741688
0.61444134,1.5080402
0.060661472,0.06681542
0.17165086,0.20266213
0.5326854,1.096952
-0.7591105,-0.35236093
-0.8568953,-0.27390146
0.24384587,0.33193764
0.9501287,5.0362563
0.2895023,0.40119272
0.41019621,0.69777036
0.3171022,0.46561617
0.21139224,0.25762132
-0.60475713,-0.3764135
0.6805501,1.9133476
0.15282592,0.19563824
0.9567295,5.1596437
-0.8618361,-0.25836965
-0.4030321,-0.28636912
-0.80127686,-0.32748765
0.7183184,2.1728494
0.63574106,1.6109365
0.5461149,1.1758876
0.3572113,0.55648065
-0.7868059,-0.3585446
-0.18810196,-0.15699397
0.40901786,0.6989126
-0.27831665,-0.21447706
0.43568283,0.76144737
-0.42921242,-0.3233363
0.08707587,0.0994275
-0.2909332,-0.23412925
0.84300125,3.447502
-0.11521803,-0.09633173
-0.4266489,-0.288045
-0.8859788,-0.2387508
-0.70909166,-0.36561394
0.12981315,0.15503663
0.40228605,0.6600444
0.9087358,4.362986
0.19360644,0.23325232
0.36153346,0.5831062
0.23961861,0.31257966
0.8049583,3.0092967
-0.39511988,-0.2808805
0.2064412,0.24211515
0.91956735,4.525351
-0.9857434,-0.048669472
-0.45804182,-0.3124492
0.5175692,1.0526859
-0.06016713,-0.06704543
-0.66323614,-0.37086636
0.14330098,0.17982963
0.030139683,0.017907297
-0.09176021,-0.078138374
-0.3165096,-0.24395905
-0.894926,-0.21966466
0.20824654,0.2700585
0.034513842,0.028801104
0.17071927,0.21270709
-0.99511963,-0.020123674
-0.8346326,-0.2840391
-0.664606,-0.363647
-0.1031226,-0.09686626
0.61579823,1.511199
-0.5083047,-0.3347468
0.61668086,1.5173749
-0.52949107,-0.33137643
0.4980845,0.9722481
0.74846303,2.4440575
0.63292706,1.6241428
0.47676554,0.91409665
-0.92311424,-0.19078588
-0.33969405,-0.2560905
-0.606975,-0.3463898
-0.05082472,-0.043775942
-0.2914233,-0.20953552
0.23560342,0.31515327
0.13148819,0.15624101
-0.13829122,-0.12511168
0.5348211,1.1130365
-0.9703895,-0.09333584
0.73152095,2.30687
-0.9940991,-0.003305337
-0.09596809,-0.0980426
0.7626929,2.5801024
-0.16400585,-0.15749183
0.51134014,1.0415514
-0.19414464,-0.17066619
0.70184964,2.0953283
0.99846035,5.9723673
0.7965872,2.930958
-0.8885009,-0.25637326
-0.70348763,-0.38768616
0.08371185,0.08751709
0.92320263,4.578952
-0.18735124,-0.15153176
-0.44591624,-0.2905706
0.9299579,4.686198
0.41757149,0.70889527
0.54087,1.1462657
-0.7785218,-0.336613
-0.4748768,-0.3307083
0.0072503453,-0.010660542
0.47287515,0.89030844
-0.3054294,-0.2472933
-0.59146047,-0.34431222
