x1,y
-0.25091976,-0.21863574
0.90142864,2.4352274
0.4639879,0.78305036
0.19731697,0.23219457
-0.6879627,-0.5291514
-0.68801093,-0.5410393
-0.88383275,-0.79223156
0.7323523,1.6586983
0.20223002,0.2591261
0.41614515,0.6692202
-0.958831,-0.9176315
0.9398197,2.6588347
0.6648853,1.3987643
-0.5753218,-0.42933333
-0.6363501,-0.49247196
-0.633191,-0.48610362
-0.39151552,-0.3009908
0.049512863,0.04751358
-0.13610996,-0.12699673
-0.4175417,-0.3113184
0.22370578,0.2980513
-0.7210123,-0.5642671
-0.41571072,-0.3273022
-0.26727632,-0.20204097
-0.08786003,-0.08400046
0.5703519,1.0871967
-0.60065246,-0.46563664
0.028468877,0.030722227
0.18482913,0.22844227
-0.9070992,-0.84550375
0.21508971,0.27738678
-0.65895176,-0.49740335
-0.8698968,-0.7731916
0.89777106,2.4409628
0.93126404,2.6042612
0.6167947,1.240377
-0.39077246,-0.31992725
-0.8046558,-0.6539883
0.36846605,0.56921345
-0.119695015,-0.109929234
-0.7559235,-0.63617414
-0.00964618,-0.006673745
-0.931223,-0.8860205
0.8186408,2.0418932
-0.48244002,-0.3578631
0.32504457,0.4556268
-0.37657785,-0.27696013
0.040136043,0.049867347
0.09342056,0.11272151
-0.6302911,-0.48332945
0.9391692,2.6354365
0.55026567,1.0294529
0.87899786,2.3280778
0.7896547,1.8917042
0.19579996,0.25516447
0.84374845,2.177328
-0.823015,-0.703546
-0.60803425,-0.4415311
-0.9095454,-0.8338016
-0.34933934,-0.2737386
-0.22264542,-0.19041577
-0.45730194,-0.32743934
0.657475,1.3661559
-0.28649336,-0.22057715
-0.43813097,-0.33586693
0.08539217,0.088703595
-0.71815157,-0.5624881
0.60439396,1.186666
-0.8508987,-0.746993
0.9737739,2.8567047
0.54448956,1.0183566
-0.6025686,-0.45181882
-0.98895574,-0.9847018
0.63092285,1.2750279
0.41371468,0.656485
0.45801434,0.7670817
0.54254067,0.9867095
-0.8519107,-0.7372042
-0.28306854,-0.22476727
-0.7682619,-0.6486411
0.72620684,1.6272783
0.24659625,0.3173601
-0.33820394,-0.263235
-0.8728833,-0.7571372
-0.37803537,-0.28676823
-0.34963337,-0.278538
0.45921236,0.76913154
0.27511495,0.36810526
0.7744255,1.8418579
-0.055570148,-0.04684803
-0.7608115,-0.6102687
0.42648956,0.6857156
0.5215701,0.9518806
0.12255439,0.14849491
0.5419344,0.98771507
-0.012408807,0.009841818
0.04546566,0.05089671
-0.14491796,-0.13531145
-0.94916177,-0.88683206
-0.7842171,-0.63073367
-0.93714166,-0.88226753
0.27282083,0.36252192
-0.37128803,-0.2863408
0.017141383,0.024587564
0.815133,2.0339615
-0.50141555,-0.3703578
-0.17923415,-0.15184991
0.51110226,0.9208209
-0.5424037,-0.41090646
-0.8460402,-0.725529
-0.4204971,-0.3209113
-0.6775574,-0.5252189
0.8593953,2.2315352
0.61624074,1.2294539
0.26680753,0.35321295
0.7429212,1.7183435
0.60734415,1.192911
-0.6268599,-0.48763558
0.785118,1.906693
0.07868449,0.095141366
0.6148803,1.2015796
0.7921826,1.9112202
-0.36399305,-0.2978478
-0.77989614,-0.65552753
-0.54412967,-0.44054207
-0.14578442,-0.12899959
0.63602954,1.2864391
0.7214612,1.6180915
-0.9860957,-0.9888266
0.021494605,0.022795673
-0.165178,-0.14655007
-0.5557844,-0.4035483
-0.7602693,-0.6075891
-0.32476965,-0.24569605
0.88581944,2.3623106
-0.35359412,-0.25292096
0.037581243,0.023516318
0.40603793,0.6238113
-0.27274078,-0.21947959
0.9435642,2.6964858
0.9248946,2.5694835
-0.4964354,-0.37416533
-0.005502988,-0.019891975
-0.39824337,-0.29334682
-0.430319,-0.3152969
-0.9262261,-0.855045
0.21912867,0.27137583
0.0053580464,-0.0016801587
-0.8970425,-0.8271254
-0.44270706,-0.33264473
0.8165318,2.0168533
-0.5208762,-0.4026583
-0.71021026,-0.5682776
-0.021094479,-0.02555045
0.9713009,2.8256967
-0.51588947,-0.3823829
0.3442711,0.5043881
0.52323925,0.9373891
-0.5247249,-0.39203432
0.4564327,0.74993724
-0.26443374,-0.21194634
0.26461166,0.35466495
0.26705942,0.34239656
0.07154937,0.086991906
-0.81942046,-0.70698464
0.670605,1.4227977
-0.35843986,-0.26436865
-0.62696296,-0.47107184
-0.9184497,-0.84931463
0.18178588,0.21721432
0.35512874,0.5355078
-0.96682435,-0.92906654
0.024186116,0.018601581
-0.54700845,-0.41941404
0.29034558,0.37839887
-0.6512672,-0.5018122
0.3818755,0.5825659
-0.2265293,-0.17547633
0.87346,2.3063738
-0.7249581,-0.5670636
-0.3178673,-0.25591853
-0.77305293,-0.6260454
0.8493872,2.1783545
0.7546787,1.7618142
-0.48411673,-0.37779725
0.3199681,0.45745724
0.6344444,1.2724936
0.11040162,0.1212644
0.059301157,0.06742986
-0.51629543,-0.39256835
-0.8137945,-0.7009821
0.7944315,1.9353969
0.8008361,1.9547468
0.26620293,0.35103542
-0.32194042,-0.25124353
-0.30158085,-0.21169223
0.45191136,0.75996137
0.7942205,1.9376159
0.77417284,1.8418674
0.5597511,1.0501192
0.28406328,0.363716
-0.83172005,-0.7221008
-0.67674255,-0.5335027
0.79710835,1.9202093
0.21285813,0.25623685
-0.9816059,-0.9836906
-0.7970569,-0.66851044
0.32700354,0.4770894
-0.9898768,-0.96888983
-0.6783839,-0.5262268
0.09746758,0.09825948
0.3837904,0.56829524
0.3039225,0.4067957
-0.5514614,-0.4277463
0.42435846,0.67196846
-0.52550185,-0.39606562
-0.3492006,-0.27998307
0.4929828,0.85921526
0.2992658,0.41330534
0.6984468,1.5271021
0.31522578,0.45731872
0.13661721,0.14602903
-0.81265044,-0.6847376
-0.2645684,-0.21323054
-0.46959525,-0.3559654
-0.5120207,-0.37523693
0.9460211,2.6964142
-0.21380456,-0.18733059
0.7840931,1.8791353
0.26227725,0.3519206
0.5896226,1.1395326
0.0052741864,0.011152363
0.15380777,0.18391514
-0.014964612,0.0035815886
-0.609514,-0.47974837
0.44490424,0.72968394
-0.43845528,-0.33958724
-0.9513681,-0.90131027
0.2909446,0.38404974
-0.64577866,-0.4945946
0.8809172,2.334237
0.9078572,2.4729803
0.8297288,2.0749402
-0.2596826,-0.21441002
-0.96908677,-0.92921025
0.8566371,2.218836
-0.1436317,-0.11968796
0.9333096,2.633998
0.92723995,2.5868683
0.7060189,1.5508177
-0.4111022,-0.306903
-0.22980455,-0.19457339
0.70227337,1.5367697
-0.36615598,-0.2963753
-0.6610145,-0.5036355
0.11360253,0.12411414
0.87230957,2.2988157
0.3920596,0.59567446
0.14012234,0.16686729
-0.805647,-0.68711835
0.23001446,0.2936733
0.9801077,2.8909996
-0.71983194,-0.5667531
0.036659304,0.037832174
0.75474614,1.7366414
0.48153722,0.85500133
0.3940315,0.62792856
0.40496817,0.6426086
-0.2810177,-0.23177104
-0.41281632,-0.31388596
0.6187223,1.2329631
0.6202268,1.2561363
0.7341446,1.6714187
0.8264811,2.0662558
0.022684798,0.01850352
0.0030325893,0.0142536955
0.59659034,1.1808498
0.29992786,0.43214843
0.40393376,0.64057344
0.59158534,1.1460712
0.7800107,1.8305838
-0.3240097,-0.2500711
-0.24883409,-0.20234138
-0.8120361,-0.6866924
0.15656029,0.18544786
-0.9281154,-0.8794568
-0.068803966,-0.05882161
0.08528927,0.0995061
-0.4269175,-0.31564492
0.18166652,0.23013051
-0.9389995,-0.8791736
-0.92530364,-0.8654499
0.64520115,1.3293645
-0.2796187,-0.22238328
-0.745879,-0.6034255
0.04448652,0.056535788
0.5399871,0.99546254
-0.56835794,-0.40815085
0.24578094,0.3431011
-0.82930505,-0.71111363
-0.89663655,-0.8519033
0.062709264,0.07925664
0.08127024,0.0830081
0.27485982,0.363158
0.45218268,0.7451248
0.95170414,2.7149758
0.032600697,0.039820846
-0.35408705,-0.28869838
0.5903724,1.1339028
-0.4583355,-0.34111568
-0.12205716,-0.10274818
-0.84308726,-0.72513884
-0.9492985,-0.91147834
0.92529684,2.5639038
0.67196023,1.421835
0.3919484,0.6081832
-0.18209411,-0.140119
-0.6534114,-0.52591103
-0.6871259,-0.54161215
-0.4995142,-0.38796255
0.09845333,0.09257827
0.42919186,0.7021266
0.32039475,0.46138322
-0.4401322,-0.32718232
0.90973055,2.4994524
0.47579384,0.80508655
0.108708106,0.11748384
0.2234415,0.30638045
-0.16079988,-0.14156672
-0.504538,-0.37106258
-0.28805465,-0.22891681
0.51569223,0.90029055
-0.97121304,-0.9645059
-0.7678547,-0.6367715
-0.9079947,-0.8215795
-0.9185424,-0.84193206
0.71092117,1.5847766
0.40731573,0.6309275
-0.051652342,-0.03296346
-0.80433166,-0.68739307
-0.01676825,-0.014363547
-0.05305646,-0.050494347
-0.6535963,-0.50735545
-0.1322967,-0.10372387
-0.20299053,-0.17720073
0.2317002,0.28432795
0.2701873,0.3631124
-0.909392,-0.838458
-0.25077477,-0.16988368
0.25171983,0.33779746
0.006272517,0.0022187028
0.7129797,1.5731946
0.31738725,0.43129092
-0.67413116,-0.5362913
-0.8588625,-0.75360376
0.28483856,0.40335464
-0.9469774,-0.8882116
0.17155117,0.20832063
0.8804605,2.3349817
0.15094836,0.17986132
-0.22366014,-0.19001101
0.28657645,0.40942153
-0.083494216,-0.0789969
0.09123358,0.09945316
0.8829296,2.328637
-0.22779472,-0.189679
0.9223811,2.5662827
0.8107013,1.9900833
-0.60841775,-0.47097212
-0.8612774,-0.750446
-0.798444,-0.684716
-0.96355635,-0.91914254
-0.8111141,-0.6921663
0.36601356,0.54512715
-0.8576227,-0.7641406
-0.36204875,-0.27464607
0.6897506,1.5182582
-0.9534561,-0.90332913
0.62893695,1.2646391
-0.43629044,-0.3176325
-0.7636703,-0.6290115
0.39347434,0.62295973
0.2578857,0.34960818
0.754944,1.7257262
0.4701421,0.78505206
0.60696185,1.2084148
-0.43593085,-0.32722098
-0.6451209,-0.50766456
0.5012295,0.87204903
0.61366946,1.2022992
0.98101026,2.8866134
-0.17476465,-0.12745285
-0.25596383,-0.19916712
0.5528259,1.0492992
-0.31839293,-0.24047168
0.8615146,2.2534194
0.7168255,1.6187378
-0.14201194,-0.12093593
0.5017421,0.8779261
0.5090858,0.91051954
-0.79375225,-0.649269
0.8051058,1.9703674
0.010504745,0.0034005633
0.65291494,1.3589377
-0.3599008,-0.26867467
0.79104644,1.9197828
-0.22159664,-0.19761477
-0.9783247,-0.93846285
0.81076396,1.9946364
-0.8174266,-0.69808424
-0.36137274,-0.2870008
0.90012395,2.4666314
0.9012143,2.4477768
0.14687577,0.16310698
0.26367444,0.36016965
-0.10310896,-0.085882336
-0.41357845,-0.31515
-0.34267092,-0.25707906
0.34503692,0.4969113
0.50474906,0.88318723
0.5831581,1.1014458
0.57923627,1.0958537
-0.8175878,-0.6775781
-0.01115939,0.005378038
-0.8848825,-0.7940857
0.099057764,0.12647152
-0.116939,-0.106464125
0.7754084,1.840453
-0.29816997,-0.23520842
-0.765866,-0.6297837
-0.7140166,-0.5703686
0.5230213,0.9510796
0.23643613,0.30705678
-0.79775465,-0.6619183
-0.8317864,-0.7050909
0.40193826,0.6323094
-0.854474,-0.75792444
0.6437201,1.3113087
0.41248447,0.65429723
-0.83730245,-0.72495174
-0.8303246,-0.7124698
0.9732792,2.8423517
-0.2514584,-0.1782914
-0.25871572,-0.222401
0.62559915,1.2419174
0.89449716,2.4136558
0.97200215,2.8313622
0.50675637,0.8968551
-0.24748082,-0.19555263
-0.8329986,-0.70427746
0.5542938,1.0167654
0.1168085,0.1264793
-0.15155599,-0.12778027
0.8127088,2.0176997
-0.77760506,-0.6211951
-0.0147497915,-0.004978404
-0.9772927,-0.9561729
-0.06267872,-0.067900695
-0.8873935,-0.8043624
-0.76236415,-0.63017744
-0.76494753,-0.62085545
0.2984206,0.41662124
0.49208975,0.8401662
0.16673753,0.19481544
0.9243451,2.5773075
-0.25025883,-0.1997863
-0.4285758,-0.31793177
0.73719823,1.6851274
-0.55280834,-0.39988357
0.92644507,2.582274
-0.9756911,-0.9564099
0.93975765,2.643686
-0.9136802,-0.8391233
0.7822862,1.8485879
0.05540222,0.056798786
0.9859296,2.914308
-0.85240686,-0.75881076
0.107708566,0.11127659
0.93860507,2.6545727
0.04619569,0.050735433
0.2587973,0.3441244
0.39149737,0.60783595
-0.09091787,-0.08247706
0.25511616,0.34923306
0.16862862,0.20309359
0.802316,1.9479043
-0.90910727,-0.8176853
-0.43807364,-0.32653177
0.900823,2.4374144
0.7805276,1.8527325
-0.088686496,-0.077559605
0.24026519,0.31069073
-0.44523764,-0.319522
-0.62375766,-0.48083076
-0.07260319,-0.07608848
-0.29329553,-0.22354524
0.16731222,0.20924205
-0.8445307,-0.7319585
0.9487896,2.7098567
0.97242147,2.8371732
0.39632344,0.6179858
0.072192736,0.08943069
-0.38094476,-0.28485495
0.62759006,1.266955
0.36946234,0.5699209
-0.6747661,-0.55033267
0.82185435,2.0729368
0.6450745,1.3125651
0.89959985,2.430637
0.45143902,0.74682903
0.2268304,0.28848848
-0.16351393,-0.13108486
0.86545694,2.252135
0.7321278,1.6631752
-0.90956265,-0.8405256
-0.94726604,-0.8969958
-0.24707326,-0.20175843
0.6211067,1.247416
0.9745523,2.844388
-0.69916624,-0.5572093
0.18826143,0.23324895
-0.2382183,-0.18555158
0.9398288,2.6472545
0.68423784,1.4640789
0.67665744,1.4504753
-0.06261368,-0.05926372
-0.170361,-0.13797751
-0.45318586,-0.34994057
-0.887249,-0.8162846
0.72944474,1.6443343
0.62580204,1.2548485
0.99943537,2.9958255
0.9932737,2.9534543
0.11086341,0.13192686
0.53797483,0.98020923
0.88953143,2.3861582
0.6992948,1.5318488
-0.5053038,-0.37704253
-0.09891173,-0.0903372
-0.74168116,-0.5944763
0.90810204,2.4736605
0.21234927,0.28101096
-0.5427144,-0.41039136
0.34340137,0.48870578
0.23625648,0.3071415
-0.28367457,-0.23454276
-0.7728848,-0.6305639
0.34314638,0.52339715
0.040615402,0.034466293
0.5446368,1.0061449
0.040327,0.024463793
0.704363,1.5544829
0.10381368,0.10685265
0.12187594,0.13229166
0.7533072,1.7372466
-0.19303426,-0.15564342
-0.73196954,-0.57829124
-0.94243467,-0.8910723
0.5102745,0.89487565
0.24061911,0.32834312
0.40815952,0.63524663
-0.5740717,-0.45532382
-0.7272571,-0.5784187
-0.97091067,-0.9545368
-0.29882488,-0.22632644
0.17983538,0.21418078
-0.2155119,-0.17303891
-0.12505016,-0.097353086
0.80831736,1.9777417
-0.30348906,-0.24499586
0.027978979,0.028026994
0.56730604,1.0870973
-0.20691444,-0.17954342
0.24417341,0.3124068
0.7247274,1.6353871
0.89904124,2.4282167
-0.70585304,-0.5577754
0.8531752,2.186601
-0.015767414,0.006620576
-0.4835112,-0.37624195
-0.08172849,-0.078812376
0.9600651,2.7663815
-0.014763812,0.0045778216
-0.34249678,-0.27861744
0.2668017,0.3768137
-0.51970875,-0.38241166
-0.84827334,-0.7349248
-0.74224055,-0.6100818
-0.74390835,-0.5964759
-0.6961946,-0.556179
-0.72234565,-0.5648037
0.2817495,0.3737877
-0.6362398,-0.4901209
-0.30866542,-0.24835171
0.79357684,1.9132321
-0.05207672,-0.04209277
0.33511546,0.4904067
-0.6553603,-0.4952484
-0.61542195,-0.487564
-0.9182628,-0.83869976
-0.6621299,-0.48894772
-0.44281933,-0.33807877
-0.64597905,-0.47929853
-0.82259494,-0.7051832
-0.75872827,-0.6335598
-0.07844246,-0.07582824
-0.58733255,-0.4344969
-0.27146026,-0.22615544
0.006834542,0.00087818573
0.38078967,0.5869406
-0.9213757,-0.85459834
0.5988208,1.1779824
0.25580078,0.3403512
-0.8364819,-0.71727175
0.7471573,1.7181742
0.8417448,2.1490016
-0.8778441,-0.7929832
-0.44624472,-0.32308868
0.61240256,1.2107702
0.4965194,0.876747
-0.63095796,-0.48637545
-0.58130133,-0.43779832
-0.2590558,-0.21428074
-0.03095403,-0.04018549
0.23650955,0.2882283
-0.26217273,-0.22201174
-0.07493057,-0.07297577
0.4949419,0.8632728
-0.9266336,-0.8535337
-0.4951261,-0.3758139
0.42669916,0.6776418
0.7904137,1.8945541
0.023354884,0.02871371
0.06422697,0.08244896
-0.785656,-0.64068764
-0.105175264,-0.08817753
0.065234534,0.076153114
-0.515059,-0.36943483
-0.46151355,-0.34349793
-0.24543168,-0.19351767
-0.9598576,-0.9260812
-0.35584167,-0.28789666
-0.577104,-0.44309735
-0.3450053,-0.26713374
-0.76047575,-0.62134546
0.78105456,1.8868431
0.1871849,0.22959447
0.35820463,0.5442651
0.5783425,1.1019157
-0.003115602,-0.0062226844
-0.8261594,-0.7207964
0.07421308,0.07270612
0.17368224,0.2143568
0.49087894,0.8501999
-0.1366809,-0.11112327
-0.7448394,-0.60146743
-0.43244818,-0.32983404
-0.27383542,-0.19790038
0.29183447,0.40091756
0.1415566,0.17606144
-0.28780654,-0.2328258
0.9730305,2.8481688
0.21154964,0.27505058
-0.52554643,-0.3924179
-0.79643506,-0.6908569
-0.6942817,-0.5467347
-0.50808454,-0.368792
-0.67863727,-0.5253593
-0.6268659,-0.47578046
-0.42980966,-0.34169737
-0.6532528,-0.5124867
0.7935308,1.927015
-0.8395325,-0.7223288
0.04902278,0.06369049
-0.17920634,-0.15429528
0.9647572,2.7975256
-0.7759222,-0.6408512
-0.2042888,-0.18095008
0.9389409,2.6257727
0.73101425,1.660347
0.6341441,1.2930363
-0.48419434,-0.36944845
-0.6582248,-0.52633905
0.33728644,0.49571642
0.85875195,2.2268386
0.113525786,0.13344577
0.14322537,0.18531743
-0.4400418,-0.3530276
0.53898585,0.979074
-0.6259125,-0.48145133
-0.35264152,-0.25759032
-0.14912713,-0.14656867
0.015220758,0.034814566
-0.5151805,-0.38514555
-0.7703264,-0.63499737
0.22124009,0.27903575
-0.42273888,-0.32394025
0.16247645,0.20364536
-0.6912746,-0.5544321
-0.037719797,-0.03289654
0.06517886,0.06586223
-0.89635295,-0.8206992
-0.32679144,-0.22903796
-0.73117065,-0.5832612
-0.87325007,-0.7704623
0.97992045,2.8925052
-0.35529232,-0.28812265
0.6197489,1.259399
-0.4907187,-0.39317083
0.36300546,0.53492504
0.5204557,0.9277175
0.19127747,0.24068007
-0.056847624,-0.051612504
-0.17631817,-0.1523796
-0.30226347,-0.23863599
0.85905826,2.221228
0.6612388,1.372621
0.93005383,2.6068158
-0.75140554,-0.60410947
0.46173495,0.7892206
0.8766809,2.3111403
-0.63753384,-0.48328155
-0.8670075,-0.7698738
0.4822413,0.83885115
0.14894623,0.1846552
0.6836575,1.4726903
-0.7204552,-0.5787512
0.5905346,1.1548129
-0.5967454,-0.44667533
-0.6726881,-0.5314208
-0.6714684,-0.53662145
0.62914944,1.2711287
0.33039445,0.49077508
0.04613085,0.05982195
-0.28233904,-0.23625372
0.7544011,1.74119
-0.21510978,-0.16604432
0.63319886,1.2766585
-0.121730186,-0.10362282
-0.24611114,-0.20660827
-0.07464043,-0.053314626
-0.39724424,-0.30983186
0.49521875,0.8733422
0.00544078,0.0073191295
-0.5355746,-0.3998368
0.79914916,1.9284537
-0.23221755,-0.21284401
0.08710572,0.09314837
0.81294423,2.0135489
0.248476,0.3143053
-0.76620394,-0.63983655
0.87966424,2.3397803
0.2554161,0.3429447
-0.33018878,-0.25854027
-0.7214559,-0.56867206
0.58805037,1.1254613
0.2401455,0.30810517
0.06692218,0.08817925
0.7877852,1.8979776
0.5771944,1.1039052
-0.69665027,-0.5263686
-0.37655586,-0.30214843
-0.5030217,-0.36930656
0.4878926,0.8587092
-0.9329351,-0.87781256
0.13977937,0.170645
0.52491736,0.9352702
0.7535313,1.7423354
-0.3158365,-0.24373968
0.6425146,1.3285713
-0.77873653,-0.6333462
0.6929046,1.5213928
-0.74502265,-0.6041697
-0.20542541,-0.15995857
0.5945907,1.1549162
-0.70016515,-0.54415584
-0.54149723,-0.4049805
0.44450513,0.73437417
0.44007307,0.72319895
0.28229526,0.36843508
0.3878969,0.5854842
0.08544888,0.09439971
-0.49640188,-0.38918063
-0.30860803,-0.23444849
-0.6368046,-0.48080596
0.81690115,2.032641
0.16678359,0.1880284
-0.19829717,-0.1529714
-0.07598839,-0.050280824
0.89456666,2.4121635
-0.6932972,-0.5407718
0.17245966,0.20934875
0.011777358,0.01722139
0.22290847,0.282477
-0.9637796,-0.93048126
0.7442478,1.7194521
0.8642366,2.2801003
0.13026637,0.13544552
0.39330164,0.607788
0.8449988,2.1505656
0.41447726,0.6733925
-0.6949219,-0.55347204
0.15257671,0.16497628
0.21343009,0.2750866
-0.15173866,-0.11476465
0.47288847,0.8088969
0.868734,2.2811131
0.85113704,2.1962554
-0.09832126,-0.07545626
-0.7735239,-0.6467564
0.9696824,2.8206248
0.6777962,1.4440618
-0.75067466,-0.6218554
0.84168375,2.1431067
0.7397927,1.7030467
0.037676115,0.044815104
0.18255088,0.22840227
-0.2019946,-0.16796976
-0.8904767,-0.79839706
-0.32960552,-0.26477993
0.6057069,1.1917148
-0.99073595,-0.9797227
-0.33300164,-0.25626296
-0.20366262,-0.1674299
0.07479121,0.07941994
0.83971125,2.1331449
-0.30730802,-0.21031371
-0.3060936,-0.23201135
0.4750025,0.81193495
-0.09556412,-0.089636445
-0.55079037,-0.41902584
-0.09512097,-0.08824163
-0.718286,-0.57001156
-0.64722604,-0.51825285
-0.0032644544,-0.018947728
-0.1621491,-0.14648888
0.8296918,2.0913022
-0.2752122,-0.22270823
0.1611767,0.20612288
0.26452857,0.33819044
-0.9738111,-0.9564894
0.32707474,0.48424327
-0.64392805,-0.494974
0.92214066,2.5654688
-0.70267457,-0.53535724
-0.17075175,-0.15351209
-0.82930064,-0.71289706
0.9937485,2.9599228
0.004390021,-0.015136552
0.19077003,0.231002
-0.86584705,-0.7564631
0.49992093,0.88018847
-0.5801888,-0.43268153
0.7961086,1.9307072
-0.5897207,-0.45359868
-0.61862457,-0.45998102
-0.9269007,-0.86907095
-0.05586611,-0.04997863
0.12968227,0.15031403
-0.8685827,-0.75481963
0.55105525,1.0317657
-0.09342233,-0.09846255
0.04878054,0.039400622
-0.118474506,-0.10031213
-0.19847389,-0.16754363
0.119280666,0.13065393
-0.6895195,-0.5317493
-0.63614374,-0.48702422
0.72357124,1.6264807
0.8922309,2.4063888
-0.25338137,-0.20919795
-0.45851067,-0.32898706
0.2879991,0.38694975
-0.18253165,-0.1487261
-0.9492273,-0.88914114
-0.6876948,-0.5537711
0.43194446,0.69567764
0.31784788,0.4624085
-0.945808,-0.885758
-0.55605567,-0.42050397
-0.5378504,-0.41150504
0.3437855,0.5121648
-0.9605789,-0.91236913
-0.79178286,-0.672894
0.5998322,1.1634104
-0.64291066,-0.4930609
0.30549222,0.43362153
-0.52363443,-0.396009
-0.80111724,-0.66668355
-0.5136556,-0.39243883
0.44453385,0.70884174
0.71139294,1.5732557
0.6604397,1.3853236
-0.20563294,-0.1748016
0.3361703,0.47558546
-0.5900314,-0.46546265
-0.41370454,-0.31850013
0.7926716,1.9280347
-0.97399616,-0.93676513
-0.82898295,-0.6995808
-0.5842275,-0.4504744
-0.9469356,-0.9108905
-0.6371291,-0.4848613
0.16608313,0.2045989
-0.1571509,-0.13233386
0.7853434,1.8663387
0.6348871,1.2852111
-0.3163653,-0.24823925
-0.48115313,-0.3561636
-0.24061519,-0.18897703
0.18058988,0.22053465
-0.46387273,-0.34520215
0.24829781,0.32610628
-0.18117669,-0.14744264
0.104094364,0.11918659
-0.12774694,-0.11285502
-0.41106847,-0.3142361
0.8969066,2.4236698
0.5272116,0.95654917
-0.71977365,-0.57192093
0.736936,1.68403
-0.025137603,-0.011094371
0.78910446,1.9058062
0.5997105,1.1685607
-0.149573,-0.12171111
-0.9550614,-0.92773294
-0.4626453,-0.35844368
0.08326843,0.094137885
0.26695645,0.36241102
-0.48422462,-0.37573949
-0.72128785,-0.5801143
0.6698605,1.4130878
0.96880436,2.8118217
0.051380366,0.06359193
-0.6566414,-0.50152767
-0.45538536,-0.34263664
-0.9632186,-0.93455285
0.8285976,2.0705688
-0.7644978,-0.6126551
0.15303294,0.18595706
-0.45188954,-0.3470298
0.10835601,0.12856524
0.30284077,0.42162535
0.6594836,1.3783529
-0.5871574,-0.44047627
-0.97800833,-0.9643883
-0.7262287,-0.58527714
0.80003726,1.9533831
0.74778014,1.7201008
0.1948262,0.24686936
0.20103373,0.26826364
0.33007336,0.46743977
-0.6492574,-0.51805836
0.82882386,2.0651152
-0.16245896,-0.14185849
-0.23372294,-0.19849561
0.03783541,0.041399695
-0.9060681,-0.82762784
-0.66743326,-0.53531784
0.47606725,0.7924543
-0.8344027,-0.71614987
0.20630422,0.25900054
-0.5093018,-0.3862786
-0.22140877,-0.19981223
-0.42261252,-0.31477642
-0.28865457,-0.21666524
0.4380918,0.7168766
-0.40575656,-0.31639603
0.13280928,0.15323563
-0.047899194,-0.0593759
0.32734233,0.48015067
0.8736595,2.3046067
0.4651442,0.76445985
-0.57011926,-0.43339932
-0.93763375,-0.878171
-0.4754719,-0.36022046
0.19015586,0.23043206
-0.8971484,-0.8266097
-0.0072675054,-0.0015496626
0.1936857,0.23198111
-0.3315122,-0.27960962
0.5418244,0.99075085
-0.7868035,-0.6450106
-0.8497244,-0.74508995
0.4563775,0.7770923
-0.009017368,-0.0046471083
0.3768048,0.5756737
-0.13034533,-0.11685396
-0.50719595,-0.38110608
0.63820463,1.3028195
0.5988318,1.1691494
0.38939294,0.60537094
-0.45570973,-0.35203454
0.18046133,0.20814565
-0.2780522,-0.23346819
-0.8168359,-0.6741684
0.83462715,2.1179364
-0.72636276,-0.57894605
0.9004747,2.4309087
-0.107988454,-0.091352835
-0.62973416,-0.48406538
0.083801895,0.09355486
0.7458917,1.70746
0.46444976,0.78195417
0.6131223,1.2152872
0.31756672,0.4427854
0.38455313,0.5966435
0.6983913,1.5114053
-0.500664,-0.36985046
-0.021150073,-0.013867347
-0.5575811,-0.42883095
0.975336,2.8462312
0.8881187,2.3751512
-0.9211464,-0.8514179
0.41115034,0.6481691
0.85049665,2.1933792
-0.6388493,-0.47382367
0.13589045,0.15178888
0.8309766,2.0781546
-0.93210804,-0.8648625
0.39484054,0.629128
-0.405302,-0.30368343
0.8487924,2.1698747
0.9421165,2.664668
0.888533,2.3683276
-0.051571567,-0.042620547
0.72408533,1.6145097
0.6890988,1.4881781
-0.36179906,-0.28830284
0.65783095,1.3765116
-0.92598474,-0.86618394
0.19253975,0.23851667
-0.5399823,-0.40562642
-0.75886625,-0.6298692
-0.8460936,-0.72964716
0.39257756,0.60670996
-0.32025006,-0.2604201
0.44953355,0.76486516
-0.8692873,-0.7657486
-0.36941934,-0.2848962
0.078982584,0.099865586
0.58144635,1.1345197
-0.362495,-0.28017867
0.25178275,0.33461294
0.7719555,1.8180108
0.23172638,0.2963946
-0.53408104,-0.40317175
-0.95119846,-0.9051956
0.7401977,1.6969669
-0.9574612,-0.9128662
0.74940336,1.7342541
0.05787427,0.04931012
0.8781354,2.3170218
0.5975665,1.1625706
0.9958682,2.972455
-0.29857635,-0.22553821
0.53437656,0.96090114
-0.19613817,-0.16878761
-0.04024876,-0.029163903
0.25501093,0.33362624
0.7473542,1.7279227
0.96816695,2.8116271
0.5365468,0.9814596
-0.16446644,-0.14415064
-0.15728599,-0.12976754
0.4751646,0.7927788
-0.5224457,-0.39573058
-0.7790518,-0.64198774
-0.2907557,-0.22546002
-0.42552203,-0.30657235
-0.40738377,-0.3129425
-0.5327845,-0.3853662
-0.9158136,-0.85179555
-0.9642521,-0.9177279
0.9754448,2.8632405
-0.14445373,-0.13573574
-0.23134671,-0.187137
0.35929456,0.53425705
-0.56349224,-0.41863492
0.8999224,2.4363613
0.57269,1.0854187
-0.821178,-0.68690145
-0.16483845,-0.14313288
0.7582366,1.777351
0.889464,2.382053
-0.065196976,-0.044556826
0.22682278,0.28315774
-0.6659321,-0.5239259
0.98233724,2.910511
-0.5366566,-0.40766305
0.88546354,2.3797638
0.2992933,0.42459786
0.21547359,0.27036017
0.025377022,0.007904423
-0.53866035,-0.40499353
-0.6469439,-0.49816078
-0.55902755,-0.4095463
-0.6271235,-0.4645927
0.55916893,1.0398242
-0.2997495,-0.22882032
-0.88431466,-0.78619325
0.93820524,2.655004
0.76757175,1.8139526
0.8555046,2.1941013
0.98981565,2.9377534
-0.6522095,-0.51582444
-0.20751595,-0.17541537
0.5164769,0.9307948
0.39204124,0.6090444
-0.6922082,-0.5332481
0.63166624,1.2861223
-0.55111885,-0.42776257
-0.55236477,-0.44099665
0.073948845,0.08130975
0.18587987,0.22471432
0.16017242,0.18016742
-0.8170263,-0.7118918
0.75492173,1.7477161
-0.46879992,-0.35400122
-0.74097013,-0.5920944
0.77749616,1.8538795
0.911303,2.5146694
0.72425526,1.6183499
0.61903214,1.2482572
0.31048396,0.437288
0.10171474,0.12005965
-0.8260265,-0.7116861
-0.18309358,-0.1449914
-0.25462297,-0.2033458
-0.48049244,-0.36734664
0.44684023,0.73560506
-0.008248529,-0.01057661
-0.83790755,-0.7192124
-0.5596336,-0.43351313
0.3665175,0.54979527
-0.84773827,-0.7343607
0.70241386,1.5426899
-0.009706946,0.0038557765
-0.038826846,-0.029637625
0.18481557,0.22521028
0.6493619,1.3470167
-0.30438158,-0.23697716
0.3560323,0.5319546
0.13146393,0.13276218
-0.46594346,-0.35301328
0.75725996,1.7501034
0.59485203,1.1719716
0.31690368,0.4485491
0.7011635,1.5355734
0.7345884,1.6795751
0.41672596,0.6669786
0.67402667,1.4232706
0.3949429,0.6118169
0.36028156,0.5334982
0.23722276,0.2894017
0.50543326,0.88311267
-0.6827898,-0.5367412
0.7617415,1.7828428
0.74368703,1.6932464
-0.94150543,-0.87813735
0.6516335,1.3519393
-0.7422603,-0.59988296
-0.32976228,-0.25287208
0.4870165,0.8318339
-0.6784802,-0.52590966
0.63593405,1.293855
0.6642684,1.389665
0.014935467,0.020896342
-0.9872283,-0.95986396
-0.42592373,-0.31453168
0.23385383,0.31056014
0.96237236,2.774638
0.26362705,0.33547196
-0.48039284,-0.34557796
0.26801142,0.379638
0.07997076,0.10230559
0.5596908,1.0449119
-0.7860387,-0.6653876
0.5220558,0.9262235
0.08253316,0.073069744
0.925984,2.5763383
-0.31625566,-0.23181239
0.2652438,0.35284248
0.8640562,2.258771
-0.7949805,-0.65165347
0.874457,2.3037665
0.37577143,0.5903914
-0.8643259,-0.7430483
-0.39807287,-0.30400142
0.41634417,0.65608144
-0.8652988,-0.75746995
0.16434091,0.1923121
-0.3082339,-0.25407603
0.24183103,0.32726848
-0.90851593,-0.8208404
0.7430736,1.7070813
0.9469779,2.6803353
0.9377557,2.6294951
0.49930367,0.8741586
-0.7398275,-0.6024221
0.5165264,0.91772395
-0.95082617,-0.89614993
-0.9557529,-0.908003
-0.35277957,-0.25844935
-0.022713618,-0.03211566
0.5408148,0.98804146
0.36659077,0.5578351
-0.10819459,-0.093274266
-0.45274666,-0.3252471
0.994249,2.9698315
-0.1476374,-0.11057752
-0.09722595,-0.08329195
-0.6727524,-0.51401985
0.5896191,1.1390162
0.38736445,0.59568304
-0.5584608,-0.41164476
-0.8352379,-0.7041664
0.3609986,0.5456563
0.30902243,0.43319562
-0.45348096,-0.3273187
0.90172714,2.4261243
-0.6978842,-0.56496334
-0.1353304,-0.11267822
0.8872318,2.3729646
-0.16054536,-0.13285345
0.2770519,0.3757196
-0.2048112,-0.16574545
-0.4515696,-0.34788036
0.9679553,2.8175113
-0.18133199,-0.144469
0.7881984,1.9113342
-0.5400908,-0.38580063
-0.5737906,-0.43102628
-0.93773186,-0.88023776
0.30333364,0.40802333
-0.26294732,-0.21730065
0.7287165,1.6447821
-0.053580187,-0.040359974
0.9363869,2.6281404
-0.628949,-0.47420642
0.73724633,1.6814793
0.5531937,1.0267354
0.5418437,0.9970096
0.68956643,1.4890468
0.522048,0.9325676
0.25244063,0.31520614
-0.73751026,-0.597216
-0.93494767,-0.8828833
0.84169567,2.1412878
0.23330063,0.30459687
0.59307456,1.1600049
-0.036955297,-0.03331813
-0.7653836,-0.61798835
-0.7496284,-0.6031783
0.3711306,0.5570367
-0.1393882,-0.12729588
-0.59895056,-0.45194912
-0.016810907,-0.01079538
-0.87158215,-0.7600504
0.1639428,0.2071381
-0.46201319,-0.3525913
0.5951182,1.1590344
-0.3792761,-0.2832746
-0.089559704,-0.07157714
-0.9767589,-0.94519585
-0.85510623,-0.74979776
-0.2150129,-0.19126274
-0.04012233,-0.04856648
0.2000411,0.2507888
-0.41667485,-0.31197688
0.38996378,0.5903512
0.72024477,1.6130718
0.559702,1.0546163
-0.92076236,-0.86509675
-0.038986105,-0.026475472
-0.7901396,-0.6628947
-0.51590997,-0.37448692
0.9733252,2.8374438
-0.7150089,-0.57957697
-0.002223693,-0.006800129
0.23631147,0.30439946
0.40492994,0.63140905
0.11929737,0.13306704
-0.9804583,-0.95833325
-0.34707737,-0.27013633
0.035423286,0.03606142
-0.824267,-0.7219635
-0.29874614,-0.23224278
-0.9335938,-0.8766064
-0.842843,-0.7150982
-0.20615345,-0.18181123
-0.7345685,-0.60942703
0.1350817,0.1619743
0.37892994,0.5803929
0.6011734,1.1697683
-0.5996995,-0.47103313
-0.66503483,-0.5015154
-0.79086435,-0.645916
0.2728605,0.342754
0.41295144,0.6493183
-0.9368277,-0.86474293
0.8724245,2.2928119
-0.8960574,-0.8175061
0.08259267,0.087150045
0.41812104,0.6548354
0.74193823,1.6837792
0.42817387,0.7005305
0.60345614,1.1689402
-0.3210996,-0.2486289
0.62965024,1.2846062
-0.8397703,-0.7412863
0.78963333,1.8962642
0.09518475,0.11723907
0.6345955,1.2981948
-0.09536343,-0.09330936
0.2871554,0.40531445
0.052805323,0.067806326
0.46317905,0.7797725
-0.83674,-0.7314378
-0.8792958,-0.7901065
-0.5057935,-0.37649825
-0.68091065,-0.53485423
0.7435671,1.716961
-0.561572,-0.43860573
0.9517305,2.7046475
-0.3262084,-0.25270027
-0.6357642,-0.49345693
0.579397,1.1033314
0.31741557,0.43246812
-0.0036085672,-0.003400134
0.1107271,0.12381761
0.43840355,0.7213962
-0.5430905,-0.4076372
0.99266785,2.9548957
0.94958633,2.719326
0.30065137,0.4050942
-0.6009151,-0.45144206
0.3604565,0.52050763
-0.85560316,-0.75828016
-0.938695,-0.8968028
-0.48463422,-0.35577068
-0.07475409,-0.070237756
0.736545,1.6784831
0.45433813,0.74347985
0.48541304,0.8324178
-0.14901333,-0.13775185
-0.30813003,-0.2386065
-0.25792247,-0.21846741
0.9752991,2.8675182
-0.9197816,-0.86867285
0.73406297,1.6603949
0.15735082,0.202778
-0.12276916,-0.11389869
0.45051533,0.731769
-0.026662117,-0.023779487
0.7468465,1.716448
0.8014037,1.9499927
-0.15655814,-0.1468437
-0.4463444,-0.30835956
0.18470065,0.2226004
0.8247267,2.046603
-0.5786756,-0.42265153
0.24593316,0.3274018
0.26312044,0.3429046
0.46622604,0.7756036
-0.7368646,-0.5872555
0.43164992,0.6959281
0.81806505,2.0155098
-0.64063376,-0.47527328
-0.5249134,-0.39835075
0.9427902,2.6846015
-0.6380461,-0.4779093
0.7087702,1.5571698
-0.015444287,-0.0048775463
-0.50553787,-0.38568336
0.7414998,1.6803476
-0.10938949,-0.10297837
0.029634709,0.034515325
-0.28153327,-0.22921425
0.1859017,0.2238153
-0.67295223,-0.5134081
-0.21783693,-0.17965606
0.93882465,2.6392558
-0.48373315,-0.35590756
0.31347334,0.44451925
-0.34961987,-0.29533732
0.5469462,1.013999
-0.7382527,-0.59167767
0.9396421,2.6524062
-0.09242092,-0.075751714
-0.5278991,-0.40305915
-0.8530065,-0.7426861
-0.6604842,-0.5280436
0.039547898,0.045244694
-0.32599366,-0.23483515
0.65776676,1.3650628
-0.13822496,-0.12935778
-0.50257146,-0.38403207
0.23428997,0.30334234
0.41355443,0.6446804
-0.6659162,-0.5135561
-0.66476154,-0.5081486
-0.92665714,-0.8583346
0.47280404,0.7843559
0.32760906,0.48004997
-0.05073825,-0.038920827
0.6883409,1.4966007
0.6113403,1.2172861
0.17070873,0.20702681
0.7365426,1.6889321
-0.5883176,-0.42659193
-0.7761608,-0.6508447
-0.46050078,-0.3353128
-0.8858263,-0.7970977
0.062339056,0.06517074
0.8732114,2.2861662
-0.9213129,-0.85736984
-0.75578016,-0.62625355
-0.095601946,-0.091974534
0.86775005,2.2631657
-0.3676878,-0.28669187
0.014469617,0.010620913
-0.91685426,-0.8459926
-0.7033136,-0.57270515
0.9732602,2.8279471
0.9302374,2.6041713
-0.99012005,-0.98840874
0.9036236,2.4687452
0.27823988,0.37945062
0.73583657,1.6817824
-0.090520285,-0.06896116
0.031192057,0.02909824
-0.022306839,-0.027565211
0.33372852,0.4909892
-0.72069746,-0.57053125
-0.9400528,-0.8889508
-0.3841401,-0.279347
0.4093615,0.6434154
-0.5962931,-0.4524211
0.34686488,0.50912553
0.9398241,2.6438653
-0.8121986,-0.68753636
0.34520423,0.5194744
-0.112499565,-0.096817546
0.7362845,1.6778607
-0.6457004,-0.4996003
0.3852519,0.5941583
0.67623055,1.4502479
0.88922846,2.3891852
0.36649606,0.54672426
-0.005650472,-0.0023709086
0.23569448,0.30913904
0.73780996,1.6737384
0.1412195,0.16566108
-0.93922585,-0.9072273
0.8618974,2.2498653
0.3790535,0.58380145
0.35302678,0.5291271
-0.5686497,-0.4331177
0.31777093,0.45392776
-0.21227118,-0.16253734
0.30246595,0.43576056
-0.7868139,-0.65512717
0.3156906,0.44820628
0.99882746,3.0040793
-0.9035759,-0.83985853
0.9543484,2.7311006
-0.18618408,-0.14461784
0.7415069,1.7087959
0.564771,1.0675728
0.13403252,0.13934676
0.47689843,0.8122934
0.75703114,1.7580798
-0.19171935,-0.15869956
-0.34593368,-0.27575496
0.33518678,0.474938
0.6156919,1.2075142
0.5245703,0.95631045
0.5956273,1.1577133
-0.12883337,-0.11280225
0.63566846,1.2965777
-0.75958186,-0.63154346
0.08897819,0.08500911
-0.98848265,-0.9872823
-0.35082835,-0.27815965
-0.26707694,-0.21113141
-0.20765461,-0.18144551
0.3909344,0.62097543
-0.22288379,-0.17400734
-0.102612756,-0.08508023
-0.52491176,-0.39520618
-0.2534964,-0.19038294
-0.54546076,-0.41240296
-0.85360813,-0.7472528
0.20689718,0.26025993
0.3364256,0.4947034
0.2389807,0.31611016
-0.07301191,-0.07282163
-0.24042843,-0.2018507
0.7266673,1.644825
0.03816357,0.04682798
-0.041636243,-0.043908358
-0.94871587,-0.91842884
-0.31750435,-0.2507758
-0.23960876,-0.18971765
-0.20235443,-0.15163882
0.16034473,0.17819813
0.067205094,0.06775944
0.21581018,0.26854134
0.5297665,0.9726574
0.6259715,1.2627434
0.43624616,0.700506
0.9110474,2.5028176
-0.96353483,-0.93372697
-0.60844404,-0.47573227
-0.98487425,-0.9791304
0.29494944,0.42494422
0.7960611,1.9380908
-0.5130354,-0.38378614
0.8540691,2.2039914
-0.8794652,-0.78331506
0.86887205,2.2825582
-0.29675463,-0.23190282
-0.79715836,-0.6671119
-0.028256482,-0.01879263
-0.48644686,-0.36469343
-0.4302542,-0.334563
-0.38542008,-0.3002493
0.6060518,1.1761625
0.07832255,0.10520561
-0.3773846,-0.28008473
0.22066757,0.27180627
0.43230134,0.69715774
-0.454752,-0.34836382
-0.1729018,-0.1327502
-0.7562278,-0.63101804
-0.6377013,-0.48922306
0.3622357,0.5398958
-0.6371233,-0.4815538
0.05032677,0.051946927
0.41809252,0.6483949
-0.7862462,-0.6566184
0.13462444,0.14546645
-0.48687443,-0.3644439
0.9258537,2.5910473
-0.032908708,-0.049255617
0.6119851,1.2077128
0.100453086,0.106030636
-0.9131749,-0.84458876
0.26630276,0.36350662
0.9028067,2.4519727
0.20322365,0.25707462
0.6383777,1.2998016
0.76841295,1.8148866
-0.54384047,-0.4011476
-0.57591033,-0.44257435
0.22196198,0.2899781
-0.17794307,-0.15138994
0.6797226,1.4662473
0.80004627,1.9501948
-0.29315725,-0.22859791
-0.5262589,-0.39546308
0.561051,1.0514737
-0.45038792,-0.33631018
0.6452286,1.3355383
-0.15252349,-0.14530395
0.3350998,0.49935699
-0.8089294,-0.7024958
0.24771865,0.3174362
-0.09646464,-0.088999555
0.17321692,0.2125418
-0.6639716,-0.500069
0.4737475,0.78592753
0.72559416,1.62902
-0.5665204,-0.44866547
-0.80857086,-0.6831008
-0.95272285,-0.90709347
0.283943,0.40336707
0.21418807,0.27109715
0.09339482,0.11337231
-0.5361058,-0.39693984
-0.218188,-0.18532154
0.18895267,0.21731237
-0.006466282,-0.0036747165
0.97557104,2.8408778
-0.7271205,-0.5698959
0.3902891,0.60044503
-0.19136247,-0.14979872
-0.14360078,-0.13074295
0.43519554,0.70970315
0.38487232,0.59210235
0.982512,2.8958395
-0.74321145,-0.60569745
-0.7917807,-0.65731996
0.44867763,0.7310517
0.15677384,0.17311071
-0.45167866,-0.32738537
-0.84116125,-0.72150284
-0.8286835,-0.71037877
0.78838176,1.9165943
-0.61626536,-0.4732071
-0.35325688,-0.2593225
-0.5466872,-0.40945128
-0.29000738,-0.24054147
-0.8611523,-0.7397047
0.03811958,0.04953518
-0.8647749,-0.76485896
0.600713,1.1856118
-0.53257585,-0.40403408
0.08002383,0.09523159
0.7601582,1.753338
0.30175474,0.4100892
0.06591557,0.080339424
-0.3513325,-0.27376106
-0.33399618,-0.25762573
0.3389739,0.4793586
0.98827875,2.9486992
0.32367837,0.4742624
0.115566835,0.12845914
0.46130103,0.7682169
-0.06958877,-0.054787125
-0.8797153,-0.76680243
0.12459363,0.15158895
0.91525054,2.5413425
-0.6493941,-0.51076263
0.38000977,0.5710996
-0.5981326,-0.4662489
0.07165537,0.08157538
-0.8066471,-0.6790803
-0.099258125,-0.091903366
0.51232666,0.91737264
-0.30485696,-0.22792864
0.32982343,0.45922968
0.59089994,1.1404132
0.85435563,2.2160947
-0.5307158,-0.40321496
-0.20136817,-0.17696638
-0.69516796,-0.5376699
0.984967,2.8978076
0.85400194,2.2031457
0.07991426,0.090097345
0.6840666,1.4663825
0.041915953,0.0515781
0.24717137,0.31767693
-0.8217511,-0.68729794
0.51054084,0.90300876
-0.74457306,-0.59625447
0.65213525,1.3622162
0.56405616,1.0553999
0.4174894,0.64401925
-0.92767924,-0.8618332
-0.39374328,-0.29903013
-0.47377485,-0.35009873
-0.2797272,-0.22563305
-0.8247145,-0.7097976
0.8739157,2.3251634
0.10760448,0.10570559
-0.3889514,-0.2891705
-0.20603697,-0.17807828
-0.10559492,-0.09897983
0.20118867,0.24663801
0.031358857,0.024338728
0.8387839,2.1381881
-0.0060730344,0.007870059
0.98431605,2.9115765
0.7028499,1.5450883
-0.58297896,-0.45111278
0.86119044,2.2467086
-0.7672672,-0.60869426
0.63489944,1.290116
-0.23875341,-0.19911975
0.75594866,1.7537893
0.73611337,1.6719548
0.6118508,1.1878126
0.5800609,1.1157554
-0.39064172,-0.3061086
-0.8381614,-0.74057007
-0.19403964,-0.15616222
-0.65295094,-0.51580846
0.38990217,0.59781355
-0.30780056,-0.22755633
0.9512204,2.702632
0.28194416,0.36852312
0.6449611,1.3319167
-0.73495066,-0.5802887
0.72402894,1.6120524
0.84551436,2.1689394
-0.025876163,-0.019413916
0.21250588,0.24666952
0.5296196,0.9666581
-0.65032274,-0.4936713
0.0051321527,0.0020407713
-0.20267394,-0.15739894
-0.707252,-0.54945326
-0.26493114,-0.21230657
-0.8636554,-0.7664703
-0.9483762,-0.91167307
-0.7296674,-0.58611405
0.92623025,2.5844455
0.099059075,0.10660204
0.9316443,2.5862615
-0.13500424,-0.10655156
-0.37636775,-0.28612635
0.012283726,0.008640224
-0.12097662,-0.099540226
-0.78867066,-0.64197713
0.28165263,0.3553047
-0.5679236,-0.42422023
0.23917592,0.29579663
0.3004022,0.42274353
-0.69595027,-0.5474055
-0.87730074,-0.7765072
0.5615232,1.048892
-0.080399156,-0.093187235
-0.8836724,-0.79733855
0.9897326,2.942885
-0.8844389,-0.7838893
0.39007047,0.58985823
0.9673579,2.818645
-0.52163976,-0.39795282
-0.71550125,-0.5662299
-0.7572301,-0.6231254
-0.3934497,-0.29773238
-0.79790837,-0.66032636
0.38432267,0.5765224
-0.8754164,-0.78674036
0.018844256,0.02105568
0.9933937,2.9845524
0.62794054,1.2612207
0.23043887,0.31617907
-0.38749275,-0.27548018
0.24779168,0.32343388
0.054082926,0.054184556
-0.14783323,-0.13613006
-0.7385793,-0.59665644
0.77320844,1.8192563
-0.100430705,-0.092119746
-0.61075497,-0.45058933
-0.2644813,-0.21914235
-0.1717405,-0.14971839
0.6550758,1.3482976
0.46722877,0.7912694
0.5386098,0.9876061
-0.97793746,-0.9562007
-0.167692,-0.14645526
-0.037311696,-0.038899057
-0.96161544,-0.9211021
-0.4803736,-0.3607534
0.52057964,0.9358113
-0.7257806,-0.5791837
0.07062026,0.08719396
-0.56959623,-0.42318615
-0.97575843,-0.95074934
-0.5175971,-0.3731739
0.95174754,2.7238886
0.60307425,1.1991596
0.9191533,2.5466053
-0.024291912,-0.04213534
-0.7805276,-0.63377154
0.095918976,0.10735368
-0.09124533,-0.084198855
0.68871415,1.4925306
-0.80383486,-0.6805325
-0.023517726,-0.020707361
-0.69990265,-0.5588146
-0.35064813,-0.25806493
0.47471416,0.8059103
-0.047963742,-0.0495994
-0.24822342,-0.21115206
-0.21104744,-0.17321894
-0.08110646,-0.073190674
0.5700331,1.0840802
0.7841694,1.8710213
0.9106694,2.4792116
0.57380676,1.0982451
-0.36918622,-0.26836085
0.3762694,0.5608562
-0.12479375,-0.09526933
-0.49065876,-0.36519775
0.68174314,1.4633026
-0.9231473,-0.8616289
0.80352396,1.9541254
-0.07704507,-0.061689176
0.27440295,0.36260557
0.31870785,0.44485712
0.79023546,1.9181069
0.27333936,0.34964633
0.22786717,0.2763863
-0.86669594,-0.7667443
0.036816046,0.04115421
-0.69966197,-0.54779106
0.47486752,0.80443096
0.024443842,0.050359644
0.36045557,0.5349382
-0.91665417,-0.8489303
-0.83041596,-0.7214422
0.43264678,0.7020533
-0.8558313,-0.7440858
-0.85748655,-0.740663
-0.97578305,-0.96761763
0.9130028,2.5051723
0.4750167,0.8123078
-0.29349717,-0.22676802
-0.40692884,-0.30865607
-0.30059355,-0.2319734
0.54930705,1.0087026
0.3227412,0.4760995
-0.62960887,-0.47285682
-0.6517813,-0.51730067
-0.8032087,-0.68700093
0.32060543,0.44587836
0.52874535,0.9629189
-0.46990713,-0.36570317
-0.9581101,-0.9229665
-0.83565664,-0.716345
0.9357201,2.629921
-0.40911046,-0.3076236
0.5384463,0.9738214
0.24932714,0.33293888
-0.23612072,-0.1996643
-0.5886255,-0.44933864
-0.7572272,-0.61564565
0.23002593,0.29613975
0.5492676,1.0169135
0.2878085,0.3869762
0.060604267,0.06150424
-0.9160976,-0.84566194
0.93697757,2.6237516
0.5974284,1.1629583
-0.41435593,-0.3099294
0.9599407,2.7532244
0.20376317,0.26530853
0.16484532,0.20919493
0.49614635,0.851988
0.62353957,1.2683505
0.31295723,0.44011536
-0.7438085,-0.5978852
-0.323465,-0.2576459
0.85616726,2.2260098
-0.5507688,-0.41043523
-0.25566596,-0.21515404
-0.13584623,-0.13155098
-0.12119002,-0.12288594
0.22587916,0.29030466
0.8861517,2.3730047
-0.5186146,-0.38263097
-0.7569972,-0.6189256
-0.605059,-0.4720425
0.7738498,1.8292874
0.29162163,0.41298872
-0.42818642,-0.32819432
0.6318939,1.2849268
0.72274,1.6118622
0.6930287,1.5095372
0.8378531,2.1234448
-0.49551797,-0.3611813
0.51008385,0.91072136
-0.078921005,-0.0781411
0.6839971,1.4705919
0.45698136,0.75573444
0.5528949,1.0134093
0.3123237,0.4317613
-0.64514244,-0.49546543
0.09005384,0.10214644
0.9693395,2.821254
0.8747761,2.3063998
-0.91365254,-0.83224237
-0.67037034,-0.52160054
-0.73654246,-0.58658564
0.45195982,0.7308105
0.63557065,1.2570354
-0.57297724,-0.42994657
0.0117053855,-0.0024036511
0.6814061,1.4599824
0.46560308,0.78030473
0.084474415,0.10808715
0.18069538,0.22324602
0.016721094,0.018663954
-0.40490308,-0.2989691
0.13004398,0.15283963
0.3777706,0.56981635
0.7466458,1.7310807
0.2725827,0.35603982
0.5222431,0.94064885
-0.6798567,-0.54736054
-0.07688505,-0.06938879
-0.9813368,-0.96143377
-0.5066423,-0.36323953
0.45292342,0.7353259
0.9836199,2.8967795
-0.8016438,-0.6659468
-0.19701137,-0.16249141
0.60014194,1.1782687
-0.5919287,-0.45851022
0.110169895,0.117736295
0.4661426,0.7971695
0.2319709,0.29774877
-0.62395054,-0.47379553
-0.28923085,-0.23092371
0.56758356,1.0607514
0.10845303,0.13082883
-0.98954076,-0.9742669
0.52198154,0.9597242
-0.9293773,-0.87853336
0.49146757,0.859943
-0.5950389,-0.4647692
0.91614693,2.525991
-0.2641185,-0.20301938
-0.34613678,-0.28851834
-0.7022239,-0.5574343
-0.38879156,-0.30203408
0.7533015,1.741216
0.9926687,2.960079
-0.26338094,-0.20107518
-0.10277874,-0.09463376
0.44414186,0.73107105
0.77239156,1.8309234
0.18608867,0.22717975
-0.2169486,-0.19098638
-0.17475632,-0.13846911
0.3912363,0.60713905
-0.9935635,-0.98326075
0.23917867,0.30200255
-0.28901398,-0.23421818
0.58839464,1.1365486
-0.8140187,-0.7061238
0.17640454,0.1961322
-0.03805422,-0.04266868
0.28465104,0.39396667
-0.8702928,-0.7785827
0.15996757,0.17946264
0.12296917,0.1318032
0.12132019,0.13327102
0.20697533,0.2551421
0.35293588,0.5431178
0.609978,1.219554
-0.46035856,-0.3357446
0.6500988,1.3591634
-0.0034886354,-0.013464716
-0.8458834,-0.7478338
-0.88289815,-0.8026849
-0.33152336,-0.24470752
0.56979394,1.0739794
0.41536188,0.64703435
0.5772299,1.0984441
0.034538113,0.033386137
-0.119602,-0.104324095
-0.70509493,-0.5559707
-0.3436145,-0.27439624
-0.13196127,-0.109988876
-0.82279915,-0.70922637
-0.5587761,-0.4225752
0.19645059,0.24949275
0.47132623,0.7917608
0.99669504,2.9745204
0.8662267,2.2724638
0.2851304,0.38103336
-0.15750389,-0.14045161
0.27235472,0.3722917
0.57130325,1.1046978
-0.7633276,-0.6193719
-0.18019022,-0.14884582
0.6796046,1.4606588
-0.23233409,-0.20162806
0.14374454,0.16853313
0.17553872,0.21146391
-0.6310475,-0.48090702
-0.27552912,-0.2193649
-0.3309774,-0.25389165
-0.94760656,-0.9036741
-0.95161647,-0.9072155
0.6633941,1.3831618
-0.45385838,-0.34455913
0.036157534,0.051420506
-0.40254885,-0.30254644
0.8813585,2.3425753
-0.48140648,-0.34226006
-0.14068638,-0.13728663
0.7454605,1.7043382
0.68386716,1.4884957
-0.6277972,-0.48064154
0.6052866,1.1909927
-0.083626226,-0.08920975
-0.034062255,-0.028464576
-0.73304003,-0.5841451
-0.838797,-0.73632264
0.45587862,0.7570443
-0.0070776953,-0.010383114
-0.12629859,-0.10980212
0.45901647,0.7552331
0.5310258,0.9752769
-0.6821837,-0.5251218
0.2204503,0.2761304
-0.72929186,-0.5874754
0.50275016,0.88121766
0.3139103,0.43559954
0.9132292,2.5044043
-0.862084,-0.762289
-0.88589054,-0.7802085
-0.43562585,-0.31905848
-0.47658864,-0.34835613
-0.5060424,-0.37585104
0.8125092,1.9979024
-0.5009076,-0.376096
-0.45610055,-0.3332495
0.5187965,0.91499764
-0.10052031,-0.08506614
0.55342114,1.0524212
-0.8692677,-0.7598648
-0.024857612,-0.01011478
-0.9327728,-0.8720974
-0.8746936,-0.7691437
0.8128749,2.0035818
-0.7215093,-0.56857514
0.06484137,0.07586227
-0.17780879,-0.14891532
-0.30531335,-0.22739719
0.7996667,1.9451059
-0.9563532,-0.9183039
0.32757938,0.47099423
0.92678887,2.571484
0.12033637,0.1388291
0.87364495,2.2865255
-0.89548427,-0.8012043
-0.16241336,-0.13985303
-0.4796844,-0.36517024
0.46164194,0.76479346
0.96259415,2.7787635
-0.48693988,-0.35840535
0.3083492,0.43822342
-0.6038047,-0.46641514
0.1306605,0.14150293
-0.072135024,-0.060737927
0.9440107,2.6692045
0.21705455,0.27499235
-0.30098724,-0.23642382
-0.77180845,-0.63275677
-0.69750637,-0.5417559
-0.5493661,-0.42599303
-0.49806666,-0.39266345
0.70123214,1.5320987
0.122445576,0.1572896
0.046781823,0.06929449
-0.7704623,-0.6158941
0.7202794,1.6108348
0.4456286,0.71488744
-0.8646633,-0.78691024
0.4156702,0.6541317
0.08707643,0.09333824
-0.8365493,-0.7091578
-0.083398715,-0.06834538
-0.030607427,-0.027425233
-0.6684509,-0.52920437
0.8913963,2.3846679
0.69995075,1.5353508
0.33804467,0.49791917
-0.075408876,-0.066232376
-0.17646892,-0.1611691
0.30194694,0.42715466
0.09086374,0.10412926
-0.87545377,-0.7907058
0.025005298,0.017802987
0.6128072,1.225354
-0.081520244,-0.077761516
-0.8960869,-0.7967561
0.5725564,1.0930843
-0.59727246,-0.45847198
-0.48275834,-0.3623143
-0.6705873,-0.5218208
-0.33956987,-0.27070108
0.513503,0.9034657
0.03877172,0.047347147
-0.59023744,-0.4390315
0.7556602,1.7642192
0.75916374,1.788175
0.7411569,1.6921802
-0.5224076,-0.37532526
-0.09752131,-0.09794758
0.9699793,2.8133268
0.54402494,0.98339987
-0.9456652,-0.9015324
-0.8695908,-0.77601415
-0.072137244,-0.06204948
0.81844044,2.0389524
0.0774036,0.071928926
-0.0043749837,-0.0082831895
-0.7890526,-0.66143054
0.31356022,0.42494965
0.64420635,1.3167455
-0.23915999,-0.20334998
0.5512237,1.0368954
0.9289533,2.5954661
-0.59246707,-0.4427943
0.04665926,0.033951573
-0.4257241,-0.3096996
0.58570886,1.142705
0.15518673,0.16302355
0.26916483,0.3540623
0.5958283,1.1673231
-0.20805906,-0.16733319
0.8301801,2.0847535
0.066057734,0.06765462
-0.6840904,-0.5422249
0.39179823,0.6065516
0.5865227,1.1442724
-0.36647666,-0.28910163
0.7143585,1.5992178
0.8122865,2.0002332
-0.446191,-0.34441143
0.9670429,2.8147523
-0.71857697,-0.56404406
-0.59596866,-0.44395125
-0.6315503,-0.49774998
0.7879794,1.8934971
0.3085851,0.4414247
-0.6957914,-0.5481008
-0.11935316,-0.11754512
0.23059605,0.3006156
-0.8330718,-0.72437036
0.76483274,1.8151506
0.60720706,1.2152334
0.010413547,0.016564092
0.9342532,2.6361358
-0.16447805,-0.14122672
0.96822065,2.820986
0.33584,0.50128454
0.26934254,0.3638825
-0.6680902,-0.5224959
0.7638555,1.7759752
-0.14502062,-0.1278709
-0.6755332,-0.5192301
-0.974785,-0.9413692
0.119511366,0.14054497
0.054799244,0.05255377
0.43870723,0.6958384
0.7805161,1.8602638
-0.8411868,-0.7318548
0.46299297,0.77347445
-0.62517613,-0.47249243
0.71635413,1.6169808
0.638127,1.3064177
0.08158751,0.0866198
0.4204856,0.66904676
-0.37129977,-0.28338107
-0.0576642,-0.06281372
0.6432738,1.3244642
-0.0814696,-0.07086492
-0.28440347,-0.22442535
-0.011575106,-0.006867254
0.6564985,1.3747708
-0.3295839,-0.27447855
-0.6524768,-0.4981584
0.42402804,0.6733578
0.65195644,1.3431575
-0.79872507,-0.6813639
-0.52025175,-0.3860668
-0.71605605,-0.57269347
-0.30411717,-0.25657657
-0.099298045,-0.08563666
0.49765268,0.8541626
0.30229518,0.42270023
0.24185714,0.31688443
-0.29525012,-0.22495945
0.6828951,1.4855231
-0.057425667,-0.0679641
0.9582099,2.7556472
0.2682843,0.35680756
-0.7474705,-0.6020417
0.35235512,0.52241224
-0.34979197,-0.2737616
0.3726544,0.5588677
-0.8607177,-0.76869696
-0.65023714,-0.4924759
0.71147454,1.5824082
-0.5456409,-0.4011896
0.6740823,1.4316595
-0.44144782,-0.33916765
0.28576383,0.3799774
0.38830113,0.60121524
0.025309507,0.015568358
-0.38937864,-0.2783122
-0.57471126,-0.44731778
-0.9336213,-0.8730257
-0.3921072,-0.2829763
0.30632558,0.43489602
0.8766096,2.3204365
0.742409,1.6930897
0.5321295,0.95215243
0.5768947,1.1093975
0.3299698,0.48983845
-0.4794263,-0.36416116
0.81439006,2.0063596
0.34146464,0.47329518
0.12088126,0.12745224
-0.77802104,-0.64478993
-0.10588891,-0.07987249
-0.07928346,-0.06676462
0.7291272,1.651428
0.09329644,0.09881154
-0.23919891,-0.20150048
0.95360065,2.744172
-0.7785588,-0.642324
-0.15490314,-0.15565106
-0.91595066,-0.85217154
0.47980824,0.8119015
0.8361531,2.1144404
-0.43992534,-0.32590258
0.7166833,1.5973575
-0.41556355,-0.3154041
0.8215403,2.0640845
0.5079238,0.88998324
0.6098136,1.2271011
-0.9639869,-0.93723404
0.92562073,2.576334
0.453342,0.7492193
-0.3904978,-0.2963215
0.65878934,1.3831555
-0.4369576,-0.32511646
0.74550766,1.7080977
-0.7748392,-0.65088725
0.40737197,0.6659598
0.08139695,0.08372186
-0.8069311,-0.6742245
-0.51621234,-0.40337136
-0.97519195,-0.95439565
-0.06246407,-0.06007802
-0.3974695,-0.29755238
0.19671497,0.21579944
-0.40552437,-0.30610144
-0.40016177,-0.31560743
0.4863864,0.8412668
-0.9037143,-0.8354411
0.80579,1.96973
0.70452774,1.5478497
0.33560938,0.47552064
0.18644314,0.22292979
0.78460497,1.8712828
-0.62933964,-0.5008645
-0.8420617,-0.71989316
-0.52097964,-0.40392452
0.58915657,1.1389747
-0.9306595,-0.8630729
0.16561367,0.19143455
0.990875,2.9373307
0.71139216,1.5797539
0.04289138,0.055989295
-0.87271816,-0.7874688
0.662747,1.39158
0.19795701,0.22757639
-0.77013403,-0.637731
-0.8122854,-0.6880878
0.8192536,2.0317476
0.3384005,0.4870974
0.6585736,1.3638465
0.7579578,1.7686754
0.1435447,0.17766447
0.034892704,0.025181249
-0.13914518,-0.12870456
-0.36610684,-0.27611798
-0.13080809,-0.10381465
0.5477593,0.9972174
0.20384686,0.2521831
0.7850466,1.8879988
-0.113239974,-0.10288936
0.21417916,0.24510892
0.2626151,0.3547044
0.18339433,0.23838936
0.40526754,0.63723785
-0.5251331,-0.40449262
0.024727555,0.020222854
-0.7915504,-0.64324677
-0.23097734,-0.18084994
-0.024665862,-0.017672198
0.30444852,0.42892054
0.90106213,2.4379478
0.20130213,0.24797623
0.48718783,0.8393956
0.012532119,0.018186884
0.26820806,0.3745265
-0.8581356,-0.74248374
-0.49121684,-0.38264436
-0.2762938,-0.2188074
-0.05501329,-0.044785693
-0.9087025,-0.82712585
-0.7199518,-0.5810866
-0.44637138,-0.3069212
0.9430654,2.6584032
-0.337306,-0.27273965
-0.035917886,-0.03233818
-0.6078046,-0.44174924
0.22156014,0.27316323
-0.43863356,-0.33328527
-0.58601487,-0.43307388
0.033145256,0.034101658
-0.9889884,-0.98156404
-0.98467195,-0.9641539
-0.5618624,-0.42082185
-0.9265573,-0.85320175
-0.7839485,-0.63825387
-0.3222787,-0.24881813
0.6051714,1.1959544
0.14409728,0.16999446
0.025335452,0.030884905
-0.41302234,-0.3123396
0.86350745,2.2530165
-0.20596991,-0.16031803
-0.8258145,-0.6918641
0.23413303,0.28671053
-0.7723232,-0.6364176
-0.3095537,-0.2502797
0.014823877,0.0119371675
0.74844503,1.7318966
-0.012906839,-0.006048019
0.40451753,0.63322365
0.9856337,2.8954914
-0.73702174,-0.6038222
-0.45053694,-0.33004
-0.21084785,-0.20316893
-0.15634364,-0.12384759
-0.17795785,-0.14671229
0.815222,2.0347567
0.4280653,0.6877582
0.21581043,0.2518217
-0.38125455,-0.28701317
0.64758074,1.351258
0.910121,2.5015602
0.64239657,1.313543
-0.9968698,-0.9928916
0.27280274,0.36219805
-0.8977292,-0.82350004
-0.48478556,-0.35414752
-0.88095057,-0.8005347
0.20759091,0.25069264
0.37317982,0.5533729
-0.7710247,-0.64980614
-0.23232223,-0.18942374
-0.087526985,-0.06892152
-0.26189396,-0.21311718
-0.75795,-0.6339527
-0.16210441,-0.13168688
0.5023561,0.89835024
-0.85798466,-0.7599042
-0.83963996,-0.7313724
-0.29045743,-0.22543989
0.8834514,2.3696783
0.3371453,0.4839362
0.35733992,0.5173366
-0.27616003,-0.21464264
0.18732159,0.23697466
-0.97973764,-0.9602268
0.2721921,0.36086562
0.8265739,2.0844774
0.22514693,0.29253137
0.7473972,1.7158134
0.4479461,0.7389757
-0.7588832,-0.6335402
0.8049066,1.9811188
-0.86711234,-0.76981854
0.067934945,0.068506524
-0.7157258,-0.5704312
-0.97658676,-0.9538539
-0.15593147,-0.12645897
-0.40991858,-0.30485436
-0.027999012,-0.02880111
0.15439977,0.18955652
-0.91252184,-0.8356717
-0.7539934,-0.61840314
0.11728479,0.13140666
-0.3136653,-0.24762186
0.45834696,0.76977193
0.3045833,0.4219406
0.6912087,1.4953126
0.38498566,0.60994744
-0.14013785,-0.11385399
0.34593326,0.49939486
-0.44923764,-0.33237642
-0.387373,-0.29426003
0.5779703,1.1090064
-0.10716097,-0.09553467
0.5967607,1.1773008
0.6448448,1.3322682
0.71512467,1.5916243
0.8332705,2.116605
-0.13802956,-0.11927431
-0.36226636,-0.2773574
0.1643975,0.19900735
-0.25765514,-0.2093098
0.20214833,0.25136513
0.41117173,0.64388055
0.37681004,0.56478584
-0.25089422,-0.21372528
-0.6662796,-0.53205144
-0.13894132,-0.13111602
-0.7148117,-0.57083577
0.78019404,1.8648342
-0.3082451,-0.24523094
-0.6910805,-0.5671
-0.9491045,-0.88751197
0.29164478,0.4123726
0.27380463,0.37375808
-0.31879166,-0.23048683
-0.8565762,-0.7611165
-0.1807422,-0.13510264
-0.377565,-0.2984857
0.35424128,0.5265682
0.2115585,0.25304586
-0.27081254,-0.2171874
-0.5642149,-0.4216261
0.97607195,2.8571615
-0.09199676,-0.07717319
0.37654847,0.5727177
-0.71889406,-0.5788402
-0.0288206,-0.033682045
-0.94492656,-0.8876431
0.010910236,0.0044931476
0.92803484,2.5977063
-0.23158658,-0.17814764
-0.922008,-0.8723942
-0.9380884,-0.8722763
-0.22402649,-0.16447781
-0.6799501,-0.5294607
-0.9532958,-0.90486145
0.5124272,0.9199329
-0.08295398,-0.079398274
-0.42151046,-0.3169068
0.80016637,1.9396101
-0.7677221,-0.6294318
0.91183764,2.506412
-0.37206656,-0.2799779
0.77680737,1.8596399
0.20588575,0.24925394
0.6534147,1.3540155
0.96802634,2.8311696
-0.42318913,-0.3213919
0.92227095,2.5593238
-0.22103621,-0.18364847
-0.22897619,-0.19676815
-0.3192258,-0.23361613
0.082815215,0.084964536
-0.69170994,-0.5554775
0.10742297,0.115694895
0.08340962,0.07093003
0.52380365,0.9353772
0.6672999,1.4000492
-0.1191173,-0.10044423
-0.3953335,-0.30756515
-0.48133022,-0.35228738
-0.61075234,-0.45157096
-0.8847048,-0.78665125
-0.31510404,-0.24925423
-0.4595046,-0.34397084
0.93283474,2.5995002
0.11541765,0.1289386
-0.3054459,-0.24925032
0.16093521,0.19794686
-0.7216066,-0.5509151
-0.111912504,-0.09579152
0.25246865,0.31239012
-0.022204336,-0.025334554
-0.1964424,-0.16420852
0.98769677,2.9276576
0.76062953,1.7719464
0.24681191,0.32521576
0.13875473,0.14825402
0.24132095,0.30416116
-0.5973758,-0.4472382
-0.20972452,-0.18512137
-0.92108095,-0.8487447
-0.048907924,-0.060327563
0.08604917,0.11173903
-0.5445005,-0.41719636
0.9280577,2.5864398
0.8189092,2.0419984
0.44428647,0.7237214
0.06677326,0.07296371
0.7399383,1.6983232
-0.7386953,-0.58650285
0.5810196,1.1226611
-0.75035834,-0.6115188
0.58842134,1.1369295
-0.44846487,-0.31404865
0.75418115,1.7614393
0.8880842,2.3679857
-0.7024081,-0.5545832
-0.07464879,-0.07284376
0.96197474,2.776224
-0.033185128,-0.044415373
0.72709507,1.6360344
0.17746304,0.2326606
-0.24934019,-0.1968805
-0.42843288,-0.34843063
-0.59355384,-0.4381931
0.5235964,0.95219153
-0.22691898,-0.19070417
0.022550924,0.03024357
-0.01534904,-0.023711056
0.15455806,0.17743582
0.73115426,1.6715914
0.9614787,2.7720335
-0.18483159,-0.17568055
0.6550378,1.3645394
0.5290556,0.9562521
0.1470579,0.1838479
0.9120943,2.5029395
-0.599051,-0.45938143
-0.78147155,-0.63756615
0.70792395,1.5650688
-0.12170037,-0.11619212
0.6939377,1.5212026
0.78618044,1.8921189
-0.8750848,-0.77939886
0.7669295,1.8079827
-0.10336189,-0.10448918
0.020864978,0.01603287
0.25318503,0.33355337
0.8527652,2.1981652
-0.9617678,-0.9136788
-0.046313062,-0.04209344
0.37544408,0.57787335
0.44541392,0.7322687
0.38506487,0.60099816
-0.73112977,-0.5834297
-0.40120882,-0.3046881
-0.28256896,-0.22541836
0.60887444,1.195785
-0.44248027,-0.328255
-0.5785901,-0.4379182
0.914896,2.5127106
-0.98227346,-0.9541052
0.9956417,2.9614239
0.35364258,0.51870835
0.6569386,1.3822981
-0.4107612,-0.3081868
-0.97136945,-0.94483346
0.47573903,0.8122496
0.6682892,1.4151586
0.48095226,0.80835223
-0.71429944,-0.5720209
0.50685585,0.9101366
0.53784555,0.97611696
0.31708103,0.44631785
0.53223187,0.9608521
0.69184285,1.5007676
0.22720823,0.28472987
-0.82279056,-0.69795513
-0.02474438,-0.022174112
-0.84470135,-0.7261571
-0.18491393,-0.16755298
-0.18578702,-0.1610864
-0.8679803,-0.77077526
-0.30235893,-0.23402347
-0.7780038,-0.65156394
0.6164704,1.2399436
0.895376,2.4267597
-0.85536706,-0.7594347
0.9102304,2.4879844
0.045153197,0.04196475
-0.40086865,-0.278267
-0.84627587,-0.7404803
0.0012485362,0.018026352
0.5890311,1.1276911
0.41417295,0.64686257
-0.899548,-0.8251296
-0.8541963,-0.75626737
-0.19425343,-0.16652806
-0.409419,-0.3175113
-0.53523135,-0.41028127
-0.437991,-0.31859264
0.6069655,1.2112209
0.85845613,2.2375326
-0.18979461,-0.1553694
0.812222,2.0086806
-0.3570086,-0.28002638
-0.04712603,-0.0545414
-0.547942,-0.40858594
0.2809521,0.37032655
0.9579622,2.7448285
0.20698619,0.27022657
-0.28437182,-0.20749438
0.2956349,0.41280633
-0.7541586,-0.6032705
0.7773182,1.8487571
0.0061679017,-0.007170562
-0.101300515,-0.08595653
0.17172958,0.21197802
0.24956773,0.32811254
-0.8564484,-0.7535765
0.36523443,0.5569736
-0.51613665,-0.39709422
0.42790526,0.681621
0.6450696,1.3195263
0.607917,1.2029935
0.105001934,0.1063061
0.040339783,0.035190303
-0.71424806,-0.57552916
0.5506923,1.0183524
-0.45718125,-0.3585979
-0.0066091544,-0.0056937123
-0.43145183,-0.31314313
-0.73234326,-0.5874369
0.2591154,0.3590666
-0.8913359,-0.79166454
0.49729046,0.8753444
-0.3648264,-0.27953905
-0.9997306,-0.99923635
0.022258278,0.030402735
-0.9062962,-0.8332471
-0.4476609,-0.3557972
0.41395298,0.66116387
-0.87462074,-0.7900211
0.67867696,1.4422582
-0.9923602,-0.9848344
-0.50635225,-0.38073587
0.48180813,0.8116729
-0.3674597,-0.280395
-0.79621524,-0.65736276
-0.27953216,-0.2345195
-0.45921344,-0.33244914
0.6854238,1.4616438
-0.37330416,-0.2647971
0.57786494,1.1006454
0.7837443,1.8808745
-0.13236517,-0.13608408
0.81988627,2.042617
-0.24536389,-0.19764738
0.92815685,2.5883543
-0.82142097,-0.7065587
0.37403855,0.5568076
-0.012371919,-0.0009154825
-0.22470239,-0.18524864
0.26542374,0.36998007
0.4077142,0.6364549
-0.99127346,-0.9870465
-0.6660938,-0.50979006
0.4260921,0.66877574
0.33277082,0.46822247
0.932095,2.621676
0.5220756,0.9252176
0.9015454,2.4289007
0.405081,0.65432686
-0.4038956,-0.3205903
-0.78927016,-0.65615535
0.56364775,1.0611075
0.28829843,0.36727035
-0.903628,-0.82760924
-0.27989906,-0.21899971
0.9135996,2.514356
0.00080229144,0.009838142
-0.13454174,-0.12275057
-0.08460079,-0.07092397
-0.58223456,-0.44750655
-0.26258567,-0.22584473
-0.26037347,-0.22320826
-0.89528996,-0.8259813
0.53513527,0.9848474
-0.16699113,-0.15890755
0.64435977,1.3298376
0.700696,1.5330358
-0.5760119,-0.4363635
0.31470695,0.4585522
-0.05543639,-0.05691784
0.76031345,1.7840253
-0.56851864,-0.42868245
0.3556264,0.52555245
0.21550424,0.29495448
-0.40939704,-0.3248219
-0.7267982,-0.56959194
0.30327952,0.4297172
0.4771949,0.80877906
-0.36874533,-0.26661846
0.28966522,0.37939468
-0.20973818,-0.18019214
0.42641377,0.67369187
-0.6015695,-0.45326227
0.78043,1.8537077
-0.4251808,-0.31693506
-0.26442802,-0.21485959
-0.8838161,-0.79785484
-0.7769756,-0.6384512
0.031723805,0.030075917
-0.46481463,-0.36007276
0.6709604,1.4512203
-0.97061324,-0.9478
-0.2418119,-0.21965446
-0.32530892,-0.2623301
-0.9613447,-0.9382929
-0.7512632,-0.6026156
-0.17271465,-0.14481992
-0.014270831,-0.010082953
-0.19142051,-0.16549292
0.06187536,0.06314731
0.19026335,0.22964174
-0.98015237,-0.9618967
-0.07180968,-0.05867001
0.9269985,2.5862794
0.03806456,0.044569753
0.35508454,0.530936
-0.3762723,-0.27911997
0.54798275,1.0157005
0.54584295,1.0100068
0.042592097,0.05637151
0.9520276,2.7146103
-0.7488996,-0.6166272
-0.9661047,-0.94632745
0.5403164,0.9918283
0.6143111,1.2049795
-0.75958556,-0.616252
-0.46883434,-0.35317305
-0.96489525,-0.92086554
-0.41338277,-0.31985766
0.5462837,1.0057015
0.035921056,0.048479762
-0.3038088,-0.22571914
-0.2565214,-0.21439965
-0.99729276,-0.99278235
-0.40039894,-0.3013271
0.2929175,0.4075872
0.9483889,2.698225
0.69412166,1.5231715
-0.95281005,-0.92886585
0.7971212,1.9348048
0.56639683,1.0733846
0.5607523,1.0560924
-0.084008485,-0.06401636
-0.20398942,-0.15888382
-0.39416856,-0.30289665
-0.86861026,-0.75648016
-0.5435293,-0.41581726
-0.5067927,-0.37080908
-0.03184586,-0.012758774
0.4948888,0.8731589
-0.052380342,-0.048722655
-0.8843111,-0.79715943
0.9155796,2.5060973
0.88544863,2.3667822
0.5703791,1.0701219
0.9826558,2.8892016
0.08896466,0.085676044
0.9255367,2.5703826
-0.84878993,-0.7401312
-0.2686385,-0.21312244
-0.5492375,-0.41926473
-0.6083338,-0.4526971
-0.7183941,-0.5751421
0.24482729,0.31156552
0.5626437,1.0595895
0.1565968,0.20459503
-0.7060746,-0.556189
0.6222475,1.2467402
0.27190942,0.35067308
-0.22366859,-0.18702468
0.34826058,0.51413417
-0.48019004,-0.3642068
-0.30961558,-0.26008794
0.83497167,2.1057675
-0.418991,-0.3024475
-0.060023464,-0.04229689
0.78028226,1.8553237
0.4154427,0.6664653
-0.87559354,-0.79200137
-0.7053939,-0.5447605
-0.9843168,-0.9666693
0.2618436,0.35785463
-0.10465315,-0.11199799
-0.7314503,-0.58099455
0.9158682,2.5228498
0.059319448,0.07156627
-0.5162134,-0.37814707
0.0012071423,0.0018664481
0.35924065,0.5286476
-0.84752154,-0.7302004
-0.45059237,-0.33964577
0.613931,1.2135118
-0.08067026,-0.08388907
0.09315428,0.08786872
-0.134368,-0.123842135
-0.9122001,-0.82811403
-0.6685004,-0.51857734
-0.10891672,-0.10364361
-0.5816291,-0.43204883
-0.90004194,-0.8273931
0.6872993,1.4853
0.96238506,2.7781205
0.58628577,1.1393327
0.70756984,1.546701
-0.51604575,-0.39566916
0.921254,2.535457
-0.6061486,-0.46403724
0.9028596,2.4661005
0.98963857,2.9332051
0.4234456,0.67357135
0.9622875,2.7880776
0.13907956,0.1717984
-0.48091644,-0.3617482
-0.12600823,-0.105283774
0.18712187,0.2179189
-0.8538369,-0.73349875
0.24468653,0.34069484
0.9623557,2.7849612
-0.6197847,-0.49457476
0.58519024,1.1224525
0.81579757,2.0303857
0.8874032,2.369489
0.9202712,2.5592692
0.04291928,0.050721977
0.95461583,2.7287755
0.5146204,0.9160663
-0.67665714,-0.5375481
-0.046199787,-0.045989826
0.43666235,0.70505065
-0.50531936,-0.3672562
0.28123036,0.40372366
0.33320096,0.4669049
-0.67460054,-0.545748
0.13017063,0.14686896
0.54325384,0.98352206
-0.0022086708,-0.0017416872
-0.9757938,-0.9452559
-0.98192304,-0.94955236
-0.2859413,-0.22554418
0.85238814,2.196338
-0.54264647,-0.42775565
0.2687274,0.36060965
-0.55584824,-0.417907
-0.35666,-0.2684335
0.6960842,1.5108085
0.45772287,0.7587802
-0.8092014,-0.69904524
-0.14259596,-0.14807478
-0.94166046,-0.9010144
-0.038219705,-0.052518047
0.32486802,0.4680607
-0.76299477,-0.63020086
-0.42223012,-0.32460865
-0.20432675,-0.18095198
0.83906204,2.1014822
0.98651004,2.9348688
-0.9101774,-0.84576905
0.52201587,0.93264186
-0.25655186,-0.22216788
-0.21508363,-0.16905333
0.50852996,0.9000742
0.83685285,2.114979
0.9018572,2.4448037
0.15424517,0.19848827
-0.2857577,-0.22816418
0.57509816,1.0942255
-0.49799722,-0.38291374
0.12814806,0.12772861
-0.28284308,-0.22707076
0.31326213,0.44539157
-0.5192022,-0.37859723
-0.61681414,-0.49351233
0.8364782,2.110203
-0.7963926,-0.6730638
0.011915815,0.012024686
-0.5582944,-0.42206836
-0.92214006,-0.85714936
-0.92796236,-0.8618488
-0.64955646,-0.510729
0.7335407,1.6756691
-0.4350425,-0.323783
0.90091836,2.4406078
0.16324459,0.21025273
-0.12677161,-0.097173765
0.16017766,0.19927315
0.03339677,0.0043637953
0.5175525,0.9398344
-0.43500787,-0.3201458
-0.2938992,-0.21284443
0.7881886,1.9114597
0.89291304,2.4179041
0.78511643,1.8942627
-0.16110401,-0.12584394
0.560731,1.071396
-0.04732853,-0.04302901
-0.004920296,-0.020618511
-0.59063977,-0.45090687
0.1822606,0.22543348
-0.6277282,-0.48028836
-0.3368706,-0.2740831
0.7100604,1.5559379
-0.5858484,-0.4511156
-0.8576834,-0.744915
-0.8619848,-0.7436336
0.881569,2.3530226
0.013840876,0.02460937
-0.18117586,-0.15510637
0.62175715,1.2312784
0.67165184,1.4212087
-0.33561793,-0.26336998
0.38723612,0.5902841
0.5422456,0.9962595
0.30930138,0.43897295
-0.6968098,-0.54106754
0.75176615,1.7389998
0.078189105,0.06574306
-0.43505514,-0.33295512
-0.14954363,-0.13008751
-0.9248578,-0.84835595
-0.7442664,-0.6082853
0.5310935,0.9680796
-0.99997675,-0.9970526
-0.16686834,-0.14323075
0.04502036,0.056443773
-0.89073116,-0.81064546
0.9461563,2.6826265
-0.54774934,-0.41217986
-0.39160255,-0.30470473
-0.39211497,-0.29356998
-0.5391667,-0.41233408
-0.9970524,-0.991859
0.4586896,0.76459056
0.933691,2.6215913
-0.55141306,-0.41961476
0.3260944,0.46371713
0.48379266,0.83204234
0.6968508,1.522864
-0.1547416,-0.13454394
-0.3941382,-0.282967
-0.34940973,-0.2798884
0.42524266,0.6823291
0.6335589,1.2735281
-0.63677204,-0.48577005
-0.25811797,-0.21984263
0.8038804,1.9668076
0.61338705,1.216693
0.9697168,2.8247502
0.5084965,0.8930186
-0.21360959,-0.1836804
0.18127567,0.23445198
0.32202852,0.46197167
-0.8430884,-0.73716646
0.08899392,0.09511033
0.41864166,0.68372756
-0.6653574,-0.5195626
0.56126344,1.0461947
0.16754556,0.19347037
0.90444356,2.4568217
-0.9151554,-0.8500422
-0.46934772,-0.36524826
0.20310776,0.24149728
-0.40688017,-0.31698152
0.42884833,0.69754475
0.51801056,0.9215334
-0.79496807,-0.6674648
0.027708929,0.04119887
0.01778111,0.031052973
-0.26143846,-0.21377899
0.86584973,2.2583609
0.65501267,1.3564377
0.39441878,0.6182709
0.42865327,0.6891121
-0.07656771,-0.075018935
0.84198904,2.1397223
0.38919085,0.59191424
0.45796213,0.7669401
0.7233818,1.6120409
-0.45185682,-0.3299912
0.6141418,1.2176095
-0.60951877,-0.46594623
-0.3093161,-0.2566037
-0.3287791,-0.25634667
0.9570509,2.7463214
0.71307445,1.5836295
0.40233973,0.6440637
0.4541135,0.75575644
0.12414559,0.13352446
0.8941813,2.40158
-0.007482494,-0.0014756136
-0.23896459,-0.18251944
-0.67392933,-0.52301514
0.5724113,1.0945064
0.46888787,0.7979288
-0.23128992,-0.17597711
-0.94961315,-0.92367196
0.67799467,1.456002
-0.97716403,-0.9455217
0.40739956,0.6276046
0.9405142,2.6481724
-0.124677345,-0.11957877
-0.5300532,-0.40530655
0.40974203,0.64160436
0.6342563,1.2941127
0.09286063,0.110941224
0.9340705,2.6323366
-0.89666253,-0.821957
0.009591197,0.00123704
0.4369079,0.7243553
0.72528094,1.6393021
-0.6414888,-0.49312994
0.60000694,1.1807561
0.10541415,0.11739963
-0.20689264,-0.16769817
-0.73656994,-0.5970105
0.73059154,1.6570071
-0.6854536,-0.5527705
-0.3804243,-0.2976355
-0.41990894,-0.32439536
0.7428281,1.7007654
0.345406,0.49665493
0.5933628,1.1490177
-0.4990642,-0.3894427
0.2497482,0.3331872
0.14349197,0.16621128
0.66566074,1.38667
0.81217414,1.9991845
-0.97568643,-0.94917476
0.34803984,0.5059
-0.8963284,-0.82000756
0.09771733,0.107453145
-0.42473453,-0.317521
-0.3864468,-0.3091816
-0.294083,-0.22753061
0.2425849,0.3077049
-0.33190006,-0.25848305
0.4653981,0.7824424
-0.19094522,-0.16671768
-0.8632936,-0.77164626
0.56751966,1.0695273
-0.42848334,-0.30730075
-0.13446625,-0.13243313
0.37088776,0.5763871
-0.3350877,-0.26302606
-0.88682866,-0.7974697
-0.2521579,-0.2154745
0.8888972,2.3736744
0.28346878,0.38157225
0.3429583,0.4904606
0.2645643,0.3509874
-0.60201573,-0.46184725
-0.16333227,-0.12250432
0.5018796,0.86851794
-0.7972542,-0.6673592
-0.44429445,-0.33212107
-0.4473618,-0.34746408
-0.13596214,-0.113121524
0.96073747,2.7665472
-0.8649949,-0.7889058
0.03740199,0.045451716
-0.64127064,-0.5049205
0.9413531,2.651197
-0.773393,-0.63097197
-0.19279799,-0.16626504
0.47576997,0.81899863
0.40910885,0.6570531
-0.15454273,-0.14079957
-0.30695167,-0.23372051
-0.20477524,-0.17898376
-0.47144747,-0.3316388
-0.58933413,-0.45363343
-0.033920605,-0.022548152
-0.4629325,-0.33939752
-0.42507666,-0.3180328
0.31351212,0.4359116
0.93707466,2.6365232
0.2072744,0.23760627
-0.8460411,-0.7335954
-0.8488328,-0.73641807
0.90284646,2.455252
-0.40541843,-0.33742362
-0.81586605,-0.705956
0.19808917,0.23762046
0.24729756,0.32649395
0.29700965,0.41431838
-0.46519595,-0.35116273
-0.96977866,-0.9350039
0.93003076,2.5891623
-0.49821392,-0.36755967
0.35205257,0.5243748
0.41325974,0.6583969
0.22001484,0.2772511
-0.3741852,-0.26825458
-0.45780748,-0.33923864
0.19533657,0.23126292
0.73219126,1.663309
0.8934675,2.4125173
-0.7881884,-0.6624834
-0.6903428,-0.5318757
0.88947254,2.3881707
0.47307044,0.7793124
0.76598763,1.8051547
-0.5947347,-0.4554489
0.17517175,0.21660386
0.4022792,0.6386501
0.36022377,0.53867966
-0.18369661,-0.13949838
-0.9692102,-0.9420743
0.16585211,0.2041693
-0.4937969,-0.36231726
-0.09949151,-0.09155123
0.915162,2.5269392
-0.20192936,-0.17533438
0.6796032,1.4511199
-0.6229188,-0.48972565
0.344921,0.507341
0.9540139,2.7356975
-0.7962138,-0.65522957
-0.9833601,-0.95935804
-0.13283442,-0.12038125
-0.81474906,-0.7035583
0.4967687,0.8704685
0.82909733,2.0975306
-0.13195805,-0.109291054
-0.48257673,-0.3512343
-0.13119335,-0.11835861
0.44689563,0.73119724
-0.9818917,-0.97180235
0.17890798,0.21608357
0.22658338,0.2887703
0.2753765,0.3741579
-0.51595587,-0.38839123
0.42810544,0.68850416
-0.81721705,-0.7029136
-0.6014593,-0.44786972
0.7549401,1.7559062
0.4774463,0.812493
-0.9725089,-0.95398283
-0.5032475,-0.39076006
-0.571187,-0.41820517
-0.45838735,-0.33903787
-0.5048805,-0.3949116
-0.8749474,-0.7715841
-0.082118966,-0.0667044
0.46546695,0.784218
0.21346346,0.28473803
0.34574333,0.50877863
-0.8377016,-0.7379779
0.9029814,2.4582772
0.67698365,1.4480058
0.6101806,1.2036507
0.6459676,1.3385229
0.865421,2.245858
0.088507935,0.1069406
-0.599436,-0.46428517
0.23356722,0.29101336
0.48576298,0.8352138
0.4758348,0.8143212
0.042898048,0.04645647
-0.8630826,-0.76851785
-0.2577741,-0.21351595
0.84153324,2.1343365
0.16889782,0.19999556
0.07666389,0.093742035
-0.46229297,-0.34741962
-0.26310217,-0.20349793
0.79069215,1.9247763
0.3329261,0.47478718
0.574774,1.0931588
-0.09130915,-0.06202114
0.26049444,0.3604717
-0.5032328,-0.3941539
0.41092166,0.6530366
-0.14479734,-0.12686133
-0.11490897,-0.09495763
0.29864466,0.40701923
0.8725612,2.289864
-0.8719873,-0.781412
0.6494865,1.3395745
-0.4152338,-0.3062557
-0.11216109,-0.11280399
-0.95617336,-0.9223302
-0.39790785,-0.32046834
0.0052624852,0.015361503
-0.88764787,-0.78641325
-0.017808542,-0.02076778
0.8542213,2.2042558
-0.78921354,-0.6533913
0.52888143,0.9712782
-0.1806579,-0.1498307
0.31034744,0.42957884
-0.47952682,-0.37603435
-0.6810155,-0.5442274
-0.67907476,-0.5303503
-0.8590161,-0.7615362
-0.6287066,-0.479995
0.32843876,0.46621087
0.76338124,1.7804117
0.6282514,1.2591515
0.3702686,0.57375443
-0.7791363,-0.6361703
-0.4216251,-0.30150354
-0.38038626,-0.28533256
-0.5000861,-0.37936452
0.030011319,0.044172436
0.07110763,0.07619279
-0.28622806,-0.22554281
-0.29242167,-0.23234458
0.65711117,1.3431747
0.5785857,1.1230825
-0.38440832,-0.28853244
0.8275769,2.0825524
0.90563005,2.4679449
-0.3465149,-0.266415
-0.2911501,-0.23703483
0.0112683065,0.017562505
0.8822416,2.3342137
0.7526389,1.7473086
-0.79486406,-0.6596416
-0.21453851,-0.18037295
0.10674238,0.12306121
0.006264945,-0.0036089034
-0.6122739,-0.47658163
0.71763355,1.6045784
0.35388157,0.5302166
0.6758168,1.4224612
0.7175286,1.6070137
0.4967117,0.8605522
-0.1215788,-0.11052256
0.2210935,0.26738822
-0.6792692,-0.539798
0.34729084,0.5194501
-0.6414935,-0.49363446
0.3878992,0.5929027
-0.5408037,-0.40766802
-0.7648974,-0.6224543
-0.66943103,-0.5168856
-0.9960157,-0.9928134
0.43747923,0.72352517
0.4648021,0.790964
0.0298667,0.034919083
-0.6772744,-0.5286939
-0.83289135,-0.71039355
-0.96174204,-0.9232128
-0.66850364,-0.50975084
0.78171104,1.8794607
-0.5169263,-0.39802536
-0.29145736,-0.24212813
-0.789309,-0.6650592
-0.5552774,-0.40839335
0.038449142,0.02422123
0.21550536,0.27590412
-0.50929534,-0.3783901
-0.8845357,-0.7825695
-0.21793427,-0.1789864
-0.53159326,-0.41265762
-0.56089216,-0.43234238
0.9197256,2.5317924
0.23260097,0.2939092
0.11375689,0.12634058
-0.16844979,-0.1565087
-0.14211133,-0.11007911
0.081810005,0.07579761
0.3928596,0.62129277
0.4042922,0.64567846
-0.65661216,-0.4995811
0.00022550415,-0.006712111
-0.1760838,-0.14711335
0.74105394,1.684399
0.26283786,0.3591885
0.06500813,0.06876907
-0.7692107,-0.6367493
0.21127577,0.25310656
-0.7655922,-0.65297353
-0.32558686,-0.26447988
-0.71431607,-0.5574185
0.3841473,0.5843764
-0.58749574,-0.44681266
-0.21628125,-0.17306525
0.79134953,1.9312103
-0.59136724,-0.43521208
0.015610128,0.006134257
-0.16145667,-0.15902302
-0.9637519,-0.9064879
0.5855162,1.1517675
-0.8619082,-0.7574372
-0.051489957,-0.061680134
0.12135659,0.14750354
0.25685292,0.33869198
0.37726325,0.57215595
-0.49345523,-0.36116794
-0.98004246,-0.95752984
0.4468873,0.72398454
0.0713132,0.07351403
0.6722354,1.434531
0.6427767,1.326612
0.68665236,1.4845147
-0.02981068,-0.019614266
-0.3327432,-0.262483
0.5831164,1.1232018
-0.097411774,-0.12260286
-0.6331156,-0.4905519
0.70994806,1.5794458
0.76511973,1.7945312
-0.06738049,-0.067808546
-0.84860057,-0.7499889
-0.22434781,-0.17527409
0.60707533,1.2048322
0.80354804,1.9763342
-0.59305453,-0.4671884
-0.86605275,-0.76719046
0.7547009,1.751331
-0.22119012,-0.1858925
0.083521925,0.084920205
0.9361316,2.6293848
-0.8668705,-0.758332
0.29663602,0.3916023
-0.8517892,-0.7264826
-0.24906214,-0.19764158
0.60762906,1.2007633
-0.13305554,-0.10863901
0.9943647,2.9517968
0.11811857,0.12707154
-0.3576757,-0.2767127
-0.5597773,-0.40817767
-0.29895893,-0.23676734
-0.25493345,-0.20201023
-0.86257267,-0.7662182
-0.2608516,-0.2056889
-0.07152296,-0.050000906
0.44547552,0.74228317
0.31345898,0.44170034
0.4175313,0.6714079
-0.9832726,-0.96132505
-0.5646652,-0.42079422
0.32336858,0.4728691
-0.032021265,-0.019983958
-0.989373,-0.9802423
0.6089893,1.2121307
0.54561913,1.0019194
0.096838325,0.09789338
-0.86707336,-0.7698319
0.5330301,0.96783346
0.16742718,0.18353653
0.56391996,1.0698588
0.50349396,0.8569657
0.6060041,1.2229428
0.036016133,0.052378803
-0.71935093,-0.5767347
0.34231496,0.49970105
0.24094757,0.31602138
0.48450637,0.8270973
-0.66023797,-0.5102047
-0.6100496,-0.46636546
0.78081906,1.8656033
0.4999556,0.8766925
0.816457,2.0141757
0.51743066,0.9240949
0.1943106,0.2410382
0.30826548,0.43387532
0.7782558,1.8531554
0.15761352,0.19774954
0.26478264,0.34991983
-0.6870466,-0.537049
-0.05215756,-0.036606062
0.4327942,0.70037836
-0.4581146,-0.342245
-0.59549165,-0.45301268
-0.37234637,-0.27295363
-0.51699877,-0.3904757
-0.57017475,-0.41760534
-0.15029831,-0.13213979
0.81567705,2.0151052
0.014119294,0.021115195
-0.6241592,-0.4807878
-0.84605664,-0.7296571
0.3923123,0.57930756
-0.23440248,-0.19228505
0.6436619,1.3200362
0.31902152,0.44263202
0.5924829,1.1459694
-0.4561079,-0.34869668
0.38471785,0.5891871
-0.47187603,-0.36795354
0.87813693,2.329577
0.27274856,0.38109273
-0.3509764,-0.2682175
-0.46097627,-0.3383443
-0.61814684,-0.46129304
0.38928193,0.6121792
-0.5625688,-0.40542758
0.19060653,0.22887026
-0.47072995,-0.36063558
0.3239379,0.47070095
0.6298795,1.2836139
0.5560505,1.0449257
0.52170265,0.9547628
-0.6245552,-0.47799203
-0.8232301,-0.6991702
0.39789766,0.6094125
-0.26330557,-0.19087747
-0.13530755,-0.122842096
-0.9377018,-0.8860062
-0.4808471,-0.3642792
-0.93264717,-0.8805106
0.75837153,1.7623646
-0.51320666,-0.39023155
0.11467434,0.11567457
-0.92204136,-0.8636172
0.3336948,0.50169426
-0.3539453,-0.2656528
0.79583836,1.9425073
0.77623636,1.858267
-0.34941876,-0.2516457
0.8019218,1.9429848
0.99231535,2.941829
0.65083134,1.3420557
0.6897427,1.4889319
-0.5019825,-0.37949455
0.1534048,0.17607814
-0.8654882,-0.76253635
-0.81016415,-0.6852094
0.9977852,2.9795027
-0.3467215,-0.2899426
0.4963678,0.8551157
0.6133301,1.2147304
0.7160466,1.5934317
0.9952566,2.9603329
-0.51700705,-0.39281288
-0.91929835,-0.8624065
-0.17761697,-0.1529308
-0.73983866,-0.60816735
-0.9551482,-0.9227187
-0.27914634,-0.23606233
0.5674765,1.0707153
0.13236138,0.14353536
-0.374444,-0.277668
0.30868402,0.43744156
-0.53596365,-0.40336445
-0.9712371,-0.9520799
0.5287068,0.9598327
0.24748617,0.33080098
0.5246053,0.9456198
-0.92212397,-0.83986795
0.6742393,1.4399425
0.2390524,0.31899542
0.1267907,0.1462405
0.24922809,0.33358008
0.7288665,1.6393529
0.173873,0.20477735
0.16190076,0.19584997
0.9813583,2.8929543
0.51346034,0.9175474
-0.11541239,-0.09262574
0.414794,0.64396536
-0.22153905,-0.19307706
-0.5422491,-0.40535897
0.19370376,0.23124926
0.8563642,2.2515244
0.85827905,2.2323244
-0.31618944,-0.24860828
0.055354934,0.05343403
-0.5767282,-0.44074315
0.9912622,2.9481792
0.9622358,2.7801855
0.29901785,0.41059822
0.6088281,1.2024436
0.4302003,0.7083336
0.18631645,0.24134308
-0.893304,-0.8056411
-0.09047131,-0.09643936
0.3495726,0.5198768
0.35506323,0.54143876
-0.25375476,-0.19200511
0.883384,2.3604593
-0.66528594,-0.50291544
0.00071889244,0.0012532524
0.38176796,0.5894372
0.3942716,0.6042035
0.29727793,0.41484642
-0.44942358,-0.32492194
-0.68758684,-0.54577976
0.27188066,0.3572825
0.19860423,0.24685644
-0.641288,-0.4960342
0.4102783,0.6541595
-0.08965602,-0.08687109
0.3355212,0.50305116
0.6747342,1.4242873
-0.66054314,-0.49989492
-0.9617103,-0.9339451
0.5582052,1.0257713
0.21939485,0.28046808
0.39927915,0.61981153
0.67630994,1.4319499
0.6056219,1.1777146
0.9218403,2.5549166
0.071870156,0.08716507
-0.023008734,-0.016641978
-0.1962256,-0.16470961
-0.6926179,-0.5403722
0.14521447,0.16909175
-0.44597495,-0.35008013
0.842615,2.1366627
0.16638161,0.19663869
0.18568036,0.22495276
-0.29015067,-0.22188047
-0.8960213,-0.80496854
-0.9365125,-0.8747791
-0.15332972,-0.13622732
-0.83086926,-0.72791743
0.21369392,0.27323806
0.761946,1.7901161
0.7658296,1.7775944
0.31809083,0.44311422
-0.57753634,-0.44353488
0.72599363,1.636891
0.7721869,1.8208597
-0.60669285,-0.4623072
0.47485217,0.8053032
-0.42696092,-0.3240899
0.60528064,1.1862347
0.9944758,2.9605868
-0.93994796,-0.8976945
0.79473174,1.9320823
0.24526107,0.32587826
0.94676524,2.68407
-0.069980964,-0.05021995
0.6947759,1.5097212
-0.87521183,-0.76432276
-0.3294419,-0.2630862
-0.8659669,-0.7857215
0.9506863,2.717747
0.6339478,1.2931002
0.7050948,1.5531415
0.8759305,2.3088238
-0.82979304,-0.71294165
-0.22880481,-0.19354406
-0.85793024,-0.75638413
-0.5784138,-0.42895052
-0.54126847,-0.405031
-0.06178558,-0.05210447
-0.46287566,-0.35011336
-0.7980438,-0.67284334
-0.66501784,-0.5284072
-0.70544887,-0.5625635
0.9461536,2.6551518
0.518585,0.92107654
0.9355229,2.6286798
-0.12051903,-0.10210797
-0.44326302,-0.33656093
0.5965864,1.1683127
-0.34749216,-0.2904992
-0.40123326,-0.3054073
-0.534988,-0.41869092
-0.7406421,-0.6104542
-0.48707387,-0.36725843
-0.2893605,-0.21709636
0.34798843,0.51493645
-0.8748703,-0.778914
-0.5789861,-0.43804705
0.6180473,1.2289767
-0.70615613,-0.5650688
-0.3147097,-0.24256328
0.72931784,1.6352963
-0.69014937,-0.53663504
-0.8345263,-0.72316986
-0.03092401,-0.021741716
-0.39516097,-0.29110312
0.12681673,0.1282079
0.6076098,1.1953069
-0.725703,-0.5898012
0.16139817,0.17352459
0.011017521,0.0008149113
-0.7118424,-0.5414147
0.24799697,0.33084702
-0.45271915,-0.32137853
-0.024331363,-0.015462768
-0.83545536,-0.728024
-0.080831885,-0.07864395
-0.38707307,-0.2893566
0.6447624,1.3328958
-0.88604254,-0.80235124
-0.16278546,-0.15569995
-0.083137155,-0.043922383
0.45001215,0.74224395
0.14857516,0.17067207
0.33442467,0.4847999
0.55409855,1.0288186
0.72440594,1.6305393
-0.372249,-0.2723925
0.07604541,0.08102259
0.68021613,1.446015
0.9789023,2.8735683
0.7790386,1.8540951
-0.25706547,-0.1937314
-0.60966694,-0.45287138
-0.021214925,-0.01969915
0.4832829,0.8169346
-0.014861858,-0.026903188
-0.033638272,-0.03239357
0.67646086,1.4469714
-0.27719244,-0.22540128
0.71958935,1.6052063
-0.1863904,-0.16405247
-0.34353378,-0.26629457
-0.09202018,-0.10815928
0.52489394,0.9340098
-0.747996,-0.61327076
-0.6071616,-0.45026854
0.90288967,2.4460058
-0.64901674,-0.49936995
0.13545464,0.15855333
0.15862894,0.20076285
-0.020751076,-0.0077036307
0.2894905,0.39698088
-0.54034656,-0.4108944
0.10532454,0.110947855
-0.2556535,-0.20941462
0.32333452,0.45734248
-0.7175529,-0.56658965
0.14175484,0.16890085
-0.62945926,-0.476726
-0.4427139,-0.32089546
-0.5625804,-0.40550986
-0.63432443,-0.48594186
0.6514219,1.3631983
-0.42858487,-0.3271411
0.85424757,2.2192142
0.9398531,2.6639864
0.14252093,0.17581223
-0.7139978,-0.56725526
-0.25090352,-0.21042955
0.5954645,1.1472359
-0.26521856,-0.21393377
-0.8259656,-0.69190586
0.11356982,0.12483431
0.6902417,1.5033809
0.5918528,1.157902
-0.64975375,-0.5047237
0.34552923,0.519336
-0.5589915,-0.45027554
-0.5635849,-0.4371948
0.74814355,1.717456
-0.5006621,-0.38369393
-0.47350532,-0.35209876
-0.9986932,-0.9944895
0.7413381,1.7022862
0.58518964,1.1339937
0.25465786,0.32652217
0.50053155,0.8642807
-0.6959029,-0.5446713
-0.08335281,-0.083286546
-0.29756123,-0.25107017
-0.81244695,-0.6789353
-0.02773903,-0.013039901
0.8414793,2.1609793
-0.91988176,-0.850217
-0.41707817,-0.30941713
-0.58491814,-0.4292078
-0.5237067,-0.39948848
0.8168691,2.0403273
-0.06386189,-0.05729004
-0.06740117,-0.054027334
0.5211513,0.9361549
-0.6910156,-0.5305122
-0.025469292,-0.022601891
-0.14002956,-0.1380068
0.19382139,0.2531886
0.9991154,2.9852204
0.5388978,0.99834096
-0.20426859,-0.1719686
0.6551061,1.3771783
-0.6585833,-0.49915227
-0.9390726,-0.88104194
-0.59110326,-0.44314814
-0.31917688,-0.2455925
0.021161515,0.0014805546
0.23025829,0.2966685
0.82121146,2.0382545
0.019708019,0.02181595
0.0025512893,-0.00887161
-0.89951396,-0.8300577
-0.9301769,-0.85371464
0.102319926,0.12455499
-0.12364277,-0.110286854
0.67836076,1.4525454
-0.67864084,-0.5331169
-0.9500567,-0.8992787
-0.10192247,-0.09935361
-0.5250429,-0.38417405
-0.90077126,-0.8227891
0.44919658,0.73741347
-0.776814,-0.64191747
0.216639,0.2678274
-0.4379005,-0.32682726
-0.6530079,-0.5104174
-0.24049695,-0.19188298
0.60289156,1.1976678
-0.21581285,-0.18648241
0.5015393,0.8779332
-0.74902743,-0.603608
0.54554284,1.0011641
-0.52613336,-0.39031613
0.35478625,0.5308716
0.13156311,0.16198179
0.8582894,2.2211583
-0.22535497,-0.19544248
-0.86766964,-0.7711204
-0.96168905,-0.9359349
0.6537171,1.3660717
0.049471274,0.040422246
0.5504881,1.0436739
-0.5311488,-0.38591766
-0.3098325,-0.24345331
-0.9397923,-0.87794226
0.92298466,2.5448086
0.33573583,0.5115318
0.8664102,2.26156
-0.4690072,-0.35341087
0.22292723,0.26514316
0.35699993,0.53481096
-0.3649006,-0.29139897
0.6962185,1.5194265
0.89432293,2.403985
0.76971024,1.8074045
0.47813395,0.8080096
-0.44507065,-0.332888
-0.4367679,-0.3421372
0.9267206,2.5739217
-0.97943103,-0.95306677
0.43209994,0.7255126
0.41249233,0.6576037
0.24537908,0.31119186
0.9802177,2.8791926
-0.37624112,-0.28762755
-0.32005626,-0.2538998
-0.8421212,-0.721128
-0.114403725,-0.10063812
-0.47790295,-0.34958205
-0.3132266,-0.2489911
0.66914356,1.4297627
0.870969,2.2885969
-0.62853384,-0.49149624
-0.25498214,-0.18477093
0.8572611,2.2039063
-0.87638307,-0.7888268
-0.81527895,-0.6987689
-0.67441803,-0.5012474
0.19042566,0.2516614
-0.69905543,-0.53705096
0.93615276,2.6296556
-0.106570944,-0.072162166
0.0030359207,0.0067286855
-0.50668275,-0.37026206
-0.058079496,-0.05310523
0.32382727,0.46215457
0.50235426,0.8789703
0.50773615,0.89432806
0.15578222,0.18991578
0.8087196,1.9953436
0.6348157,1.293317
0.5140962,0.9293593
-0.88878894,-0.8306058
-0.9862441,-0.9677651
-0.5751054,-0.42739573
0.3270472,0.48045763
-0.17760502,-0.15231247
-0.19518748,-0.16244641
0.7691738,1.8257266
0.7911257,1.927067
0.81835055,2.0330904
-0.37224385,-0.28258878
0.38211164,0.60069853
-0.45673364,-0.3646455
-0.6187803,-0.4797156
-0.6307351,-0.46917328
-0.31578475,-0.23662943
-0.14008476,-0.117985554
0.6618983,1.3855056
-0.7602178,-0.6304584
0.4698517,0.7884249
0.06290983,0.082596526
-0.4241093,-0.326809
-0.014360831,-0.01314333
-0.40011585,-0.31161582
0.19216391,0.24461466
-0.13231215,-0.122509226
-0.67118895,-0.5240373
-0.76683384,-0.646558
0.09339137,0.08679419
0.8048261,1.9739699
-0.31208462,-0.2583354
0.46600023,0.80540216
0.3173227,0.42935356
0.8631098,2.2430477
0.64196205,1.3188068
0.13321052,0.14966805
0.314061,0.43263102
0.79677296,1.9278699
-0.20096242,-0.17859912
-0.3464106,-0.2708469
-0.9783778,-0.93816125
0.65310216,1.3589997
0.6019614,1.1942731
-0.79109097,-0.65528065
0.15371476,0.19211361
-0.0720366,-0.09522079
-0.7625818,-0.6275604
0.96113646,2.7858727
-0.5706082,-0.43651828
-0.8655316,-0.74717057
0.18969476,0.24734376
0.47773334,0.81030387
-0.93511313,-0.8834053
0.31743526,0.44005075
0.06458375,0.06272825
-0.79346997,-0.6757657
-0.6549522,-0.5026516
0.1359486,0.14238277
-0.40728477,-0.30292732
0.87663144,2.325071
0.63748044,1.2863098
0.9671344,2.8225899
-0.48065832,-0.35553744
0.9394473,2.6586254
-0.13753226,-0.12880524
-0.3049624,-0.23409867
-0.89930093,-0.8065975
-0.8944695,-0.8110232
0.3840225,0.6081481
-0.084142014,-0.0772172
-0.5469568,-0.40001577
0.22794062,0.29467073
-0.49428377,-0.36487377
0.15526351,0.16639985
-0.2815825,-0.22090957
0.64710444,1.32947
0.64139235,1.3081712
-0.045299202,-0.025899107
-0.29836178,-0.23803982
-0.2748804,-0.23012394
0.61142904,1.2102633
-0.34364104,-0.2791367
-0.5818812,-0.4259733
-0.8306233,-0.72072124
-0.066613756,-0.057178956
-0.0357358,-0.020943325
0.6818174,1.4586507
-0.5575226,-0.41466647
-0.23801745,-0.20515025
0.61681145,1.2563953
0.6472472,1.3466904
-0.23077784,-0.19173636
-0.08175195,-0.08334329
-0.3934282,-0.3006795
0.86510974,2.2575858
-0.7627125,-0.6051457
0.8674989,2.2606378
0.3677329,0.554036
0.063144304,0.06719989
-0.9346819,-0.8787921
-0.048807617,-0.04762787
-0.1845038,-0.15790367
-0.67756236,-0.5208036
0.3128192,0.4473761
0.9423018,2.671124
0.12437762,0.11143161
0.42950654,0.6962139
-0.8630991,-0.7776725
-0.16466601,-0.13555282
-0.767283,-0.61553216
0.22559167,0.2787016
0.87696433,2.3178568
0.32355547,0.4561225
-0.8463939,-0.7239988
-0.2906676,-0.2297875
0.101326756,0.12991749
-0.19358449,-0.15922657
0.667288,1.4121113
0.629342,1.2753599
0.22366203,0.2930553
-0.25308412,-0.22261985
-0.48932725,-0.36619774
-0.78825134,-0.6573839
-0.29020464,-0.2231724
-0.17365496,-0.15061267
0.35164586,0.50839597
0.31631964,0.4481016
-0.8597837,-0.76696026
-0.20948137,-0.19404411
-0.63644224,-0.48190877
-0.6863746,-0.5328319
0.6546043,1.3682845
-0.9161696,-0.83277583
-0.16163425,-0.14638174
-0.6635927,-0.52976507
0.75866044,1.7701846
0.114081025,0.1251052
-0.5372387,-0.41209698
0.0048545743,0.004079764
0.46297273,0.7704358
0.91623604,2.506534
-0.559108,-0.42569616
0.77236354,1.8182952
0.86860824,2.2807527
0.8328411,2.097584
0.27082872,0.37515804
0.25964132,0.36059695
-0.19357873,-0.15656613
0.5047958,0.8727358
0.062588036,0.081802435
0.35487613,0.54126245
-0.1430842,-0.12535258
0.46299294,0.78983295
0.648943,1.3378408
-0.7071275,-0.5793451
0.66585946,1.3968468
0.080593064,0.104904786
0.6893318,1.477155
-0.13739659,-0.1211173
-0.24191903,-0.19721103
0.83012146,2.0861313
-0.49766147,-0.37768403
0.68842465,1.4893397
-0.031958856,-0.036591753
0.028190885,0.014787429
-0.38306344,-0.29038534
0.1460844,0.18127625
-0.3495776,-0.26139733
-0.92146116,-0.8628719
-0.4560028,-0.35539708
-0.9872419,-0.9776492
0.95670956,2.7633505
0.9314944,2.613873
-0.20968941,-0.16790007
0.45674172,0.76953554
-0.30838782,-0.23840572
0.3421863,0.5005509
0.6108601,1.2185757
0.8935125,2.399764
-0.19957545,-0.18183888
0.566596,1.0767518
-0.4681431,-0.33920506
0.9806646,2.8742936
-0.9484608,-0.89387804
0.20705761,0.27561525
0.31901196,0.45322353
0.37609112,0.5625517
-0.75922483,-0.6192065
0.8770596,2.3154514
-0.63763344,-0.49647105
0.24550681,0.3249098
-0.55464786,-0.43367958
-0.38556716,-0.3086636
0.092917085,0.10254579
-0.16561316,-0.14295092
-0.6795488,-0.5281332
-0.6581272,-0.49129912
-0.16371043,-0.14025182
0.51456594,0.92157155
0.7959293,1.9239014
-0.8317447,-0.70766634
-0.21379219,-0.18312082
-0.79950887,-0.67063785
-0.96681505,-0.9368845
0.32343736,0.4722142
0.20489888,0.24238506
-0.67396176,-0.5486996
-0.5323743,-0.40197307
-0.9525845,-0.90487355
0.6698944,1.4207963
0.9493812,2.7187283
-0.7290809,-0.5806977
-0.5370496,-0.40916288
0.736819,1.656488
0.8529276,2.1985323
-0.16074523,-0.12878011
-0.8987551,-0.82089394
-0.9212163,-0.8540742
0.14789973,0.17722288
-0.21420978,-0.18830606
-0.94269514,-0.8855374
0.16650479,0.21521601
-0.97739494,-0.9575284
0.5747439,1.0836393
-0.38713434,-0.29594836
-0.919484,-0.87365556
0.17670444,0.21681543
-0.20463116,-0.16680321
0.94760084,2.7132003
0.088397324,0.09496221
-0.44952163,-0.33420178
0.41887772,0.6592191
-0.457016,-0.34717065
0.8084866,1.9753529
-0.25055605,-0.20545511
0.09973712,0.10762366
-0.8988538,-0.8141419
-0.14775753,-0.13538711
0.6647271,1.4011405
0.6112976,1.2100811
-0.5513629,-0.41829175
-0.54784185,-0.41133168
0.63461065,1.2933236
0.86079687,2.2472057
-0.80927813,-0.68557495
-0.09988272,-0.0944015
-0.32509145,-0.25557217
0.74137694,1.6913604
-0.8329502,-0.7206491
-0.5777481,-0.41649187
0.5049367,0.87951016
-0.8974123,-0.81758004
-0.014929239,-0.01858457
-0.115785934,-0.10640354
-0.33119765,-0.26114783
-0.21085536,-0.17297761
0.059881173,0.046579897
-0.6772653,-0.51885897
0.14399175,0.17403668
0.61086464,1.1995391
0.52032185,0.9092351
-0.6922002,-0.5544914
-0.7015011,-0.55703527
-0.46365127,-0.32254815
-0.27785054,-0.21666735
-0.18308884,-0.17378063
0.35939443,0.52808315
-0.8866391,-0.798055
-0.9306546,-0.8680564
-0.21617888,-0.19269581
0.39432737,0.6097871
-0.6131293,-0.47487035
0.28300896,0.3747328
-0.48034373,-0.35784742
0.7721722,1.8365686
0.79137987,1.9216995
-0.40542558,-0.3019516
-0.5400125,-0.4108476
-0.17739205,-0.14436078
-0.5189368,-0.38629815
0.3447677,0.5059526
0.65212935,1.3486179
0.34618425,0.50254697
0.6487009,1.3432343
-0.20601568,-0.14791828
-0.68736607,-0.53664285
0.4759019,0.80405617
-0.27905098,-0.23123497
0.34254166,0.4951509
-0.45871213,-0.32304314
-0.83754075,-0.72757226
0.98516357,2.9209273
-0.687597,-0.54365534
0.976842,2.8657966
0.95455986,2.743442
0.58763623,1.1301539
0.31884593,0.4465123
0.15561411,0.20018688
0.73220307,1.6707201
-0.42112097,-0.31055415
-0.06463757,-0.052856848
0.23877993,0.3140058
-0.17761905,-0.1314964
-0.14502709,-0.12660548
-0.33943066,-0.25755176
0.12846364,0.13257745
0.70114905,1.5292013
-0.59694326,-0.4653257
0.8688661,2.2924666
0.37817532,0.5497518
0.6465464,1.3308165
0.112381384,0.09649322
0.5590334,1.037947
-0.9675992,-0.94217354
0.63676083,1.3142576
-0.91972226,-0.8478499
0.77982676,1.853861
0.9839255,2.9152422
-0.4118651,-0.31191975
-0.57936287,-0.4377956
0.53072673,0.9498611
-0.49394733,-0.3803787
0.73112476,1.6482351
-0.7943148,-0.664076
-0.7480896,-0.6063321
0.9583031,2.7721415
0.3476778,0.51443547
0.69377446,1.4819515
-0.35134125,-0.26864395
0.3529675,0.5070282
0.18848366,0.22104612
0.20630024,0.24951842
0.36506492,0.540357
0.15071835,0.16310659
-0.14187527,-0.1225676
-0.4481546,-0.3514286
0.53716266,0.984268
-0.54745513,-0.3894545
0.3847086,0.5763529
-0.5333344,-0.4034385
0.25066033,0.3040055
0.49415654,0.85600626
-0.56257224,-0.41770464
-0.8801134,-0.78004295
-0.7380525,-0.5945904
0.21199393,0.2753553
0.69889283,1.5541797
-0.91000634,-0.81835854
0.46830252,0.78508675
-0.3173627,-0.26311913
-0.04294326,-0.045239843
0.8577191,2.21494
-0.33605698,-0.25656158
-0.06932613,-0.07666514
-0.97263515,-0.94747573
-0.83680254,-0.7141453
-0.48281682,-0.36326212
-0.9442955,-0.9040873
0.26275066,0.36167645
-0.14720328,-0.147514
0.0962904,0.103177086
-0.65070564,-0.50322473
-0.40813595,-0.30938715
0.32764894,0.47198206
0.9306055,2.6086655
-0.89916646,-0.81799656
0.78076863,1.862644
0.1537624,0.17696476
0.12783913,0.14015608
0.0005570704,0.008432814
-0.86121184,-0.7647399
-0.8202463,-0.6908395
0.20182401,0.25096783
-0.31808287,-0.25430128
0.83453614,2.118384
-0.18681893,-0.16571239
-0.7134371,-0.5611968
0.42943767,0.69517714
-0.41329315,-0.31904027
0.050940614,0.058954097
0.39566556,0.6196247
0.8005282,1.9659638
0.5843824,1.1351149
0.35272214,0.525931
0.35926637,0.52343416
0.8918493,2.4211028
-0.4083518,-0.3237299
-0.9977758,-0.98606884
-0.45609087,-0.33863464
-0.56421727,-0.43723112
0.32366917,0.46109605
0.2674232,0.3572757
0.18692276,0.2414498
-0.9675131,-0.9442358
0.4575561,0.7600871
-0.3529392,-0.29569808
0.33011198,0.49240714
0.113156855,0.11670557
-0.31453815,-0.24345338
-0.7308475,-0.5880969
-0.81116223,-0.68789
0.66303664,1.4022355
0.8367951,2.1396794
0.2995761,0.4187226
-0.79313177,-0.65644884
-0.19594556,-0.16178526
0.4578784,0.7737017
0.5596418,1.0434908
-0.76356274,-0.61495924
-0.99993855,-0.9887721
0.4242741,0.69148093
-0.28680766,-0.23474291
-0.49103734,-0.37000084
-0.9742051,-0.9473291
0.08059882,0.07391015
0.70230144,1.5578723
0.9152633,2.5195696
0.1314899,0.15389219
0.028922655,0.024013324
-0.8298872,-0.72599715
0.097745605,0.10219339
-0.24004184,-0.19406095
0.21427056,0.2767543
-0.22254731,-0.18242426
-0.5194017,-0.38627958
-0.81006944,-0.6888049
-0.3701631,-0.27889994
-0.8067103,-0.66609263
-0.6462061,-0.49142012
0.9746723,2.858679
-0.111792885,-0.09775222
0.06374353,0.053034227
0.7472371,1.7123834
0.9911378,2.951689
0.16542889,0.19721347
0.62494767,1.263985
-0.34611794,-0.2510202
-0.38851207,-0.28895274
-0.19459257,-0.15150593
0.3450145,0.5060652
0.36438337,0.5374676
-0.36952114,-0.28401053
-0.7335802,-0.5982565
0.2647925,0.36905646
-0.7433483,-0.5936272
0.15698501,0.19070321
0.38684425,0.6067428
0.401223,0.60659117
0.50694424,0.9000989
0.74571884,1.7034006
-8.201607e-05,-0.00015456634
0.4604984,0.7670928
0.23834547,0.31531146
-0.62672013,-0.4778221
-0.94862074,-0.8889343
-0.43091723,-0.33126342
-0.11393259,-0.09533973
0.23421189,0.30353707
0.6999187,1.5163324
-0.60750854,-0.47183922
-0.7489004,-0.6095695
0.9269599,2.5938318
-0.7839109,-0.6464833
-0.04301786,-0.05292194
0.17112745,0.20402029
0.082748845,0.11034089
-0.8279357,-0.70887727
-0.88594615,-0.7996985
-0.7890332,-0.65277344
0.17117536,0.2131259
0.088689774,0.092691585
-0.5325184,-0.39492616
0.27554828,0.36910775
0.640135,1.319411
-0.9168421,-0.8452427
-0.003740113,0.0010935013
0.37862083,0.5686594
-0.49537614,-0.37975556
-0.38445818,-0.28402117
0.2272758,0.2898759
0.7958706,1.9362433
0.61984885,1.2391512
0.16626044,0.2074861
0.46044344,0.76399124
-0.27035505,-0.21837994
0.28193104,0.3916854
-0.06763682,-0.051641826
-0.62012774,-0.47928226
0.40347654,0.65154994
0.11292928,0.13025491
-0.28275684,-0.2358415
0.8226784,2.059957
-0.9581318,-0.92352605
-0.3684537,-0.27837548
-0.8862372,-0.79731464
0.53305465,0.96941066
0.40421492,0.62453324
-0.33729556,-0.2520002
0.3513258,0.5065584
-0.20812555,-0.18491217
0.51250756,0.91346246
-0.09163267,-0.06797708
-0.17544055,-0.15358704
0.8694598,2.2897072
-0.4982418,-0.36294952
-0.7591053,-0.6121451
0.16908623,0.19939852
0.93864363,2.6357787
-0.24432157,-0.22128831
-0.8759265,-0.7833598
-0.32138947,-0.2395141
0.011863309,0.0007640567
-0.67615396,-0.52109456
0.31620443,0.43830395
0.9954988,2.9741342
-0.09652105,-0.08102604
-0.2905429,-0.23724891
-0.19859166,-0.16528036
-0.7697076,-0.63742185
0.7665472,1.8116124
-0.17034869,-0.14392014
-0.22545117,-0.18551715
0.31938055,0.46954605
-0.11593316,-0.0974278
0.29646695,0.40351334
-0.87710744,-0.7834227
0.6274467,1.2673961
0.8810079,2.3418024
0.29753077,0.4376392
0.9091319,2.4907777
-0.6971354,-0.57030296
-0.04516762,-0.048647646
0.20361347,0.2341897
0.1634733,0.1912674
-0.19707644,-0.18576469
-0.32383117,-0.26163954
-0.74635196,-0.6202668
-0.2165151,-0.17594466
-0.6746784,-0.5265896
0.46873134,0.7944546
-0.58233815,-0.44174713
-0.88286936,-0.8055139
0.104732275,0.12198513
0.19045946,0.2528654
0.74382615,1.7127377
0.15396322,0.1770583
-0.30903828,-0.2573289
0.6060238,1.1867793
0.080557786,0.09210053
-0.8414394,-0.7184441
0.13170113,0.15393935
0.8160371,2.0333652
-0.20737475,-0.16621168
-0.4073484,-0.30394277
-0.7130611,-0.57375
-0.697109,-0.5481765
-0.13445704,-0.12729293
0.19135965,0.23515975
-0.8387692,-0.7220292
0.87913716,2.3482764
0.51026726,0.89040226
0.17324784,0.21327773
0.65687734,1.386612
-0.8396265,-0.71897906
-0.046322245,-0.035946436
0.26018625,0.3513739
0.65730584,1.3863298
0.5669391,1.0597098
-0.4458615,-0.3495622
0.88176036,2.344768
-0.7513083,-0.63254243
0.7502672,1.7478006
0.9418805,2.6768055
-0.64569294,-0.50230896
0.44413212,0.7252843
-0.91942894,-0.8520417
-0.18915436,-0.15962261
0.0325666,0.034933463
0.16129045,0.19708328
0.8718745,2.2930822
0.34450138,0.51350033
-0.037444096,-0.031635057
0.6193501,1.2344542
0.90106565,2.4579287
-0.9558677,-0.9291274
0.96504253,2.794179
-0.8277357,-0.7000403
0.62877357,1.2654886
-0.4393305,-0.32801938
-0.7356407,-0.58714473
-0.12028872,-0.11616509
0.28791317,0.39394867
-0.23809631,-0.19646914
-0.8908692,-0.8097751
0.19892228,0.26938045
0.80480653,1.9661732
-0.23356926,-0.18170764
-0.5673345,-0.4320011
-0.114845306,-0.11403696
-0.9032746,-0.8233278
0.6409752,1.3216593
0.65268165,1.3659182
0.17600092,0.22805175
-0.2937942,-0.20338558
0.59956676,1.1770847
0.10937405,0.11601421
0.6518646,1.358316
0.26291758,0.34755546
0.56881094,1.085653
0.19712599,0.23067304
-0.17171787,-0.123610936
0.9158917,2.5316124
0.08222765,0.07270496
0.21017903,0.25654867
-0.5590247,-0.4130553
0.2513016,0.34208784
0.1432153,0.15394098
-0.63032323,-0.47631767
-0.8808258,-0.8078374
0.20871864,0.26048127
0.5273845,0.96332324
0.04680274,0.0435806
-0.5464547,-0.42608953
0.33304396,0.48236507
-0.83978856,-0.73284745
-0.11633259,-0.098078094
-0.6732665,-0.5340154
-0.6310819,-0.4918813
-0.5954121,-0.47218937
-0.22658588,-0.18517846
-0.8976996,-0.81686836
-0.20441312,-0.18305358
0.023414895,0.025913976
-0.03341143,-0.022061698
-0.2344318,-0.19451319
0.6782932,1.4531268
-0.7093466,-0.56036466
0.011393487,-0.0005185204
-0.87591714,-0.7601511
-0.85768867,-0.75770867
0.1477317,0.17934172
0.13203685,0.15946463
0.75606704,1.7585046
0.115747355,0.13676347
0.91958207,2.5452986
-0.9026103,-0.83744276
-0.80398464,-0.6806047
-0.9118683,-0.8447119
-0.6294463,-0.48724943
0.08254022,0.07687542
0.29114437,0.4118526
-0.9088297,-0.81750566
0.8919418,2.4068751
0.68433076,1.4858227
-0.40677503,-0.31206286
-0.8456249,-0.7415967
-0.66022587,-0.5199048
-0.74611115,-0.59833515
-0.75343245,-0.61119515
0.03712338,0.03778047
-0.50830513,-0.36831242
-0.28372055,-0.22201253
0.97901064,2.8674302
0.3686285,0.54779816
0.8979613,2.435173
-0.7148869,-0.55875874
-0.23572105,-0.18773754
0.10946361,0.1417264
-0.8464839,-0.72013414
-0.99162513,-0.9789795
0.34086868,0.48828036
0.28363904,0.37380934
-0.17842238,-0.15614164
-0.020711849,-0.012759618
-0.169114,-0.12708457
-0.9519899,-0.90430456
-0.32925677,-0.24485426
-0.6458355,-0.50056535
-0.8031516,-0.6699464
0.9134409,2.5182004
0.19871946,0.22626026
0.45731255,0.75795287
-0.3692725,-0.2737681
-0.21370575,-0.17505088
-0.526152,-0.40693903
-0.80606866,-0.70436364
-0.6419367,-0.49804282
0.5950281,1.1590453
0.3550916,0.51711595
0.09385775,0.10492469
-0.049820255,-0.042397987
0.84486854,2.1684477
-0.8545301,-0.771864
-0.43879837,-0.3438852
-0.3001243,-0.2401295
0.56485164,1.0698508
0.9850292,2.9159608
-0.518659,-0.38445613
0.74861467,1.724746
0.6612455,1.3843415
-0.5506852,-0.42171192
-0.20133483,-0.16127843
-0.18065426,-0.16311902
0.95644134,2.7546551
-0.6382162,-0.48877594
0.59831595,1.1700338
-0.33161458,-0.2646805
0.4617407,0.75983495
-0.15997799,-0.14495586
0.15671952,0.18182965
0.66522354,1.378432
0.60833114,1.2015475
0.7328464,1.6727391
-0.8807654,-0.78259724
0.3841011,0.5833405
-0.72002524,-0.57440674
-0.16836287,-0.15035088
0.09717683,0.10902544
-0.19452102,-0.14864188
0.03922335,0.050507154
0.9930526,2.9637165
-0.7295654,-0.59055114
0.3509121,0.52476186
-0.20799807,-0.1906023
-0.7339804,-0.593192
-0.68252647,-0.5287967
0.8985462,2.438809
0.759203,1.7798874
0.81408393,2.0192847
0.98306555,2.8975785
-0.5833692,-0.4362018
-0.28912133,-0.23922679
0.33843806,0.48329642
-0.03239492,-0.030762136
-0.16322093,-0.13919626
-0.28437752,-0.24476087
0.18756126,0.23389022
0.15118685,0.18522735
-0.6770843,-0.52981865
-0.056520324,-0.02976167
0.106943555,0.11277423
0.14057387,0.15950191
-0.5797856,-0.44248062
0.4845428,0.8323244
-0.9496018,-0.90744287
-0.29033628,-0.24458317
0.5604253,1.0450526
0.12778585,0.14522551
-0.47767514,-0.34620872
0.38990623,0.6232317
0.13478188,0.16875124
0.5924872,1.1437619
0.47005036,0.787896
0.22021584,0.27779692
-0.023644648,-0.0052532097
-0.7336357,-0.59192705
-0.47733396,-0.3715208
-0.16180106,-0.14486912
0.19859858,0.25344354
0.02741571,0.03508734
-0.42363095,-0.32219613
-0.9870713,-0.9676406
-0.007521556,-0.03019713
-0.428748,-0.32269943
0.46921661,0.80129236
-0.9521075,-0.9170211
0.16965562,0.19495846
0.88294846,2.3322268
-0.65118146,-0.48737043
-0.05670102,-0.06086985
-0.817156,-0.69265264
0.2513638,0.33646888
0.10106336,0.1274301
-0.18526895,-0.15884262
0.042754043,0.039265804
0.7931493,1.9229248
-0.6074114,-0.44972557
-0.954871,-0.91542506
0.7233298,1.6154376
0.15423417,0.16628373
0.78131694,1.8565199
0.19389045,0.2474169
0.62032217,1.2406152
-0.14065327,-0.12972772
0.49971986,0.86707014
0.82608294,2.0730762
0.14424592,0.16565956
-0.6384297,-0.4937877
-0.46240476,-0.3339639
-0.60271084,-0.44301125
-0.50628597,-0.39583468
-0.3871691,-0.29202986
0.11026757,0.115998626
0.17598327,0.20992108
-0.1470005,-0.12547514
0.23084156,0.29430324
-0.83685017,-0.72028875
-0.82442355,-0.698359
-0.6563411,-0.5053527
0.036154997,0.031041078
-0.57201064,-0.43826613
-0.43343118,-0.34139115
-0.19937433,-0.17608857
0.62373227,1.2750528
-0.97227573,-0.9539874
0.29875764,0.40274593
0.33775306,0.49355936
0.59731156,1.1660985
0.8655059,2.261001
-0.9597243,-0.90853703
-0.6924326,-0.5394741
0.77234256,1.8242681
-0.08296288,-0.08089582
0.12918128,0.14299896
0.3260544,0.47577658
0.3581332,0.529245
0.8634808,2.234959
0.9938988,2.9630582
0.44031492,0.70418894
-0.42555758,-0.2996842
0.7595048,1.7648141
-0.90155816,-0.82316256
-0.5378383,-0.40156674
0.79477143,1.9255731
-0.48761696,-0.3686878
-0.5586979,-0.4167301
-0.7237494,-0.56378347
0.7182235,1.6122357
0.000116518386,0.014901671
0.3497864,0.50446725
-0.5218672,-0.38847634
0.51608086,0.92142546
0.52001107,0.93455046
-0.37480396,-0.27321532
-0.17863473,-0.15463255
-0.58061945,-0.44329333
0.953122,2.7327592
0.29120517,0.3829179
0.86908776,2.2784665
-0.39322892,-0.3007465
0.5637818,1.0516261
0.5317173,0.97534
0.3833113,0.5759355
0.93127793,2.604875
-0.21288933,-0.17428444
-0.7385653,-0.58242375
0.3434177,0.5017491
0.4586196,0.77477545
0.15012115,0.18304665
-0.5863642,-0.44291216
0.008911883,-0.0019031215
-0.3756205,-0.30187213
-0.14506695,-0.12601031
0.29043716,0.3938634
0.4904295,0.85810184
-0.5355506,-0.39488122
-0.18934928,-0.162131
-0.46167687,-0.35851282
-0.6027368,-0.45330703
0.5667744,1.0598949
0.8185054,2.0292306
-0.25953564,-0.21945305
0.5025579,0.8806655
0.79399055,1.9366618
0.6922484,1.5031368
-0.63437325,-0.49166647
0.91258377,2.490145
-0.24664712,-0.1952958
-0.3215187,-0.25918522
-0.8751373,-0.7783342
-0.027652692,-0.030451352
-0.78197277,-0.64027137
-0.5029203,-0.3787669
-0.36611477,-0.281738
0.61765265,1.2396361
0.7509773,1.7595398
-0.39506736,-0.29176608
0.71739626,1.6003809
0.71446186,1.5896506
0.5293019,0.9525032
-0.7066098,-0.5696208
0.3806457,0.5751615
0.89004815,2.3795958
0.36508095,0.55355823
-0.3367663,-0.27225986
0.0011586349,0.014492084
0.29145008,0.4086704
0.021140818,0.021802219
-0.7600941,-0.62148696
-0.3758719,-0.2932681
0.60479206,1.1944832
0.7228361,1.6338851
-0.7253999,-0.58793557
0.90477353,2.4487162
-0.34235477,-0.2582421
0.3246275,0.46746436
0.5036503,0.8738697
0.6238925,1.2486454
0.8914994,2.3862178
-0.37416092,-0.29379103
0.7170129,1.5965053
-0.7366262,-0.5963803
0.4100818,0.6407032
0.48395547,0.82393533
0.3554465,0.5244087
-0.49537054,-0.3698616
0.7460863,1.7148731
-0.66228306,-0.5025674
-0.8927304,-0.8021592
0.43492997,0.69045866
-0.04904857,-0.041523527
0.69819605,1.5320843
-0.23320572,-0.19585103
-0.66344285,-0.53025705
0.6728844,1.4304026
0.09781926,0.10824678
-0.62160844,-0.48661554
0.440768,0.7061631
0.022227276,0.021856774
0.20862596,0.25890037
-0.07820332,-0.076738484
0.65741795,1.3729172
0.65912545,1.3688986
0.41877764,0.66324717
-0.78919727,-0.6525693
0.67770773,1.4447587
0.34202597,0.4822988
0.39404833,0.60578096
-0.27403432,-0.23021965
0.7585591,1.7731264
0.4507432,0.7486782
-0.7748191,-0.6562207
-0.18444394,-0.14910895
0.77276075,1.8202592
-0.90560657,-0.8126005
0.92283326,2.559871
0.35832512,0.52026594
0.26275197,0.33851072
-0.4588815,-0.34145603
-0.50241643,-0.38072824
0.8841164,2.3558917
-0.40345508,-0.2902241
0.5510106,1.0149246
-0.2137564,-0.1772319
-0.7214919,-0.5623159
-0.9785694,-0.95534235
0.08851467,0.080976985
0.95155764,2.7236729
-0.2617276,-0.22278498
-0.28561532,-0.21327052
-0.31181675,-0.2531336
0.041087676,0.072540335
-0.11867023,-0.09158503
0.7598293,1.7678839
0.0110415835,0.011364984
0.015515677,0.02329659
-0.7232568,-0.57065576
0.9654791,2.8020234
-0.50005424,-0.3625191
-0.85327184,-0.7476728
0.32629248,0.46383142
0.19073275,0.23058176
-0.1697087,-0.13721171
-0.15561554,-0.13151595
0.57012784,1.0834042
-0.60857475,-0.4556529
0.6405066,1.2930118
0.29749423,0.41542682
-0.16206045,-0.13786747
-0.08394276,-0.06079979
-0.48670557,-0.38040107
0.50422865,0.90224546
0.025749484,0.027183685
-0.3582909,-0.27102327
0.19210023,0.2528509
0.9914689,2.9547114
-0.12947544,-0.110878386
0.8413828,2.1473665
-0.30996633,-0.24850328
-0.8905346,-0.8040077
-0.5915158,-0.455746
-0.16260971,-0.14091317
-0.56073016,-0.44597498
-0.99954593,-0.9948019
0.8300031,2.0894842
0.6877588,1.4827272
0.48458445,0.8353953
-0.66437083,-0.5305636
-0.7592729,-0.60120213
-0.8647905,-0.76470006
0.44805837,0.7373068
0.85761595,2.214248
-0.13892835,-0.12206927
-0.76171863,-0.6095945
0.024785642,0.035774358
-0.3023362,-0.23002033
-0.25035015,-0.19790171
0.24266125,0.31224927
0.43743622,0.6979887
-0.7787928,-0.646637
-0.92881954,-0.8697705
0.98866063,2.9429646
-0.5345433,-0.3984514
-0.89233893,-0.79048866
-0.62024933,-0.46218085
-0.92208433,-0.8604023
-0.21637821,-0.1976407
0.60480356,1.2056761
-0.3175111,-0.2351133
-0.11163319,-0.11422451
0.35117355,0.5328965
0.01778814,0.021931358
0.7228914,1.624833
0.73207134,1.6764855
-0.9801786,-0.9476883
0.5560926,1.0438105
-0.0785328,-0.068117574
0.9776811,2.8742318
-0.03353585,-0.03644949
0.9737919,2.84493
0.5091387,0.8913178
-0.5027902,-0.380427
0.07678996,0.07947312
0.9842713,2.9002602
0.7150612,1.5933608
-0.8052662,-0.6822302
0.412744,0.658438
-0.30884084,-0.25913942
-0.98603547,-0.97359174
-0.19303806,-0.16165216
-0.5304912,-0.40146786
0.6377385,1.3021001
-0.32533878,-0.2697815
0.6550474,1.3687717
-0.99880415,-0.9911351
-0.3843617,-0.28847566
-0.51766956,-0.37802652
-0.5328653,-0.3982092
-0.8636268,-0.75712585
-0.62575144,-0.47764796
0.11109914,0.13168895
-0.41727784,-0.33158606
-0.16521044,-0.1513611
-0.24626625,-0.18468551
0.75180984,1.71736
0.810598,1.9988843
-0.0140860565,-0.0021676845
-0.3396881,-0.26442865
-0.7863986,-0.65835273
0.90680575,2.47606
-0.8795461,-0.78989404
-0.40469944,-0.30689165
-0.4038676,-0.31346685
-0.35919744,-0.26543257
-0.6714263,-0.50906825
0.56632286,1.0673425
-0.7550043,-0.6292139
0.26981333,0.35701632
-0.75230795,-0.61396223
-0.85892874,-0.74979687
0.818859,2.0283782
-0.61974245,-0.4813845
0.6425003,1.325642
0.08926174,0.1073297
-0.844287,-0.73950744
0.91089636,2.4830964
-0.50607765,-0.34673575
0.7192907,1.6166487
-0.66238,-0.5169202
0.70788574,1.5724014
-0.9735424,-0.94971085
0.023560913,0.03280068
0.5388852,0.9873671
0.86959106,2.2842672
0.81840426,2.0352092
0.63924974,1.2946392
0.7763827,1.866514
-0.60156065,-0.46679068
-0.43163142,-0.33934134
-0.42206296,-0.32123953
-0.24589214,-0.20991127
-0.21335866,-0.17806637
0.08911065,0.1046366
-0.68024045,-0.522326
0.38249332,0.59290093
-0.6648669,-0.5197784
-0.37938303,-0.2895608
0.0066902614,0.010814111
0.59288114,1.1352139
0.47893846,0.8238862
0.2910687,0.38587636
-0.6884535,-0.5203869
0.09409069,0.09973159
-0.825107,-0.7078883
-0.24527365,-0.20756702
-0.17296694,-0.15452383
-0.92037714,-0.83018816
-0.4520238,-0.33065456
0.91129893,2.4830754
0.9072652,2.4922347
-0.2953459,-0.22194707
-0.91379976,-0.8446321
-0.6418101,-0.49119753
-0.21556441,-0.1792627
0.8955594,2.435574
-0.7176019,-0.58014315
0.52703166,0.95264375
-0.7826349,-0.65377647
0.9625152,2.7663283
-0.23676701,-0.17206484
0.5504691,1.0084708
-0.31481785,-0.24470797
0.25533774,0.31977546
-0.6159678,-0.47425044
-0.707958,-0.5573655
0.87612826,2.3079982
0.83529454,2.1216786
0.77493787,1.8381486
0.2508669,0.34119
0.61653644,1.2446274
-0.86192614,-0.76521623
-0.33042192,-0.25655097
-0.37259376,-0.28365883
0.27129063,0.37104934
-0.28808445,-0.22885686
-0.7029864,-0.55430317
0.19293416,0.23490538
0.62876785,1.273852
-0.23575301,-0.18029715
-0.73546255,-0.58591205
-0.6066236,-0.45485157
-0.5250334,-0.38687336
-0.4002048,-0.30567735
0.28559014,0.3936334
0.20189098,0.24002826
0.39215973,0.618947
-0.27499604,-0.24799879
0.6479953,1.3391136
-0.59182465,-0.43744966
-0.061918505,-0.07196067
0.60187745,1.1861657
-0.6396827,-0.4990507
-0.7802738,-0.6501866
0.76736796,1.8175483
-0.31414068,-0.24447651
0.36774024,0.53236014
-0.9493028,-0.91337997
0.38009378,0.5892311
-0.36779737,-0.2777868
-0.8885183,-0.78302604
0.21962552,0.29528108
-0.5183924,-0.3923921
-0.22638552,-0.16170509
-0.8388384,-0.72519225
-0.7056735,-0.5687329
-0.40404552,-0.31309068
-0.820481,-0.722198
0.82165253,2.0675437
-0.9879059,-0.96015495
-0.032279562,-0.0414263
-0.7535051,-0.61583155
-0.38464183,-0.2926439
0.85211915,2.1873524
-0.6766109,-0.5461136
0.93166465,2.606244
-0.5884113,-0.44911858
0.4831322,0.82543594
0.09335453,0.10511035
0.76895744,1.8292292
0.10798651,0.11787591
0.06911844,0.07593043
-0.609084,-0.456792
-0.66754127,-0.5138525
0.8329783,2.0986512
-0.3443236,-0.26562366
-0.2558355,-0.20165318
0.5196473,0.9187192
-0.32235304,-0.23930235
0.9041249,2.4749522
0.47585553,0.80281824
0.19485849,0.24216378
0.76179034,1.7906232
-0.9007882,-0.82574195
-0.48587462,-0.35968676
-0.069927335,-0.06374688
-0.5460429,-0.42536896
0.48781037,0.8464398
0.83841604,2.1197135
-0.15245976,-0.123367526
-0.3157348,-0.25423357
0.9231015,2.5601947
-0.11029513,-0.08574907
-0.021903198,-0.01647014
-0.29670027,-0.2455828
0.8190969,2.0294158
0.13791096,0.15356036
0.52434915,0.94740325
0.6236134,1.2586093
-0.3163019,-0.25633106
-0.13261133,-0.12902974
0.6969435,1.5240163
-0.2734893,-0.22096752
0.58787024,1.1581967
0.88198465,2.3463407
0.24642074,0.3402499
0.48325458,0.8179426
0.6101946,1.1939982
0.6900793,1.48371
-0.20989333,-0.16319372
-0.8974731,-0.797331
-0.19624746,-0.17311428
0.34751245,0.505639
-0.09929923,-0.10210783
0.4979263,0.85119164
-0.28603515,-0.2204372
0.26948828,0.36391369
-0.6271604,-0.48040643
0.49873888,0.8575353
0.091391936,0.11690734
-0.5918712,-0.45393252
-0.41617766,-0.30972114
0.49721742,0.85282165
-0.034797527,-0.035534047
-0.56793714,-0.4256604
0.93454236,2.6273835
0.43025005,0.6965574
0.9142697,2.519332
-0.1457899,-0.13893913
-0.04979932,-0.04546912
0.7959104,1.9347094
0.05009868,0.05505103
0.4145578,0.6583846
-0.49565426,-0.38448218
-0.106547065,-0.109582335
-0.7531003,-0.63521135
-0.58803993,-0.43741253
-0.99811316,-0.9879568
-0.92146987,-0.8463539
0.9545677,2.7386365
-0.5152926,-0.40792114
0.3266214,0.45788035
0.6781994,1.4517988
0.101320915,0.11398218
-0.693711,-0.5485415
0.45623288,0.76303464
0.20050281,0.24888119
0.46250117,0.7765486
0.53949326,0.98117673
0.95082074,2.7243001
0.14712656,0.16764979
-0.31671777,-0.26148412
0.29692912,0.40356535
-0.8631186,-0.7646302
0.7947946,1.9385036
-0.761238,-0.62330204
-0.34431434,-0.26844272
0.63149077,1.269611
0.19462475,0.24773052
-0.21272896,-0.18362163
-0.053128682,-0.051456265
0.70909476,1.5832558
-0.31999123,-0.24527453
0.73929936,1.6736544
-0.8237311,-0.721822
0.55359685,1.0290837
0.69509524,1.5019656
-0.6363647,-0.48262146
-0.13930693,-0.122181326
-0.66900045,-0.5192039
0.41320825,0.64743346
0.070695534,0.09346056
0.2706467,0.392147
-0.60702604,-0.46500862
-0.5765083,-0.43222547
-0.91700536,-0.8462411
-0.35586494,-0.2768886
0.11948932,0.12715234
0.71586984,1.5843513
0.33385488,0.47116914
-0.12920736,-0.11061747
0.9062402,2.466584
0.4384904,0.6892915
0.8603304,2.241737
0.055175945,0.058005694
-0.48219144,-0.34832978
-0.89434665,-0.80610794
0.45216972,0.7342899
-0.757394,-0.64052093
-0.39444974,-0.30742654
0.064941816,0.06318207
0.12883317,0.15700112
0.20116639,0.24968639
-0.66748935,-0.508005
-0.24052519,-0.2098361
0.23438846,0.31185588
0.9396377,2.6593907
0.45526227,0.7367031
0.8452075,2.1766052
0.52442414,0.9446069
0.18343394,0.22717458
-0.61595327,-0.47889552
0.3333713,0.4943099
0.24675913,0.31081587
0.20493834,0.26386634
-0.020428265,-0.0118134
0.057313208,0.0510446
-0.33111495,-0.23794658
0.038625386,0.042490218
-0.6048882,-0.45378193
0.6103488,1.194974
-0.6284461,-0.46052566
-0.8300674,-0.7252274
-0.12750794,-0.10307386
0.31661487,0.43865117
-0.124566354,-0.11717234
-0.44649175,-0.32825962
0.116342366,0.1417282
-0.30599532,-0.25372633
0.86573535,2.2750044
0.8452903,2.1742291
0.00474364,-0.0046132854
-0.34423202,-0.25053987
0.47426483,0.7912984
-0.9265741,-0.8697828
-0.05046199,-0.043254048
-0.3273532,-0.26380795
0.8410718,2.1460874
-0.97599393,-0.95071584
0.10562975,0.11609523
0.48132718,0.83283895
-0.029964024,-0.031376693
-0.82919395,-0.70943874
0.9449228,2.6929686
0.036020864,0.045271967
0.22837248,0.3002972
-0.5267804,-0.4069549
-0.03300383,-0.0267026
-0.14170101,-0.13325207
-0.85020834,-0.754745
-0.7876793,-0.6566644
0.67494506,1.4289247
-0.5203601,-0.38257965
-0.61008346,-0.45681044
0.009822902,-0.009105924
0.53749424,0.9733934
-0.876107,-0.7956091
0.15361583,0.17621237
-0.7615791,-0.6187426
-0.9270779,-0.8668262
-0.8945121,-0.8160033
0.6683282,1.4265099
-0.764055,-0.64936364
-0.9096973,-0.82259864
-0.124200225,-0.11613328
0.68798697,1.4861741
-0.47518325,-0.36195374
-0.15657477,-0.12046877
-0.9201549,-0.8648611
-0.10184297,-0.09240993
0.15522616,0.1883359
0.14181411,0.14866738
-0.3351466,-0.26966712
-0.36893365,-0.2845197
-0.78675276,-0.6636237
-0.26640335,-0.22249536
-0.80101067,-0.67683417
0.53319186,0.97556424
0.9325486,2.609756
0.9401489,2.6657917
0.7301422,1.6425166
0.2015843,0.23789291
0.4017314,0.64721763
-0.4295884,-0.3309007
0.26154083,0.33472565
-0.0887009,-0.098951474
-0.03596532,-0.023967303
0.5155531,0.9149666
-0.43616328,-0.331437
-0.36392078,-0.28127152
0.8492836,2.1932693
-0.8875514,-0.80076563
-0.028731404,-0.0044890903
0.8256016,2.071302
0.22072601,0.29081762
0.09281415,0.11028056
-0.50051165,-0.37574834
-0.31344903,-0.2518649
0.70409685,1.5522267
0.11843626,0.1392257
0.029484387,0.024653487
-0.80084056,-0.6714471
-0.96794367,-0.9255476
0.92737037,2.6056387
-0.24602766,-0.19184631
0.20642613,0.27646163
-0.84056985,-0.734217
0.36622858,0.55649054
0.8651334,2.2744884
0.1513305,0.1687337
-0.74776936,-0.6115883
0.16344306,0.2119019
0.5326944,0.9578659
-0.18716693,-0.1721035
0.7596755,1.7904761
0.2973659,0.42405504
0.79849786,1.9495393
0.24701062,0.32263893
-0.7374241,-0.59902203
-0.38061658,-0.28806764
-0.5964101,-0.4370531
0.817653,2.0352423
0.5208001,0.9549605
0.35279673,0.51219386
-0.39806736,-0.30288336
-0.63191044,-0.4886589
0.5129022,0.90004796
-0.051684108,-0.05068176
-0.5484209,-0.40842822
0.23324396,0.3055781
-0.9193323,-0.8294498
-0.3476595,-0.26416832
-0.06288601,-0.047678683
-0.7040833,-0.55672663
0.969309,2.836373
-0.5818053,-0.41626298
-0.73929375,-0.59149253
-0.59293026,-0.45974484
0.53812224,0.97803676
-0.14898868,-0.12727891
0.13083188,0.1547533
-0.9579817,-0.91243607
-0.9311374,-0.86683035
-0.1083489,-0.09781153
0.6333105,1.2820404
0.7704778,1.8255085
-0.82658684,-0.68955314
0.076726206,0.09326408
0.82645935,2.0793421
-0.22405449,-0.17480603
0.65913165,1.3762382
-0.7326087,-0.5941783
0.870789,2.2818809
0.50284666,0.88159573
0.8826688,2.345244
0.35323447,0.5341665
-0.27319214,-0.22370084
0.8763623,2.3094018
-0.44886646,-0.3183977
-0.33565494,-0.26532075
0.40161684,0.62922746
0.5306326,0.9661275
0.85880697,2.218402
-0.59039515,-0.43526578
0.5959961,1.169283
0.47709212,0.82888705
-0.8724109,-0.78209496
-0.22555372,-0.18516292
-0.43446907,-0.32732397
-0.39101917,-0.29526955
0.96589375,2.7854297
0.28555483,0.39148936
0.43535233,0.6931324
0.95323527,2.7316406
-0.24559644,-0.2213791
0.6036803,1.1695936
-0.13093807,-0.10785271
0.7390673,1.6835132
-0.6386849,-0.5011765
0.89537233,2.427585
-0.5624566,-0.42076024
-0.34755898,-0.260025
0.5123845,0.9077802
-0.21248972,-0.15013587
0.21642275,0.26735342
-0.110853,-0.08248186
0.48473987,0.8329996
-0.5433375,-0.42506874
-0.883084,-0.78708
-0.4001412,-0.30094838
-0.051382672,-0.059391372
-0.6639599,-0.5250413
-0.29040542,-0.23080851
-0.20003396,-0.16452697
-0.8852163,-0.8199775
0.1666145,0.2095314
0.76868683,1.8088225
-0.6965142,-0.562601
0.19561602,0.2507777
0.3294784,0.47356513
-0.16133064,-0.12734045
0.4021952,0.63339514
-0.1785369,-0.15236756
0.009274576,0.007834092
-0.9852939,-0.9661901
0.38344023,0.58270717
0.32268536,0.45188534
-0.9231982,-0.85164136
-0.2634998,-0.21380788
0.95806366,2.7556784
-0.15852687,-0.12648621
0.0038908103,0.0027672416
0.81986034,2.043268
0.43452376,0.699381
0.16414027,0.19981198
0.59560937,1.1651509
0.7287325,1.6557856
-0.086223856,-0.08522163
-0.04978327,-0.05200645
-0.22789814,-0.17987567
0.93341225,2.6204362
0.3943325,0.6020864
-0.83355385,-0.7048396
0.72591925,1.6184231
-0.038880117,-0.02958438
-0.8624922,-0.77285326
0.09943451,0.12916274
-0.16567144,-0.1582176
0.7554988,1.7690222
-0.5920108,-0.4498364
0.65292925,1.3539344
0.11537738,0.13207918
-0.8907794,-0.7977951
0.9436906,2.665604
0.025230488,0.01772525
-0.4182463,-0.30998412
-0.061186317,-0.074745044
0.7157156,1.5887464
-0.39019376,-0.2669432
-0.6146472,-0.47874442
-0.7418575,-0.5883102
-0.4042812,-0.31277445
0.56009614,1.0546007
-0.05674727,-0.0471662
-0.5450368,-0.39859352
-0.66763,-0.5214853
-0.33454105,-0.24017558
0.8798487,2.3292096
-0.31394657,-0.24398525
0.97624815,2.862185
-0.029539088,-0.039911985
-0.64167213,-0.4969918
0.7822802,1.8745837
-0.07928925,-0.07782215
0.4193427,0.69334096
0.96742314,2.8003633
-0.8996493,-0.8066343
-0.8066109,-0.67222327
0.44091347,0.7208952
-0.43635,-0.33768237
-0.6313972,-0.49213165
-0.9212762,-0.85963905
-0.9563066,-0.93420535
0.54897124,1.0057491
-0.73113316,-0.60223365
-0.06455877,-0.047201253
0.21179363,0.27233514
-0.1432964,-0.11784523
-0.9457867,-0.8914039
0.567003,1.0724523
-0.97897357,-0.9442153
0.5237798,0.93571395
0.786609,1.8931465
-0.13432015,-0.11123106
0.07108495,0.06328512
-0.046033215,-0.013045816
-0.22158276,-0.18307766
0.77484906,1.8418725
0.787867,1.9102265
-0.32836726,-0.24679887
0.23013951,0.29567364
0.85381514,2.2065482
0.92411697,2.5522563
0.01791808,0.0126802325
-0.09435039,-0.0811162
-0.44261137,-0.32897732
0.91774374,2.5451818
-0.7143714,-0.5698126
0.15965915,0.17534721
-0.43489948,-0.31745043
-0.44198343,-0.31861436
-0.19006282,-0.1518223
0.9975859,2.9839022
-0.8900674,-0.7925327
0.15708363,0.21992408
-0.8348557,-0.7186012
-0.6909583,-0.55653197
-0.120874114,-0.11389245
0.020920264,0.027621837
-0.48241517,-0.3780086
-0.36708573,-0.2801053
-0.82606596,-0.70357263
-0.39356044,-0.28427792
0.93311685,2.6293974
0.8894148,2.3926985
-0.3302434,-0.2788261
0.14170787,0.17384517
0.8191908,2.0470567
-0.98763233,-0.9730093
0.62136716,1.2300701
0.8967391,2.4142172
-0.81734854,-0.7069949
-0.67710465,-0.5492166
0.9214926,2.5530963
0.07508029,0.07316235
-0.97160673,-0.9185499
-0.484736,-0.36535263
-0.100112654,-0.078155965
0.38581783,0.57641333
0.46632075,0.77987874
0.990843,2.9463615
-0.4249776,-0.33020666
0.0764402,0.078507945
0.0666471,0.069205455
-0.18870948,-0.16215748
-0.6616762,-0.4950017
0.95491314,2.7413008
0.7066344,1.563607
-0.0033339434,0.0020736824
0.20649084,0.26406002
-0.54547787,-0.41106546
0.08757414,0.09270754
0.38994026,0.60295355
0.030334057,0.042850163
0.9805703,2.896187
0.22268331,0.2809096
-0.2580526,-0.20096703
0.5443041,0.9998845
-0.65907496,-0.5106453
-0.23096837,-0.19467854
-0.3060821,-0.24288797
-0.13638581,-0.106908344
0.56355965,1.0610696
-0.031653937,-0.029330857
0.5880289,1.1226622
0.15297781,0.1768676
-0.31586114,-0.25001895
0.6199575,1.2342923
-0.52342063,-0.39263594
-0.55123407,-0.41916433
0.009005848,0.009887642
-0.4783015,-0.35773626
-0.98182595,-0.9738641
0.29659507,0.40666774
0.022187643,0.0234646
-0.10896437,-0.0865419
0.933937,2.6233582
0.14239837,0.15894377
0.72686315,1.6432068
-0.72109956,-0.5590002
0.13841292,0.16938986
0.73595923,1.6816926
0.16621152,0.20568548
0.43602836,0.72344667
-0.25591287,-0.19642529
-0.81510097,-0.68658835
-0.084199406,-0.06702038
-0.21104121,-0.18671876
0.73412037,1.653672
-0.5120094,-0.3825099
0.93346846,2.618909
0.9162762,2.5196702
-0.5047367,-0.37030536
-0.3038961,-0.25823757
0.79111147,1.906744
0.93324447,2.6121447
-0.11312179,-0.11813584
-0.3580059,-0.2607754
0.052188028,0.041461743
0.3755384,0.56364596
-0.45305097,-0.33170706
0.47294635,0.8088728
-0.8966853,-0.82469743
-0.901411,-0.8144784
-0.22742459,-0.18456765
-0.29305363,-0.2090104
-0.36873356,-0.27886435
-0.017960474,-0.019056106
-0.35853285,-0.28463995
-0.6154842,-0.47726402
-0.3810609,-0.29944405
0.94980854,2.7225125
-0.17777316,-0.1516084
-0.11057445,-0.094047226
0.15308999,0.1952569
0.96668154,2.780908
-0.5167974,-0.37495515
0.36256424,0.54223114
0.43196937,0.7035218
0.21464883,0.26232868
-0.8228433,-0.7104469
0.35374457,0.52803415
-0.87181056,-0.75053376
0.1922853,0.24640155
0.47916237,0.83142823
-0.5780602,-0.43898752
0.683244,1.4630178
-0.9392924,-0.89353985
0.6876257,1.4807016
-0.079341896,-0.094074056
-0.5648241,-0.43324077
-0.7324437,-0.5945103
0.90661436,2.4720018
-0.8546688,-0.74719286
-0.60181314,-0.4539737
-0.3043553,-0.24006549
0.2404697,0.30638626
0.08960217,0.07871651
-0.748713,-0.61360186
-0.42054403,-0.32778752
-0.52249646,-0.3874761
-0.5729143,-0.42363876
-0.17771132,-0.14235666
0.4080629,0.65009654
-0.5650941,-0.42755032
-0.26664224,-0.21972145
-0.21816514,-0.18842393
0.95291305,2.7111676
0.9093327,2.4980516
0.60027516,1.1751556
-0.51668215,-0.4001188
-0.8639254,-0.7706287
-0.36619172,-0.28987005
-0.4664109,-0.34990415
0.0118516,0.022668405
0.5554558,1.0318825
0.7166459,1.575758
0.6897282,1.4916823
-0.2806489,-0.225552
0.37446868,0.56495684
-0.3743316,-0.29293495
-0.8781889,-0.78207195
0.40313053,0.6318206
-0.9803449,-0.9617032
-0.18163483,-0.15050955
-0.34124145,-0.26883015
0.38675508,0.58931935
0.53249097,0.9808248
-0.39181072,-0.29285058
0.623254,1.2620692
-0.41216648,-0.30004358
-0.10734728,-0.09180141
0.45403704,0.7630701
0.38584045,0.57636106
0.9747369,2.853
-0.54967797,-0.41544223
0.32463583,0.48101395
0.21936382,0.28731665
0.8301969,2.0853133
-0.6872757,-0.5358331
0.5035963,0.886599
0.13653724,0.16226836
-0.45066825,-0.34928635
-0.051130172,-0.04504938
-0.3324468,-0.26094976
0.15862681,0.19060521
0.77800125,1.8469565
0.13860998,0.15463515
0.26344484,0.36287037
0.037495695,0.028438864
-0.89766896,-0.8249872
-0.53428286,-0.40185592
-0.015996542,-0.02346365
-0.37952945,-0.29900554
-0.6364728,-0.48815805
0.008265683,-0.006716089
-0.3543804,-0.28337958
-0.4837847,-0.34242478
-0.072029166,-0.06261992
-0.73343146,-0.5975041
0.85549146,2.217644
0.7354042,1.6796176
0.41524118,0.6692086
-0.7875723,-0.6570813
0.55175453,1.0339249
0.61591464,1.2085289
0.53552926,0.96534306
-0.7720682,-0.6345618
0.28781593,0.39779237
0.6686496,1.4055722
0.1547068,0.18493798
0.29281476,0.3974229
-0.08327304,-0.07968568
0.05741464,0.07114808
-0.9312463,-0.8625324
0.27792606,0.36666617
-0.8371056,-0.73353046
-0.12997082,-0.11938566
-0.4146898,-0.31430286
0.090855904,0.093281716
-0.73316735,-0.5793292
0.3832868,0.5899776
0.5900231,1.1476144
-0.6732911,-0.5378525
-0.79137385,-0.6490441
-0.70896906,-0.5908878
0.7542551,1.7605928
0.056378525,0.06907938
-0.065478005,-0.06579538
-0.7865764,-0.6418016
0.29911202,0.41471
0.73599917,1.6770052
0.6563717,1.3733715
0.2521094,0.36355817
-0.84944254,-0.72736305
-0.77520597,-0.633106
-0.901382,-0.83038396
-0.48504156,-0.3624538
-0.7286771,-0.59274393
-0.4799039,-0.3519006
-0.2298839,-0.1877812
0.8859656,2.3550806
0.22075212,0.28105244
0.66994756,1.4109755
0.420703,0.67366683
-0.7749937,-0.64844227
0.4718408,0.7997971
-0.44980225,-0.33098042
0.2782157,0.37662417
-0.31807604,-0.25299305
0.9953445,2.9741864
-0.47289705,-0.34804833
-0.44173905,-0.34387553
0.8613445,2.2449095
-0.9507112,-0.892986
0.393378,0.6147346
0.45065278,0.74584043
0.67275715,1.4362481
0.94887865,2.7081168
0.9512038,2.7241669
-0.86944646,-0.7909955
0.64367867,1.3091568
0.29261985,0.4133505
0.29468426,0.3920603
-0.74330014,-0.5974593
0.30037433,0.41417977
0.96496516,2.7846959
0.8236371,2.064249
-0.12173868,-0.10671224
-0.920104,-0.83136135
-0.275413,-0.22669952
0.65278065,1.3714689
0.4029982,0.63438
-0.081312686,-0.08184878
-0.8897969,-0.7945524
-0.14621055,-0.12230126
-0.06195012,-0.057991624
0.85711104,2.2240808
0.2821722,0.37829036
-0.37669417,-0.29650587
0.05063653,0.060924843
-0.8678894,-0.7706189
0.9451365,2.681893
-0.2798802,-0.22067289
-0.04426529,-0.039739724
-0.28943205,-0.2442004
0.36502346,0.55976456
0.32446432,0.4651119
0.43064463,0.693938
-0.46371353,-0.34408724
-0.36866304,-0.28049108
-0.74949753,-0.601108
0.31101996,0.4432192
-0.92040575,-0.8457992
0.19536467,0.2544985
0.73939174,1.6991538
0.7816643,1.8686546
-0.10192448,-0.10382374
-0.08139262,-0.05862909
-0.84606165,-0.7382467
0.34153005,0.49327877
0.6425188,1.3032333
-0.5106899,-0.37969106
-0.15739824,-0.13503459
0.67767864,1.4329985
0.75424093,1.7567252
-0.51364005,-0.39030752
0.10114127,0.1393086
-0.6150137,-0.4750894
-0.7962425,-0.6714117
0.822241,2.0454745
0.641015,1.3280871
0.5200698,0.9274792
-0.90246737,-0.8302813
0.68745756,1.4920161
-0.12391185,-0.12426379
-0.31520975,-0.2409198
0.09295272,0.12021005
-0.8172935,-0.68958527
0.5132931,0.91837907
0.16487016,0.20523447
-0.6268198,-0.46309903
-0.6235356,-0.46506855
-0.6315027,-0.48015088
-0.8859952,-0.78746396
0.1755969,0.20298621
0.68069637,1.4672058
-0.96500355,-0.9424693
-0.9019907,-0.82592183
0.14554055,0.13897984
0.63899136,1.3122221
-0.3465222,-0.27449286
-0.3007712,-0.22640519
0.192693,0.24088031
-0.45157424,-0.3284987
-0.94678324,-0.9099158
0.47045705,0.80629694
0.25129983,0.35138
0.161512,0.19945294
0.48336825,0.83785313
0.35046166,0.51802593
-0.58823603,-0.4510035
-0.2950379,-0.22606087
-0.7477797,-0.62180537
-0.740286,-0.6021342
0.35239148,0.5026206
0.7172002,1.5934504
0.92546517,2.581019
0.25669423,0.3445542
-0.6317974,-0.48431355
-0.7886993,-0.6555564
0.62570196,1.2433105
0.15751295,0.18250561
0.23657005,0.29896164
0.5629242,1.0515988
0.40655446,0.64503473
0.6689165,1.407067
-0.88757217,-0.80505013
0.49504128,0.8405542
0.7017055,1.5366682
-0.4277299,-0.33390984
0.28089455,0.3827514
-0.37167588,-0.2943884
0.91594213,2.5243673
-0.93315285,-0.87639093
0.15958568,0.20583795
-0.6669929,-0.5138727
0.4244404,0.6626565
-0.6482194,-0.5130542
-0.52923346,-0.39682528
-0.011258378,-0.020431533
0.8296699,2.0594435
-0.5765712,-0.42231348
-0.71151996,-0.55827165
0.51795363,0.9303939
0.0012390646,-0.0048326286
0.82357025,2.0647163
-0.7067709,-0.5673392
0.29185578,0.40394437
-0.53424174,-0.41051352
-0.68647915,-0.52356845
0.36685884,0.5351157
0.18736924,0.24137734
0.50965494,0.9021742
-0.38107485,-0.29609042
-0.104056686,-0.092685565
-0.18905665,-0.1527381
0.9681789,2.8267593
-0.4155021,-0.3114618
-0.41036552,-0.31997812
-0.29090357,-0.23034005
0.12918817,0.16620177
-0.4953545,-0.35804978
0.8305799,2.1025167
-0.46862888,-0.343976
0.79163146,1.9214063
-0.7930499,-0.6513055
0.3131254,0.4373078
0.81397104,2.0022647
-0.6625011,-0.51368016
0.9366539,2.6275442
-0.09423328,-0.096740365
0.8914302,2.387248
0.35364008,0.54778117
-0.39682627,-0.30048257
-0.62339497,-0.4734192
-0.3925299,-0.31115472
-0.8139652,-0.70914733
-0.71226406,-0.5744803
-0.7906791,-0.6454353
-0.1541129,-0.13067967
0.5911568,1.1531985
-0.7172329,-0.5643853
-0.73935914,-0.60279274
0.2868579,0.40662983
-0.60563403,-0.4673116
-0.80477995,-0.6642793
-0.66630286,-0.51373184
0.8474628,2.1564074
0.6429425,1.3146138
-0.29187086,-0.24939573
0.31164154,0.45066157
0.074551344,0.08027624
0.35424852,0.5019125
0.36534232,0.55133885
0.25746804,0.33545372
-0.46779725,-0.36617112
-0.9219872,-0.8388919
-0.088866435,-0.08059813
0.7819478,1.8685719
0.13899451,0.15700506
0.6647821,1.3853751
0.9832487,2.8875644
-0.6727676,-0.51180774
0.3835553,0.58235776
0.34858716,0.5126787
0.95991087,2.7453861
0.9712015,2.8173213
0.37335724,0.5708954
-0.5127704,-0.38088432
0.5971117,1.1840835
-0.7859417,-0.6402874
0.5613986,1.051195
0.82039225,2.0503247
-0.23433322,-0.19545491
0.26127058,0.36791593
-0.13971454,-0.111431494
-0.12446989,-0.10920867
-0.37925822,-0.28796878
0.52425927,0.9576471
0.87235314,2.3030095
0.88150173,2.3591
-0.6504374,-0.5244849
0.7494873,1.7368411
0.47486287,0.80228233
-0.4943252,-0.35319602
-0.8654308,-0.74917835
-0.46400547,-0.3482769
0.82441646,2.0797603
0.26635736,0.3740318
0.44210932,0.724729
-0.4856953,-0.33965153
0.4387763,0.7154628
-0.943757,-0.89580786
-0.24935731,-0.19402432
0.2535067,0.3305262
-0.7078069,-0.5605675
0.6460071,1.3470217
-0.5299374,-0.3977358
0.3045622,0.40862077
-0.18960571,-0.15679857
0.19208719,0.22910927
-0.7850989,-0.64398545
-0.9661744,-0.9276366
0.8191289,2.0544276
-0.46073997,-0.33718982
0.639354,1.3203809
0.9987006,2.9855194
-0.5771375,-0.4282473
-0.46965852,-0.33299175
0.32571957,0.45948294
0.9308973,2.6221519
0.8316287,2.092901
0.0057510403,-0.0027354076
0.5902206,1.1471523
-0.7285083,-0.5772619
0.95487636,2.7464285
0.92870647,2.5825899
-0.6725421,-0.5200833
-0.40115374,-0.31164035
-0.79969,-0.68648016
-0.4565648,-0.35257232
0.6319116,1.2760448
-0.24336879,-0.1933388
-0.82320607,-0.69187635
-0.31554896,-0.26212946
0.96276665,2.785613
0.2593672,0.33231956
-0.1676781,-0.13798574
-0.666923,-0.5250022
0.9723536,2.8266444
0.641698,1.3257071
-0.4370454,-0.3353854
-0.8598626,-0.7594098
-0.8867489,-0.8198968
-0.7592437,-0.610994
0.16153717,0.2000557
0.85752684,2.223518
-0.006513144,-0.021746809
0.685891,1.491106
-0.10822676,-0.10444403
0.4171671,0.65926087
0.46374547,0.8016588
-0.6520726,-0.51117074
-0.2775679,-0.21448678
0.27460432,0.37634
-0.85860676,-0.75046915
-0.27691963,-0.2186506
0.069598936,0.07854397
0.992449,2.957641
-0.050932873,-0.048990026
0.6321135,1.299366
-0.13586544,-0.13304062
0.5927814,1.1626832
0.1908296,0.24241821
0.77319086,1.8402311
-0.17811489,-0.14087087
0.20860884,0.26027867
0.26003736,0.3265506
-0.16523412,-0.143166
-0.7113759,-0.575228
-0.8128812,-0.6965562
-0.9666569,-0.9479245
0.7470685,1.7173538
-0.5270502,-0.40163955
-0.5769865,-0.45993534
0.4720708,0.80712533
-0.35996777,-0.25483125
0.012089385,0.018299676
-0.6749779,-0.52892864
0.91949147,2.5418062
0.7031628,1.5410612
0.72757924,1.643011
-0.18645251,-0.15853998
0.52472246,0.9361193
-0.71224767,-0.54944295
-0.982762,-0.9809847
-0.96005416,-0.9160526
0.17320347,0.20738693
-0.08921019,-0.06295339
0.0360307,0.04078433
-0.98507375,-0.9741888
-0.15462676,-0.13689142
0.43613634,0.70970994
-0.114612594,-0.11441001
0.4644384,0.7726535
-0.5339621,-0.4189369
0.626284,1.2549343
0.17686248,0.2146142
-0.5784738,-0.43441594
-0.52655905,-0.415084
0.25606093,0.3370452
0.6598792,1.3882921
-0.16874443,-0.14670382
-0.48339915,-0.36902046
0.7340232,1.6641761
0.3385366,0.48653466
-0.103829026,-0.10053519
-0.024199609,-0.021889925
-0.59148705,-0.42548907
0.25360525,0.32679465
-0.282515,-0.22843055
0.99129033,2.947528
-0.03963297,-0.044997994
-0.028228788,-0.016472058
0.13170357,0.12762506
0.833512,2.1020198
0.6016362,1.1895572
-0.09773986,-0.092061445
0.43739852,0.70418954
0.172471,0.21175519
-0.0152659025,-0.00597298
-0.6153684,-0.46761042
-0.07212748,-0.07531254
-0.5083628,-0.37674564
0.8296843,2.0851748
-0.32918638,-0.24904269
0.904528,2.47759
0.06611058,0.04471436
0.26308876,0.35162503
0.08588089,0.07653249
-0.7412388,-0.5746485
-0.24835756,-0.2066764
-0.8017078,-0.6667946
0.24590808,0.32089597
-0.10625161,-0.10419257
0.55596995,1.0277039
-0.559059,-0.40538746
-0.67086786,-0.51317805
-0.18733554,-0.13937956
0.85317075,2.2026489
0.42084363,0.67536753
-0.16215275,-0.14279471
0.03454434,0.032908056
-0.83157396,-0.72552365
0.9691518,2.819528
0.3328146,0.4725521
-0.42919186,-0.3196267
0.1716168,0.20782372
-0.78103524,-0.6445864
0.93167335,2.6251464
-0.65043,-0.50291836
0.29606062,0.41723004
-0.5090911,-0.3613453
0.43512276,0.71990335
0.55364275,1.0413975
0.34683946,0.50579417
0.22899891,0.29574466
0.7849382,1.8715059
-0.84274656,-0.7260726
-0.33817047,-0.25973952
-0.50342506,-0.37734082
0.9760279,2.8687243
-0.22122043,-0.1951859
0.4652254,0.7986996
0.36945033,0.5653891
-0.57583755,-0.43589634
-0.52200466,-0.39324355
-0.43743086,-0.32497954
-0.17774545,-0.13655908
-0.5313499,-0.39801854
-0.96069705,-0.9229826
0.75878614,1.7715998
0.93121964,2.6237357
-0.31685922,-0.25196087
-0.32298625,-0.25265518
-0.98581636,-0.9573979
0.36050138,0.5387839
0.6508798,1.3616365
-0.7067834,-0.56942195
-0.6806673,-0.5347708
0.5801665,1.1268841
0.2325815,0.29249355
-0.91027886,-0.83744824
0.24509399,0.32245496
-0.38216457,-0.30182138
-0.2625497,-0.21585362
0.53946286,0.988604
0.6218704,1.2495515
-0.19928674,-0.15468273
0.8943059,2.4247541
-0.18707456,-0.16718554
0.5436721,1.0010624
-0.032245472,-0.024496747
0.7950646,1.9449382
0.8155225,2.0301695
-0.8251664,-0.70321316
0.8729867,2.3070662
0.6510697,1.3576822
0.58262146,1.1105616
-0.5981773,-0.4524707
0.61023843,1.2244682
0.70026547,1.531954
-0.42169935,-0.31756547
0.90452015,2.460291
-0.9002797,-0.8425946
-0.7001815,-0.55298835
0.07516228,0.08425418
0.15158494,0.17292112
0.29030016,0.38749278
-0.9660618,-0.9431941
0.9207336,2.5566778
-0.9108238,-0.817118
-0.71387607,-0.5542375
-0.971971,-0.9589346
0.13371687,0.16253422
0.8645338,2.2514894
0.33189434,0.47278497
0.64531493,1.325856
-0.9734376,-0.941207
0.0840306,0.10127763
-0.08087405,-0.075842716
-0.0020641116,-0.0028705674
-0.85557365,-0.74521005
0.36887074,0.56080693
0.0064408295,0.018244838
0.5302977,0.9477976
-0.029418731,-0.028378457
-0.7012367,-0.56500524
0.29651392,0.40999466
-0.6552273,-0.5094703
0.7447891,1.712175
0.22623248,0.28099504
-0.68559223,-0.5526819
0.9246761,2.5493798
0.036730926,0.03681784
-0.8542031,-0.7521305
0.2536658,0.32757524
-0.4936022,-0.35699636
0.6073869,1.1917878
0.63564414,1.3106838
0.9578947,2.7706234
0.003739062,-0.01575591
-0.090086244,-0.081778
0.5069512,0.89024
-0.73505867,-0.621026
0.093831025,0.089014985
0.0924952,0.10959126
-0.82105374,-0.6802289
-0.16403183,-0.13251212
0.7065696,1.5617948
0.7123072,1.5808871
-0.8015247,-0.6571892
-0.8185582,-0.67550296
-0.47460905,-0.3621312
0.7495321,1.7124165
-0.74219483,-0.6211639
0.43999362,0.7319871
-0.79766876,-0.66940093
0.24627571,0.3236969
-0.2878654,-0.24675983
0.57782793,1.0971093
-0.5326191,-0.40298587
0.27840367,0.37956932
-0.5286349,-0.40089557
0.42732057,0.6775801
0.74735606,1.7154806
-0.7463964,-0.5930287
0.7331914,1.6673502
0.18715051,0.23485239
-0.74577904,-0.6133735
-0.1449163,-0.15649714
-0.6782794,-0.5354987
0.40069577,0.6169218
0.51773626,0.9280569
-0.78840697,-0.6240266
0.012279705,0.019384008
0.6292501,1.3017205
0.8723261,2.3027656
0.027035734,0.021487564
0.9005585,2.4454012
0.07137794,0.094642796
-0.211619,-0.15801762
0.69640625,1.5133787
-0.0140345795,-0.011308538
-0.05619498,-0.06750723
-0.01937502,-0.010760216
0.69357,1.5237775
0.6638831,1.3976222
-0.19296001,-0.16958487
-0.33340028,-0.25570256
-0.016143952,-0.011712942
0.14554502,0.17062294
-0.52332556,-0.39099178
0.5879102,1.1350147
-0.027034469,-0.016363816
-0.3319089,-0.2509474
-0.786358,-0.6640816
-0.52230966,-0.40209812
0.8985624,2.4289453
-0.38980064,-0.2897158
-0.6622814,-0.5126718
-0.078654416,-0.079386
-0.3858245,-0.29178283
-0.9296815,-0.87221277
-0.35370958,-0.26404703
0.08821725,0.100016646
0.10342474,0.11207494
-0.28688216,-0.22587639
-0.10539449,-0.08230673
0.9310358,2.5992148
-0.24530305,-0.19586365
-0.48354638,-0.36349532
-0.51306593,-0.3806172
-0.08447077,-0.08448383
0.5190403,0.9293774
-0.5880236,-0.43449557
0.41859224,0.6577871
-0.9577004,-0.93219763
-0.16213405,-0.15302324
0.55173016,1.0123798
-0.32253408,-0.24610527
0.1274742,0.1317367
-0.5900415,-0.4502938
0.4839908,0.8377942
-0.8954418,-0.8074387
0.7050853,1.5489048
-0.60360724,-0.4572756
0.74879605,1.7304096
-0.2949415,-0.23585054
0.44536716,0.7299502
-0.3615494,-0.25573817
0.81182337,2.0140116
-0.74672574,-0.5806937
-0.6429604,-0.50033057
-0.013939749,-0.014597808
-0.8361231,-0.73487777
-0.6080396,-0.47122276
0.8875328,2.3933887
0.9529793,2.7213955
-0.24748135,-0.182199
0.84657204,2.1575475
0.08964935,0.08787218
-0.46051508,-0.34951657
0.40479743,0.63435143
0.31780362,0.46013156
0.9782506,2.8758934
-0.46990544,-0.35701782
0.344119,0.5019536
-0.89595246,-0.81562096
-0.77270794,-0.6461435
-0.99216324,-0.99332845
0.99892133,3.0038116
0.6045474,1.1726917
0.57344604,1.1070322
0.01945215,0.016407955
-0.39986584,-0.31163386
-0.69747144,-0.54290384
-0.43065053,-0.3102069
-0.24805756,-0.1906123
0.5126202,0.9151243
0.079323575,0.09698356
-0.84503275,-0.7515387
-0.963942,-0.93565583
-0.79533565,-0.6749851
-0.17900257,-0.14044985
0.8663858,2.263506
0.27480495,0.37952942
0.6036518,1.193374
-0.06725081,-0.07165536
-0.27666783,-0.22716989
-0.78319925,-0.6372753
0.75186604,1.7344456
0.56632006,1.0699165
-0.6637638,-0.5234495
0.024521127,0.021997634
-0.025250385,-0.025090521
0.2501831,0.3206054
0.8923738,2.3897252
0.15954289,0.19192055
0.08043453,0.078977264
-0.89935416,-0.8260546
-0.874185,-0.78742784
-0.6253064,-0.47957727
-0.9350585,-0.8688409
0.48670578,0.85394573
0.4466606,0.72801846
-0.7278875,-0.5622138
0.6721578,1.4175853
-0.69042796,-0.53202236
-0.3976488,-0.30961925
-0.5020462,-0.385246
-0.25538582,-0.21426821
-0.49067247,-0.36857152
-0.022098146,-0.015820887
-0.18518424,-0.15054291
0.973139,2.8322606
-0.8881473,-0.80981386
-0.71563727,-0.57917106
-0.8943482,-0.8109552
0.2516824,0.32886744
-0.89098144,-0.81393903
0.67287946,1.4329997
0.023877261,0.047086686
0.05401525,0.05204334
0.12318902,0.13589889
-0.6583726,-0.504696
-0.6046194,-0.4656704
-0.36236537,-0.27194878
0.18699284,0.22131218
-0.5797644,-0.42019084
-0.76733655,-0.6268953
0.94023377,2.6492767
-0.9560364,-0.9217403
0.60539484,1.1886387
0.5760703,1.1128279
-0.40557176,-0.32048267
-0.7287468,-0.59137124
-0.7087427,-0.56805605
0.39486325,0.61218923
0.28561318,0.38777584
0.5654913,1.0511926
0.87496233,2.3063586
0.38385472,0.5867625
-0.6882969,-0.5469077
-0.51311475,-0.37805656
0.68438745,1.4825253
-0.5813879,-0.44067588
-0.8549554,-0.74662983
0.40656012,0.6174415
-0.19494729,-0.16856273
0.8400801,2.1487362
0.30051014,0.41372007
-0.8191621,-0.7051876
0.89571315,2.4394245
-0.48288548,-0.34411478
-0.32557502,-0.24941084
-0.19547917,-0.15334763
-0.8975514,-0.8372783
-0.0069691557,-0.01479644
-0.753363,-0.6180823
-0.19805935,-0.16896102
-0.29858044,-0.24094813
0.54568017,0.9804322
0.606341,1.2007716
-0.69317424,-0.54031086
-0.26689762,-0.19865657
-0.25329366,-0.2132698
-0.69717914,-0.55869204
0.596907,1.1390821
0.41445667,0.6544883
-0.6192364,-0.46422008
-0.26655617,-0.22056106
-0.7883899,-0.6354274
0.2564132,0.33645356
-0.75725615,-0.616588
0.97186834,2.820722
0.5613642,1.0562687
-0.2195229,-0.20170467
0.15712786,0.19263336
0.82268363,2.0635355
0.10819856,0.13476507
-0.651003,-0.513296
-0.24259329,-0.19641314
0.6862897,1.4861596
0.28842604,0.4000325
0.30144876,0.41106018
0.733643,1.6428254
0.7879461,1.9014783
0.8395851,2.1347895
-0.8103016,-0.69141454
0.088252,0.10436721
0.48101905,0.8232471
0.51385367,0.9003881
0.2134324,0.24939382
-0.66642535,-0.52956694
0.5948411,1.1830833
0.44022268,0.7265599
-0.82772845,-0.70781314
-0.07238035,-0.069337234
-0.6520452,-0.50658166
-0.3250459,-0.2420618
-0.9638378,-0.93514967
-0.19934027,-0.1617556
0.09975384,0.10721303
0.23916519,0.329447
0.32698068,0.47627953
0.6725826,1.44166
-0.5690742,-0.43536496
-0.75903636,-0.6096271
0.70307434,1.5418012
-0.6867744,-0.5379383
0.9495202,2.7235358
0.6850765,1.4655054
0.0017532118,0.0037887683
0.9628428,2.7869084
-0.80524653,-0.67376405
-0.39386848,-0.30434567
0.27644882,0.3948627
-0.29998627,-0.24994013
0.8567451,2.2342076
-0.86874783,-0.7575382
0.09882367,0.12856379
0.18173254,0.204879
0.30545625,0.41857162
-0.48866755,-0.351644
-0.27086714,-0.23614179
0.68736106,1.4685159
-0.61011446,-0.46986666
0.6537357,1.3624134
0.12531085,0.15890364
0.524375,0.9416785
0.42721474,0.6816168
-0.58497703,-0.43984303
0.13762547,0.16386895
0.73544633,1.6785293
-0.13576752,-0.12161714
0.9331815,2.5970988
-0.0955698,-0.096485265
-0.7144287,-0.55446804
-0.22113064,-0.1811742
0.90340483,2.4536247
-0.3605583,-0.26624772
0.73619634,1.6658877
0.76250136,1.7849808
-0.29962695,-0.23537245
-0.8334847,-0.72222084
0.4491158,0.74241734
-0.3769754,-0.29031405
0.5658472,1.0532116
-0.114690304,-0.101230286
-0.029466515,-0.041907344
0.5558188,1.0381211
-0.23527333,-0.17920165
-0.11374531,-0.10508918
-0.24761906,-0.21320151
-0.26531896,-0.21487159
0.051893152,0.046406087
0.6175989,1.240542
-0.2764634,-0.22264193
0.04850944,0.06807439
0.34145465,0.50948644
-0.4611211,-0.34806862
-0.4449544,-0.32790792
0.86682624,2.265604
0.44706914,0.7366356
0.15437335,0.17826903
0.2954401,0.41617697
-0.9414011,-0.87513876
0.23620594,0.31316435
0.019017747,0.028605664
0.09149936,0.10986787
-0.28115234,-0.21881728
-0.8370522,-0.7342747
-0.61332154,-0.4508576
0.90148944,2.464842
-0.18260087,-0.15768507
-0.06663369,-0.06619647
-0.8945804,-0.80409175
-0.9248676,-0.8550927
0.4343629,0.7029663
0.07618933,0.069936156
0.017411968,0.020777436
-0.5137509,-0.37989596
0.48950148,0.8536617
-0.66352683,-0.51189554
-0.62013054,-0.47675836
-0.078575656,-0.06294664
-0.4274403,-0.32217216
-0.505074,-0.38346773
0.29047528,0.39755374
0.30194348,0.4031818
0.64903414,1.3418596
-0.16458286,-0.13506912
-0.8538298,-0.7438702
-0.45266724,-0.32530794
0.96001095,2.7637684
0.19251715,0.24158835
0.41947415,0.6771702
-0.9852843,-0.94757
0.036411464,0.03923319
-0.9249427,-0.8711716
0.13846043,0.16876547
0.8415417,2.1643648
0.93683827,2.6335099
0.08110535,0.096627764
-0.08359039,-0.06489983
0.8900342,2.397416
0.34721968,0.51089805
-0.87020147,-0.77889615
-0.06854884,-0.064984806
-0.51951,-0.38524422
-0.060391355,-0.04788227
-0.08906885,-0.07850275
0.16428961,0.19191596
-0.28645903,-0.22235294
-0.6714591,-0.5147332
0.007438869,0.011290718
0.66040576,1.3762063
0.32802445,0.46910587
-0.32326427,-0.24306732
0.87104607,2.2768183
0.82441515,2.043466
-0.5813032,-0.4247391
-0.9211648,-0.8491555
0.4826174,0.83401525
0.6552205,1.3550615
0.93572915,2.6380076
0.7796728,1.86427
0.20106953,0.23378426
0.06010468,0.07817722
-0.9443179,-0.89307725
-0.5066871,-0.38399884
-0.0807705,-0.07855346
0.2570078,0.31988475
0.11450367,0.13504939
0.485272,0.8376556
-0.44046614,-0.33385152
0.12990521,0.16175762
-0.8237155,-0.71794385
-0.17266895,-0.15397015
0.5003217,0.8673848
0.38680172,0.5915009
0.98128545,2.889782
-0.44421774,-0.3302454
-0.0036214017,-0.0070780693
-0.34093916,-0.27310383
-0.11879377,-0.089498155
0.71390027,1.6115121
0.36841816,0.5555891
0.7648824,1.7898504
-0.59297776,-0.43510497
0.7467222,1.7062166
-0.88047546,-0.7911634
0.77719855,1.843732
-0.34185243,-0.27653465
-0.37082472,-0.28710648
0.024177153,0.016134098
0.8813804,2.3430223
-0.90443724,-0.82599443
-0.29553804,-0.24022172
0.713144,1.5807
-0.20789105,-0.17596562
-0.6016862,-0.4493877
-0.15041164,-0.13267513
-0.228895,-0.18024753
0.8308324,2.1004822
0.52386874,0.94779223
0.010231111,0.024215318
0.97674114,2.8514042
-0.06944494,-0.06968908
-0.88352436,-0.77496874
-0.47545135,-0.3594482
-0.12785904,-0.14175259
-0.6861948,-0.54046506
0.8951303,2.4149685
0.5336978,0.94437486
-0.4634256,-0.33484975
0.18160906,0.2134436
0.4428983,0.72922134
0.88255787,2.3466382
0.7632707,1.7776371
0.030384453,0.020630637
0.54930526,1.007436
0.124289505,0.15251411
0.10540778,0.116214365
-0.7705161,-0.6394914
-0.7477247,-0.6160256
0.05906723,0.07472376
-0.4622769,-0.3327235
-0.9579262,-0.90747094
0.4456784,0.7377568
-0.9350268,-0.87532413
0.19055368,0.22162415
0.07838759,0.082555674
0.9376294,2.6342556
-0.03157372,-0.04886342
-0.87279713,-0.7653268
0.103375934,0.108208954
0.6821923,1.4770211
0.9936986,2.9711676
-0.13931365,-0.11704202
-0.3594025,-0.27052757
0.81330657,2.006597
-0.61751574,-0.45308617
0.23085783,0.29688805
-0.18857116,-0.15669817
-0.9178353,-0.85510874
-0.30542305,-0.2499423
-0.46954295,-0.3478198
0.3721823,0.5644317
0.897581,2.4184766
-0.46390563,-0.36291787
0.6229319,1.2400018
-0.8892804,-0.7897598
0.07624202,0.076365516
-0.8588999,-0.7581981
0.86806595,2.290229
0.53270257,0.9564191
0.31589982,0.43994707
0.64779276,1.3315773
0.2950396,0.42395136
0.9378888,2.6624584
0.4279159,0.69690007
0.8493172,2.1911368
0.034263782,0.029674465
-0.76587117,-0.60906756
0.056355443,0.062387325
-0.7462543,-0.59641343
0.18498696,0.22448216
-0.03501388,-0.03651116
0.24515079,0.33661342
-0.979906,-0.9552142
-0.610319,-0.45065325
-0.017339136,-0.014490423
0.9010071,2.4357874
-0.23278192,-0.19704178
-0.15125595,-0.13080843
0.4293922,0.6866752
0.20758551,0.24854787
-0.4021477,-0.2934472
-0.17836721,-0.15767577
-0.5646004,-0.42442456
0.9320429,2.6133776
-0.73873127,-0.60203224
-0.25632644,-0.19295667
-0.94832206,-0.91301876
-0.556441,-0.41648707
0.5609423,1.0545638
-0.5976495,-0.45447853
-0.8398732,-0.73989093
-0.05109364,-0.03990829
-0.98006153,-0.9534751
-0.8304677,-0.720301
0.6152517,1.2337554
0.5429467,1.0015428
0.8302776,2.0791934
0.70903087,1.5596637
0.36635113,0.5611162
-0.8953343,-0.8083377
0.56569725,1.0610982
0.6910216,1.4899181
0.5981643,1.1648345
0.01695807,0.012805727
-0.5341963,-0.40973157
0.69065994,1.4797059
0.45432562,0.76591563
0.96152234,2.7847054
-0.6886148,-0.5536915
-0.5486708,-0.41143975
-0.5764037,-0.4446899
0.58507955,1.1250653
-0.6261854,-0.48305732
-0.8666803,-0.77081764
0.99712163,3.0027924
-0.9503656,-0.9099393
0.6704881,1.4133806
-0.2692663,-0.22391076
0.68323094,1.4794085
0.10924098,0.10595719
0.8032625,1.9591564
0.852386,2.2127273
-0.98180366,-0.96182364
-0.84917563,-0.7384971
-0.49928254,-0.35314068
0.33863083,0.4945962
0.7765444,1.8407565
-0.0801161,-0.077032514
0.21394624,0.25815785
-0.6230003,-0.46411628
0.6099337,1.2146053
0.9346562,2.6359816
-0.46280214,-0.33561215
-0.0103480965,-0.014384229
-0.8277678,-0.71920186
0.11827331,0.13339923
0.005566884,-0.0031295645
-0.71112704,-0.56339395
-0.11586757,-0.09267686
-0.3317907,-0.2599122
0.04366175,0.047151286
0.17130867,0.2047442
-0.98300886,-0.9585629
0.522012,0.93007714
0.42602858,0.66288877
-0.26742724,-0.2103269
-0.89412814,-0.79960895
0.5098651,0.90683705
0.9103503,2.4871275
-0.51969683,-0.40132436
-0.35295078,-0.26740015
-0.6323742,-0.48394695
0.15387225,0.17993417
-0.6903172,-0.524517
-0.2876121,-0.23815088
0.39402604,0.62820804
0.12023196,0.13674358
-0.22707488,-0.20557624
-0.1595008,-0.1399101
0.124221765,0.15116465
-0.9882705,-0.9804652
-0.84298027,-0.74614733
0.76251614,1.7856523
-0.84424204,-0.74179816
0.41360718,0.6603524
0.8400763,2.146404
-0.4586328,-0.35532215
-0.25901714,-0.21636273
0.13784282,0.167029
0.76341796,1.7825619
0.8838112,2.3444765
0.47912648,0.8068911
-0.8267605,-0.70482516
0.3383083,0.49457264
-0.17939256,-0.15982449
-0.058598,-0.05531463
-0.90170324,-0.8065099
-0.6178757,-0.48173255
0.5810272,1.095253
-0.09208234,-0.07983321
-0.39667553,-0.30284554
-0.23196185,-0.19773681
0.708799,1.5738136
0.49799803,0.87789685
-0.4553692,-0.36451674
-0.7649963,-0.63399357
-0.49600357,-0.34883544
0.8415129,2.1514034
0.16317767,0.20091057
0.06696042,0.08347329
0.1927872,0.2372901
-0.26794347,-0.20741957
0.61421406,1.2303714
0.0465725,0.054232925
-0.76650417,-0.63253886
-0.74186975,-0.5980818
0.073718295,0.07366967
0.87314045,2.3013027
-0.38329574,-0.30437714
0.73908234,1.6811372
0.52819115,0.9517118
-0.5043751,-0.38772804
-0.9273185,-0.86986846
-0.7963055,-0.6687815
0.45698786,0.7652848
-0.6006605,-0.44708902
-0.25745815,-0.21287683
0.003398332,0.016760966
0.45093635,0.755361
-0.7735376,-0.63299054
-0.18726718,-0.15722898
-0.029854182,-0.02579831
0.08165413,0.10073646
0.63672125,1.3125067
-0.6566436,-0.49524546
0.61566293,1.2284784
0.38575685,0.5975187
0.111741625,0.13905852
0.39905575,0.6156119
-0.17596452,-0.15363365
-0.72320485,-0.5782736
0.33153048,0.48687825
0.049344614,0.061051376
0.27874961,0.37580153
-0.32400244,-0.26812395
0.81373316,2.0171795
0.17473973,0.20142603
-0.829195,-0.726655
-0.10039202,-0.103963986
0.5127121,0.9136282
0.5882691,1.1515167
-0.010805895,-0.010301444
0.78949517,1.907006
-0.46466312,-0.3372486
-0.17880261,-0.16799317
0.7971938,1.9445446
0.79251343,1.9182351
0.37142554,0.56628376
0.7179611,1.5986804
-0.82245344,-0.710535
0.72998995,1.6532813
-0.35876018,-0.25973502
-0.64333695,-0.4871113
-0.5212603,-0.39625776
-0.16406298,-0.15497206
-0.497616,-0.3900355
-0.3588648,-0.26313588
-0.73004305,-0.59571683
-0.40764648,-0.31246686
0.14456762,0.18170097
-0.11629258,-0.120480366
-0.30656248,-0.22647019
0.49290425,0.85307574
0.78701997,1.882415
0.5135785,0.9103307
-0.3359986,-0.26826206
0.48888433,0.8491476
-0.6960396,-0.55526096
-0.739364,-0.61600137
-0.30874592,-0.2450584
0.6154047,1.2136302
-0.5073035,-0.37846148
-0.8734932,-0.788841
-0.7365809,-0.59854263
0.71748996,1.6034657
0.26756656,0.35618943
-0.4935977,-0.3677142
0.11059165,0.13097763
0.055159245,0.046790272
0.31087196,0.43691248
-0.5336249,-0.43411702
0.72880596,1.6495488
-0.38126287,-0.2943305
0.38826331,0.58770734
-0.9677507,-0.9343907
-0.25468573,-0.19461408
-0.29658037,-0.23946783
0.086968854,0.085742086
-0.8545275,-0.74665064
0.5802627,1.0989887
-0.5644384,-0.43227634
0.35407564,0.53605956
0.6064243,1.1978092
0.12375391,0.12216957
0.4817664,0.8077128
0.32372063,0.46406087
-0.2889404,-0.22095257
0.6177171,1.2188203
-0.41059726,-0.30673265
0.14242584,0.1789035
0.4907955,0.8687772
-0.24208818,-0.19435725
-0.3944648,-0.29517397
-0.08130798,-0.096566364
0.63592696,1.3184984
0.85984355,2.2291284
0.09016682,0.08969523
0.32293242,0.45834282
0.8065472,1.9968562
-0.8029063,-0.65376765
-0.53584284,-0.40131643
0.4178,0.6752676
0.64748895,1.3386174
0.71405804,1.5776421
-0.16978565,-0.13108549
-0.8213202,-0.70701003
-0.12443705,-0.09552401
-0.5385308,-0.39171222
-0.4176071,-0.30989993
0.5445351,1.0208081
-0.84894586,-0.7177563
0.65516245,1.3638685
-0.14466183,-0.13485007
0.19212787,0.21749033
-0.8206955,-0.67747974
-0.32528183,-0.25828788
-0.8205982,-0.68844193
0.9230874,2.554319
0.6145233,1.2396127
-0.08073449,-0.081743844
-0.5527949,-0.42805418
0.8669102,2.2678707
-0.3108068,-0.24954791
-0.67803115,-0.5240506
0.12632878,0.14378986
0.88754827,2.380726
-0.99233943,-0.98770595
-0.5237503,-0.39975926
0.8768953,2.3142898
-0.6578281,-0.489308
-0.7735131,-0.63574916
0.14037444,0.14300787
0.72368765,1.6212219
-0.045780364,-0.04281181
0.98912853,2.9536967
0.3583434,0.54305524
-0.8518502,-0.75356275
0.98566425,2.938988
-0.18421152,-0.15684025
-0.42519492,-0.3088122
0.11575837,0.119159445
-0.3913848,-0.3221375
-0.82708496,-0.7228834
-0.9971433,-1.0268062
-0.1008333,-0.07057026
0.67372686,1.43559
0.14463037,0.15932725
0.9984146,2.9950235
-0.4263067,-0.32015184
-0.43908986,-0.3247371
-0.6805011,-0.52045166
-0.6718728,-0.5266511
-0.42962682,-0.33314618
0.58568007,1.1378797
0.8115136,2.012517
0.95017433,2.71186
-0.5354207,-0.38046175
0.7625951,1.7832564
-0.34348983,-0.27502987
-0.77431893,-0.6348265
0.74004984,1.6862801
0.27221128,0.371436
-0.6705382,-0.5307352
-0.14033748,-0.12740919
-0.4254846,-0.30256757
0.47358915,0.80003977
-0.093167536,-0.09328457
0.9785599,2.884895
-0.89051,-0.814194
-0.28996947,-0.2371979
-0.036199667,-0.029171078
0.0062671094,0.015690746
-0.36812836,-0.2702933
0.4584805,0.75758725
0.74949414,1.7382177
0.8774386,2.3182147
0.61018676,1.2036476
0.7011604,1.549527
0.1010906,0.10684745
0.65177643,1.3562537
-0.39299217,-0.29768836
-0.20304248,-0.18089445
-0.36617398,-0.2715275
-0.065225326,-0.055645663
-0.42884076,-0.34366497
0.9232229,2.565238
-0.37431073,-0.29437608
-0.8039109,-0.6662131
0.05363433,0.04221126
-0.88580185,-0.79976165
-0.7789137,-0.64115894
-0.56122124,-0.422476
-0.0712995,-0.058948763
-0.13349813,-0.13323978
0.5993837,1.1904988
0.4789493,0.8234606
-0.14736341,-0.11525039
-0.3325916,-0.25002238
-0.36706242,-0.2818998
0.5479902,0.9999992
-0.8958552,-0.81790864
-0.9743567,-0.9341161
0.5910888,1.1608472
-0.04570725,-0.049909584
-0.73823774,-0.6237617
-0.52886814,-0.39921877
0.8650079,2.2576017
0.71900594,1.605182
0.4195701,0.6747552
-0.03554954,-0.025568571
0.040647253,0.052269604
0.95048904,2.7170753
0.9315409,2.5896635
-0.5694619,-0.43325603
0.62220913,1.2732788
-0.60551465,-0.45713523
-0.57292503,-0.42906243
0.35218605,0.52349937
-0.1899978,-0.1566036
0.8630888,2.227114
-0.82198054,-0.70409656
0.023051282,0.023215964
0.83704305,2.1369658
0.8082273,1.9898947
-0.68694156,-0.55567795
-0.2667246,-0.21025701
0.2382428,0.30048677
-0.6812102,-0.54544455
0.93604434,2.6240242
0.82949865,2.093743
-0.66609967,-0.50536424
-0.75768906,-0.6137508
-0.82918304,-0.7054185
0.81888735,2.043321
-0.6127524,-0.46634096
-0.16743015,-0.13712153
-0.10229727,-0.1170908
0.19802208,0.24611071
-0.8565293,-0.7617223
-0.54648274,-0.3994138
0.8629808,2.2489378
0.8168202,2.0293036
0.5625813,1.042084
-0.9611975,-0.91517955
-0.34598646,-0.2614234
0.25591746,0.3437417
-0.4496196,-0.34648612
0.8191734,2.0321844
0.26777893,0.36092174
-0.85618657,-0.7577083
0.81801116,2.0388682
0.9155333,2.4995267
-0.84457517,-0.73858494
0.06472047,0.08714784
-0.39327145,-0.2950385
-0.21432185,-0.1765647
-0.64069754,-0.473354
0.1561442,0.16097263
0.9159587,2.5152571
0.0061452007,0.0021714645
-0.8341708,-0.7101966
0.24000266,0.32018498
-0.319554,-0.2587305
0.7118504,1.5892775
-0.13064371,-0.11983888
-0.61432076,-0.45665285
-0.61778873,-0.48223928
0.53752834,0.9805436
-0.4688248,-0.3569759
0.5344668,0.9833548
-0.58822536,-0.45097542
-0.35662726,-0.27522567
-0.06902605,-0.059522223
0.8863917,2.3739638
0.86346287,2.2616708
-0.58625627,-0.44194275
-0.28356192,-0.23013751
-0.7012012,-0.55778384
0.019970158,0.020633653
-0.0788349,-0.07061399
0.80152035,1.9574082
0.86001074,2.235901
-0.23286521,-0.20643894
-0.016524114,-0.009582027
0.7924725,1.919979
0.6134156,1.2305282
-0.9926874,-0.9854798
-0.35988086,-0.2943603
-0.15645152,-0.13938838
-0.54056746,-0.4083145
-0.6008568,-0.44932553
-0.92443097,-0.8805545
0.28673944,0.39294633
-0.47497943,-0.35139516
-0.89530563,-0.8180004
-0.53804135,-0.40356335
0.6038279,1.1823262
0.7029784,1.5372581
-0.03386751,-0.036843546
-0.16785866,-0.15151872
0.9557074,2.7488408
-0.5988707,-0.46235678
-0.56928146,-0.43872267
-0.41626564,-0.29743856
-0.65448534,-0.4968764
-0.2412688,-0.2157177
0.82166845,2.0439
0.23069568,0.29861853
-0.1761069,-0.14731744
0.86882156,2.2645984
-0.9030715,-0.812437
-0.5794476,-0.42999092
0.13177721,0.1562498
0.23110525,0.31042543
-0.92088497,-0.84927016
-0.19392249,-0.15912338
0.29830793,0.42941803
0.39614108,0.6262466
0.2762798,0.36528385
-0.35887355,-0.2699708
-0.81295973,-0.69598687
-0.14577511,-0.12258095
-0.7424911,-0.59576213
0.89524734,2.4003923
-0.04965827,-0.048533235
-0.36548164,-0.27807215
0.53260815,0.96300244
-0.004102815,-0.00093895174
-0.37993196,-0.28236723
0.62393546,1.2558203
0.7343043,1.6716921
0.34601635,0.5210055
-0.9060711,-0.82422686
0.13264576,0.15458278
0.5265898,0.9403275
-0.726994,-0.57599455
-0.5426585,-0.40467986
0.7649902,1.8107176
-0.95975655,-0.9222182
0.5054543,0.8719112
-0.052453414,-0.06684758
-0.10645568,-0.08897251
-0.98580694,-0.97771585
0.63879645,1.3118929
-0.2803502,-0.22264612
0.081531264,0.08705218
0.35460138,0.5239682
0.40525916,0.627398
0.9119601,2.5019245
0.06267991,0.061010003
-0.2005609,-0.17212628
0.9074072,2.4747066
0.28422046,0.38569447
-0.40369928,-0.29729658
-0.7470715,-0.607206
0.685109,1.486293
-0.2756368,-0.20522429
0.32093945,0.4655485
-0.058367163,-0.049814593
-0.6021404,-0.45461893
0.20337322,0.26179913
-0.87863386,-0.78404593
-0.17331508,-0.13863732
0.09322988,0.10887309
-0.12790605,-0.11723704
0.49734434,0.87667304
0.65584993,1.3690106
0.54248613,0.9953649
-0.9223741,-0.86109406
-0.61174244,-0.46478507
0.073215015,0.088932544
0.8696441,2.2925098
0.66991353,1.4228781
0.685069,1.4819014
-0.39358363,-0.28692785
-0.1411042,-0.12550291
-0.058588106,-0.06651085
-0.68525684,-0.5244494
-0.93786377,-0.88850725
0.8938058,2.3998425
-0.51857483,-0.407072
-0.5201022,-0.384574
-0.8332419,-0.7336776
0.8570155,2.2134452
0.15947422,0.19484438
0.33407372,0.49018258
0.8231538,2.0519733
-0.30875966,-0.24420351
0.24301462,0.30769628
-0.9224011,-0.861862
-0.62645495,-0.4771966
0.6624916,1.3871347
0.53353673,0.96763337
-0.2987146,-0.25078568
-0.24637875,-0.1893025
0.06710887,0.07701537
-0.999518,-0.9911074
-0.5175113,-0.37538794
-0.5835364,-0.4499765
-0.4990341,-0.37785998
0.6118117,1.1961863
-0.44065228,-0.30063704
-0.61695737,-0.47265327
0.008526921,0.018987529
0.7312901,1.6447768
-0.5173006,-0.37816644
-0.8429275,-0.7127474
-0.28719053,-0.22900195
0.49530366,0.85203123
0.101381086,0.11131325
0.63358676,1.2670934
0.91918427,2.5403237
0.58532494,1.1366754
0.20760615,0.25929677
-0.013316824,-0.015983244
-0.91986185,-0.8467777
0.96864396,2.821806
-0.23303775,-0.2079857
-0.6955436,-0.5473652
0.3334177,0.5060101
-0.43142343,-0.3389466
0.17155655,0.2051832
0.17353581,0.22829393
-0.108540356,-0.08699631
0.6722372,1.4227921
-0.4700659,-0.35090926
-0.10273482,-0.0932858
0.07538426,0.07401472
0.32724944,0.46864498
0.5679437,1.0709001
-0.21038543,-0.17430799
0.2920939,0.39485002
-0.6987781,-0.5644604
0.8652962,2.2615006
-0.23388238,-0.17482382
0.45904285,0.76731485
-0.95931786,-0.9251944
-0.5896257,-0.43941477
-0.02583491,-0.026767908
0.75650495,1.7804327
0.0545103,0.057604514
0.859741,2.241382
-0.032406207,-0.038936123
-0.019101806,-0.013713004
-0.76050645,-0.6192396
0.60531247,1.192939
-0.5060692,-0.38458812
0.799225,1.9421185
0.8216484,2.054278
0.8866202,2.3759732
0.040460978,0.04089268
0.35418758,0.52694154
0.55703175,1.0397751
-0.73797077,-0.5942842
0.20191438,0.24891129
-0.9314042,-0.8717167
-0.004867833,0.022136152
-0.69031465,-0.5396226
-0.63415414,-0.4805757
-0.26990485,-0.21233818
-0.13512567,-0.121962145
0.24634485,0.33492017
-0.8511432,-0.7462163
0.0073835226,0.017988987
-0.6347497,-0.4909298
0.14795035,0.16347846
0.2748092,0.3747369
0.11341851,0.11669458
0.47659102,0.8173388
-0.32878152,-0.2681662
0.5302132,0.95720583
-0.13446584,-0.13313337
-0.031631004,-0.0024204606
0.29620427,0.3933897
-0.96328324,-0.9291151
0.30798844,0.44349316
0.2371703,0.31712466
-0.38030577,-0.28216442
-0.82841146,-0.71382844
-0.8181291,-0.68288565
0.84644747,2.1785116
0.37855864,0.57823825
-0.7457948,-0.6019975
-0.28655365,-0.23100966
0.18496598,0.21641001
0.6711434,1.4362539
-0.9126781,-0.8268185
-0.52673376,-0.40426788
0.779498,1.8592136
-0.9816689,-0.9654379
-0.5972018,-0.45387042
0.9180483,2.5352468
0.22680369,0.299379
-0.47665727,-0.36522487
-0.8660178,-0.77399635
-0.94361734,-0.88104725
-0.51050985,-0.38756526
0.76297164,1.7766124
-0.16817269,-0.14949821
0.44066674,0.7171252
0.8365701,2.1374424
-0.18391907,-0.14706588
-0.61744523,-0.4601254
0.03423586,0.04364782
0.81616735,2.0354319
0.60874885,1.1980304
-0.8683403,-0.77105296
0.3851456,0.580715
0.14379504,0.16534044
0.8149263,2.0270689
-0.7550372,-0.6140427
0.06807223,0.086136304
0.7589254,1.7605954
-0.17995243,-0.14839455
-0.036010165,-0.047243156
-0.85907865,-0.75413465
-0.4437127,-0.326787
-0.3509867,-0.2731787
0.8902449,2.3938434
-0.4346653,-0.33745173
-0.07826253,-0.08925377
0.34260884,0.5057757
-0.67563325,-0.5101261
-0.027115226,-0.036360376
0.47707808,0.82548815
0.7337104,1.6674547
0.25251853,0.3190292
0.33810702,0.47975948
-0.74743307,-0.6061771
0.891553,2.391041
-0.73485184,-0.60479903
0.54934585,0.99996835
-0.47036734,-0.3616557
0.8671863,2.273271
0.43991908,0.7185209
0.5076274,0.89110893
-0.56188166,-0.42154402
-0.11392005,-0.09202044
0.23562638,0.30816936
0.5399472,0.9876949
-0.79208124,-0.65235376
0.92473066,2.561021
0.78044134,1.8626387
-0.4593028,-0.3472487
0.6455205,1.318834
0.036647845,0.03384139
-0.07638704,-0.09174737
-0.37113178,-0.26539046
0.16193718,0.18303327
0.45977825,0.7842307
-0.17813419,-0.15167408
0.25843838,0.3481386
0.39862585,0.61598307
0.42224362,0.6778943
-0.8960678,-0.8061118
0.7194956,1.6162792
-0.08349337,-0.06935654
-0.47516784,-0.36035222
-0.51647097,-0.39229694
-0.033971775,-0.04879866
0.7736631,1.8405296
-0.24330483,-0.18768677
0.4994515,0.8896522
-0.8063625,-0.67740375
-0.047886595,-0.053368077
0.9833723,2.8843641
0.5408756,1.00207
-0.578943,-0.455778
0.0028829474,-0.000514758
-0.5327505,-0.40237737
-0.18087815,-0.15477358
0.560168,1.0500883
0.54244965,0.99769944
-0.5437992,-0.43304625
0.84444666,2.1598501
0.18513636,0.20346172
-0.24015142,-0.18900672
0.0038711615,-0.0016650462
0.21014251,0.24201189
0.11978106,0.12770507
-0.027189929,-0.03217149
0.009865608,0.021870894
-0.6471762,-0.49743414
0.6254658,1.2648046
0.08352064,0.10289118
-0.7378403,-0.59607977
0.5323142,0.97405016
0.86488795,2.2667208
0.8946138,2.3980727
-0.26196453,-0.1965867
-0.72896624,-0.5991441
0.036799252,0.047376934
-0.7747815,-0.65475667
0.8679748,2.2812827
-0.63284075,-0.46717894
-0.49446827,-0.37299612
-0.18672694,-0.16093414
-0.23367107,-0.18572345
0.5893258,1.1380124
-0.08736636,-0.062217545
-0.6584635,-0.5084601
-0.4655802,-0.35293844
0.01822677,0.013162186
-0.7050922,-0.5678068
0.22331135,0.27803782
0.13149461,0.14755236
0.42940465,0.68809384
0.87540925,2.3060312
0.82450914,2.0858269
0.89215124,2.3878777
-0.5105688,-0.3815173
-0.7368694,-0.58807045
-0.3954466,-0.29460666
0.7901704,1.9073117
0.94410694,2.6745563
0.7186499,1.6107756
-0.77996457,-0.643442
0.894856,2.4096048
-0.15328394,-0.14900832
-0.9813794,-0.96812505
-0.115212515,-0.114933416
-0.90786165,-0.83859164
0.087755844,0.09646498
-0.32289195,-0.24870983
-0.05313013,-0.03265277
0.22634073,0.28379226
0.7376022,1.6907029
0.32380316,0.4656615
-0.13190226,-0.10383894
0.6388557,1.313495
0.81116426,1.9928029
-0.76048005,-0.63918895
0.06386595,0.071317926
-0.4309761,-0.3305699
-0.9058776,-0.8384425
0.33709338,0.47635415
0.72554153,1.6354945
-0.6741947,-0.51102656
0.6248273,1.2550881
0.70679146,1.565329
0.8286809,2.0834353
-0.46942982,-0.36540487
0.80790615,1.9952968
-0.3586745,-0.2871166
0.10467603,0.11699631
-0.8989851,-0.8207627
-0.9122378,-0.83027333
0.44074643,0.71004057
-0.11104004,-0.09617056
-0.48741525,-0.3740366
-0.619173,-0.4782844
0.339907,0.4583635
-0.9991969,-0.97747403
0.6117823,1.220542
-0.84150076,-0.7369372
-0.6170208,-0.48246154
-0.22752722,-0.19249384
-0.03028252,-0.022224464
-0.29000977,-0.24921642
-0.35857567,-0.2775194
0.927832,2.6051555
0.28315938,0.37470266
-0.95313406,-0.90975416
-0.13964818,-0.10083684
0.7500174,1.7407695
-0.39708763,-0.30076203
-0.81088734,-0.6814722
0.5167695,0.9178153
0.21202767,0.27951157
0.14062501,0.15918802
-0.8928469,-0.82701886
-0.719002,-0.57764924
0.2450988,0.31022882
-0.5843523,-0.44523403
0.00814016,0.005616121
0.08976337,0.11051833
-0.43298563,-0.3197308
0.8968503,2.4251964
0.68492824,1.4753436
0.444747,0.7199292
-0.84401226,-0.7547051
-0.78773993,-0.6548937
-0.014437309,-0.00628547
-0.6785733,-0.5316519
0.9565309,2.7413132
-0.68295956,-0.5304361
-0.025064329,-0.025285175
-0.2717579,-0.20111805
0.27877283,0.39047906
-0.7419272,-0.5902744
-0.13936715,-0.11507356
-0.45058993,-0.35194415
0.77550304,1.8499293
-0.91882855,-0.84653664
0.827455,2.0847442
0.66598827,1.4098474
-0.40485856,-0.30278105
0.57858133,1.1340301
-0.9375729,-0.8834587
0.9337311,2.6290252
0.053189885,0.051459633
-0.39343795,-0.29163972
-0.27483356,-0.21066602
-0.8671893,-0.7636691
0.978699,2.8906918
-0.9214161,-0.86354053
0.30981424,0.4306644
-0.11452814,-0.100789875
0.89783245,2.436489
-0.5080005,-0.37923858
0.064173646,0.08141378
-0.03528758,-0.040703207
0.4057329,0.6257377
-0.8639795,-0.7593643
-0.61242175,-0.46782827
-0.57087034,-0.42559138
0.47630152,0.8109459
-0.6217226,-0.47890383
0.14698353,0.17101377
-0.56951237,-0.42959768
0.7232499,1.6216156
0.8843709,2.3561287
0.03698595,0.03436857
-0.29538223,-0.2253372
-0.53188443,-0.39751384
-0.900438,-0.79714674
-0.46299985,-0.3462767
0.30847156,0.4274702
0.06723386,0.09876493
0.88808256,2.381332
-0.20744547,-0.16343774
0.3877267,0.6022674
-0.021354506,-0.014678119
0.025152432,0.03115753
-0.46445137,-0.3599463
-0.09009845,-0.079036824
-0.058430005,-0.06846403
0.41328505,0.65293694
0.88128,2.335128
-0.34135744,-0.26103446
-0.91559905,-0.84150267
-0.007409749,-0.0025437924
0.088922665,0.100406006
-0.6631189,-0.5210515
0.5209292,0.9310496
0.9698582,2.83196
0.8915494,2.4057455
-0.60578793,-0.4725882
0.75072646,1.7221094
0.40898728,0.6374005
-0.092306875,-0.074120745
0.08122199,0.10050367
0.69920033,1.5206602
-0.03973012,-0.03514126
-0.25358525,-0.18724239
-0.013505014,-0.009171977
0.15825962,0.20148455
-0.6218447,-0.46562824
0.80181545,1.951115
0.3483739,0.5101186
0.26653785,0.35686332
-0.80100757,-0.6722901
0.20834787,0.26996413
-0.7580787,-0.6149637
-0.84260464,-0.7602187
0.05462179,0.044639893
-0.19442894,-0.18585005
0.17762055,0.21652701
-0.8215557,-0.6987092
-0.13803387,-0.11877827
-0.65042657,-0.5121271
0.9742002,2.854588
0.12230042,0.14624974
0.37487373,0.5555337
-0.34916344,-0.28447703
-0.8105222,-0.6860468
0.95174176,2.7375715
-0.42748192,-0.3058621
-0.15238363,-0.12706728
0.29972786,0.40919128
-0.9506054,-0.89710146
0.62051827,1.239963
0.07315638,0.07122468
-0.44356564,-0.35552657
-0.876784,-0.78103787
-0.6750032,-0.53322375
0.79006773,1.908405
0.37204844,0.53897387
-0.5001966,-0.3734492
-0.8687985,-0.7940774
0.38123062,0.59285367
0.14481544,0.17404287
-0.19096094,-0.16424511
-0.2727771,-0.21303917
-0.56637144,-0.43705428
0.33922252,0.49405316
0.94133604,2.6695278
-0.6485695,-0.5316858
0.19423324,0.2348153
-0.1516299,-0.13235092
-0.106622554,-0.09842925
-0.49170545,-0.3542419
0.65026975,1.3368485
-0.02948879,-0.03485644
0.08681171,0.07584353
-0.39047816,-0.28243956
-0.63638306,-0.49158713
-0.82817924,-0.71471477
0.42823827,0.6896352
-0.6075314,-0.45631114
0.3801507,0.58307624
-0.2192471,-0.15523802
-0.1684504,-0.14031537
-0.06164501,-0.062731616
-0.264583,-0.21871431
-0.79876006,-0.674293
-0.38073638,-0.3059862
0.32746872,0.4702195
0.3315688,0.48579332
-0.4275514,-0.32904133
-0.07979475,-0.08200941
-0.61310554,-0.45251307
-0.5792558,-0.45234525
-0.9539058,-0.9326412
0.7934931,1.9112034
-0.5785867,-0.4529176
-0.54493225,-0.4059371
-0.44079712,-0.33574986
-0.7451839,-0.6058816
0.27852577,0.3892388
-0.8497141,-0.74811894
-0.73159516,-0.58018553
0.28951344,0.41271114
-0.32067877,-0.2553775
0.41589564,0.6681722
0.11484949,0.12713663
-0.48795766,-0.35679802
0.3016559,0.40438685
-0.76745266,-0.6469412
0.07282077,0.07459711
-0.1257038,-0.120777905
-0.46425283,-0.35394996
0.20800999,0.25808308
0.7426672,1.7110434
0.9978094,2.9827988
0.21552554,0.2637496
-0.19058825,-0.16470242
-0.5495858,-0.4212321
-0.48580784,-0.37379378
-0.041090045,-0.0556012
-0.2654446,-0.21299243
0.827629,2.0738127
-0.26340908,-0.2026384
-0.25311083,-0.21973526
-0.23293097,-0.19673307
0.6732404,1.4497702
0.30157664,0.41055694
0.2283377,0.2900156
-0.33171394,-0.27033812
0.63580835,1.2836033
-0.92327225,-0.84239393
0.7415944,1.7011158
0.0254998,0.02750341
-0.20349953,-0.18747798
-0.0056654387,-0.0020461094
0.33483106,0.49605563
-0.9744691,-0.9387305
0.74310374,1.7123345
-0.10652095,-0.10767776
-0.31406695,-0.2432766
-0.7235089,-0.5720996
-0.12106925,-0.12613054
-0.0073544574,-0.018513562
-0.19270661,-0.15384553
0.3573202,0.5393802
-0.15820694,-0.15262316
0.9228352,2.5683196
0.19855504,0.24676003
0.61495584,1.233495
-0.7812882,-0.65412927
-0.20541741,-0.16543712
-0.32630458,-0.24613479
0.13896477,0.1574462
0.72222704,1.6207386
-0.8433236,-0.7383814
-0.8548504,-0.7322632
0.70063543,1.5342577
-0.5742998,-0.4431155
0.3375065,0.4827045
0.085756265,0.095008776
0.66578716,1.4117181
-0.7498222,-0.6225222
-0.74043405,-0.5796523
0.11363672,0.13110419
0.8927573,2.405979
-0.17000449,-0.14698826
-0.3461158,-0.2675904
0.21337865,0.2671415
0.8608972,2.2502677
0.67385566,1.4338433
0.9909672,2.9537992
-0.95486283,-0.91804695
-0.7742837,-0.63700694
0.21893552,0.26932326
0.64115286,1.3279583
-0.4295113,-0.33260503
-0.52157784,-0.394676
0.5739516,1.0892938
-0.8872363,-0.8020096
-0.2612347,-0.20359376
0.011618446,0.008588425
0.12069735,0.15096276
0.4572303,0.7536935
-0.29030856,-0.22880267
0.2253687,0.27984858
0.17075084,0.20909481
0.0952322,0.105005555
0.28096658,0.3805383
-0.48110166,-0.34911332
-0.8307025,-0.7204193
-0.76145667,-0.6172802
-0.55083525,-0.4222395
0.00039587106,0.0015228798
0.6808855,1.4481966
0.4025867,0.6232872
0.5780812,1.1046195
-0.29804876,-0.2175458
-0.19069251,-0.16025512
-0.21263623,-0.16048954
-0.6162536,-0.4683156
-0.8775667,-0.7871488
0.18183218,0.2363006
0.9784334,2.8768208
-0.6663406,-0.52461976
-0.90663034,-0.8251768
0.5590634,1.0434256
-0.494828,-0.39102456
0.65928763,1.3898736
0.40787333,0.65303737
0.89134705,2.412401
-0.18214552,-0.15079013
0.32393968,0.46038258
-0.07029044,-0.05734708
0.2611774,0.35570508
-0.10080219,-0.07528256
-0.6227355,-0.4768788
0.015794832,0.014392459
0.0571684,0.053468022
0.6212077,1.2522049
0.4710414,0.7819535
0.32758325,0.47780815
-0.7732258,-0.6317642
0.4412326,0.7276714
0.00061031274,0.0019929379
0.78819907,1.9144615
0.8397419,2.145786
-0.8896868,-0.80844
0.6412831,1.3103591
-0.9246052,-0.8689473
-0.26566076,-0.20832147
0.08459995,0.08236121
-0.7037984,-0.5462463
0.49262762,0.86809117
-0.9832906,-0.97592515
-0.6628019,-0.5165242
0.16159366,0.192092
0.42877513,0.7002926
0.8332862,2.1223512
0.4109933,0.632477
0.34355855,0.49896026
-0.2113177,-0.17875913
-0.99743116,-1.0088822
-0.75968146,-0.6258409
0.06910909,0.07849292
0.35025978,0.5131254
-0.16510344,-0.15779108
0.461358,0.8011506
0.04372459,0.0483818
-0.8516476,-0.7429302
-0.6159675,-0.4812387
0.67999643,1.4594257
0.4498255,0.7415453
0.78952396,1.886135
-0.7648855,-0.63803434
0.9804451,2.892142
-0.5811866,-0.42028052
-0.97644025,-0.95030594
0.99484587,2.9802122
-0.43785223,-0.33163786
0.33603892,0.48604184
-0.64663535,-0.48797062
0.16045706,0.20696251
0.80806994,2.001709
-0.35963768,-0.2874773
0.34050795,0.49526444
-0.62419283,-0.47499683
0.2495908,0.324838
-0.3270993,-0.25122443
-0.5775835,-0.42845845
-0.3736359,-0.27616498
-0.6423179,-0.47788948
0.80383223,1.9660773
-0.20562623,-0.18567874
-0.5094414,-0.3785441
-0.10318432,-0.07479781
-0.35892767,-0.28110868
0.4888385,0.8514844
0.9424398,2.6746583
-0.12393269,-0.10856248
0.7220668,1.6199881
0.13172615,0.14212932
-0.6855287,-0.56055963
0.3812455,0.5708884
0.026868993,0.023707293
0.30121306,0.43024543
0.77937484,1.8591806
-0.11913086,-0.11181968
0.80235523,1.9537548
0.501338,0.88525206
-0.022790149,-0.008699023
0.20644428,0.2684964
-0.34883773,-0.26353776
0.9671946,2.792681
0.3347023,0.48070645
-0.9123063,-0.81984556
-0.3467562,-0.25699073
0.24662887,0.30708104
-0.88733345,-0.79918015
-0.95223165,-0.9052869
-0.09995152,-0.098581344
-0.33461964,-0.28320885
-0.12340278,-0.1090655
-0.47461337,-0.3641435
-0.67056453,-0.53027004
0.37828672,0.5719739
0.029142233,0.028679494
-0.59969157,-0.4558195
-0.36082116,-0.28644514
0.18361582,0.22131905
-0.8555413,-0.76737887
-0.705094,-0.55536884
-0.8535088,-0.77535594
0.6246347,1.2556211
0.50481844,0.89750075
0.5066259,0.8827378
0.4326507,0.707988
0.33877084,0.5039731
-0.046016168,-0.07707512
0.28455633,0.3870562
-0.9232769,-0.8866328
0.24292885,0.3150975
0.55575544,1.0362008
0.00071672077,-0.024108205
-0.28497335,-0.2076578
-0.44514653,-0.33233914
0.2856041,0.38198018
0.38560238,0.6062803
0.7419352,1.6828583
-0.31533185,-0.25954413
0.53954464,0.9647245
0.12271165,0.15762806
0.765673,1.8041312
0.055624217,0.0654844
0.035259657,0.03955675
0.15575416,0.1895297
0.4986307,0.8720199
0.92938095,2.5985909
-0.85287327,-0.74477834
-0.8931308,-0.813969
0.8751007,2.3105886
0.05975125,0.06627073
0.22980604,0.2958586
-0.035152797,-0.048738237
-0.8126851,-0.7024215
0.53617877,0.98863965
0.4944493,0.85674244
-0.37659335,-0.282333
-0.3875215,-0.30646503
0.6756828,1.4259797
-0.85528547,-0.75786084
0.7622103,1.7837665
-0.48667663,-0.37174526
0.1859695,0.23992518
0.87198836,2.2971756
0.356245,0.5468561
-0.17114037,-0.14281979
0.3790684,0.5531052
-0.31204072,-0.2344941
-0.44548318,-0.3505319
0.99336654,2.96268
0.5015805,0.87160575
0.28943995,0.4188905
-0.28942072,-0.21550353
-0.9016783,-0.82915866
-0.93788624,-0.8845226
0.10836251,0.12382337
0.52406543,0.9512759
0.07475838,0.08105653
0.6815702,1.4524744
-0.93314695,-0.88210934
-0.26649585,-0.21444719
-0.52585924,-0.3824015
-0.105454065,-0.09122784
-0.8552472,-0.75710225
0.90826327,2.4889538
-0.5534892,-0.42057034
0.8446156,2.169423
-0.14821368,-0.10423213
0.9710483,2.8260303
0.10811677,0.12908585
0.8616657,2.2364388
-0.98930204,-0.9799544
0.4964776,0.86564004
0.8061013,1.977768
-0.7205589,-0.5508415
-0.8077483,-0.68537825
-0.15085478,-0.12566213
0.8673578,2.252888
0.08477312,0.096888795
0.05491293,0.06951449
-0.71774775,-0.5776181
-0.99842095,-1.021949
0.6202802,1.2432926
-0.82485086,-0.7055113
0.26769963,0.36578766
0.82923293,2.1071723
-0.5826962,-0.44480756
0.33054566,0.46735877
-0.84260285,-0.74252325
0.20751029,0.2614871
-0.67213655,-0.519225
0.4719071,0.7942388
-0.3975374,-0.29453978
-0.07321798,-0.06359578
0.19886108,0.24670322
-0.6574532,-0.5184133
0.48327565,0.824884
-0.39471933,-0.32471213
0.32474372,0.46680704
-0.6834339,-0.5353082
0.3762353,0.57293034
-0.74362385,-0.59681064
-0.149287,-0.12646928
-0.5055879,-0.3803105
0.4967505,0.86657697
-0.47593,-0.3712664
0.7634346,1.7853842
0.78364044,1.8794651
-0.60711735,-0.4696627
0.22769189,0.29994136
-0.8245647,-0.7118713
-0.2169258,-0.17791378
0.42664346,0.6874933
0.3188465,0.46038726
0.24940135,0.3361233
-0.43491828,-0.32109055
-0.2439501,-0.22001639
-0.79410774,-0.65232915
0.43804565,0.7292567
0.0077775936,0.003017312
0.41753125,0.6670193
-0.5021129,-0.38549525
-0.35112354,-0.2906088
-0.3315693,-0.2654704
-0.9485152,-0.90759665
-0.31790426,-0.25251806
0.60660917,1.1882114
0.79459697,1.9203432
0.036436632,0.03770257
-0.08899661,-0.08948337
-0.93835074,-0.8786332
0.75840867,1.7766333
-0.9739796,-0.9254918
0.88950014,2.395749
-0.021567503,-0.018681347
-0.31613103,-0.2539886
0.8484369,2.1819627
-0.951218,-0.90381336
0.16284978,0.18855548
0.09786505,0.11621724
-0.5613592,-0.43711388
-0.14222513,-0.12731807
0.304528,0.431065
0.4542624,0.7514799
-0.99856627,-0.9992042
0.8737069,2.3026488
-0.6709493,-0.53117555
-0.5328391,-0.38846496
-0.4730531,-0.3653137
-0.92435974,-0.856548
-0.75389576,-0.6098837
0.9726998,2.8296735
-0.36956653,-0.28273124
-0.7693978,-0.64198387
-0.7860175,-0.63990366
0.43891993,0.70474106
0.7091373,1.562082
-0.4860954,-0.37690777
-0.95818096,-0.93336344
-0.55381995,-0.40105703
-0.8869686,-0.7926176
-0.79321015,-0.6616987
-0.13698377,-0.12735543
-0.5401633,-0.3969177
0.031891756,0.024699053
-0.4930125,-0.36184704
0.8810746,2.3326135
0.8118879,1.9997705
0.13361222,0.16143255
-0.29115203,-0.22242506
-0.23770623,-0.18865867
-0.17629543,-0.16119136
0.45515865,0.7521558
-0.09672201,-0.08670272
0.7134599,1.5771611
0.88818955,2.3914554
-0.32810768,-0.2797948
0.121388964,0.13012555
-0.80988693,-0.6902842
-0.5990619,-0.48361462
-0.17306846,-0.16226193
-0.58759457,-0.43895155
0.75312096,1.7477784
-0.6834275,-0.5198337
-0.08867836,-0.0660596
0.21139848,0.2698655
0.38372782,0.5906101
-0.23386127,-0.19130099
0.73819816,1.6588551
0.1366383,0.14391376
-0.12098444,-0.107111335
-0.86551875,-0.75861555
-0.070621066,-0.063089244
0.6414717,1.3079895
0.22908203,0.30295655
0.6643249,1.4136617
-0.011976658,-0.00245504
-0.7630766,-0.61522347
-0.9727203,-0.952501
-0.39356092,-0.2888701
0.39598095,0.6163296
0.5805198,1.1182756
-0.40849432,-0.30613685
-0.008692158,-0.009832133
-0.15776218,-0.14539984
-0.17895444,-0.15348208
-0.53730255,-0.39385694
-0.7272578,-0.58741814
-0.6066229,-0.45293003
-0.8893352,-0.7944379
-0.6037385,-0.4622905
-0.9815982,-0.9499794
0.2545168,0.33222744
-0.3672492,-0.26681337
0.9462894,2.6934621
-0.6125659,-0.46734494
-0.30834287,-0.25146136
-0.28431767,-0.22734699
-0.983097,-0.9687982
0.6784159,1.4383206
-0.9360111,-0.88212544
0.88035965,2.3296626
0.7841487,1.8870623
0.071043834,0.08951244
0.08719115,0.08318715
0.30755585,0.44836143
-0.22589998,-0.18768255
0.29444456,0.39691958
-0.9104632,-0.8286648
-0.8919048,-0.8103802
-0.08553916,-0.07966547
0.0992446,0.10602882
0.7756353,1.835708
-0.79067874,-0.65257674
0.64529586,1.327545
-0.57990533,-0.45299813
-0.2118327,-0.1709546
-0.36679512,-0.2936604
-0.19968945,-0.17930897
-0.699009,-0.5400146
0.007140149,-0.0047719046
0.6032852,1.1636413
-0.11693198,-0.098629095
-0.018772848,-0.021465678
0.69753516,1.5213034
0.41211623,0.6488048
-0.019091183,-0.016416969
-0.4846087,-0.37109852
0.7698535,1.8335614
0.1540408,0.16666222
-0.5577048,-0.41568694
-0.4617605,-0.34057438
0.6062662,1.1890669
-0.9117089,-0.8485575
0.9841844,2.9162745
-0.7392966,-0.60671526
0.59213704,1.1443154
-0.21044937,-0.16660792
-0.015567633,-0.014981642
0.76130116,1.7641437
-0.17417762,-0.13165335
0.07498751,0.075732194
-0.9014007,-0.825314
-0.99530506,-0.9880963
-0.51040024,-0.37660465
0.36116618,0.55832916
-0.7574702,-0.63491666
-0.7724761,-0.62844867
-0.17807879,-0.14458388
0.2956741,0.4075744
0.42414397,0.6882175
-0.64309865,-0.48615012
-0.8408237,-0.74210817
0.88079405,2.3574083
-0.47866723,-0.3748059
0.706693,1.5476879
0.7269829,1.6370826
0.5450452,1.0232878
-0.6623328,-0.5172859
0.6436029,1.3241044
0.53850114,0.99896187
0.19344598,0.23510316
-0.32559592,-0.26588488
-0.4749828,-0.36070672
-0.7562216,-0.6031038
0.019514134,0.020611018
0.17052175,0.22386438
-0.28132203,-0.217065
-0.049281865,-0.053420946
-0.2729711,-0.21828707
0.2820121,0.3754394
0.8025184,1.9567206
-0.6721595,-0.47925082
-0.23718238,-0.18408346
-0.7182628,-0.56430316
0.24988754,0.32170343
0.45774102,0.7788728
0.86382544,2.2655957
-0.44225615,-0.31435055
0.9004224,2.4595408
-0.87347466,-0.791732
0.20602773,0.2461221
-0.88573456,-0.8061283
0.78754836,1.8868045
0.059618115,0.06661886
0.3386967,0.48659784
0.66314787,1.4152682
-0.6993787,-0.53328884
-0.9228169,-0.857153
0.7577623,1.7866293
-0.37013355,-0.26896122
-0.7420422,-0.60451084
-0.063077524,-0.079441875
0.19661215,0.24068911
-0.9380588,-0.8899996
-0.4502087,-0.3367076
-0.93440026,-0.87623256
-0.15932922,-0.13735795
0.79020005,1.9132667
0.96530485,2.784477
0.27409512,0.3739291
-0.6767246,-0.5330748
0.8116988,2.0073452
0.032495648,0.043160025
-0.69250137,-0.55728185
0.84345335,2.1520982
0.5149381,0.9154557
0.46341056,0.7725344
0.4183614,0.6756102
-0.59932035,-0.46260613
-0.5779866,-0.4425592
0.376586,0.5647101
-0.5605545,-0.4115508
-0.122656606,-0.11438172
0.56400365,1.0661138
0.567905,1.0933366
-0.09347645,-0.08630358
0.58437985,1.1365658
0.6772436,1.4632398
0.3095515,0.44530743
-0.5431483,-0.40854043
-0.45197645,-0.33360362
-0.3703177,-0.2968399
-0.7663918,-0.636981
-0.45368075,-0.34728068
-0.5809615,-0.41712305
-0.0893425,-0.090199396
0.8168751,2.0209734
-0.79103935,-0.6707228
0.44053584,0.7257014
0.37456602,0.5688435
-0.8084916,-0.67244285
0.8451448,2.1697886
0.1369444,0.1444625
-0.27254894,-0.22658452
0.51307714,0.92504513
-0.48526907,-0.3660901
0.38701966,0.6066492
-0.9205776,-0.85476685
0.6788161,1.4427233
-0.1036583,-0.09705968
0.27338582,0.35887793
-0.5575244,-0.4256437
0.35414743,0.5259944
0.54448056,1.0074719
-0.053573627,-0.06675917
0.23545384,0.30377188
-0.087348156,-0.08625105
0.78818274,1.8925749
-0.004261639,-0.0029167088
0.6836174,1.4649225
0.6027041,1.1987114
-0.17899036,-0.1408066
-0.53983104,-0.39391142
-0.18783574,-0.16412985
0.65243477,1.3462036
-0.54473495,-0.40882102
0.04887269,0.04987448
0.6121935,1.2103246
-0.29304504,-0.24409235
0.28441927,0.3879063
-0.50873685,-0.3856322
-0.7814411,-0.6410946
0.5887684,1.1461633
-0.80206275,-0.6637208
-0.4572372,-0.35635698
0.71021885,1.5768822
-0.30706143,-0.24900118
0.9460907,2.6758082
0.95946866,2.7590303
-0.46344796,-0.3375181
-0.91804355,-0.85269356
0.41012657,0.66296977
-0.098027,-0.083870895
-0.79849434,-0.6739566
0.41504565,0.670406
-0.9376502,-0.8783791
0.7403934,1.6851207
-0.72269493,-0.55927384
-0.7453762,-0.60131615
-0.6486554,-0.50063795
0.9205327,2.5393991
0.3863387,0.6050557
0.6027431,1.1901911
-0.20473003,-0.16510439
-0.32737455,-0.26036182
-0.53103197,-0.39044434
-0.038703945,-0.02814579
0.10365747,0.10882834
0.2635497,0.337144
-0.48576298,-0.358607
0.8973082,2.409215
-0.660483,-0.5108527
0.93130636,2.6019168
-0.97028774,-0.9301283
-0.037748616,-0.040305886
-0.33326432,-0.24814054
-0.101753175,-0.09759508
0.14132915,0.1741259
-0.12882169,-0.09376104
-0.1703063,-0.15692213
0.46544683,0.78584266
0.37175256,0.5888165
0.6665426,1.4076183
-0.500082,-0.37444362
0.21905702,0.28543964
0.17038958,0.20477985
-0.2605244,-0.22740626
-0.027884915,-0.015806155
-0.37243572,-0.3054168
-0.7163112,-0.5749179
-0.5723976,-0.4202241
-0.78897274,-0.66117835
0.36613914,0.5423439
0.3214548,0.46679756
0.90121275,2.436837
0.4593568,0.7550716
-0.8959083,-0.80961376
0.7684904,1.8110918
0.7253503,1.6206774
-0.11335936,-0.0955962
0.17172611,0.21092501
0.95215666,2.7183888
0.06460873,0.06613939
0.8106437,2.0052
-0.8339225,-0.70652413
-0.61789626,-0.4748386
-0.118490115,-0.099566914
0.16951361,0.20877142
0.6324557,1.2942314
0.97652423,2.8617299
-0.22229701,-0.19298932
-0.9051687,-0.8320955
0.602343,1.1871291
0.20876144,0.2796255
-0.6029143,-0.46341157
-0.010343087,-0.0021893396
0.48462048,0.83001345
0.5408236,0.992604
-0.000763176,0.014391374
-0.38957095,-0.28928596
0.94748515,2.6833844
0.3267252,0.46262753
-0.18352497,-0.14346272
-0.43907356,-0.32951626
0.46220598,0.7630951
-0.5156331,-0.39504036
-0.65658003,-0.5014977
0.059667777,0.07338455
-0.42002523,-0.31752685
0.2578103,0.36616522
-0.76412266,-0.61815625
0.30988222,0.43323144
-0.43340695,-0.3351343
-0.9995141,-1.0087775
-0.7461279,-0.6014414
0.8672308,2.2666671
0.73470926,1.6878388
-0.53278196,-0.38549593
0.5567438,1.0456084
0.2171432,0.26274297
0.9418094,2.657482
-0.2527887,-0.19248353
0.36292124,0.5368034
-0.87292856,-0.7648782
-0.2075053,-0.16863567
0.9276353,2.5868967
0.07796175,0.077485316
-0.424241,-0.3215581
-0.75945807,-0.6188226
0.4070567,0.65052456
0.2897121,0.38910428
-0.25212258,-0.20721132
0.9018827,2.449308
-0.95559436,-0.9084181
-0.3925523,-0.30803087
0.84213895,2.1354146
-0.3581291,-0.26906538
-0.49549434,-0.3868103
0.06844082,0.08629535
0.6476035,1.3370333
-0.7937065,-0.6792231
0.8860414,2.3619106
0.59014577,1.1477402
-0.6374995,-0.4955043
0.4240159,0.6802393
-0.23008256,-0.1819239
-0.19541064,-0.16670905
0.5665802,1.0601023
0.9255696,2.572175
-0.74668825,-0.5913076
-0.15873952,-0.12069059
-0.038116783,-0.056918535
-0.24737637,-0.19040924
-0.27362174,-0.21673715
-0.8954627,-0.8023993
0.37107724,0.55436736
-0.12757117,-0.13105555
-0.6104124,-0.4594059
0.632067,1.2746822
0.6051215,1.1789892
-0.027216744,-0.039680168
-0.40309867,-0.30009994
0.27618545,0.37492535
-0.42369574,-0.31241405
-0.52798414,-0.38971084
0.46102932,0.7673589
-0.9193495,-0.8518882
-0.8104631,-0.69108003
-0.9864237,-0.97531676
-0.6941136,-0.556412
-0.86201996,-0.75558513
0.99160475,2.960661
-0.42238006,-0.32749596
-0.701464,-0.54175615
-0.51800746,-0.38753834
0.87225115,2.2991118
0.040320445,0.025017438
-0.2703638,-0.23510252
0.7467829,1.7223781
-0.21001945,-0.16727754
-0.32998285,-0.26373938
-0.585435,-0.42664847
-0.24440636,-0.19192202
-0.3666313,-0.29057825
0.3546079,0.525254
-0.4208346,-0.29349408
0.1543995,0.16949382
-0.8682157,-0.76359415
-0.6174217,-0.4748066
-0.18518946,-0.15017647
0.8738985,2.3176649
-0.24549603,-0.20388572
0.32814825,0.48235407
-0.48982555,-0.34520784
-0.7459329,-0.6039031
-0.8829268,-0.7838124
-0.389173,-0.30256423
-0.68467796,-0.53666747
-0.6519791,-0.50581026
0.5215186,0.94331306
-0.9683239,-0.92657596
0.11562025,0.12943736
-0.24107724,-0.18163376
0.0131,0.028574333
0.12566048,0.15190382
-0.3732646,-0.29110405
-0.4097823,-0.31679034
0.4668037,0.77830476
0.74255395,1.7128661
-0.61483675,-0.4813534
-0.8047625,-0.6715499
0.7955916,1.9213289
-0.30020908,-0.22890462
0.10263478,0.11442202
-0.2809137,-0.21083242
-0.7483953,-0.59605813
0.17866328,0.23063754
0.050281703,0.067545265
-0.59401286,-0.44932345
-0.09626191,-0.09947549
0.593895,1.1455545
0.1808522,0.19860648
-0.80616534,-0.69102836
0.096043,0.10684142
0.4054766,0.6309563
0.58540684,1.1269263
0.25823516,0.34706822
-0.6946837,-0.55038315
0.42034653,0.6600909
0.3546837,0.5245713
-0.95114625,-0.9159342
-0.17650467,-0.15355745
-0.3340995,-0.24634227
0.33882412,0.48981845
-0.5677284,-0.41069096
0.18174385,0.23509419
0.8264119,2.0679789
0.5956047,1.1505263
0.8429155,2.1517935
0.95701194,2.7609174
-0.97865975,-0.9631225
0.24548255,0.32961833
-0.1743212,-0.13714617
0.719709,1.6027453
-0.49637058,-0.37904498
0.96205896,2.785184
0.22741593,0.29241392
0.5870748,1.1272104
-0.8288009,-0.7147242
-0.63308424,-0.4867312
0.5168073,0.90628254
-0.956027,-0.9081797
0.633756,1.2851616
-0.972102,-0.973576
0.31423768,0.4437738
-0.26981217,-0.22407123
0.22298971,0.30069038
0.3920628,0.6001869
-0.31504956,-0.2580404
-0.7840751,-0.6462508
-0.86070824,-0.7641228
0.17787205,0.20734355
0.04131071,0.048182797
0.48440203,0.8223054
0.01947102,0.0052847853
-0.15510842,-0.11752152
-0.20382564,-0.16495366
-0.9471062,-0.90230197
-0.32888559,-0.2563288
0.9520403,2.7263906
0.74711114,1.7320384
-0.34124386,-0.2720932
0.17559081,0.21549825
0.6945935,1.5071002
-0.117451325,-0.10716654
-0.96408427,-0.92909515
-0.8509791,-0.74313
0.020785443,0.028582128
0.9388788,2.6528583
0.3864191,0.57835704
-0.8581676,-0.7672931
-0.6212782,-0.47879386
0.5426463,1.0151879
0.6828795,1.4591314
0.23538917,0.30175745
0.28884634,0.3910142
-0.9433251,-0.8984327
0.6570605,1.3742433
0.5765504,1.11462
-0.48192972,-0.35704497
0.41735345,0.65619826
-0.5702908,-0.40300348
-0.91933966,-0.850381
-0.59772694,-0.45977604
-0.6427423,-0.48103184
-0.32450402,-0.25806308
-0.163101,-0.124208726
0.017077783,0.008667987
-0.04649225,-0.03013091
-0.4586508,-0.3427618
-0.9416587,-0.87701565
0.21020325,0.28269422
-0.20851034,-0.18542516
-0.4026557,-0.29304957
0.73388207,1.6536323
0.4934866,0.8467221
0.7155311,1.5858228
-0.01003441,-0.0048983647
-0.7381375,-0.5951323
0.39244288,0.6052236
-0.5878524,-0.44396403
-0.117540665,-0.09943588
-0.8699984,-0.7649181
0.6506168,1.3602682
-0.7481187,-0.58894503
0.806195,1.9799185
0.7284612,1.6404681
-0.07083447,-0.060037
0.48873642,0.8328984
0.23889014,0.3028047
0.6061513,1.2062762
-0.13638979,-0.12156604
0.57161695,1.0730544
-0.07508636,-0.08476977
0.8819316,2.3461914
-0.027255798,-0.015114202
-0.07476146,-0.05830459
0.5701437,1.0816494
0.6431554,1.3429339
0.10897823,0.12110053
-0.64040434,-0.49431348
-0.06448354,-0.0862679
0.936145,2.6284459
0.5059724,0.9000336
0.6223252,1.2662729
-0.934349,-0.8853375
-0.064281076,-0.05579211
0.29324228,0.4149183
0.66006535,1.383445
-0.9014527,-0.84420437
0.7048778,1.5544238
0.09680188,0.11469388
-0.6053721,-0.4702249
-0.36548957,-0.28327155
-0.4361409,-0.3404392
0.06171807,0.040060807
-0.8966286,-0.8032539
-0.68292767,-0.53508574
0.62538606,1.277064
-0.734792,-0.5830279
-0.5332075,-0.4040357
-0.09325879,-0.086204484
0.034241777,0.0411162
0.52722096,0.9613991
-0.105335146,-0.09218169
0.57972926,1.1217101
0.2366926,0.30300963
-0.7738005,-0.6483311
-0.6873371,-0.54027313
-0.12593254,-0.11001886
-0.20622121,-0.18447939
0.48708853,0.8265408
0.16147427,0.19623235
-0.22373384,-0.18893997
-0.65847945,-0.5120562
-0.5463258,-0.41451374
0.15100203,0.19245274
-0.1531224,-0.120648496
0.029855018,0.018399414
-0.65864515,-0.5158888
0.32581252,0.4750526
0.70507747,1.5587492
-0.484121,-0.3636274
-0.016971549,-0.028064407
0.95105463,2.7089677
-0.3335165,-0.26454902
0.19009268,0.2358669
-0.8196086,-0.68139195
0.21203001,0.25965008
-0.82073647,-0.7102434
0.91847086,2.5357854
0.43132532,0.70792866
0.5763196,1.0854163
0.40820873,0.657401
0.17945807,0.21572244
-0.100174434,-0.09848796
0.71674675,1.5826821
0.9136713,2.5182605
-0.0019276541,-0.0036356575
0.8630701,2.2525592
0.16666582,0.19006476
0.076768376,0.07992323
-0.09103453,-0.088367485
-0.5814245,-0.44092909
-0.9925607,-0.99192715
-0.51698756,-0.40323168
0.019446343,0.047116853
-0.24008009,-0.20991352
-0.10302954,-0.091693535
0.96129644,2.7559924
-0.29945526,-0.25660545
-0.09563412,-0.08638463
-0.7329689,-0.5877646
-0.90408456,-0.81307125
0.55081904,1.0253354
0.14136635,0.16267782
0.52140963,0.9255363
-0.7002744,-0.5383036
0.14365754,0.17654827
-0.49271506,-0.38202575
-0.54387635,-0.40857464
-0.97694796,-0.953506
-0.73931855,-0.6002887
-0.38146377,-0.2837392
-0.7662425,-0.6206797
0.9717169,2.8315735
-0.38273472,-0.29512277
-0.7393521,-0.5818816
-0.60183537,-0.44828942
0.17540646,0.21229428
-0.87191296,-0.7908291
0.72486824,1.6346127
0.9229994,2.568237
-0.50650513,-0.4074455
-0.09980946,-0.08832314
-0.9557311,-0.9194618
0.28142044,0.38069716
-0.17214788,-0.15668838
-0.45988306,-0.3471343
-0.58632576,-0.4301938
0.30804616,0.42770588
-0.16756594,-0.13453685
-0.64068145,-0.50125426
0.37821817,0.58295846
0.13014457,0.14930306
0.7173441,1.6045797
-0.7650482,-0.62745965
0.5713332,1.0906667
0.34703356,0.48358408
-0.7699781,-0.6478041
0.38964146,0.60478824
-0.11690542,-0.12527166
0.8899696,2.3816066
-0.7167773,-0.5718095
0.2856668,0.38230288
-0.2360399,-0.2003916
0.91362935,2.5136871
-0.34005022,-0.25364456
0.92437184,2.5590925
0.8029717,1.9597117
-0.45923352,-0.35250095
0.60708356,1.1751611
0.9912084,2.9489758
-0.494674,-0.36167237
-0.12644567,-0.10231241
0.04036147,0.033348605
-0.41013774,-0.32343224
-0.9694703,-0.9405603
-0.5597415,-0.41351116
-0.43612623,-0.3273255
-0.1128006,-0.09861885
-0.6577951,-0.49830666
0.7465087,1.7124034
0.40982226,0.6444082
-0.829599,-0.6959771
0.3001849,0.4153777
0.30731297,0.41810387
0.9124423,2.4979546
-0.99395823,-0.9973711
-0.5041351,-0.3745383
0.85558295,2.2049513
0.8642678,2.2595096
0.44117284,0.7143127
0.5315266,0.9429806
-0.81703407,-0.69183
0.02775167,0.030027833
-0.536834,-0.39817625
-0.6375639,-0.49696794
0.6206066,1.236992
-0.7299237,-0.58201545
-0.062696725,-0.043822102
0.8771565,2.321559
-0.6283359,-0.47735482
0.95598686,2.7403688
0.988576,2.9165401
0.11123431,0.13465798
-0.6597145,-0.50253016
-0.36779022,-0.2751637
-0.15101433,-0.1334724
-0.38135156,-0.28541157
-0.43872884,-0.32175606
0.94445944,2.6951258
-0.6932703,-0.5359635
0.46665582,0.7866842
-0.9991794,-1.0114428
0.19236533,0.23804471
0.831886,2.1021798
-0.4241318,-0.31344986
-0.62894803,-0.46863
0.3033596,0.42235243
0.42520282,0.70388573
0.37606105,0.5530734
-0.36136624,-0.27377647
-0.4955952,-0.3796912
0.9118376,2.4823585
0.84659904,2.1680942
-0.08536678,-0.093273126
0.69238776,1.5021055
-0.095353045,-0.08678012
-0.15122196,-0.12062662
-0.6864741,-0.55380195
-0.14718789,-0.11962788
0.07483388,0.08183387
-0.95499134,-0.9036546
-0.11177399,-0.10499452
0.56271243,1.0442156
0.3600921,0.5242753
0.27031398,0.35021728
0.8191109,2.044408
-0.963936,-0.91565704
0.114095174,0.122948624
0.5746977,1.1010761
0.08267076,0.07483581
-0.35220888,-0.27004647
-0.7274989,-0.5765908
0.77512616,1.827177
-0.058475215,-0.05729465
0.7562304,1.7677504
0.17170425,0.17691113
0.34838423,0.5253943
0.6085223,1.2076939
0.3183111,0.45905223
-0.20389032,-0.17492223
0.027266769,0.010803293
0.606091,1.2014232
-0.2526994,-0.20580493
-0.22375709,-0.1845716
-0.8086198,-0.6726067
0.82916886,2.0943813
-0.81792736,-0.6769075
0.29641837,0.4118652
-0.17361104,-0.15561515
-0.18876122,-0.1617403
0.35910368,0.53852415
-0.86581254,-0.7550629
0.18741156,0.21444678
0.54406357,1.0011997
0.65642554,1.3862655
-0.65893924,-0.51325244
0.7948381,1.9380686
0.3122922,0.44520652
0.7637096,1.801956
-0.029438566,-0.036695056
0.08406669,0.083674
0.83807653,2.1292932
0.7998191,1.9358603
-0.103678256,-0.09674094
-0.45117474,-0.33692786
-0.21365914,-0.15991613
-0.22447135,-0.1813673
-0.42626625,-0.31576487
-0.4628408,-0.33612493
0.7221259,1.610509
-0.86027616,-0.75852084
0.35522237,0.55048245
-0.6543599,-0.50715256
-0.31098822,-0.23318705
-0.8769139,-0.77262604
-0.46005273,-0.36055484
0.53684217,0.98286414
0.7700307,1.821033
-0.5569457,-0.41621572
-0.07290432,-0.07551789
-0.059351902,-0.06720752
0.7471506,1.7177094
0.5255981,0.9460718
0.026154436,0.038706224
0.3414944,0.5161105
0.69471014,1.5265808
-0.9809221,-0.9539634
-0.19421993,-0.1738682
0.8144863,2.0141058
0.48062608,0.8247521
0.08568275,0.08732894
0.059289053,0.068784714
-0.3044598,-0.23278132
0.04104107,0.04815747
0.3107664,0.447606
-0.16327393,-0.15001409
0.42830628,0.699652
0.72246444,1.6145567
-0.6906303,-0.55247957
-0.096905954,-0.08310405
-0.18395981,-0.14418529
0.3749296,0.5730866
-0.50026506,-0.3749908
0.28050184,0.3843549
0.7549785,1.7566671
-0.1637368,-0.15257631
0.8220314,2.0408165
0.98632747,2.9179218
-0.7878159,-0.65532446
-0.53389364,-0.4009202
0.9007595,2.4497354
0.91665536,2.5249836
-0.80458546,-0.67245257
-0.970003,-0.9432246
-0.67779994,-0.5115436
0.99202555,2.9532142
-0.64000076,-0.4691375
0.0050952137,0.008641423
0.69683546,1.5186474
-0.9591968,-0.93064994
0.20897797,0.24734733
-0.4459491,-0.3456791
0.7246698,1.6215779
-0.4330777,-0.32279965
0.37351143,0.5598694
0.34843928,0.51402247
-0.5570129,-0.40675044
-0.9304016,-0.87103206
-0.18150085,-0.13374583
-0.4216137,-0.33055896
0.6179555,1.2342968
0.6007284,1.1729975
-0.085952096,-0.06983426
0.21302445,0.24567287
0.20851903,0.24663451
0.6543163,1.3615049
-0.14999518,-0.11535752
-0.44910663,-0.33573478
-0.46993017,-0.36638802
0.07238456,0.06603168
-0.10170359,-0.07568205
-0.11975846,-0.1133453
-0.8177253,-0.7052725
0.4372075,0.726704
-0.57252663,-0.42229557
-0.60609275,-0.44865096
-0.17448336,-0.15885139
-0.5444433,-0.42465892
0.16771653,0.20189472
-0.2570733,-0.20462449
-0.102176555,-0.089157216
0.074338645,0.09505753
-0.59292895,-0.4671548
-0.68849677,-0.5322386
0.7608438,1.7692006
-0.1325526,-0.108754024
-0.17581278,-0.1550866
-0.9287757,-0.87547565
-0.0040473947,-0.0101301065
0.108339444,0.10689241
0.11768174,0.13356479
0.41406235,0.64877325
-0.64503634,-0.48948294
-0.49555373,-0.36527452
0.6214609,1.2645729
0.89434123,2.4131863
-0.7281345,-0.5787901
-0.004700891,0.009322101
-0.57164747,-0.4379467
-0.87985367,-0.80172586
-0.34899333,-0.26770216
-0.7126247,-0.5809121
0.41986614,0.6947103
0.06745083,0.0868623
-0.71233106,-0.5447236
-0.98151684,-0.9630861
0.6163141,1.2357656
-0.6476112,-0.504414
0.21243328,0.27597708
-0.32615617,-0.26662955
0.17097187,0.17977007
-0.36869276,-0.29078352
-0.82612085,-0.7220073
-0.5541,-0.40241748
-0.6238829,-0.4593301
-0.1439613,-0.14024931
0.31656757,0.4614246
-0.47238785,-0.34513718
-0.9758601,-0.9685694
0.03787473,0.035460882
0.21151897,0.259921
0.925741,2.583574
0.17894161,0.20440364
-0.05765488,-0.05551117
0.14680324,0.16465887
0.8558013,2.2197158
0.6567563,1.369195
-0.35404253,-0.27842674
-0.5254913,-0.3965929
-0.4747328,-0.33599225
0.008842079,0.004751956
0.4880989,0.83221424
0.0064384146,0.0123144705
-0.8644072,-0.7645275
0.4471614,0.7223738
0.61194026,1.2378799
-0.42100427,-0.3219052
0.32825148,0.4675906
-0.1468162,-0.12682746
0.7782387,1.8725399
0.69045115,1.4795303
0.050863996,0.056342594
0.3830111,0.60676813
0.7666994,1.806502
-0.00856598,-0.020846572
-0.37349853,-0.29228485
0.50733227,0.89736736
-0.5598675,-0.4085992
-0.2229377,-0.1877101
0.7314545,1.6660937
0.44884467,0.7263774
-0.19237798,-0.17692566
-0.570511,-0.4355477
-0.28806323,-0.21460612
-0.4317917,-0.3251639
-0.6478214,-0.49712357
0.48666582,0.8415539
-0.49586022,-0.3608116
-0.09166506,-0.09013499
-0.22828111,-0.18118224
0.9641548,2.7817132
-0.21781552,-0.16087314
-0.840035,-0.7351582
-0.8203485,-0.708272
0.18150744,0.22592884
0.1987271,0.24686567
-0.16248202,-0.13710268
-0.13631262,-0.1179912
-0.89213485,-0.8171884
0.03309302,0.050357997
0.009478951,0.018505076
-0.7009014,-0.5403758
-0.7923212,-0.6672294
-0.752855,-0.60861033
-0.79794353,-0.6673177
0.2194164,0.28940347
-0.6070347,-0.45062795
-0.4971397,-0.37092832
-0.6528557,-0.5200752
0.91567063,2.5396664
0.70923495,1.5745643
-0.53901035,-0.41116244
-0.3448674,-0.26288477
-0.5802143,-0.45400497
-0.01624808,-0.0054348395
-0.96077895,-0.93928623
0.342736,0.4982561
0.0463163,0.0510054
0.79727787,1.9501095
-0.67121464,-0.52202183
0.6082185,1.209496
0.583922,1.1237022
-0.7456376,-0.6045402
-0.20288154,-0.16921665
-0.65969473,-0.51348543
-0.490559,-0.3848287
-0.47350764,-0.3631463
0.11247279,0.12899347
-0.17717813,-0.15383923
0.8954656,2.413803
-0.74725974,-0.60936385
0.9473843,2.6865978
-0.5387227,-0.40978083
0.5457479,1.0030662
-0.32206014,-0.25169092
-0.7138372,-0.56408525
0.71577835,1.5930324
-0.3822782,-0.302303
0.31771082,0.43673995
0.13288736,0.17886746
-0.05648738,-0.06477495
-0.008361055,-0.013477982
0.46447584,0.7855886
-0.8244542,-0.70152277
0.33636132,0.49276447
0.7916242,1.909952
-0.8844236,-0.79163367
-0.7186933,-0.5727793
0.43326387,0.6991914
-0.12543671,-0.10922191
-0.19290276,-0.15231583
-0.7260667,-0.58187854
0.013540082,0.013570427
-0.7469094,-0.5950352
-0.046759088,-0.035061307
0.5272306,0.9675975
-0.48347127,-0.38029784
-0.038427662,-0.02795653
0.9840319,2.9112232
0.37330085,0.5558186
0.68271357,1.4695386
-0.17030479,-0.13572933
0.53572184,0.96817917
-0.9189817,-0.8461338
-0.75417763,-0.6056443
-0.59385884,-0.46133593
-0.19609615,-0.16660592
0.69148976,1.5032989
-0.3074679,-0.24995966
0.3092424,0.42565486
0.4186286,0.66589266
0.17236471,0.21521159
-0.28551605,-0.22083439
0.15410668,0.17290127
-0.31546882,-0.24082221
-0.8322525,-0.7244225
0.985608,2.898372
-0.7456351,-0.6078868
-0.8553032,-0.7382215
0.7570615,1.7706671
-0.39633068,-0.3015232
0.30059394,0.41394427
-0.34198853,-0.26892763
-0.21709146,-0.17910615
-0.47577405,-0.36779416
-0.31391197,-0.24978544
-0.1785992,-0.15455411
0.44083214,0.70732254
0.023072388,0.015232522
0.88713044,2.376408
-0.9162392,-0.84582734
0.006136645,0.0030869166
0.16844958,0.19249035
0.84039396,2.1559627
-0.901683,-0.83012784
0.14699917,0.17430031
0.70725983,1.5563806
-0.5161445,-0.38688013
0.7525847,1.7497963
-0.96191317,-0.9403749
0.46490926,0.78146946
0.86622643,2.2784536
0.3143953,0.46193096
-0.121941514,-0.11018516
-0.91023797,-0.8354503
0.8402276,2.1615093
-0.059407555,-0.04473872
-0.9420065,-0.8967173
0.37964213,0.5722976
-0.036325492,-0.025488388
-0.7513094,-0.62104243
-0.5714564,-0.42063287
-0.87101865,-0.7698209
0.14858708,0.17912294
0.24405895,0.3155937
0.011484597,0.0053197597
0.63420427,1.3061258
0.72201765,1.6172544
0.2312488,0.2929817
-0.97448707,-0.9510608
0.3904593,0.6043768
-0.16400157,-0.15182437
0.13111496,0.1449114
0.2981612,0.40738755
-0.29952678,-0.22823012
0.834197,2.1017268
-0.73205024,-0.6060143
0.34302363,0.48137984
-0.99128085,-0.9974169
0.84930223,2.1968458
-0.77499175,-0.639687
-0.81023157,-0.6806408
-0.33398473,-0.25432867
-0.25286743,-0.20453249
-0.57139987,-0.43221065
0.17024332,0.21460551
-0.1141718,-0.1011649
-0.93164885,-0.85833114
-0.36069587,-0.27131313
0.6208658,1.23949
0.37940308,0.57299227
0.44974172,0.7357029
0.39623386,0.62761986
-0.37805396,-0.29321298
-0.8006722,-0.6808727
-0.45506564,-0.33902025
0.6635706,1.3951122
0.9609416,2.774638
-0.01230597,0.006741742
-0.9805993,-0.9528133
-0.7199104,-0.5744779
-0.35583884,-0.28835854
0.1571707,0.18075623
-0.8498127,-0.7342397
0.8867146,2.3584576
-0.26983264,-0.1952597
0.82516843,2.0680752
0.5610436,1.0529017
0.51087457,0.8985355
0.21343917,0.27368632
0.25356764,0.3225877
0.27600646,0.39486098
0.25744277,0.35395557
0.10745646,0.1300871
0.97282803,2.825997
0.46458113,0.7827441
0.5538928,1.0427136
0.7449256,1.7191406
-0.56872046,-0.43924722
-0.8323917,-0.72276086
-0.034211125,-0.037600126
0.028161392,0.02294241
0.6583636,1.3924568
-0.112432845,-0.12042311
0.14170605,0.1711914
0.054141875,0.044308893
-0.9235944,-0.8680309
0.2304298,0.27566567
0.65608656,1.3634578
-0.6849989,-0.5220857
0.18866347,0.2336209
0.1872211,0.21685164
-0.6716301,-0.5133352
-0.75307286,-0.60072285
0.96010387,2.767967
-0.21256167,-0.15663578
-0.54515654,-0.4017634
-0.6573509,-0.5024622
0.33520344,0.4771949
0.21889059,0.2835654
0.28710425,0.3953667
-0.82398796,-0.6992852
0.78706914,1.887273
-0.22146721,-0.18200095
-0.37326118,-0.2941101
-0.075277105,-0.09150835
-0.21986787,-0.17217177
0.727154,1.6253679
0.85852194,2.229436
-0.39309356,-0.2959828
0.7278716,1.6465585
0.5630463,1.0557342
0.86161536,2.2463553
-0.5084994,-0.3767016
0.1539183,0.18860525
-0.45091084,-0.3219353
0.648189,1.3430159
-0.98935163,-0.97828835
0.12963833,0.13955584
-0.32159314,-0.24707137
-0.3546326,-0.2667946
0.28981265,0.39622277
0.7029689,1.5499631
0.21839078,0.2735762
0.706346,1.5643939
-0.47080576,-0.34437957
0.03900371,0.049570616
-0.098926924,-0.0889301
-0.9767102,-0.9648923
0.11362429,0.12188259
0.32304865,0.46707416
0.18382882,0.2483221
0.4725598,0.7979941
0.14267905,0.1704993
-0.8664995,-0.77182496
-0.767109,-0.6398025
0.19294916,0.23059875
-0.45004162,-0.3594792
-0.84070975,-0.71459013
-0.14079452,-0.14606372
0.10864519,0.11909311
-0.34250802,-0.27715775
0.4408674,0.7120764
0.2875412,0.40776026
-0.33436328,-0.25793523
0.50974506,0.8923833
0.29739007,0.4062372
0.27489075,0.36357296
0.1068554,0.1190581
-0.97722065,-0.9537384
0.39301437,0.6271356
-0.24791642,-0.22085446
0.8852194,2.3621545
0.6359695,1.2944936
0.17538893,0.22101088
-0.49563605,-0.3681883
-0.59256524,-0.44359758
-0.31923032,-0.24640359
-0.046864115,-0.05409071
-0.40786898,-0.29725114
0.029858992,0.03876222
-0.66925913,-0.5119624
0.9554256,2.7530532
-0.7841509,-0.6472502
0.86388826,2.2697234
0.827156,2.081049
0.050720964,0.051233478
0.44982055,0.7431091
-0.1279034,-0.11387497
0.26006916,0.34010124
-0.31884813,-0.23328054
-0.39768195,-0.29946184
0.15645957,0.18571663
-0.0037406515,0.00015603105
0.15907274,0.21820062
-0.42667884,-0.3336202
-0.26608434,-0.22257286
-0.8322041,-0.72980046
-0.89544725,-0.8139402
-0.49308574,-0.3673827
-0.8515063,-0.74849224
-0.7924506,-0.6675114
0.6258568,1.2641237
-0.9222526,-0.8611456
0.31788558,0.45416132
-0.4548845,-0.3309469
0.74309134,1.71237
-0.030015431,-0.020331414
-0.38884708,-0.2855803
0.03527787,0.039394584
-0.23608395,-0.19509302
0.12860213,0.139545
-0.7709343,-0.6387032
0.993981,2.9587939
-0.14888825,-0.12270433
-0.3035387,-0.23590189
0.4204197,0.67845035
-0.27220118,-0.2298794
0.6665486,1.4212921
-0.09145855,-0.08812871
0.43911684,0.70561236
-0.78509355,-0.6570235
0.6922384,1.5279864
0.47143596,0.7945882
-0.57656646,-0.4390559
-0.70942795,-0.5651076
-0.3674153,-0.28350636
0.95214117,2.7140846
-0.48633686,-0.3634113
-0.087745585,-0.06996593
-0.9399595,-0.88376945
-0.20554493,-0.18309188
0.14264002,0.16244492
0.9062492,2.466313
0.03347209,0.035159368
0.63821465,1.3187933
0.09425528,0.102487884
-0.91843,-0.85050607
-0.36998346,-0.26596546
0.15109901,0.18614171
0.90118796,2.4509592
0.7182607,1.62429
-0.54328877,-0.40358657
-0.55978036,-0.44170102
-0.59765404,-0.44561327
0.84499776,2.1464453
0.7053323,1.5582443
0.54976684,1.0010365
-0.21452977,-0.1830486
0.008761409,0.0052009984
-0.07133651,-0.07431182
-0.4932038,-0.37341413
0.010056092,0.020483851
-0.9390069,-0.89236677
-0.73637927,-0.58797836
0.7731792,1.8235399
0.50335956,0.882372
-0.15426318,-0.13089868
0.034300726,0.025552338
-0.26000223,-0.22309472
0.48155972,0.83005184
0.56837434,1.0862676
0.5265704,0.9490616
0.44522345,0.7271282
-0.5909913,-0.4465798
-0.32406005,-0.25252146
-0.06030913,-0.05446227
-0.338414,-0.28792894
0.5098804,0.8917251
-0.34129295,-0.27301848
-0.72353584,-0.5772971
-0.2019191,-0.16752149
0.95982885,2.771725
-0.54823714,-0.40987772
0.22431731,0.27291548
-0.1340539,-0.10402241
-0.85795087,-0.74067223
-0.024246788,-0.03625511
0.40432864,0.63723767
0.026439952,0.021203263
0.74421215,1.7116357
-0.42212597,-0.3086213
-0.82750165,-0.68808085
0.8731312,2.308641
-0.2436073,-0.19577019
0.15281111,0.17633246
0.58400625,1.126074
-0.35137266,-0.25769362
0.4323291,0.69959635
-0.7291623,-0.5940251
-0.41741252,-0.33210334
-0.71057874,-0.55931306
0.62246114,1.2535694
-0.5547015,-0.42414504
0.43480712,0.71632797
0.8865968,2.3653457
0.055544417,0.057454526
0.08005838,0.08681421
-0.077932864,-0.07584219
-0.34821972,-0.26682818
-0.04868994,-0.034919508
0.20561506,0.24516068
0.97198313,2.839902
0.8755291,2.3149397
0.7243059,1.6304475
0.77826107,1.864055
-0.06430163,-0.059939824
0.31488866,0.45006853
0.7901334,1.9148916
-0.21409847,-0.18311785
0.923525,2.5670884
-0.16842787,-0.14734575
0.20216534,0.249972
0.41960943,0.6663424
0.901184,2.4499085
-0.51076746,-0.38231838
0.49226195,0.857815
0.041631173,0.04326131
-0.4628857,-0.3638431
0.55321366,1.0288812
0.10444456,0.11712796
0.32194763,0.46139383
-0.35419786,-0.27911532
-0.037452098,-0.04805667
0.2347085,0.30897227
-0.19017836,-0.16362494
-0.6032549,-0.4571604
0.923281,2.5599632
0.02293508,0.023412544
0.46784073,0.7846214
-0.17790562,-0.16156684
-0.28973648,-0.22537452
-0.1856714,-0.16362955
-0.18160671,-0.15297577
0.088360235,0.10096224
0.08693974,0.08928726
-0.0056923684,-0.017699007
-0.73042846,-0.56234425
-0.007849043,-0.013065638
-0.6617922,-0.50743353
-0.7477284,-0.58728933
0.8652914,2.2697885
0.20990002,0.2602014
0.31898013,0.45251295
-0.19641265,-0.17373799
0.8179618,2.0431073
0.27586097,0.37861577
0.53833973,0.9790212
-0.26287505,-0.22235903
0.92002374,2.5320032
0.6409226,1.3248489
0.70789695,1.5649588
-0.65561146,-0.5054344
-0.4580736,-0.3525899
-0.4287468,-0.33837187
-0.45818156,-0.33481127
0.7108163,1.5756435
-0.9362304,-0.87126225
-0.8478,-0.7422634
-0.45217025,-0.34253028
-0.60025406,-0.44909066
-0.53628075,-0.39559302
0.59588635,1.1705302
0.12625319,0.1412535
-0.9884587,-0.97103673
-0.14135447,-0.11310681
-0.18423015,-0.15759003
-0.77210945,-0.6413867
0.35228357,0.53353447
0.40419438,0.6270575
0.44178644,0.72948223
0.4569419,0.76056117
-0.9998943,-1.0182043
0.9078416,2.491526
0.62841755,1.2439151
0.8079634,1.9683691
-0.9687134,-0.9340806
0.86771756,2.2792559
0.61957705,1.2349176
0.6744383,1.4375632
-0.81342524,-0.71529037
0.47755605,0.8215969
0.91983336,2.546689
0.35709468,0.5296903
0.1411228,0.1640574
0.8912594,2.3985012
-0.11412576,-0.10287654
0.19858713,0.22711508
-0.047323413,-0.023226565
0.86569244,2.275894
-0.84783053,-0.751298
0.0022394017,-0.0012069445
0.37390488,0.56362313
0.5838131,1.1344247
0.16603729,0.17659037
0.8178355,2.0287137
0.8839829,2.3385694
-0.87136155,-0.77654105
-0.19525892,-0.16930233
-0.95308197,-0.9096663
-0.34116668,-0.2705307
0.07373644,0.07206417
0.8215899,2.0573778
0.6931086,1.511024
-0.74500054,-0.5979553
-0.8139393,-0.69244355
0.17853467,0.21038266
0.06423595,0.06743874
-0.4672447,-0.34592322
0.79890615,1.925292
0.8547328,2.2136827
-0.19477712,-0.16113709
0.78060514,1.8662283
-0.23210222,-0.1922276
0.47363368,0.77855104
-0.048115566,-0.050310384
-0.7548337,-0.59725
0.8558684,2.2154408
-0.091806814,-0.08722501
0.46897408,0.7922244
-0.26565236,-0.21028085
-0.96223825,-0.92068636
-0.7989393,-0.67289025
-0.007561041,-0.003255108
0.3799287,0.5958821
-0.33052933,-0.2473274
0.3909769,0.62700874
0.3972712,0.6112269
0.4078718,0.65884644
-0.014956292,-0.022642683
0.8297723,2.0931466
-0.021606963,-0.013825425
-0.09946961,-0.095667355
-0.60123837,-0.45621136
-0.38468984,-0.28452778
-0.915331,-0.85149544
0.2670706,0.37414038
-0.5029285,-0.39104664
-0.39168948,-0.27896518
0.541629,1.0038977
-0.34555763,-0.2683079
-0.5156082,-0.39085844
-0.6618845,-0.5188294
0.54971683,1.0166657
-0.7405875,-0.5987925
-0.092492476,-0.07217662
0.013860232,0.03374154
0.37477982,0.56987506
0.26656696,0.34811032
0.62144136,1.2421675
-0.9104971,-0.83812976
-0.40711856,-0.31915236
-0.43973178,-0.34318545
-0.7079662,-0.54062283
-0.4216435,-0.31579527
-0.38046938,-0.29911932
0.043768924,0.05393453
0.32740897,0.4579193
-0.23779897,-0.20565788
0.43894047,0.7081489
-0.32766932,-0.23893793
-0.41943264,-0.31982586
0.082376115,0.065303855
-0.9525673,-0.89742696
-0.84042174,-0.730774
-0.1640609,-0.16005488
0.8858254,2.3624403
0.44302356,0.7314557
-0.82374686,-0.70010823
0.692636,1.5226532
0.46460155,0.77221483
0.22189306,0.28252205
0.6405859,1.3068051
-0.1917803,-0.17747617
-0.5569979,-0.4107027
0.024046779,0.029271629
0.09768351,0.110994466
0.07665274,0.08724667
0.13014758,0.14243573
0.89740986,2.4154215
0.8044912,1.9727454
0.7514341,1.751999
0.6028336,1.2013975
0.8868562,2.3788493
-0.8030107,-0.6756951
-0.46975347,-0.35004702
-0.009888109,-0.009675362
0.693069,1.4960662
0.010331423,0.010685737
0.4960695,0.8508814
-0.7220802,-0.5784136
-0.49517238,-0.35502976
0.46355218,0.7862698
-0.670532,-0.53163004
-0.29728812,-0.23590657
-0.47026747,-0.3614601
-0.3002766,-0.23781046
0.4166481,0.6729831
-0.26430565,-0.20638183
0.11052664,0.14893442
-0.80013627,-0.66025513
0.61003536,1.211239
-0.26022276,-0.2033566
0.29706833,0.40950963
0.4507792,0.7343052
-0.58067816,-0.42623046
0.76935,1.8267171
0.2324485,0.29663002
-0.14254972,-0.12238662
-0.6353296,-0.47572333
0.8846019,2.3678052
0.5101364,0.88850206
-0.5839509,-0.43964252
-0.32457846,-0.25509834
0.6193485,1.2516485
0.39135534,0.61476433
0.5315686,0.9775226
-0.117597796,-0.11657378
0.43295252,0.69371533
-0.22701256,-0.17603606
-0.5774742,-0.44248822
0.26535407,0.33923686
0.95202786,2.726588
-0.37879807,-0.29513526
-0.07806081,-0.05454508
0.34800273,0.5142157
0.083012566,0.09207829
0.6868556,1.4789722
0.5234854,0.9568851
-0.88340557,-0.7888291
0.99684244,2.9770093
0.5048049,0.8803305
0.7278066,1.6422955
0.30239543,0.4117139
0.71257025,1.5924275
-0.77523404,-0.65823585
-0.30452433,-0.24142449
0.7528419,1.752403
-0.5966896,-0.44967437
-0.8435158,-0.73934716
0.57623786,1.1062304
0.6709723,1.4143901
-0.67469555,-0.5268363
0.70869195,1.5733911
0.3735356,0.56981254
0.040165365,0.035093028
0.6605004,1.3968866
-0.1615015,-0.13876422
-0.6120121,-0.45925784
-0.43029463,-0.3095207
0.010328037,0.021611013
0.06266159,0.07803539
0.61116165,1.2148873
0.58270544,1.1280456
0.16273311,0.19566065
0.56157094,1.0419377
-0.6164531,-0.4676723
-0.89987093,-0.816226
0.74726766,1.7287949
-0.848891,-0.7412794
-0.50662315,-0.38760412
0.3906379,0.6094115
-0.18110412,-0.16737813
0.75262797,1.7599903
-0.4040404,-0.30906498
-0.9762573,-0.95117337
-0.39868873,-0.2975231
0.1561501,0.19024722
-0.24812324,-0.21592368
0.06974551,0.08319008
0.75319624,1.750824
0.8249701,2.0606477
-0.46805188,-0.3590133
-0.07571905,-0.07376033
0.09828803,0.09591066
0.8982249,2.4469504
0.99723464,2.9982998
-0.5291855,-0.3928229
0.45395973,0.75135696
-0.24393788,-0.20091896
-0.9837836,-0.9605082
-0.98149496,-0.9460902
-0.07886799,-0.07884237
-0.023330174,-0.033974435
-0.9548606,-0.898228
0.37385485,0.5480037
-0.41199324,-0.3222712
0.1197862,0.13338514
-0.39816186,-0.31835508
-0.6657314,-0.5064626
-0.18565252,-0.14901547
-0.53545326,-0.40801093
0.06960195,0.087579705
-0.60234296,-0.4435733
0.016811954,0.015967641
-0.68524295,-0.54195297
0.34194943,0.5214588
0.5078754,0.9040245
-0.7792115,-0.642592
-0.064395174,-0.046880007
-0.8582566,-0.75082844
0.1963649,0.23743953
-0.4711914,-0.35298303
0.055248912,0.068856545
0.03492202,0.016262298
0.8487087,2.1774652
0.09816644,0.122579664
0.16599695,0.1930073
-0.19669375,-0.150154
0.8981592,2.4435327
0.55437183,1.0314187
-0.4291894,-0.32972947
0.68841916,1.4857229
-0.13520728,-0.09275185
0.65733427,1.3921933
0.64577615,1.3333629
-0.6222596,-0.48207742
0.40228227,0.6303854
-0.41871408,-0.3143639
-0.40501466,-0.31984872
-0.40730384,-0.30817726
0.4511365,0.7597019
-0.54034793,-0.4241342
-0.9981883,-0.98811734
0.43047372,0.7092994
-0.6576305,-0.51516885
-0.79103523,-0.64333653
-0.52496773,-0.40095645
-0.24019895,-0.19195099
-0.048187345,-0.049044944
-0.91085994,-0.8399734
0.9411467,2.6543581
0.4321261,0.70653707
-0.35361186,-0.26429856
-0.36260548,-0.27944335
-0.1029149,-0.10701312
0.25248966,0.33636883
-0.7072539,-0.5565998
-0.62214035,-0.47805366
0.71886915,1.6258065
-0.48749015,-0.3813332
-0.23961,-0.21812661
0.7425437,1.6960236
0.32629564,0.47460905
-0.31657624,-0.2586416
0.3673991,0.5421637
-0.9606336,-0.91479534
0.4712853,0.8026977
-0.025967918,-0.021540489
0.6263643,1.2722536
0.9092753,2.483577
0.8515771,2.1905205
0.8185301,2.0450277
0.024339912,0.011497896
-0.27971578,-0.24478728
-0.069929354,-0.06971404
0.379792,0.5881247
0.76799554,1.8133452
-0.5860274,-0.43528464
0.8363863,2.100853
0.6303605,1.2813463
0.95771205,2.7598884
0.76050353,1.7652103
-0.44012535,-0.32305124
-0.7880882,-0.6575886
-0.7755179,-0.6097947
-0.41755337,-0.33777568
0.22836745,0.30612004
0.6086407,1.2006096
0.7985006,1.9290587
0.24750677,0.31865898
-0.98873734,-0.97495216
-0.6273664,-0.47032744
-0.8005476,-0.6555036
-0.27335104,-0.20483634
0.0027019873,-0.0069445125
-0.9132056,-0.8295223
-0.30304405,-0.23512577
-0.64164066,-0.50064915
0.29414034,0.4039884
-0.07145526,-0.07381268
-0.009364706,-0.0089069065
-0.14461643,-0.13402359
0.9120394,2.4922242
-0.57052976,-0.42594418
0.03332852,0.040763635
0.47203472,0.7981528
0.11368883,0.14175993
0.85804176,2.2233942
-0.24406329,-0.20206223
-0.07264839,-0.06114913
-0.82295537,-0.7043752
0.21799822,0.27672938
-0.42357606,-0.34536037
-0.6793819,-0.5312304
0.08906259,0.07942923
0.064620525,0.056856677
-0.8482567,-0.75242466
0.3964309,0.60546464
0.24754438,0.31850314
-0.6219654,-0.48059106
-0.061130274,-0.05097905
0.44064584,0.7225981
0.05887148,0.043530628
-0.20902185,-0.17363097
-0.35532308,-0.27074715
0.22078773,0.27701208
0.8782174,2.3262134
0.34348968,0.50390464
-0.8505082,-0.7347252
-0.07863005,-0.08868231
0.7816483,1.8677459
-0.81107515,-0.67170894
0.97775143,2.8826442
0.89813876,2.437788
-0.843451,-0.72671235
0.86682665,2.286085
-0.2737348,-0.20013674
0.6894183,1.491104
-0.16323332,-0.1506319
-0.118289776,-0.10865539
0.26848617,0.39089173
0.54895484,1.0000411
-0.9324217,-0.87837374
0.18631199,0.21336453
-0.626534,-0.4786842
-0.30810097,-0.25444853
-0.30406266,-0.24080792
-0.06187932,-0.07778816
-0.33172718,-0.25201228
-0.7852778,-0.6406435
-0.7087425,-0.56627864
-0.933124,-0.876245
-0.05950183,-0.0578061
0.9088954,2.4876256
-0.7686496,-0.63234437
0.892529,2.407814
0.46672302,0.79855025
0.2749976,0.36327687
0.2905555,0.39641416
0.6534553,1.3685032
-0.7861603,-0.6682137
0.009508647,-0.010107292
0.39418226,0.613073
0.17364089,0.21399099
0.66555816,1.3961235
-0.8554566,-0.7554654
0.38140208,0.57474935
0.06805546,0.064332955
-0.24167827,-0.19045097
-0.31945002,-0.26180604
0.24166526,0.31152588
0.78199077,1.8626418
-0.0076481476,-0.02214299
0.6494463,1.3538524
-0.19568723,-0.17008555
-0.7952111,-0.6638262
-0.87698853,-0.7974601
-0.89733124,-0.8220814
-0.23969972,-0.18845506
-0.3255245,-0.2281802
0.43587404,0.6889081
0.485643,0.83401954
-0.89829206,-0.8120982
-0.5577535,-0.4263365
-0.4514763,-0.33117503
0.09522397,0.0964877
-0.71096957,-0.5633327
-0.73211753,-0.5937543
0.8875778,2.3867953
0.6084058,1.1970059
-0.6386902,-0.49482155
-0.18686439,-0.14901419
-0.288756,-0.23973285
0.5820081,1.1185747
0.020425834,0.0026262277
-0.74430054,-0.61352664
0.47798413,0.81947875
-0.20622404,-0.18237303
-0.4741515,-0.36137614
-0.24900275,-0.19750828
-0.004486873,-0.010258692
-0.31376895,-0.23798043
-0.51618844,-0.38512
-0.20299594,-0.16579668
-0.9616542,-0.9137832
0.54499567,1.007089
-0.6581102,-0.49464616
-0.9121908,-0.83001286
0.3073974,0.425703
0.54787225,1.0254192
0.62765825,1.2715209
-0.012981635,-0.016762096
-0.5892636,-0.44385913
0.47445536,0.8174901
0.39942616,0.6272428
-0.5074585,-0.36239815
0.8068155,1.9938297
-0.7912571,-0.65533406
0.9653765,2.7867522
0.72049564,1.6118315
0.3757973,0.570809
0.87749976,2.3301518
0.44462234,0.7365817
-0.619086,-0.47139865
-0.11568772,-0.1026489
-0.856994,-0.7447602
-0.22068515,-0.19131686
0.48320603,0.8464721
-0.22711329,-0.20771912
-0.33941165,-0.24875759
0.19071144,0.23356678
0.7444091,1.7210902
-0.9048336,-0.8232803
-0.22905913,-0.18514898
-0.6835185,-0.5301167
0.3907085,0.6110951
-0.78855085,-0.6603574
0.3296155,0.4844214
-0.42763826,-0.3338126
-0.60216635,-0.45796347
0.8727051,2.3073437
-0.9629508,-0.9186459
-0.12444545,-0.106278144
-0.95674604,-0.92108685
-0.032813903,-0.022805406
0.0020947556,-0.0045945095
-0.35667506,-0.25731906
-0.73567647,-0.593466
-0.24722493,-0.21661144
0.34452587,0.49217167
0.5647916,1.0643803
0.061501205,0.06691448
0.17966878,0.23744608
-0.5987673,-0.46530142
-0.42533934,-0.32098082
-0.6762088,-0.5387468
-0.5014093,-0.38098451
-0.55022645,-0.39721817
0.038897574,0.029106086
0.1253775,0.14893833
0.88989484,2.390456
-0.6088587,-0.46410087
0.28335142,0.39158356
0.63451856,1.280998
0.12048293,0.15331124
-0.4899927,-0.34829515
-0.47489953,-0.3560028
-0.9214939,-0.8305993
-0.38911155,-0.30060858
0.48920736,0.84961444
-0.9049645,-0.81281525
-0.5614094,-0.42776424
0.412465,0.6389485
0.56530315,1.0494062
-0.08936318,-0.06148277
0.39614868,0.6099613
-0.22409566,-0.186988
-0.6801735,-0.5433379
-0.20370102,-0.1611759
0.15993564,0.1817905
0.89610654,2.4137807
-0.8624981,-0.75721484
0.014788188,0.0043696538
-0.34216043,-0.2669305
0.016623389,0.030926416
-0.9520491,-0.9043039
-0.3739493,-0.28509814
0.6397363,1.3129675
0.10788347,0.1168866
-0.098835014,-0.07007059
-0.42894986,-0.33199936
-0.40391496,-0.30455604
-0.23379713,-0.1907654
0.67114145,1.4339627
0.9344264,2.6345077
-0.12268924,-0.10980358
-0.21329433,-0.1745969
0.6931015,1.5097353
-0.14618936,-0.1506637
0.104036346,0.100096054
-0.5381167,-0.41041997
0.48700508,0.834068
0.06397664,0.05633868
0.6180691,1.2436826
0.56146544,1.0537283
-0.56999046,-0.432432
0.4312711,0.6849185
0.6001088,1.1759114
-0.3077855,-0.26847756
-0.65478176,-0.50840276
-0.9947357,-0.9888949
-0.09819269,-0.08707849
-0.29513454,-0.24937868
0.109819666,0.12545265
-0.6239178,-0.48793334
0.7193311,1.6008524
-0.48448956,-0.3563044
-0.5471408,-0.39143038
-0.038571887,-0.036627896
-0.0022979525,-0.010463638
-0.5698295,-0.42826402
-0.45627853,-0.33369082
-0.6605895,-0.50626814
0.43692034,0.73865867
0.54017806,0.98243684
-0.075343005,-0.06757181
0.42817405,0.7054947
0.47187078,0.81446207
-0.72344893,-0.59820884
0.93235606,2.612096
0.6420639,1.3338436
-0.5910331,-0.4192663
-0.62766993,-0.47394526
-0.74867773,-0.61148566
-0.7232429,-0.5885687
0.4963236,0.887111
-0.060691487,-0.04994417
0.5658683,1.0587896
0.49250978,0.8525102
0.20922543,0.26526147
0.3727332,0.5688852
-0.96328855,-0.93821925
-0.3764447,-0.2942222
0.27564436,0.35603824
-0.98131007,-0.9529146
-0.9340461,-0.87992126
0.70377594,1.5523205
0.3680497,0.5675891
-0.46926054,-0.35019013
0.3759257,0.569242
0.5849133,1.1290888
-0.38641143,-0.29416227
-0.9279252,-0.8534039
0.86555827,2.2663264
-0.30964032,-0.24889462
-0.7870365,-0.6446427
-0.016286258,-0.003720491
0.53693557,0.9666504
-0.55670536,-0.40399125
-0.4610199,-0.34281832
-0.51457,-0.38320404
0.9833461,2.9112475
-0.60519254,-0.4662609
0.15104043,0.18684101
0.8505293,2.1854346
-0.70620686,-0.57443345
0.9417084,2.6536663
0.89495444,2.4183762
0.769144,1.806284
-0.57088697,-0.41493315
0.26811013,0.37115857
0.52178293,0.94943404
0.97205585,2.8366847
-0.63915235,-0.4891618
0.5320518,0.9538065
-0.32239765,-0.24200965
-0.6487471,-0.497116
-0.15724611,-0.13073485
0.5876718,1.1528704
-0.07030039,-0.07176531
0.075046204,0.07983938
0.99031883,2.9455538
-0.2017814,-0.1786357
0.23080151,0.2944895
-0.2695116,-0.21152198
-0.21442871,-0.18156262
0.39128152,0.6173783
0.87577397,2.299346
0.0847179,0.10373077
0.53679985,0.9862469
-0.8215869,-0.7068455
-0.5776839,-0.44599324
0.004263282,-0.016521292
-0.95997655,-0.93104446
-0.49429005,-0.3602619
0.03480258,0.035495095
-0.9700776,-0.9302892
-0.47090742,-0.35977784
0.02806164,0.035942253
0.1462985,0.16365802
0.8515034,2.184295
0.29069126,0.39868522
-0.1705284,-0.15305708
0.86070234,2.2236981
0.569766,1.0775411
-0.59998214,-0.45491993
-0.7383153,-0.58298486
0.35162327,0.52810454
0.11976633,0.14802766
0.57934725,1.1166481
0.4776101,0.81799597
0.25042307,0.3165498
0.9727644,2.841032
0.067179464,0.077963665
-0.7737885,-0.62377024
0.6565471,1.3774714
-0.49629328,-0.35982293
0.5546043,1.0224588
0.9142142,2.5108266
0.39359102,0.61377114
0.19206032,0.24764158
-0.07922765,-0.07490023
-0.27118027,-0.21840824
-0.2939905,-0.2260984
0.2727454,0.35616627
0.50254625,0.8980925
0.35703415,0.5212285
-0.6031798,-0.47799224
-0.012025639,-0.011782092
0.58328015,1.1389216
-0.048591845,-0.040480882
0.07324656,0.0865155
0.5422721,0.9962049
0.32253063,0.45858446
-0.18131016,-0.16984616
0.7908254,1.8882223
-0.67486584,-0.5248228
0.9910329,2.9596436
-0.7622948,-0.62072456
-0.97010005,-0.93572533
0.7800378,1.8789551
-0.510093,-0.37933403
0.45939925,0.7661755
0.62203074,1.2414452
0.71797276,1.6237838
0.98318845,2.9055219
-0.41192058,-0.32157212
0.4204867,0.65992993
-0.76920027,-0.6201126
-0.18638141,-0.16849232
0.6959434,1.5358903
-0.2646839,-0.24073407
0.18219076,0.23565772
0.0075468873,0.012473221
0.29190305,0.40316868
0.9457888,2.6845744
-0.88852894,-0.78161705
0.14792304,0.18011159
0.7260575,1.6269332
-0.03723458,-0.05308889
-0.84294564,-0.7295765
0.12107871,0.13750307
-0.3358522,-0.2761372
-0.6901164,-0.5430849
0.69806904,1.5197994
0.043199025,0.0452387
0.8665528,2.2754323
0.612033,1.2308015
0.3859436,0.60147214
-0.989949,-0.98731345
-0.14435309,-0.12283413
-0.60502744,-0.45981345
0.82159585,2.0378876
-0.65083206,-0.4989483
-0.4278799,-0.30456874
0.033673536,0.035169892
-0.47327277,-0.37123448
-0.58027065,-0.43863922
0.19819865,0.23313001
-0.82214093,-0.69328713
-0.8836645,-0.78757375
-0.2555094,-0.20861441
0.4413289,0.71874666
0.109613515,0.12082332
-0.15424706,-0.13404202
0.13150313,0.14334795
-0.26909703,-0.23004752
0.8722927,2.308297
-0.89019024,-0.80702674
0.34678295,0.5104154
0.78256536,1.8770764
0.6077694,1.2048734
-0.63191795,-0.4966735
-0.4081473,-0.3263124
0.4340959,0.6984489
-0.83145887,-0.71098524
0.6237234,1.2481223
0.43781388,0.7098663
0.4592133,0.78820056
-0.7995173,-0.68981737
0.4355211,0.7002584
0.35963625,0.5544552
0.66184497,1.3893515
-0.91680807,-0.85394204
-0.9537787,-0.9000437
-0.2539858,-0.20530902
-0.70242345,-0.5590826
0.116768956,0.13391979
0.8346978,2.106388
-0.21704054,-0.1903329
0.68990076,1.4930952
-0.9995183,-1.009147
-0.6629707,-0.51472926
-0.9391529,-0.8819412
-0.34370562,-0.25764462
0.8163792,2.0382297
-0.8060958,-0.684156
0.21281955,0.27274492
-0.097008124,-0.08358522
0.87693644,2.3236117
-0.7549617,-0.6200925
-0.5759443,-0.4455607
-0.94091606,-0.88358766
-0.1321295,-0.13404667
-0.4443342,-0.3373059
0.7398119,1.6665123
0.20988163,0.24981326
0.22818148,0.28335762
0.06382139,0.07912175
-0.8162993,-0.6870103
-0.109962635,-0.10473985
0.9990104,3.00136
0.67045856,1.4302304
0.7869181,1.8918428
0.6464527,1.3206635
-0.79391664,-0.6661007
-0.5451035,-0.41091543
-0.9937567,-0.9999157
-0.39297974,-0.29556528
-0.7827852,-0.6468881
-0.05441331,-0.047163185
0.354255,0.52699864
0.74901056,1.7375333
0.49843433,0.86890733
0.8771712,2.3235395
-0.8922034,-0.8103718
-0.97564036,-0.9582981
0.32267624,0.47377574
-0.42129517,-0.33901873
-0.49299797,-0.36100507
-0.3382258,-0.26872644
-0.46040788,-0.353528
0.022872813,0.02602372
-0.11970311,-0.12198557
0.024857102,0.017330104
0.34542722,0.49747217
-0.22573899,-0.18849811
-0.49738464,-0.38108325
-0.6675989,-0.50344044
-0.30105177,-0.21973442
0.48361295,0.8103826
0.5134098,0.9177721
0.33381078,0.49102348
-0.5319437,-0.39407068
0.1761725,0.20609593
0.14137933,0.16175239
-0.031467605,-0.0379913
0.09995797,0.10674567
-0.016418735,-0.028253235
0.13091274,0.1491466
0.43101192,0.6818248
-0.7807436,-0.6490949
0.4992515,0.86045724
-0.7282277,-0.58203447
-0.866744,-0.7734302
0.95215935,2.7249074
0.9139835,2.523676
-0.8791269,-0.76981395
-0.113493115,-0.12735434
-0.62751013,-0.48917714
-0.029310206,-0.031507157
0.6603545,1.3889853
0.90122354,2.428901
0.2685053,0.35013738
-0.29218867,-0.23045626
0.20665114,0.2590297
-0.3759974,-0.28400344
0.81964725,2.0465624
0.7408009,1.699514
0.1164635,0.13354348
-0.35040218,-0.27008608
-0.41322064,-0.30637968
-0.933164,-0.89735675
0.6316417,1.298063
-0.099233575,-0.11240828
-0.34973416,-0.2809892
-0.05777929,-0.056901343
0.63747597,1.3096324
-0.7507716,-0.64024466
0.715312,1.5927066
0.79501766,1.9374882
0.8934158,2.4146698
-0.20502402,-0.17858061
-0.5657192,-0.42974108
