x1,y
0.3927854,0.47953722
0.88306016,1.225139
1.1613581,1.6325862
0.5161928,0.6535457
1.8283869,2.5159056
1.1136298,1.5451798
0.4779113,0.59773576
0.6391536,0.856638
1.292403,1.7990084
1.7757579,2.4531312
0.6999404,0.93172795
0.09308385,0.08723279
0.29832768,0.34376884
0.0007258416,0.011646138
1.5256519,2.147496
0.49620745,0.6321244
1.5249175,2.1313252
1.8345003,2.5102088
0.48013702,0.6019331
1.6194916,2.2506335
0.7806691,1.048641
1.2782654,1.7709185
1.5255741,2.1202996
0.9241642,1.2652293
0.34868148,0.41396326
0.018128965,0.01196514
0.01823844,0.031093119
1.0189676,1.4239658
1.7144161,2.3595579
0.9922317,1.3712287
0.52074456,0.6551196
0.2786854,0.32097977
0.65858436,0.8728361
1.7870913,2.456161
0.9689762,1.3347707
0.24782541,0.2932255
0.47598705,0.5810606
1.9920689,2.7145474
1.0712368,1.4999683
0.20050114,0.22495756
0.7005601,0.91942567
0.0826888,0.103500456
0.0694912,0.085617684
1.6185871,2.2389984
0.072665,0.08293949
1.6340998,2.264227
0.02789835,0.029762153
1.3335737,1.8800335
1.6119732,2.2450624
0.52857876,0.68459773
0.6039472,0.79758346
1.892855,2.604098
0.505601,0.6259441
0.28735018,0.35173047
0.39749262,0.46590394
0.27320698,0.3232062
0.12736821,0.13050447
1.5655838,2.1978445
0.41880372,0.52181464
1.4712453,2.0592797
0.048229985,0.04973917
0.41969958,0.52229005
0.37433425,0.4492663
0.23029852,0.27928245
1.4957237,2.0845616
1.4191179,1.9904715
1.6532209,2.3046522
1.2904483,1.798199
1.1028627,1.5460477
1.9117465,2.6123333
0.84781784,1.1578379
1.4637078,2.026096
0.392907,0.47964993
1.5929179,2.2014601
1.433929,2.0209033
0.6355741,0.8105342
1.9232224,2.6361728
1.7550336,2.4107292
1.5635881,2.1685817
1.011421,1.3975607
1.1190134,1.5555129
1.6886463,2.3457186
1.2262299,1.7127382
1.0105201,1.4038928
0.6551036,0.854235
1.0098298,1.40834
0.021800192,0.03834993
1.7477304,2.4006875
1.312574,1.8378156
1.4435986,2.0167692
0.95985496,1.3101826
1.9364146,2.62655
1.4219137,1.9772528
1.9742942,2.6803446
1.9805702,2.6931794
1.003242,1.374078
1.7486765,2.4096441
1.0316991,1.4339223
0.42586824,0.52641076
0.064873286,0.07076132
0.7153849,0.9623026
1.4220856,1.9935031
0.40701663,0.4849287
1.1793206,1.6497297
0.82382464,1.1251303
1.5585504,2.1648629
1.7399932,2.4067702
1.0558671,1.46693
1.1910144,1.6676216
0.17014399,0.17973521
1.448512,2.0320146
0.10323068,0.10497665
1.0511421,1.459184
0.28670233,0.3248607
0.68990767,0.9219367
1.0418452,1.4556429
1.6124247,2.2416809
0.00252674,0.0054198033
0.45443863,0.5637271
1.3515117,1.8829092
0.44688496,0.5477182
0.22466372,0.25925913
1.1675198,1.6257336
0.38631335,0.46323958
0.35794535,0.43198997
1.0265815,1.4103082
1.0889276,1.5291675
1.049015,1.4721307
1.6773021,2.3220503
0.13660783,0.14555797
0.2623226,0.2907344
0.582047,0.7567328
0.8346201,1.13141
0.13975981,0.14734347
0.34138766,0.4080811
1.4090154,1.9646851
0.9061424,1.2311854
1.8720194,2.565514
0.6860261,0.91070294
1.9235622,2.6021986
1.156381,1.5971385
0.49869964,0.6186654
0.034518387,0.053462707
1.9196267,2.601371
1.359472,1.907951
1.2456187,1.7441005
0.6030973,0.7657414
0.9960783,1.3597435
0.011636419,0.0033915702
1.0867337,1.51544
0.50068027,0.6536323
1.258222,1.7869474
0.04615301,0.051365566
1.8861631,2.5803716
1.5669175,2.1831026
1.9511771,2.6431556
0.42995626,0.5200091
0.56033945,0.70636153
0.56443167,0.71513623
0.14389446,0.15845424
1.5121269,2.1026301
0.5823694,0.74191695
0.88417447,1.207711
1.0751362,1.48639
1.2882009,1.7977073
1.0247802,1.4137683
0.21121912,0.22848047
1.1191403,1.5889753
0.10753249,0.11396283
0.49082735,0.6237049
1.5504513,2.1603963
0.708258,0.9272125
1.6424932,2.2860472
0.6500209,0.84972644
0.12891331,0.13374686
0.70494694,0.9378465
1.1566691,1.6199943
1.0786138,1.5172478
1.70125,2.3516982
1.3818141,1.9232246
0.8753638,1.1973569
1.5280361,2.1430333
0.32197043,0.37986848
1.0162371,1.410107
0.3928073,0.4595568
1.3798147,1.9426224
0.6444645,0.8614264
1.5840945,2.2075868
0.48420796,0.6086858
1.8139861,2.4947867
1.1613613,1.6265018
1.1351578,1.574921
1.9853015,2.682277
0.410245,0.5000372
0.47879598,0.5824432
1.6956428,2.3558176
1.3518022,1.881764
1.3140289,1.8566067
1.7096709,2.3671975
1.8694396,2.5460455
1.1760893,1.6290816
0.5018315,0.6415584
0.5363906,0.68009174
1.7523835,2.4056206
0.2949495,0.36655447
0.83609414,1.1433847
0.32083932,0.37798515
1.368732,1.9077492
1.3307625,1.8725989
1.7973896,2.4712994
0.78136295,1.050738
0.45967895,0.57867056
0.728157,0.9663119
1.3945143,1.9489632
0.19261453,0.22182336
0.16707543,0.18689062
1.8942277,2.5810428
0.1721549,0.20962933
1.9257718,2.6315238
1.4500861,2.0187085
0.96552396,1.3282694
0.1250359,0.12833326
0.8578979,1.1747198
1.7940162,2.476944
1.269902,1.7941387
0.6633262,0.85551167
0.97355324,1.3480008
1.2165793,1.7033613
0.4802147,0.60786414
1.5005931,2.1039226
1.321432,1.8620185
1.307697,1.8314468
1.5314146,2.1514187
1.4721094,2.050407
1.0483234,1.4744154
1.7236567,2.3917572
0.9865423,1.3556812
0.6672259,0.86167026
0.5712955,0.73156166
0.24407321,0.25955185
1.4800345,2.058293
0.065941796,0.06395762
1.6142205,2.2271044
1.70502,2.335936
1.2520461,1.7562631
0.50261927,0.64827645
0.40174186,0.4973719
0.14664042,0.12826972
1.8023177,2.4713612
0.9968703,1.3810377
0.7628022,1.0370543
1.9838308,2.6906614
0.15974388,0.17378724
1.56737,2.1856673
1.7272371,2.3621604
1.5949674,2.210153
1.7388616,2.4039605
0.6124272,0.7983263
1.9050041,2.5806243
1.7596571,2.4202302
1.3010422,1.8281962
1.8162599,2.4882278
1.6594028,2.3002205
1.636642,2.2528272
0.17941499,0.20145148
1.0519578,1.467564
0.6869462,0.90347356
0.36911008,0.44123775
1.2387426,1.7271081
1.3134567,1.8285468
0.6635107,0.8754344
1.1742617,1.6329974
1.6250591,2.259511
1.4200909,2.0133471
0.58820176,0.759183
1.997013,2.7073317
1.7467122,2.409177
1.5311205,2.1160493
1.967693,2.6647015
1.6788679,2.3004203
1.5380901,2.1514394
1.6974875,2.3401244
0.20313969,0.22110407
1.157793,1.6155647
0.6163483,0.8005113
0.9681151,1.3507781
1.7439073,2.3901794
0.63890725,0.8328274
0.18754025,0.18614107
0.11802946,0.13198103
0.6278953,0.8033197
0.5053736,0.642577
0.030080112,0.03229052
0.684074,0.8980491
1.1657162,1.6419199
0.9015129,1.2482879
0.05925934,0.05804267
0.3168804,0.36975095
0.76336837,1.0137764
1.6296962,2.2769377
1.0664651,1.484895
1.1324403,1.5988632
0.9502515,1.3259448
1.7610027,2.425012
1.5487036,2.1429992
1.4989436,2.0943036
1.9457543,2.6380212
0.041134555,0.040280122
1.1439968,1.6077516
0.39357838,0.49130464
1.986625,2.6882646
0.5419864,0.7174907
0.23554078,0.25473
0.0695177,0.06684008
1.2981569,1.8318412
0.047358774,0.038672905
0.07306171,0.08706795
0.54403746,0.6957967
1.4417813,2.0127952
1.2886949,1.8196193
0.6680775,0.87276167
0.5204577,0.662248
1.7625582,2.4452646
0.8614367,1.1596265
0.32748762,0.3843269
0.646021,0.8645828
0.6871671,0.90868884
1.047602,1.4468037
1.2653003,1.7937459
1.0095754,1.4097192
0.2961072,0.34471297
1.4053054,1.9695648
0.13811693,0.13866426
1.1166453,1.563262
0.8187448,1.1301209
0.38608047,0.460539
1.4566109,2.0407982
0.73500544,0.99315125
0.97559124,1.3496387
1.3999977,1.9519274
1.660737,2.2975986
0.3332866,0.389856
0.7872522,1.0564241
0.15750942,0.17698964
0.1314548,0.11597286
1.0719262,1.4988874
1.1879048,1.6557288
0.3271462,0.3771488
0.30169147,0.34663978
1.3158393,1.8265092
1.6688905,2.3077705
1.9745442,2.6750495
0.5678286,0.73653525
1.8278742,2.5050159
1.4671489,2.0396397
0.055106163,0.05655575
0.5840509,0.7556371
0.89199555,1.2176996
0.6796473,0.9101542
1.8102889,2.475688
1.849609,2.5335777
0.6848901,0.9109532
0.79825777,1.0890487
1.5537895,2.1545188
0.31651115,0.37521872
0.24958181,0.2862192
1.4884875,2.0699944
1.0532291,1.4735616
0.36676282,0.43521807
1.7198081,2.372941
0.83385736,1.1378676
1.2331753,1.7304734
1.9680604,2.664349
1.896264,2.5707707
0.21867663,0.24552533
1.496647,2.0850132
1.5384973,2.1453815
1.6670936,2.3072376
1.8231716,2.5030847
1.5727842,2.1761544
1.0094227,1.3984909
0.96772563,1.3329847
1.5394957,2.1479914
1.119519,1.5607662
0.083273,0.0904404
0.35220692,0.39449018
0.2485938,0.27258834
0.22603662,0.25806594
0.81303287,1.0974798
0.25301507,0.30252928
0.87803,1.2084706
1.8394918,2.5237298
0.819133,1.0937834
0.996467,1.3965042
0.17110988,0.18012893
1.8053489,2.484367
1.6114297,2.2270305
0.9041108,1.2502956
1.0464723,1.4567428
1.8636775,2.5566704
0.8483336,1.1655445
0.243776,0.28280008
1.1837015,1.6522492
0.66156095,0.86746275
0.68289554,0.8985888
1.8220909,2.509223
1.336891,1.8751466
1.4336488,1.9961411
1.428241,2.0159996
1.2528409,1.7586359
1.9221117,2.6287072
0.48087978,0.5912132
0.9227987,1.2779757
1.3521507,1.9034483
0.29292506,0.35290572
0.49461812,0.6099465
0.6135158,0.78568816
0.75164056,1.0145038
0.6839612,0.8989264
0.10985022,0.12727237
0.74418414,1.0179935
0.36796027,0.43666676
0.1805853,0.19383995
0.51758313,0.6467733
0.46325177,0.57381284
0.27924535,0.32823825
0.26214057,0.29681295
1.4382387,2.030885
1.9915252,2.7101107
0.07625861,0.08313429
1.0078846,1.3975319
0.32588148,0.36352935
0.25250682,0.30167314
0.3062806,0.35424414
1.3342711,1.8801018
0.23440191,0.2620819
1.1492329,1.5872431
0.453046,0.5572365
1.9120249,2.6137052
1.0003567,1.3723116
1.6337125,2.273908
1.8885324,2.5818062
0.6407028,0.82528424
0.024051903,0.019800102
1.9593828,2.6507237
0.34967667,0.41588113
0.8642303,1.1671062
0.8675812,1.2033159
0.27931273,0.32023123
0.9548769,1.319243
1.51534,2.1234827
0.80629337,1.0854168
0.2339402,0.26486206
1.1526017,1.6134263
1.8852775,2.5676267
0.15712316,0.16393553
0.53932506,0.694067
1.8715389,2.556289
1.2055656,1.6849836
1.0037881,1.408838
0.63246113,0.8424299
1.1619246,1.6177591
0.96443474,1.3292031
1.1617112,1.6387545
0.42664286,0.5392105
1.0274807,1.4370637
0.17565586,0.20008335
0.8694787,1.1857332
0.32083422,0.36482096
0.42334867,0.51318264
1.0847969,1.515805
1.7010332,2.3509738
0.9487179,1.2884606
1.428112,1.9993272
0.77967083,1.062108
0.0010853506,0.025526458
1.6011249,2.2176964
1.7917327,2.467489
0.62019986,0.8010346
1.9723368,2.6806753
0.13878143,0.13526492
0.37626854,0.43808922
1.3730124,1.9213316
1.3532239,1.9023695
1.8696145,2.5455463
1.6208847,2.2325227
0.38740355,0.48002815
0.4990928,0.6242314
0.20467405,0.21778925
0.55686915,0.71170634
1.0249711,1.4120057
0.48818848,0.5956729
1.4104987,1.9870569
1.8253722,2.5024142
0.38864222,0.47019485
1.9439675,2.6376262
1.8826461,2.5835776
0.6605803,0.86744285
1.086781,1.528204
1.4454627,2.0159106
1.6767935,2.314192
0.4397378,0.5310841
1.2856458,1.8079882
1.5559233,2.178095
0.7093611,0.93834376
1.6703613,2.3163915
1.2890391,1.8041353
1.0315374,1.4455589
0.32680896,0.3803479
1.9112849,2.6090076
0.3054985,0.3676344
1.3752692,1.9256529
0.079668,0.07705191
0.36133555,0.42861164
1.395773,1.9545083
0.88889414,1.2225356
1.8710482,2.5600846
0.9742902,1.357091
0.6296665,0.81945145
1.9904557,2.6837778
0.33353913,0.38942683
0.6323998,0.83613265
1.7730212,2.4542708
1.7347112,2.4041643
1.245058,1.7647829
0.32346055,0.37254658
1.0511085,1.4770693
1.3217261,1.8624111
0.6941539,0.9200642
1.8692472,2.5341253
0.5034909,0.6310201
0.40870345,0.4966729
0.784871,1.0467819
0.29607376,0.3422921
1.1668483,1.6317229
0.1222971,0.13312307
0.112696856,0.10964599
0.35031515,0.41377583
0.25271752,0.27779326
0.008037096,0.007707299
1.1811845,1.6402628
1.2350327,1.726761
1.8536425,2.5411115
0.045910742,0.041505937
0.15381633,0.16492729
0.8149924,1.105657
0.69394124,0.92868453
1.0745534,1.4976709
0.48008576,0.59655005
1.1052694,1.5456755
1.7453425,2.4127514
1.1319864,1.5731283
1.4827211,2.063836
1.2966838,1.8187432
1.6994244,2.361326
0.2651961,0.30063644
0.27072036,0.31809157
1.7911352,2.4732125
1.6600127,2.3121948
0.2801623,0.31098
0.25177792,0.29707164
1.6696372,2.3239021
1.937678,2.6415668
1.0525585,1.4623014
0.9597505,1.324764
0.35704744,0.42718494
0.06439365,0.07129794
0.5538889,0.6998392
1.9078144,2.5928879
1.3536592,1.9089725
0.23231241,0.26627514
0.101353735,0.10633697
1.4889815,2.080411
0.6640318,0.8818964
1.9599398,2.662717
0.9705888,1.3288932
0.6682283,0.89018255
0.4696619,0.60322607
1.4954234,2.0914495
0.92299443,1.2821285
1.4326984,1.9884372
1.1920394,1.6741331
1.8847488,2.5587714
0.038939204,0.037098274
1.2682341,1.782107
0.87262464,1.182803
1.5687263,2.1796525
1.377357,1.9228975
0.75210464,1.0169492
0.74066424,0.9884868
0.057151128,0.0557243
1.9824581,2.6937592
1.4970673,2.0989463
0.30059668,0.33932975
1.115292,1.5775206
1.8488755,2.545468
0.2905406,0.35313419
1.7410009,2.3998835
1.439895,2.0213428
0.64846843,0.8522819
0.37151393,0.4602253
1.258372,1.7517946
0.8682344,1.2059731
0.5664778,0.7321034
1.6749406,2.3210151
1.9886297,2.6889997
1.0610998,1.4856641
0.17736615,0.19723633
0.2700345,0.31468865
1.588476,2.2215402
1.8795316,2.5727246
0.2169163,0.2554062
0.3366098,0.38116512
1.8043871,2.4903588
0.99601024,1.3691969
1.9420754,2.642073
0.7902103,1.0449557
0.3719616,0.4457739
0.23080316,0.26809305
1.0668424,1.4781501
1.2141681,1.7160972
1.0250978,1.4075016
1.2110735,1.689422
1.454709,2.0168476
1.1810387,1.6511284
1.513461,2.0976908
1.1754013,1.6350324
1.949544,2.6677861
1.345282,1.8625903
1.5369678,2.13177
0.6991398,0.90817827
0.45353165,0.56939226
0.97974944,1.3627554
1.4076009,1.9563888
0.19020633,0.21438108
1.3669657,1.923173
1.247159,1.750563
1.6022019,2.2081792
1.9270859,2.6131642
0.946742,1.304711
0.064746305,0.057284936
1.485303,2.0589955
0.17870614,0.20525399
0.52684176,0.6685448
1.2621423,1.7801666
0.4095327,0.5133762
1.8485836,2.5245726
0.20683445,0.20741978
1.2138416,1.7042599
1.6277372,2.248068
1.0770568,1.5013855
0.09309224,0.102522
1.3231637,1.8523641
1.9859629,2.7001598
1.8027059,2.4828298
1.6165886,2.239035
0.3524328,0.40666455
1.8235794,2.4996822
1.139968,1.5966182
1.3859518,1.9407747
0.9025638,1.2382587
0.60357773,0.7934397
1.1696578,1.6264933
0.7889728,1.0683298
1.8220719,2.4967523
0.4179489,0.5158334
1.8858143,2.5847015
0.996202,1.3797699
0.18451299,0.22939424
1.3560605,1.8987448
0.16411601,0.17092784
1.6221778,2.2741523
0.73971266,0.98963845
1.3472031,1.8776354
1.1972156,1.6749141
0.62928724,0.81106865
0.64038336,0.8445102
1.9549152,2.6571543
1.1942515,1.6794739
1.7618742,2.426465
0.54506963,0.6927573
1.454918,2.0351055
0.63304794,0.8066075
0.23229496,0.27115864
1.2522798,1.7440498
0.74495864,1.0157578
0.23734422,0.268921
0.99197453,1.3671514
0.82478136,1.1296645
0.5402733,0.68835694
0.24475217,0.27129808
1.2191436,1.7104883
0.25571012,0.30655384
1.6177611,2.2434392
0.03421755,0.037472736
1.6926363,2.350051
0.49922615,0.6265786
1.2276149,1.7179456
1.2088819,1.6804315
0.6371184,0.84251714
1.2035418,1.676532
0.9401055,1.3018951
1.357321,1.9071722
0.6594058,0.86476636
0.8035638,1.0936522
1.4924963,2.0959284
0.12061508,0.15004365
1.9103823,2.599346
0.7399149,0.9775873
1.8661501,2.5565002
0.6303,0.8219561
1.601525,2.2232625
0.28591102,0.3225022
1.5042478,2.1013815
1.1014096,1.520823
1.2287279,1.7283797
1.6649231,2.3071973
0.9212109,1.2590648
1.4163523,1.9948149
0.18497856,0.21686527
1.9425328,2.632779
1.0228903,1.4077307
1.6613393,2.30183
0.0840088,0.08909016
0.28282362,0.32422325
1.3063092,1.8327484
0.62585986,0.80915177
1.5239849,2.1177602
1.5752198,2.2033882
1.372156,1.9367442
1.2098715,1.6842096
1.2385174,1.7236773
1.8249884,2.505449
1.807847,2.475345
1.3018196,1.8403447
0.7439822,0.98594904
0.32342246,0.37909868
1.3013917,1.8109324
0.79517126,1.0692344
0.8772045,1.1989129
0.8931759,1.2032114
0.7964867,1.0699884
1.6639833,2.3047616
0.20614687,0.2223744
0.9919807,1.3747855
0.6567656,0.8618029
1.5479647,2.1826942
0.46517164,0.58145356
0.8983285,1.2246474
1.5574707,2.1599774
0.81743413,1.1188499
0.61905164,0.7948454
1.397059,1.9637341
0.9395732,1.3103766
1.1501887,1.6157254
0.68454623,0.9153432
1.2672536,1.7805732
1.3307024,1.8703346
0.8818844,1.1952568
0.35796764,0.44471338
0.5592712,0.7356737
0.66777277,0.8700455
0.9540067,1.319003
1.8636209,2.5590997
0.05153354,0.0598883
0.4021257,0.5047864
0.023323804,0.031553846
1.2571949,1.7666265
0.46960363,0.5847158
1.9884942,2.6967928
0.39439094,0.4868546
0.90296245,1.2471464
0.6150889,0.79821444
0.5303758,0.6748095
1.9123529,2.6068032
1.7579675,2.4195192
0.015502743,-0.0008858486
0.72284424,0.9594804
1.3154879,1.8500103
0.94907546,1.3122468
1.9689075,2.682184
1.4314313,2.0094035
1.2178376,1.7250018
0.78954834,1.0608361
0.3396836,0.40004066
1.4200709,1.9652476
0.0736781,0.07057415
1.8552184,2.54307
0.76739216,1.0391009
1.1037304,1.5387173
0.8102936,1.0900767
0.73003155,0.99481374
1.9658232,2.662517
1.1254547,1.55276
1.7617863,2.4102798
0.3893785,0.48353374
1.0841784,1.5184703
0.9715773,1.3490514
0.7803589,1.0465809
0.9821227,1.3383387
0.48351082,0.5909808
1.5864861,2.1870282
1.2148556,1.7013062
0.23753749,0.28056666
0.96843106,1.3283151
1.8867676,2.5783844
1.8799062,2.5779245
1.9796549,2.6698315
0.44269475,0.55118847
1.6068879,2.2364826
1.1852257,1.6542195
1.542123,2.1652436
1.296607,1.8249286
0.47674325,0.60225827
0.18586697,0.20267436
0.9770022,1.3634098
0.77354825,1.0227827
0.8260473,1.119123
1.1591222,1.6175102
1.5377994,2.1393347
1.4530048,2.0252864
0.9541345,1.3256947
1.0632819,1.4750417
1.1647125,1.6288134
1.5158406,2.1423569
1.7614875,2.4278283
1.0534055,1.4615856
1.7263899,2.3776333
1.8679057,2.55321
0.39788958,0.479659
0.9317313,1.302559
0.66005874,0.8700294
0.2823915,0.3211574
0.52836657,0.69330966
0.8230464,1.111571
1.0398955,1.4309682
1.0272412,1.422187
0.6578567,0.8477354
1.9051638,2.6024776
0.104690954,0.110006586
1.529135,2.1370175
1.8421502,2.5196946
1.542593,2.1529093
0.25168642,0.3017468
1.7382358,2.406725
0.6020755,0.7903573
0.48010686,0.6058363
1.8839962,2.5895858
0.99944764,1.3872851
0.8889501,1.2189319
0.50114965,0.6302528
1.0457351,1.4473597
0.99025494,1.3698806
0.704843,0.95086986
0.67506063,0.88476443
0.5410695,0.6888138
1.4587735,2.0495327
1.7638026,2.4296386
1.1964223,1.6739556
1.0757446,1.5035286
1.4910852,2.091312
1.154644,1.6003804
0.61812323,0.81441617
0.86897135,1.1898397
0.81495476,1.0903412
0.83376306,1.1394334
1.2063583,1.7001483
1.06407,1.4813664
0.08479215,0.09305139
0.18592149,0.20801927
0.0062663127,0.018488297
1.7890288,2.4682915
0.7839695,1.0551318
0.93782437,1.2785435
0.039690774,0.031778097
0.8130744,1.1104202
1.3519294,1.9023963
0.5110861,0.6336371
1.2870469,1.7966548
0.16032694,0.1705854
1.0708703,1.505993
1.9491664,2.6444945
1.9062914,2.5887237
1.6326919,2.281767
0.94389075,1.300847
0.036517452,0.035248972
1.156382,1.6123282
0.18656628,0.19798839
0.42139897,0.51876837
1.1986449,1.6762202
0.77861476,1.040561
0.24275388,0.26637858
0.4140861,0.51370186
0.63895535,0.8464543
1.7247825,2.378856
1.8644805,2.551527
1.9856972,2.6963203
1.7124094,2.366669
1.9317813,2.6269264
1.0407565,1.4474064
1.0207912,1.4273382
0.78473294,1.054116
0.60221565,0.7783733
1.3111794,1.85213
1.5943978,2.2232928
1.9430292,2.6543586
1.2678524,1.7787038
1.5580378,2.1805115
0.612431,0.82104564
0.6435891,0.84825367
0.06413194,0.054570284
1.0341839,1.4291395
1.2844118,1.8019524
0.90036553,1.2351629
0.6292056,0.82941675
1.591765,2.198954
1.285324,1.791118
1.9300531,2.6277385
0.7785915,1.0490681
1.8411517,2.5120504
1.8865172,2.5960474
1.5747,2.1974494
1.2256619,1.7143831
1.1995057,1.6883436
1.9362949,2.628487
0.8857097,1.2355777
0.9581652,1.3164496
1.8605074,2.5432763
1.8265257,2.5240474
0.60389227,0.77656007
1.5453097,2.153216
1.070772,1.4898527
1.4093059,1.9589071
1.0804935,1.5102605
0.75104165,1.0161052
0.37993976,0.46326458
0.64400053,0.8445361
0.16657747,0.15943083
0.5336547,0.6831567
0.90515864,1.2360011
0.99286073,1.3652501
1.6854068,2.335534
0.13329108,0.13797025
0.11552907,0.115185566
0.5875512,0.77131426
0.10092364,0.10444083
0.036013838,0.032528557
0.9638534,1.3395166
1.1081383,1.54571
0.4986154,0.63217545
1.890398,2.561795
1.4076201,1.9502088
0.15597188,0.15931746
1.9116193,2.6045523
1.2333827,1.7397969
0.29471627,0.3264425
0.1764348,0.17968994
0.23373473,0.27369496
1.0257491,1.415299
0.966867,1.3257016
1.744718,2.4164348
0.31008133,0.3329859
0.51349705,0.6524183
1.5576102,2.1815333
0.97328144,1.3453509
1.2493886,1.7485663
0.82610923,1.130413
0.8332135,1.1361861
1.9563407,2.6360085
1.8742735,2.542711
1.3348868,1.8760381
0.5242706,0.65333724
1.5806068,2.202707
1.100453,1.540499
1.2621212,1.7710612
1.2211738,1.7003495
0.07022709,0.071981885
0.33355978,0.38338822
0.7905117,1.0664085
0.12434047,0.12974055
1.395659,1.9481124
0.44538078,0.55584973
1.8678125,2.5716994
1.7727553,2.4433153
1.2167734,1.6951532
0.45824802,0.5592872
1.2793703,1.7847542
0.30101436,0.35082185
0.92443436,1.2638737
0.6126635,0.8009855
0.65702254,0.86265945
0.57587904,0.73580426
0.55160284,0.7156145
0.9882024,1.3625181
0.6998216,0.92079306
0.5008436,0.61656183
0.4497287,0.5844438
1.5675559,2.188838
0.21760139,0.25556302
0.7570626,1.0151359
1.5208477,2.1183817
0.3703911,0.44034642
0.68479174,0.90102404
0.04388553,0.04327314
1.5167626,2.1162105
1.5693791,2.2001083
1.1099663,1.5542237
1.2821311,1.8042182
0.4241335,0.5333896
1.3371416,1.8584473
1.6820743,2.3251975
0.3797784,0.46736133
1.5075328,2.0965707
1.3181676,1.8328826
0.8529244,1.1513126
0.0031626408,0.01257145
1.6488976,2.300975
0.6887983,0.9107435
0.11930176,0.13059981
1.4994316,2.0936651
1.8281256,2.5099626
0.72612655,0.96073896
1.1427152,1.575012
0.83884263,1.1364268
0.62077785,0.8189483
1.6922312,2.3548706
0.15724048,0.16305357
0.42476588,0.5144126
0.34184325,0.4091344
1.821082,2.519413
1.5975641,2.2328672
1.5024898,2.110303
1.9592608,2.648319
0.29472542,0.3579335
0.90065485,1.230458
1.4978971,2.08624
1.3831823,1.9467851
0.34657022,0.41843832
1.4912306,2.0895505
0.89128745,1.2302213
1.6661286,2.3080184
0.3117576,0.37526712
1.3178698,1.8590059
0.14190473,0.1676981
0.30749902,0.36858013
1.0358446,1.424609
0.42552125,0.51778007
1.0697749,1.4882084
1.4161812,1.9846183
1.2945013,1.819842
1.5777545,2.1954324
0.5426231,0.69734806
1.8993001,2.593785
0.84180784,1.1352031
0.1904597,0.19357966
1.4641298,2.0363772
1.3104769,1.8235099
0.72576565,0.9497051
0.98242766,1.3681003
1.6148626,2.2597873
1.4749894,2.0563123
0.2309454,0.26481858
0.35192895,0.4348461
0.85376984,1.1706576
1.0278097,1.418544
1.8923218,2.5830295
0.20824684,0.21903746
0.59720224,0.7642844
0.9249029,1.2656361
1.9950391,2.6792502
1.5060296,2.1030583
1.747375,2.392557
0.7021513,0.9317416
1.1140573,1.5592049
1.8155054,2.4977539
1.1647409,1.6315209
1.5690535,2.1899424
1.2218082,1.7261283
1.4118838,1.989696
0.27043185,0.30704674
1.2683583,1.7703247
0.87735814,1.2202718
0.49686456,0.62243605
0.22249578,0.24485078
0.41132408,0.5118823
1.5109619,2.1152306
1.263922,1.7835612
0.7821655,1.057874
1.240861,1.7520765
1.6070837,2.2294981
1.7289536,2.3805048
0.679365,0.88676757
0.7809945,1.0737184
0.77708834,1.0373673
0.8048419,1.0847557
0.34777954,0.4163087
1.9737002,2.684072
0.28477603,0.34286132
0.27203813,0.30399975
1.4895966,2.0589113
0.3475165,0.417448
0.36432418,0.45858482
0.80361694,1.0898142
1.8767915,2.5634553
0.34487852,0.4257019
1.7700145,2.441369
1.805379,2.4715476
0.02519324,0.00940756
0.46475828,0.5539932
0.86627626,1.1743494
0.4765144,0.5982652
0.25198537,0.2886626
0.92807245,1.2607756
0.5867813,0.76037395
0.18784614,0.2035767
0.8367123,1.1638732
1.7117423,2.3606918
1.0988547,1.5122641
0.96684194,1.3508852
1.3056284,1.8367567
0.46533883,0.5924012
0.523037,0.65866524
0.61008745,0.81446016
1.0927985,1.5280063
0.7014405,0.9247811
1.4178648,1.9897748
0.5446923,0.6848244
1.2758216,1.7821214
0.044806194,0.031836458
1.3359377,1.8680791
1.2850996,1.8100222
1.6523308,2.2882535
1.4003222,1.9666919
0.08705104,0.09708542
1.72083,2.3812888
0.36855346,0.43507913
1.077431,1.4929248
0.54946923,0.6994013
0.034105085,0.049824137
0.24937615,0.29548436
0.2845479,0.33546466
1.1033108,1.5303537
1.6995751,2.350457
1.9408542,2.6536286
1.7902523,2.4626443
0.89060193,1.230651
1.9428574,2.633324
0.10648466,0.10198672
1.6487439,2.2778478
0.6016758,0.7634559
1.8347548,2.5073416
1.4254332,1.9940456
1.4850402,2.075038
0.7054503,0.929582
0.14950301,0.15756123
0.6081885,0.7734213
1.0925299,1.5347157
1.8281225,2.504494
1.72391,2.3804286
0.88119256,1.189244
0.11604846,0.13036591
1.5574504,2.1728466
1.8760493,2.5621772
1.3277407,1.8525978
0.16376045,0.18259436
0.041527864,0.03226558
1.8902686,2.5928872
1.8163215,2.5077093
0.16832656,0.17381905
0.9316935,1.2873886
0.27330348,0.30433437
0.8825222,1.1908673
0.59090465,0.75757647
1.5250136,2.1250277
1.9317479,2.6181147
0.24722728,0.28288224
0.9138201,1.259411
1.655957,2.3120983
1.6864197,2.3408585
0.70577395,0.9505543
1.0949813,1.5252762
1.427869,2.0034246
1.9520774,2.657247
1.524712,2.1190085
1.4707069,2.0578122
1.7789556,2.4553423
1.747443,2.411591
0.5318482,0.6767121
1.6711569,2.307073
0.36440495,0.4551898
0.35289785,0.41287753
0.19576153,0.21269357
1.268022,1.7914383
0.6654124,0.891714
0.4087743,0.49483344
0.6089412,0.79030854
1.2435002,1.7531968
1.9362717,2.645786
0.26283422,0.30382058
0.5069051,0.64537615
1.3882849,1.9471703
0.38652202,0.4430083
1.8231589,2.510665
1.1396157,1.5798312
1.1911411,1.6571906
1.906838,2.59848
1.4341507,2.00133
0.82630324,1.1165617
1.3209105,1.8722893
0.21470244,0.25075054
1.3015804,1.8285081
1.4185675,1.9960994
0.34389508,0.42451403
1.4683256,2.0435433
0.16981275,0.18100443
0.39762565,0.485772
0.94109106,1.29799
1.4214798,1.9858998
1.220144,1.7195948
0.3592823,0.42600536
0.08841661,0.07953296
0.83933544,1.1566741
1.327263,1.8760047
0.6879525,0.9309848
0.6778206,0.915223
1.215141,1.6995479
0.99312234,1.3723208
1.7903041,2.4437687
0.8336392,1.1244494
0.34655955,0.4146068
0.33922967,0.38554397
0.012609551,0.01854429
0.4633292,0.57960695
1.2505001,1.7450049
0.46198297,0.57904845
0.92041373,1.2727307
0.090472154,0.08391394
0.69579506,0.9182418
1.2477115,1.7512072
1.7010404,2.343359
0.37561935,0.42189828
0.38169464,0.46146065
1.0160905,1.4017751
1.5109004,2.0930698
0.90486264,1.2320491
0.10478347,0.095393695
1.1475036,1.6008304
1.5515009,2.1788504
0.3229652,0.38921213
1.9587202,2.6639972
0.61428195,0.79430705
1.4887425,2.0824683
0.12504959,0.14086893
1.2709146,1.7931184
1.2572806,1.7546064
1.3710544,1.9010861
0.82441115,1.138895
1.8290888,2.5219662
0.90137625,1.2373036
1.5357418,2.1366422
1.3205268,1.8452257
1.1687315,1.6287827
1.243168,1.7258775
1.7069083,2.3571258
1.8655938,2.5506933
1.6203337,2.2398553
1.2481674,1.749542
0.6853699,0.9173009
0.8135324,1.097514
0.48306635,0.6151445
0.60042095,0.78151053
1.9060307,2.602798
0.7179643,0.9471988
1.1813123,1.6679138
0.040911075,0.04520981
0.8536543,1.1692975
1.6919386,2.3513305
1.8497937,2.524413
1.1123617,1.5614157
0.98980016,1.3665982
0.067079164,0.06480448
0.8953976,1.2288649
0.86500746,1.1769266
1.2630293,1.7641848
1.2035474,1.6788272
1.6656966,2.3069897
0.012229854,-0.0010323091
0.8068975,1.0855955
0.5411706,0.6936836
1.6437593,2.2710626
1.8996902,2.5965543
1.0606935,1.4935292
1.5215415,2.1399837
1.8144557,2.474564
0.938016,1.2951531
1.0432347,1.4406241
1.455398,2.0239012
1.9988886,2.707172
1.4533381,2.0433376
1.0623436,1.4888324
0.30754474,0.34247544
1.3685448,1.9204874
1.3057618,1.8274652
1.0518507,1.4476638
0.78649753,1.068558
0.5073793,0.62453634
1.7023628,2.3542783
1.08096,1.515248
1.479477,2.0687642
1.1290095,1.5758346
1.9502947,2.6562111
1.2393235,1.7406471
0.057654634,0.06839686
0.87454486,1.1985079
1.5095162,2.116411
1.7132354,2.3764224
1.5768679,2.204879
1.274331,1.7664535
0.42634264,0.5162756
0.19040081,0.21904193
0.6812798,0.9062993
1.1280295,1.5778128
1.2383559,1.741163
0.7455368,1.0074456
1.0875226,1.5155897
0.21563876,0.22550872
1.7035607,2.3770247
1.202198,1.6811396
0.20459689,0.228986
0.2363351,0.24588022
1.6269666,2.2665405
0.46195465,0.5647119
0.5407481,0.6850313
0.38077992,0.45655704
0.43966562,0.55460984
0.27427098,0.33327383
0.79936135,1.0849158
0.14856292,0.16648336
1.7419318,2.40661
1.205795,1.6841111
0.63947755,0.82064897
0.65924215,0.8812125
1.0786623,1.5072361
0.20814665,0.23440944
1.96876,2.6845715
1.4375987,2.0009518
0.4312847,0.5208244
1.6695403,2.31473
1.179993,1.6581174
1.5769936,2.2008777
1.7230426,2.389156
1.284076,1.8124036
1.3474021,1.8823766
1.6482581,2.3137414
1.1260288,1.5665941
0.9308239,1.2857914
1.4281362,1.9986686
0.78739226,1.0615046
0.94053686,1.3169377
0.7184238,0.9720399
1.729111,2.390137
0.86969113,1.190875
1.6001506,2.2038193
1.5521748,2.1570525
0.028795497,0.027086485
1.7741207,2.4384074
1.1059096,1.5462427
1.1126629,1.5510111
0.67904234,0.900329
1.6629057,2.3061395
0.25978538,0.30297497
0.9551503,1.3218281
0.49708346,0.64211416
1.5267999,2.1297252
0.38737577,0.47932673
0.27212575,0.3000051
0.3949764,0.4710067
1.760123,2.412737
0.813803,1.1225008
0.049734484,0.051664814
1.5217316,2.106993
1.3389024,1.8666022
0.9418392,1.3026487
1.9947928,2.6973467
0.66843265,0.8745178
0.99285376,1.3626604
0.669821,0.8956032
1.0589585,1.4886876
1.9124818,2.6186953
0.059733152,0.07607743
1.4535323,2.0361
1.0913186,1.5191034
0.5381848,0.66478425
0.6467937,0.84005326
0.36275572,0.43252346
1.061702,1.4836224
0.03332166,0.031025369
1.5817121,2.20109
1.379215,1.9206827
0.76341134,1.0414349
0.463303,0.5751794
0.9942354,1.3736378
0.6749383,0.8775571
1.566069,2.1968553
0.71753824,0.93617576
1.4457262,2.0252783
1.2452775,1.7391046
1.1238371,1.5694883
1.7567141,2.4207757
1.2812651,1.8011206
1.8834503,2.5737758
0.94580156,1.3081677
0.7556805,1.0110288
1.244774,1.7417338
0.87418205,1.2045709
0.9341154,1.289798
0.6986371,0.9365918
1.4357054,2.0012455
1.2529912,1.7550614
1.1014565,1.5301251
0.89737874,1.2301145
1.2980168,1.8103327
1.8013045,2.4686077
1.5140456,2.1212692
0.5361042,0.67218333
1.3259262,1.8607593
0.11591761,0.13549623
1.7607538,2.417507
1.082523,1.5178928
1.3692292,1.9106609
0.9900079,1.3688052
1.1401616,1.6038182
1.4543724,2.0233433
1.7483413,2.4375782
0.36233696,0.43166378
0.6008422,0.80082434
1.8597058,2.562468
0.06775887,0.073492005
0.5443316,0.6804611
1.0188684,1.4215887
1.671514,2.3056035
0.8207916,1.1144481
0.4461237,0.5502102
0.6115994,0.79402345
0.5278305,0.6682524
0.30844048,0.35398966
0.82212573,1.1089814
0.95277846,1.3098361
1.2717955,1.7934643
1.1907177,1.653629
0.7704787,1.0305817
0.39322627,0.49536029
1.5049181,2.0994136
1.2188622,1.7143658
0.7502495,0.9984193
0.4379702,0.52602017
1.3862239,1.9460322
1.3505759,1.8891361
0.8865244,1.2254841
0.65525645,0.8553525
1.8520375,2.536422
1.428184,2.0136445
0.36651456,0.4460375
0.57961106,0.7463614
1.7871176,2.4616442
0.48695466,0.6180264
0.46799502,0.5802459
0.11176282,0.10180635
0.8312743,1.1136692
0.8178146,1.1099738
1.4155911,1.9794973
1.8753833,2.5740123
1.8521702,2.5500586
0.657362,0.87047297
0.71212083,0.9546188
1.8744175,2.5786712
0.14851275,0.14129208
0.74651474,0.98577684
1.2788686,1.7817364
0.06777022,0.057195544
0.68441504,0.9042072
1.0411321,1.4502819
1.7853235,2.4590447
0.48305345,0.6088442
1.5470381,2.1596866
0.9055986,1.2424246
0.990145,1.3661733
0.017711645,0.0036961776
0.6139287,0.7976511
1.779847,2.45536
0.9684028,1.3499714
1.2482795,1.7412933
0.36463746,0.45862067
1.963376,2.6751223
0.78034586,1.0592228
0.7421267,0.99604666
1.7354608,2.3683918
0.37634975,0.4557528
1.5030029,2.0964465
0.6990901,0.9407095
1.2701689,1.7800708
1.7845631,2.4674895
1.536019,2.1355171
1.3307153,1.8618851
1.0838475,1.5075222
0.07092113,0.07847712
1.1749464,1.6537077
0.9079913,1.2460735
0.6666595,0.88721824
0.9150427,1.2607236
0.33591047,0.38188332
0.38090947,0.46720013
1.9844978,2.677021
1.6281127,2.2414958
1.5345589,2.134641
1.5824536,2.1913393
1.2698052,1.7838795
1.9937055,2.7064338
0.88370395,1.2173852
1.8275633,2.5057096
0.72785604,0.9657013
1.0534488,1.4599823
1.4940284,2.0861442
0.9051295,1.2454982
0.814636,1.1152899
1.3963087,1.9399482
0.05964513,0.06936473
0.7139816,0.9533892
1.057982,1.4936082
0.41882205,0.5136666
1.6535836,2.3088992
0.036169164,0.037347186
0.37589633,0.4545747
0.74034756,0.99332345
1.2105601,1.6960403
0.62948895,0.8242977
1.9873099,2.7038274
0.29966217,0.36044392
1.1421459,1.6007017
0.5562329,0.7204313
0.5967249,0.76779675
0.031646863,0.043234304
0.5992229,0.7768717
1.6510018,2.3011181
0.53206176,0.6847813
1.1491344,1.5979913
1.5381012,2.1432369
1.5751847,2.1955903
1.9078041,2.586798
1.2766491,1.7747883
1.9307121,2.632107
0.29649848,0.33701167
0.31518766,0.36070728
1.0340469,1.4479604
1.6372389,2.2926888
1.7110006,2.3670683
0.8952717,1.2383627
1.9331658,2.6447308
1.8630847,2.5333042
0.76260555,1.0289593
1.0142401,1.4211488
0.94162214,1.309154
1.9394507,2.642807
1.6079106,2.230637
1.0375203,1.4534327
0.052948475,0.05540682
0.06825857,0.07216643
0.47954085,0.58092856
1.4262604,2.004481
0.5848658,0.747435
0.07201043,0.07474242
1.37787,1.9294288
1.135959,1.5958858
1.8009415,2.464145
1.814217,2.487333
1.9890507,2.6929631
0.5969236,0.7605856
0.5927751,0.7804074
1.9588249,2.6615763
1.945043,2.6297941
0.40383005,0.46793392
0.9316784,1.2874599
1.1114732,1.549717
1.8319255,2.5178795
0.2464665,0.2831869
0.5533525,0.7007185
0.53537536,0.6668334
1.8585072,2.5552647
0.3200901,0.37553567
1.1096807,1.5328792
1.2563783,1.7792524
0.85302186,1.1646285
0.028536642,0.014532666
0.19235648,0.20294274
0.69929856,0.93349046
1.6797552,2.3127396
0.52439195,0.6553793
0.4951696,0.61572933
1.9875681,2.6938455
1.6764863,2.3269744
0.4325665,0.53097326
0.36282608,0.41600004
1.3430303,1.8929441
1.0773194,1.5029542
0.2022944,0.2102692
0.25031888,0.2945638
1.0798709,1.5065739
1.0837724,1.5189984
1.4802647,2.0663576
0.5472784,0.6868246
0.8275032,1.1165917
1.9574109,2.6611352
1.844689,2.5229456
1.23842,1.7291713
1.5051557,2.0786097
1.7826852,2.4406388
1.1327887,1.5757582
1.9476905,2.6537426
0.5334332,0.68222326
0.34102228,0.40719193
1.0527647,1.4729555
0.8519314,1.1671392
0.9534064,1.3041948
0.1929743,0.21059589
1.9404976,2.6401803
1.1161141,1.5665787
1.7015941,2.343009
1.3662941,1.9090737
0.3604153,0.43432358
0.8290906,1.1253992
0.08049731,0.10053417
0.9954027,1.3695222
0.3493015,0.42406178
0.0210617,0.020171875
1.4485118,2.0219069
1.7544391,2.4267254
1.2613376,1.7908052
0.33937833,0.37482935
0.7136588,0.94417346
0.30458716,0.33979815
0.5904092,0.76451534
0.9679918,1.3335437
0.707927,0.9479369
1.5285444,2.1162837
0.84934944,1.1462237
0.2371809,0.26243222
1.1528708,1.6016076
0.9434575,1.2790773
0.4936862,0.6171781
1.2042891,1.6910858
0.55916333,0.7141092
1.2822914,1.8134221
0.48169103,0.601099
0.02742222,0.03299907
1.6378489,2.2742841
1.12549,1.5757241
1.1430318,1.6017994
0.0076126945,0.017158953
0.31328306,0.36134902
0.82479364,1.1188583
1.9308298,2.6279643
1.4452605,2.020537
0.2795133,0.313466
0.9013311,1.2041053
1.0834987,1.4974201
0.8014083,1.0914613
0.33948848,0.40527278
1.3059815,1.8324124
0.97775406,1.3569161
1.8865573,2.580038
1.4108303,1.9951296
0.26447827,0.3024236
0.56338453,0.7342585
0.90833443,1.2556627
1.117132,1.5556264
1.1336099,1.5749829
0.906579,1.2419997
1.751681,2.4144
0.7824208,1.0512506
1.547603,2.1564481
0.69949985,0.9202541
0.5723182,0.7323347
0.6918739,0.9174926
1.3536099,1.8956776
0.7637926,1.0294005
0.38887456,0.46469322
1.1400396,1.588128
0.3045107,0.35568058
1.1667329,1.6404834
1.1212074,1.565528
1.9549414,2.6589322
0.3603872,0.43237293
1.993591,2.6999118
0.29573745,0.34951428
1.6934122,2.343981
1.6973733,2.3614771
0.46994433,0.57859993
0.15453129,0.16893934
0.41518167,0.5039314
0.7271725,0.9672007
0.8737379,1.188658
1.2803301,1.8016934
1.2069707,1.6935464
1.5008687,2.112029
1.396832,1.9562224
0.04884492,0.057830647
1.5301476,2.1290202
1.1069338,1.5439216
1.8878038,2.5676558
0.5678348,0.7317859
0.6813104,0.90918136
0.73492706,0.99747
1.2812853,1.794866
0.67489105,0.89229757
0.6159938,0.8116626
0.3666549,0.45316377
0.69505656,0.9176573
1.4195603,1.9977449
0.6311241,0.82877296
1.454921,2.038041
0.8388507,1.158062
1.4276799,1.9802932
1.7710398,2.4320717
0.0728047,0.07135125
0.70741117,0.9463763
0.75166273,0.9987628
1.1472706,1.6101787
1.0109273,1.3963215
1.3705194,1.9262738
0.01116251,0.010355804
1.842342,2.5432327
1.1549244,1.6045498
1.3417984,1.8874915
0.70919275,0.9467378
0.47245854,0.58571684
1.3745399,1.9301274
1.7678759,2.429572
0.38399655,0.46377498
1.916505,2.6064293
0.37764677,0.45559594
0.99218273,1.3780828
0.5812329,0.7479612
1.2599462,1.7721559
0.22313102,0.24695471
0.0023878335,0.0050704787
1.5505989,2.1497543
1.6552273,2.2911823
1.0133121,1.4049857
0.95791495,1.3376951
0.13202615,0.14346258
1.6848513,2.3336241
1.5938213,2.2265062
1.6556666,2.2875154
0.4700135,0.589753
1.1097779,1.5538576
1.6529264,2.286907
0.58609575,0.7620153
1.7359756,2.3825502
1.2702303,1.7854371
0.86336726,1.1967942
0.7877089,1.0715309
1.5906324,2.213797
1.8615801,2.5420978
0.04811283,0.066752486
0.16269074,0.15399121
1.8606837,2.541379
1.8173438,2.493408
1.8096824,2.479894
1.9691892,2.6689124
1.7025857,2.3665137
0.16083482,0.17056134
0.9913651,1.3779074
1.096821,1.5293497
1.7149496,2.364617
1.4886729,2.0936866
1.8891388,2.5761771
0.09932769,0.11661394
0.080682434,0.09380507
1.865625,2.5432181
1.6497164,2.2879157
1.7450193,2.4293673
1.8469925,2.5253341
1.4595938,2.0476732
1.3457357,1.8932817
0.3984045,0.47772637
0.9355312,1.2960838
1.8716252,2.5455732
0.6647867,0.8845629
0.7575971,1.0187854
0.28863662,0.31354728
1.1313877,1.5777328
0.40067685,0.47116065
1.4158272,1.9733095
1.789741,2.457934
1.9152496,2.6173985
1.1671624,1.6217786
0.40175807,0.483142
1.582304,2.1904542
0.14900044,0.15239736
1.4088091,1.9872428
1.2696247,1.782384
0.59858215,0.76153195
1.6827872,2.3417697
0.34018344,0.4132294
1.8378283,2.516685
0.38962892,0.47866005
0.96379006,1.3483511
1.6988914,2.3510437
0.6795379,0.8892422
1.9236537,2.6285155
1.0236127,1.4150648
0.7741386,1.0361384
0.84158915,1.1373556
0.1844733,0.2092674
0.6772708,0.90499073
0.5311378,0.67137897
0.0794347,0.0949423
1.9025568,2.5919156
0.6746289,0.88949645
0.49012333,0.60476995
1.6424538,2.2742658
0.25910118,0.30572706
1.5185759,2.11413
1.7864288,2.4495723
0.6111181,0.78479135
1.2942352,1.7960182
0.6314412,0.8152606
1.0388471,1.429855
0.5696737,0.72504616
0.82905716,1.1245295
1.3142418,1.8394923
1.1990974,1.6811723
0.101178914,0.11073467
0.93156743,1.2727073
0.2348035,0.2775312
0.69380295,0.9267521
1.7889949,2.469031
0.022187058,0.022168387
0.5421166,0.6986571
1.1166072,1.5781649
0.6396694,0.84738165
1.2088202,1.6998283
0.9474266,1.2850842
0.88447046,1.2179488
1.5529841,2.167511
0.33137336,0.38509828
1.3777479,1.9239198
1.3201009,1.858184
1.6935896,2.3589537
0.6546971,0.8590066
1.3787285,1.9267844
1.3938538,1.9431062
0.9553207,1.3035601
0.88091415,1.2050827
1.413855,1.9866298
0.93669164,1.2959437
0.3526836,0.40957925
1.6302062,2.2690291
0.40744233,0.49328437
0.3700642,0.42909315
1.4748046,2.0424266
0.46217072,0.5754416
0.4642627,0.592898
1.3515433,1.8755456
0.11558305,0.12622608
0.44418302,0.54662144
0.8765699,1.1976787
0.57160896,0.7403445
1.2858427,1.7948815
0.17387398,0.19764838
0.808955,1.1048573
1.3732603,1.9336405
1.5437785,2.1595123
1.5604831,2.1662931
0.8651091,1.1791896
0.62603456,0.80729955
1.356106,1.8962821
0.48897883,0.60834587
1.8193417,2.504633
0.3995594,0.4837679
0.68723917,0.8928672
0.08818806,0.09548153
0.05450162,0.053121477
1.444431,2.0295122
1.6045269,2.2361288
0.27879167,0.31466633
0.54710305,0.70054656
0.32626325,0.3990013
0.49269024,0.5999958
0.53435165,0.6854639
1.5833781,2.195494
0.2443872,0.26412535
1.2000039,1.6794417
0.53832024,0.6835012
0.9669992,1.3367754
0.5734138,0.7370422
1.3653027,1.9034159
1.2846873,1.808853
0.5510046,0.69956815
1.1585163,1.6395745
0.26635247,0.3104875
1.8377463,2.5287764
1.9024001,2.5976243
1.9260073,2.6420894
1.3965387,1.9636369
0.9592733,1.3381511
1.8802477,2.5766356
0.09517901,0.1018557
0.94940424,1.3091067
1.6384374,2.2771823
0.9066312,1.2440408
1.6585467,2.3092587
1.9346505,2.6360419
0.49514708,0.62945664
0.36147496,0.43694943
1.8953463,2.5843136
0.44701472,0.54489434
1.2564281,1.7704952
0.88136464,1.213836
0.71549475,0.9485496
0.25998804,0.27630174
1.1428992,1.6043339
0.6192036,0.8189662
0.8994324,1.2252849
1.2964274,1.8217725
1.97681,2.6938584
0.6931371,0.91213065
0.7829762,1.0373145
0.7735463,1.0550393
0.90455276,1.2264842
1.0698191,1.492063
0.061088014,0.068545595
1.6830047,2.3278449
1.1719128,1.661486
0.8494252,1.1592395
0.0030135375,0.008251435
0.5818181,0.7464016
0.5812564,0.7529311
1.3851377,1.9446809
0.3200127,0.37280127
0.1943442,0.20555772
1.4690894,2.0402927
0.9621917,1.3222365
1.5287691,2.1496387
0.42646983,0.5051939
0.29823,0.36244902
0.13585684,0.16414985
0.80703014,1.0929235
1.0103672,1.4171083
0.92168665,1.2678206
1.5099101,2.1041968
1.2730869,1.7778016
0.6745832,0.8870117
0.9934745,1.3818896
0.5172248,0.6534873
1.154266,1.6097207
0.22365838,0.2389656
0.12562169,0.11935273
1.4357259,1.9962857
1.4083875,1.964763
1.1754905,1.6797484
0.60211706,0.7919802
0.330654,0.40316048
0.89866525,1.23385
0.22346504,0.2398654
1.2879382,1.7890348
1.06298,1.4849302
0.873119,1.1929691
0.059037954,0.059286572
1.4010053,1.9542508
1.7547289,2.4163404
1.3916498,1.9319857
1.0821679,1.5007383
1.4931973,2.0826852
1.4694978,2.0652425
1.4816037,2.065709
0.44798908,0.56589705
0.2639504,0.30073178
0.24680297,0.26822704
0.17270121,0.18544607
1.7629201,2.4363828
1.0089744,1.4057587
0.3685225,0.43270385
0.8428432,1.1645494
0.14838772,0.16658205
0.37351814,0.46254393
1.4994844,2.0973034
1.1754361,1.6584538
0.3177554,0.3686895
1.1743505,1.6513517
1.0933694,1.5181049
1.3227017,1.8691446
1.8943064,2.5638273
0.29478115,0.35823107
1.788884,2.4435668
0.5461684,0.67588484
0.6589649,0.8550226
0.94233036,1.3008736
1.5422176,2.1538653
1.4230888,1.9977604
0.96051764,1.3200569
1.6279979,2.260092
1.2271181,1.7156084
1.881055,2.5699806
0.92762053,1.280686
1.5080364,2.1042612
0.13051763,0.14152639
0.64268136,0.8285633
1.8326107,2.5234828
1.0333037,1.4424416
1.9028826,2.5987215
0.0129673015,0.004926061
0.942482,1.2922566
1.4533366,2.0306585
0.65579826,0.87325615
0.9286938,1.2689034
0.33322343,0.3798054
0.86590576,1.1747384
1.0137677,1.4144665
1.2006419,1.684411
0.9245987,1.2793955
0.42470694,0.5123477
1.9225327,2.619169
1.5505226,2.1696126
1.6246077,2.2494724
1.2742996,1.8028985
1.6801982,2.3348277
1.1749978,1.6413337
1.6258028,2.2734087
1.8649306,2.5472145
0.18127027,0.18603425
1.4169756,1.9838828
0.7077445,0.93637174
0.67260116,0.88878375
0.2878387,0.3439271
1.9259782,2.622441
1.4925807,2.079609
0.13046493,0.13979566
0.9121367,1.2627544
0.87159324,1.1822715
0.19098225,0.19275959
1.3445499,1.8782705
0.32623094,0.37858072
0.28932753,0.33347943
0.77440804,1.0387242
0.42969298,0.5213094
1.7687733,2.426023
1.5348037,2.1316202
1.5133654,2.1244893
1.0778643,1.497422
1.0029217,1.3739475
1.5237784,2.1196175
1.5106995,2.1192276
0.63781476,0.82965976
0.54573655,0.69541174
0.4850739,0.6090247
1.6702424,2.3126822
0.7434825,0.98681784
1.4626704,2.0416615
0.82160205,1.1111258
0.84376657,1.1491599
1.1549996,1.6374893
1.4436927,2.0133522
0.5615051,0.7360648
1.7263035,2.3735938
0.8614941,1.1698071
0.7110206,0.93588054
0.5139261,0.6411231
0.6365596,0.84524393
1.5776587,2.196329
0.16615225,0.16390756
0.305468,0.34716892
0.73153657,0.9542255
0.3319218,0.38943574
1.1803218,1.650865
1.5327235,2.134542
0.30975878,0.3736352
0.71474606,0.9418766
1.9418114,2.643834
0.51588774,0.6438321
0.51431274,0.6604032
0.27587548,0.3005832
0.06324844,0.059201345
0.29320082,0.35915628
0.5804916,0.7425064
1.4749255,2.047213
1.2351567,1.7332162
0.29798228,0.36004218
1.122937,1.572653
1.396623,1.95867
1.7157227,2.3605373
1.924005,2.626061
1.4040626,1.9598974
1.7968931,2.4624696
0.60515857,0.76872325
1.3119742,1.8343872
1.1699882,1.6230373
0.6758949,0.8851962
0.45593175,0.5618986
0.031049816,0.043218847
0.19263951,0.19525737
0.53764355,0.6840638
1.8720092,2.5642762
0.594602,0.7615082
1.2281449,1.713639
0.00881528,0.023047542
1.2731258,1.7736453
1.5328101,2.154955
1.7232192,2.385163
0.39749098,0.49859568
0.2285299,0.26346058
0.95118016,1.292599
1.2374531,1.7400569
0.7723486,1.0294545
0.3409284,0.40397894
1.5811565,2.2098877
1.1815381,1.6555113
1.5440415,2.15219
1.616676,2.2499669
1.5101255,2.130713
0.3567572,0.43616986
0.05041323,0.02948437
0.39148337,0.48652434
1.9451679,2.6451998
1.342327,1.8831702
1.9841609,2.6924853
0.27421027,0.32495674
1.6794742,2.3101058
1.0599637,1.4730629
1.7686888,2.442042
1.1510075,1.6170845
1.3269382,1.8801856
1.325923,1.8610773
1.8032725,2.4779794
0.56801337,0.7174274
0.70477515,0.9298887
0.14898297,0.15252967
1.0673625,1.4879189
0.78541106,1.0525384
1.1630176,1.6186472
1.8779826,2.5644689
0.40731096,0.4903479
1.1981695,1.6509202
0.32388514,0.37634447
0.5783102,0.7424791
1.1840558,1.651897
0.7662766,1.0237328
0.69359213,0.9375092
1.7179646,2.3667166
1.7403165,2.3974073
1.1081493,1.5595965
1.7555068,2.4142027
0.9831175,1.3579203
1.6486405,2.261157
1.8588684,2.538345
0.8094884,1.1012708
0.29114118,0.3530292
0.1747856,0.1844649
0.808112,1.0862415
1.438521,2.0127077
0.06487451,0.065906875
0.6654456,0.87555164
1.5043397,2.1069033
0.65918034,0.8817392
0.8427902,1.1521778
0.054698363,0.06275694
1.6398946,2.2857
1.213929,1.7149986
1.9738309,2.6830003
1.2387527,1.728495
0.7283625,0.98268646
1.9780748,2.7032685
0.7229664,0.9590508
1.3837816,1.9421165
0.4672217,0.58650666
1.9724405,2.6803591
1.2061328,1.6949285
1.814374,2.4824374
0.31258127,0.37436584
1.2154483,1.7157661
1.2669412,1.7687579
1.6032095,2.2196665
0.11110792,0.116824284
1.6965599,2.3505468
1.3609757,1.9069741
0.0562549,0.058412362
0.62808204,0.817041
0.83533686,1.1403526
1.8394179,2.5029643
0.6360238,0.82399184
0.8883296,1.2146537
0.9398265,1.300913
0.109755024,0.12685296
0.9009545,1.249587
0.7513673,0.99822944
0.46656314,0.5643293
0.2747682,0.30202097
1.0722334,1.481592
1.0804169,1.492023
1.3342396,1.8607315
1.1993666,1.6765975
1.671608,2.3344033
1.1632383,1.611777
0.5272633,0.6692285
1.7906191,2.4547439
0.39876089,0.4706891
0.0712794,0.09036507
1.8099233,2.4806714
0.5392677,0.68519986
0.2712617,0.31864426
0.9067148,1.2408925
1.5729543,2.174887
0.5744901,0.7524267
0.4702734,0.57772756
1.3599885,1.9101225
1.3092687,1.8311516
1.5941257,2.2171803
1.7037734,2.3601391
1.0026426,1.3943692
1.7150621,2.3735673
1.9017452,2.589307
1.555109,2.1553526
0.754198,0.99810284
0.9382141,1.2942301
0.692391,0.9195496
0.07910961,0.07919606
0.7911946,1.0679746
1.6309403,2.260606
0.5744867,0.757345
0.91649854,1.2492605
1.6369307,2.2602408
1.5413176,2.1508331
0.93099207,1.2805591
0.009986813,0.0011237657
1.0308781,1.4235774
1.0242262,1.4212346
0.30780903,0.35562998
1.139397,1.5778528
1.7218335,2.3807826
1.8064609,2.4838264
1.2125812,1.7149147
0.5687187,0.7335887
1.1700352,1.6431329
1.199703,1.6856544
0.98971,1.3813744
1.7849087,2.445184
1.3324624,1.8670757
0.6948915,0.91923094
0.7363492,0.9901255
0.3645505,0.43062592
0.7578213,1.035508
0.84012944,1.1483585
0.7212943,0.96950024
0.7112193,0.93894076
0.11161545,0.116668224
1.0196751,1.4111731
0.8632335,1.1762961
1.2589129,1.7743341
1.23001,1.7258047
0.80718756,1.0803732
0.819862,1.0942954
1.426555,2.0113592
1.4048796,1.952615
1.2837933,1.7936727
0.0021618728,0.0155539205
0.80489033,1.0843246
1.05278,1.460571
0.37553632,0.4483277
0.9213483,1.2658076
0.5219792,0.6551791
1.9089211,2.5979326
1.3425866,1.8931798
0.12918536,0.14097433
0.62197024,0.8012209
0.48805517,0.63064307
0.79496133,1.0892856
0.008946697,0.014909223
1.54385,2.1525898
1.2362969,1.7283487
1.154019,1.6230588
1.3211706,1.8761634
1.3831557,1.9601716
1.6362753,2.2635374
1.6415206,2.291223
1.8928689,2.5770533
0.14348295,0.16870093
0.7047621,0.9341733
1.356588,1.9054582
1.0819292,1.4996285
1.8455175,2.512699
1.785639,2.4602754
1.7211171,2.3766537
0.3860711,0.44948637
0.42188644,0.5216745
1.3951542,1.9462948
1.9140502,2.5881479
0.6704673,0.87622905
1.834864,2.5336199
1.870398,2.565524
1.0029649,1.3957143
1.543633,2.160079
0.33842334,0.3925814
1.4019755,1.946593
1.5303518,2.1300485
0.53640395,0.6863768
1.1345705,1.5865809
1.5610474,2.1719694
0.20097484,0.2255562
0.057162475,0.06623074
0.32771873,0.37958696
0.5301837,0.67824626
1.1578542,1.6338214
1.8217666,2.5141032
0.87570536,1.1895548
0.7895834,1.0778108
1.4071581,1.9647204
0.04880112,0.053700782
1.6846658,2.3452787
0.8355353,1.1131623
0.24073021,0.25796035
1.0188507,1.408593
1.0458697,1.4480857
0.7543033,1.000607
1.522309,2.123685
0.32957008,0.38235912
1.9393182,2.640845
1.7954131,2.462891
1.4569483,2.0570912
0.43141687,0.52617484
1.1939952,1.6764982
1.1778568,1.6639514
0.7023506,0.92181337
0.9114197,1.2500503
0.32919818,0.37527618
0.541893,0.67637384
0.5367527,0.6662946
0.33274192,0.38027123
0.5174275,0.66868734
1.3037124,1.8171036
1.5903072,2.2164779
1.94522,2.6552663
0.49945736,0.62456614
0.02880126,0.044261463
0.99473894,1.3759192
1.9130365,2.6113575
1.2524236,1.7574476
1.9488047,2.631938
1.4146065,1.989561
1.0511404,1.4702148
0.44177574,0.53080636
0.2667213,0.29878774
1.6277086,2.2735896
0.7243539,0.96200633
0.59830934,0.7917233
1.0793673,1.5206233
1.8705518,2.5504887
0.62630844,0.8167513
0.015797835,0.0013090144
1.6841043,2.3247223
1.7295672,2.3705487
0.15571487,0.15372986
1.2595686,1.7636034
0.7929672,1.0740186
1.6971533,2.3480818
1.1892995,1.6529264
0.29085958,0.35113084
1.0922164,1.5266224
0.36119273,0.42520526
0.6318514,0.82040614
1.1400609,1.596645
0.73887,1.0114673
1.1283895,1.5869043
1.1718799,1.6390944
1.8245686,2.5044427
0.44836962,0.5672271
1.3705355,1.9312056
1.143874,1.603022
0.6063219,0.7751754
1.1075426,1.5469974
0.46447906,0.58703554
0.92995507,1.2864681
1.6582277,2.2991297
0.23024736,0.2572463
0.07372175,0.08504956
0.09009935,0.09316618
0.9183949,1.2505326
1.5657895,2.1693807
0.12980701,0.12661538
0.21140066,0.23030658
0.34486288,0.4275907
0.87865293,1.2022078
1.7339158,2.4016771
0.6109428,0.78931296
1.1004262,1.5236235
0.14099757,0.16219334
0.43782437,0.5221342
0.1558408,0.16300187
0.25955442,0.28368294
0.56294215,0.70938057
0.19568841,0.22908995
0.5811694,0.74398375
0.22932787,0.2620256
1.1575575,1.6244378
0.013618784,0.016538773
1.409133,1.9688118
0.52343893,0.6429189
1.2062241,1.6749171
0.9521766,1.3091315
0.2644657,0.30516607
1.9775989,2.6665425
1.0282354,1.403844
1.3961368,1.9659799
1.7776092,2.4480138
0.43212852,0.53104526
0.6252385,0.818089
0.105539426,0.11035177
0.55720955,0.7243777
1.4258072,1.988998
1.6266215,2.2553744
0.30223954,0.3628784
1.0999278,1.5186003
0.1291048,0.14303628
1.4029807,1.9814932
0.072626464,0.0734855
1.6514885,2.2780185
0.52205974,0.6480063
1.7579154,2.4289439
0.60802835,0.7824309
0.5236004,0.67488307
0.48060852,0.5943648
0.787754,1.0613607
1.2054405,1.6768463
0.68967533,0.9203787
0.14264204,0.15380366
0.9448115,1.3133421
0.6277747,0.80376846
1.0252068,1.4143043
0.65928113,0.8662932
0.7486312,1.0020773
1.0083466,1.4085655
0.30632913,0.35227367
0.34348255,0.40875718
0.3105672,0.36001033
0.6674891,0.88329774
0.39414424,0.47026917
1.2527449,1.7545224
0.0267227,0.042192716
0.43921268,0.5490079
1.6048366,2.242168
1.3414888,1.8690345
1.8839718,2.582862
0.46904853,0.59956264
0.35800844,0.4165669
0.52704144,0.66634476
0.7011059,0.9250977
0.034791782,0.036798015
0.45247453,0.56220526
0.04883179,0.04767305
1.8929926,2.5843015
1.9913621,2.6973052
1.7513742,2.437115
1.0427711,1.4456587
0.07952895,0.11153067
1.7382438,2.403809
0.9038649,1.2422361
0.5530615,0.724067
1.797862,2.478961
0.005193774,0.010780032
1.8987558,2.5813313
0.73838216,0.9832287
1.9625021,2.656347
0.86334777,1.163912
0.41487405,0.5069053
1.8001527,2.4863982
1.3847262,1.9382135
1.971313,2.6732352
0.9773676,1.3470619
1.9305241,2.6117733
0.90856767,1.247794
1.9865265,2.690349
1.703261,2.3702307
0.6582627,0.85015446
0.888537,1.1984427
1.6480644,2.2787602
1.3711182,1.9223747
0.54549086,0.7152508
1.4250065,1.9917563
0.72164124,0.9513151
1.0303937,1.4325343
1.6971895,2.3548715
1.1115303,1.5410273
0.17755947,0.18663609
0.123001784,0.14058153
0.62026966,0.80156565
1.1505688,1.5961628
1.5050405,2.104911
0.49251792,0.61421156
1.287321,1.8014512
0.7301699,0.9817607
1.4145782,1.9868125
1.1944252,1.6634545
0.02900946,0.017160451
1.5377364,2.1485474
1.3199642,1.8534954
1.7280203,2.378307
1.4578053,2.0300784
1.0874981,1.5283395
0.8132978,1.0975964
0.5319404,0.6707784
1.8615991,2.5601802
1.4783931,2.057409
1.8459713,2.5194697
0.37014344,0.4494053
1.3384871,1.8934926
0.23960453,0.28710884
0.867072,1.1847987
1.5237813,2.1381972
1.6460632,2.2746394
0.52338564,0.65410656
0.8662277,1.1852943
1.0852731,1.5156534
0.65098596,0.85833484
0.5253515,0.66424495
1.7215887,2.3813462
0.6610861,0.86551
0.8719307,1.1860595
1.0627719,1.4814447
0.8821744,1.2083098
1.7248622,2.378697
0.43923664,0.546919
0.33748725,0.41381323
1.3805715,1.9422101
1.6994892,2.3547642
1.9918567,2.6893845
1.5730096,2.188191
0.8493862,1.1674235
1.0824476,1.5064061
0.07880307,0.08164974
1.6840737,2.3357506
1.2561301,1.7727443
0.50137043,0.62502503
1.3522274,1.9046285
0.41962922,0.51803046
1.4911342,2.0773199
0.4084852,0.4733902
0.6449904,0.8306426
1.5329864,2.140202
1.8537054,2.5433855
0.15544797,0.18720001
1.5001224,2.100295
1.1250507,1.5676917
1.1693144,1.6143228
0.4215893,0.5217909
0.69439,0.913801
1.7254919,2.388729
0.41960213,0.4989917
1.8862164,2.5836287
0.82443374,1.1375226
1.1648638,1.6366518
0.7755557,1.0424653
0.8941663,1.225503
1.1218575,1.5818566
1.9841294,2.6950598
1.957885,2.6668632
1.8173281,2.4847982
0.021230662,0.006238931
1.2005931,1.6863402
1.8808448,2.5577466
0.72631735,0.95551133
1.061579,1.4627688
0.99627477,1.3990722
0.63263625,0.81951654
0.4472793,0.54568064
0.39288816,0.48249587
1.6428903,2.2757792
1.1837537,1.6434343
1.0255271,1.4476444
0.27584046,0.3261294
1.1667997,1.6388935
0.16842787,0.1761942
0.04406601,0.049599223
1.3847746,1.9308072
1.8183128,2.4909039
0.6281121,0.82252556
1.2116702,1.689294
0.52570087,0.67959785
0.49508715,0.62754315
0.585579,0.7604273
1.5848485,2.192672
0.7925827,1.0777401
1.6804048,2.322223
1.7154706,2.3749728
0.9026019,1.2344292
1.0322672,1.4252845
0.9177856,1.2722658
0.3512913,0.40878195
1.3733932,1.920465
1.7524796,2.396133
1.3944557,1.9670004
1.8892156,2.580025
1.1613989,1.6342521
1.2490954,1.7498959
1.9388471,2.619386
1.2433832,1.7544334
1.9569505,2.6602929
1.3078395,1.8253223
0.9589929,1.3451657
1.0029655,1.3846662
0.87983507,1.196146
0.22299935,0.22598857
0.05736008,0.06175054
1.7165096,2.3732498
1.2380452,1.7336872
1.7356625,2.4158354
0.37477314,0.44412673
1.4054627,1.9772601
1.8170874,2.4816308
0.34165612,0.4129245
0.5858145,0.7406755
0.9006087,1.2362173
0.4670243,0.58279747
1.6381307,2.2618964
1.2408749,1.7369623
0.26075342,0.2896831
0.048722483,0.052522317
1.6743937,2.3244538
0.1137866,0.124864526
0.4055566,0.4851127
1.3182042,1.8541917
1.5512588,2.15569
1.8197526,2.49395
0.18285295,0.2233666
1.9705709,2.6721632
0.6132758,0.78155726
0.24815397,0.29774752
1.0664053,1.4843991
1.972216,2.6620243
0.93315136,1.2598178
1.6760043,2.3116925
0.52035654,0.6633564
0.38466513,0.4693433
0.06800455,0.059156086
0.5834925,0.7643674
0.6709798,0.8865129
0.5271534,0.66543
0.40727657,0.48609555
1.5896773,2.213666
1.1767572,1.6346503
0.5723986,0.7377245
1.5776025,2.1914442
0.4932113,0.63986266
0.43902647,0.5313175
1.5796956,2.1967413
1.9576709,2.6592593
1.909819,2.6193354
1.5178423,2.1144195
1.9599938,2.6421824
1.610315,2.2448838
0.35413903,0.39916378
1.9569281,2.6735375
1.6616112,2.310188
0.6179784,0.7922965
1.3050247,1.8307003
0.0153753115,0.021455992
1.3188221,1.8381679
1.3224785,1.8687984
1.4829743,2.088102
1.7310897,2.3829165
0.9974436,1.3863498
1.7719913,2.446031
1.9030441,2.576578
0.59287834,0.7569466
1.573379,2.192177
0.4270815,0.51599425
0.8000673,1.0900365
0.22686332,0.24627532
1.2059878,1.6832527
1.2636813,1.77441
0.40749207,0.5020448
1.1466502,1.5851483
1.737736,2.3980653
0.7181543,0.9684458
0.7251009,0.97569096
1.8746612,2.565966
0.98406446,1.3656663
1.6755182,2.315121
1.8127344,2.489383
0.99573696,1.3815228
1.7698094,2.4522047
1.608615,2.2422795
0.5983016,0.77963716
0.37847093,0.44672182
1.1891215,1.6654364
0.9986916,1.3780818
1.603819,2.2266452
1.8149729,2.4980211
1.3649039,1.9184921
1.9744844,2.675382
0.50474167,0.63331765
0.53456926,0.6755188
0.09344203,0.09707355
0.33784744,0.39984983
1.4072669,1.9675229
1.0129215,1.4063509
0.74367166,1.0095837
1.533508,2.133374
1.4163127,1.9885916
0.1973258,0.22737502
1.4188497,1.9929351
0.8911875,1.2133785
0.37377688,0.4560459
1.2837853,1.8040183
0.27166793,0.32344192
1.9841536,2.6973243
1.7622432,2.4274094
0.47174388,0.59771156
1.1832566,1.6437136
1.9039508,2.5923536
1.7745594,2.4465668
0.74464625,0.9808011
1.2422022,1.7438138
1.4437618,2.0162172
0.2563098,0.28727633
1.0221767,1.408612
1.4832155,2.0740223
0.06686504,0.06785485
0.42163795,0.50997937
0.94849145,1.3198539
1.3382198,1.8851309
1.9849669,2.6892433
1.7755303,2.4517958
1.4354963,1.9964355
0.60561603,0.7810627
1.927755,2.5998664
1.4886024,2.0818448
1.3536928,1.8888919
1.7254333,2.3817282
1.104798,1.5535636
0.9641101,1.3243895
0.053710263,0.06692066
1.1118478,1.5433502
1.5095656,2.1097593
0.13095886,0.1391847
1.8217733,2.5087903
1.4710253,2.0559855
1.283391,1.7887883
1.7621963,2.444956
0.46055728,0.5901763
1.1262617,1.5613369
1.0973139,1.538318
0.23598133,0.26460624
0.83301157,1.1257246
1.7102907,2.3515038
1.7228295,2.3889763
1.6896572,2.346902
0.17302135,0.19589813
0.58813596,0.76666486
1.3811587,1.9204808
0.044891335,0.045504738
0.54153746,0.6844739
0.6352406,0.8390191
1.7464974,2.401225
1.9821007,2.7081947
0.8299863,1.1316706
1.265455,1.7875869
1.1150823,1.5439314
1.9434223,2.6384876
1.810762,2.4660761
0.9618436,1.3222504
1.2569593,1.7726669
0.041297402,0.0453787
0.85919607,1.1886437
0.959791,1.3376042
0.02888939,0.04341779
0.28518683,0.32288238
1.0852798,1.4978857
1.53333,2.130326
1.8112482,2.4704487
0.17144454,0.1776667
0.83741456,1.1206344
1.4224066,1.986595
1.4897074,2.0891967
0.15868637,0.19659603
0.7027088,0.93454725
0.21809499,0.25337854
1.1619873,1.644808
1.0700945,1.500516
0.011166804,0.01527696
0.767713,1.0249
0.54693645,0.6956179
1.6281704,2.2732437
1.8440155,2.5298343
0.77116275,1.0329
0.480919,0.5868695
1.5776949,2.1958513
1.9628078,2.6576073
0.6413062,0.8512718
0.09934341,0.09164759
1.452093,2.0467691
1.4632684,2.0377295
0.6675401,0.88524616
1.1275133,1.5688579
0.16338964,0.17360482
1.349037,1.8667014
1.4200028,1.994728
0.4088043,0.48945317
1.585755,2.2128243
0.06468116,0.06375841
1.6318674,2.2628887
1.7304026,2.3645363
0.12020111,0.1509523
1.7683431,2.4273677
1.4567829,2.0521474
0.66578555,0.89600587
0.05825186,0.054686364
1.8919998,2.5755224
0.75995034,1.0217754
1.307996,1.8337091
0.4926575,0.6025102
1.8895185,2.5692806
0.38775054,0.4787072
0.39926544,0.47957143
1.7455797,2.4150026
0.17748635,0.19708472
1.694649,2.3482053
0.32035843,0.3706169
1.3943187,1.9646826
0.745568,0.99666536
0.6903161,0.9095804
1.5134158,2.1090448
1.4298645,1.992266
0.71348584,0.9585469
0.27604795,0.30145937
0.72718185,0.97038525
1.290163,1.8137094
0.0029176096,0.02353163
1.7153925,2.3889894
1.8994561,2.596188
1.7547632,2.418006
1.2940544,1.8048244
0.913943,1.2437295
0.15635432,0.16086197
1.4452422,2.0284572
0.7928511,1.0661036
0.5779367,0.75738275
0.6609423,0.86994076
0.058506764,0.05478731
1.0911597,1.5036029
1.5245982,2.116449
1.6424747,2.2637756
1.650537,2.279982
0.14544548,0.16068737
1.8630502,2.5490928
1.725315,2.3770792
0.22635433,0.26610994
0.15513237,0.16446945
1.7428032,2.4142563
1.8720884,2.5724695
1.0679545,1.4782754
0.87982965,1.197202
1.4026215,1.9846059
1.4032565,1.975137
1.3722514,1.9187872
1.7826217,2.463179
1.1728444,1.6289096
0.4882291,0.59912527
1.5444812,2.1422412
1.2283062,1.7255014
1.3469572,1.9000593
1.1071417,1.542409
1.1216584,1.580988
0.95158845,1.3111714
0.64232993,0.8319772
0.4352991,0.54137367
0.36203206,0.409009
1.8961234,2.602235
1.9031034,2.5922487
1.848904,2.5383477
1.8087007,2.4937217
0.20328587,0.20899534
0.79642004,1.0897441
1.8045901,2.4781172
0.4425888,0.55410504
1.8335428,2.5269554
1.9484642,2.6445498
1.8576741,2.5506825
1.0065466,1.4142878
1.233224,1.7195641
1.8420924,2.53596
1.3651153,1.9239817
1.9007505,2.6042645
1.1198431,1.5548741
1.2545972,1.7619677
0.79001,1.1128058
0.4925879,0.62806994
0.03488584,0.025507947
0.52243394,0.6662126
0.7272693,0.95137435
1.3925967,1.958339
0.851818,1.1769649
0.38380235,0.46621045
0.59914225,0.75983024
0.70814425,0.93765783
0.5908723,0.76249665
0.20162651,0.22933547
0.5875059,0.74976724
0.71564597,0.937358
1.804047,2.478801
0.17577535,0.19148232
0.021932207,0.015910385
1.4463066,2.0129647
0.6778629,0.880613
1.7262803,2.378433
0.5225506,0.6715258
0.6088993,0.8148335
1.774222,2.4565005
0.9384441,1.3002079
0.0077956403,0.00083999796
0.5209135,0.66243446
1.47262,2.068458
1.3627678,1.9121842
1.9449675,2.6554825
1.9112117,2.612549
1.6158601,2.2728791
1.5516324,2.1746914
0.85915524,1.1519985
0.25992298,0.28360996
1.8090578,2.4841912
1.6526119,2.3092346
1.1458004,1.5950605
1.9115158,2.6027477
1.8631674,2.5413904
1.2829831,1.7969489
0.7991965,1.0942277
1.563628,2.155322
1.4793526,2.064445
1.4713017,2.0444698
0.6195067,0.8165825
1.1252197,1.5754887
0.40539044,0.48614737
1.8328613,2.5297558
0.9393455,1.2946662
1.9235965,2.6283603
1.8275789,2.5213432
1.67854,2.3228862
1.1656511,1.6269797
1.3839492,1.9349498
1.2284068,1.7205914
0.15764417,0.17052053
1.208989,1.7124513
0.3445079,0.41825065
1.330465,1.8555807
1.4797292,2.0873408
1.2287906,1.7290918
1.9641316,2.6589525
0.48630363,0.6093715
1.3340211,1.8707385
0.73523,0.986728
0.5623928,0.7142466
0.82788986,1.1311454
1.9917443,2.7147624
1.3404411,1.8885411
1.3063303,1.8119555
0.87118423,1.184865
0.7709106,1.039441
0.9293905,1.2803905
1.3503693,1.9071409
0.5635266,0.7372789
0.62919235,0.81111556
1.6860716,2.3281167
1.5699888,2.194968
1.6306828,2.281804
1.6242794,2.2642915
0.7809041,1.0576776
1.0107656,1.4009762
0.049997382,0.06589442
1.1575631,1.6044549
0.32685295,0.36837816
0.7272198,0.9891371
1.7357618,2.3948736
0.7288557,0.9683064
0.9641232,1.3455284
0.63794065,0.83857137
1.6335722,2.2673817
0.5005511,0.6255213
0.010163626,0.015417142
0.3204959,0.38286468
1.8802509,2.5690532
0.5099225,0.6470137
0.38870153,0.46717563
0.91768,1.2471528
0.49147716,0.60097045
0.78552306,1.0660733
0.35647354,0.4220286
1.7542751,2.4255922
0.33369902,0.38100085
0.2997018,0.36044553
1.5703981,2.1851645
1.3471214,1.8901345
0.90282387,1.251774
0.83916056,1.1384568
0.37061107,0.45066482
1.6596434,2.305983
1.3892695,1.9471989
1.2055287,1.697708
0.38633266,0.46260983
1.5488805,2.1685894
0.8499562,1.1813867
1.517693,2.1282735
1.7990904,2.474556
0.9995487,1.376785
1.4993896,2.1096575
0.5314224,0.67868495
0.716012,0.9521946
1.6090213,2.2470496
0.06299356,0.070532404
1.5450152,2.1561468
0.6808321,0.8983304
1.9731464,2.6822908
1.8654479,2.5569339
1.0708282,1.4746026
0.16941914,0.18368575
1.4220612,2.0026631
0.18975602,0.2054307
0.2205097,0.2598108
0.6880171,0.9120392
1.511465,2.1203804
0.4999081,0.6316087
1.8391137,2.525765
0.8495734,1.1511564
1.4947593,2.0786862
0.38152444,0.44825095
0.6557419,0.85392034
0.83276063,1.130195
0.42295867,0.5141677
1.8203858,2.4979584
1.7801715,2.4661832
0.80852664,1.1017554
1.9285917,2.6170883
0.21345676,0.23248716
0.008034696,0.0005261904
1.5997583,2.2250307
0.4305826,0.5206565
1.5265251,2.1107268
1.4569414,2.0477128
1.839843,2.518999
0.4730593,0.5730504
1.9153466,2.6047766
0.17866008,0.17685826
1.6749799,2.309239
0.7984986,1.0662459
0.06493087,0.06529814
0.75980043,1.0437055
1.7011665,2.3321335
1.1648656,1.6129622
0.0063038026,-0.0044545555
1.2626224,1.7800486
0.19657949,0.2295031
0.8858239,1.2189174
0.3044638,0.3358175
1.3099264,1.8359251
1.8975986,2.5788336
0.046684578,0.03394265
0.14513268,0.15630174
1.5506328,2.1579568
0.19873378,0.21700616
1.8106259,2.4910216
1.7202525,2.3830385
1.9982268,2.7107954
0.43002868,0.52313733
1.5315117,2.1255317
1.3338836,1.8566321
0.8551558,1.1679782
0.76111937,1.020719
1.5001951,2.0925586
0.7260722,0.95420384
0.0620469,0.06812689
1.1237924,1.5646693
1.7642541,2.4380133
0.082266286,0.085623115
0.4940326,0.6238127
0.25441936,0.26870817
0.45112637,0.56979287
0.19059074,0.21318586
1.7347394,2.3828483
0.39110062,0.47464275
0.43962651,0.5291824
1.1422478,1.6005833
1.4010087,1.9591568
1.6271359,2.2486813
1.6921293,2.3444636
0.21777141,0.22903204
0.4635173,0.58445764
0.22059585,0.25705656
1.6363652,2.2730515
0.9676395,1.336281
1.415025,1.9751756
1.056447,1.4665219
0.38885102,0.4642333
0.3632465,0.43295145
0.16452502,0.18206377
1.0291061,1.4181172
0.17680979,0.1933336
0.70234287,0.9306011
1.1333576,1.576634
1.6137313,2.2513723
1.8817093,2.5804071
0.48208505,0.60521793
0.7071536,0.9450152
0.559024,0.7263641
0.13122132,0.12755595
1.1557969,1.6035396
1.530798,2.1319668
1.7653655,2.43593
0.9665446,1.331592
0.41074234,0.50710636
1.6527541,2.2985969
1.4259917,2.0051455
1.5225921,2.1179888
0.20893563,0.2308235
0.9401544,1.2859592
0.02425711,0.021091297
1.8718694,2.5483015
0.97085977,1.3379142
0.24684969,0.28394547
1.2116302,1.7063657
1.6207987,2.2509642
0.38985494,0.45089605
1.3743137,1.9267943
0.23743255,0.2708194
1.3130205,1.8410331
1.4011822,1.9671322
1.2054265,1.6876875
1.853814,2.5356228
0.91070086,1.2576805
0.9712032,1.345826
0.2798862,0.32488564
0.8178556,1.1201292
1.5331435,2.1447318
0.030753747,0.04390498
0.5127997,0.6487983
0.6921745,0.93756175
1.994774,2.709558
1.9801825,2.680977
1.0269675,1.4094591
1.3532668,1.8978064
0.7932802,1.0863843
0.035103463,0.039740525
0.72658145,0.9781171
0.18564206,0.18740728
0.24434434,0.2838585
0.38740557,0.48408487
1.8665242,2.5547185
1.3886534,1.9507725
1.4876207,2.0954041
0.39464635,0.4848295
1.5621068,2.1719801
0.9803353,1.3461835
1.7237613,2.368813
0.72170264,0.9721999
0.3867835,0.48966193
1.942691,2.6551304
1.567706,2.1807382
1.9655685,2.6896806
1.7737634,2.4322813
1.3894023,1.9514272
0.768396,1.027817
1.2353659,1.7080969
1.1856712,1.6722397
0.22866805,0.26501328
1.0778301,1.4903146
1.4360907,2.0158966
0.12021377,0.12614699
1.5671769,2.1820483
0.30006728,0.34640113
1.18224,1.6723953
0.024337122,0.030830342
1.087406,1.5192823
0.10226137,0.102942206
0.03563239,0.039349407
1.1573128,1.6218802
0.42764473,0.5288645
1.1393608,1.6181657
1.3368654,1.8771162
1.00022,1.3813277
0.20568095,0.23049468
1.5046334,2.098376
0.7675361,1.0337194
1.4518553,2.0171425
1.2555623,1.754524
0.6440355,0.8313297
1.8994501,2.5850735
1.2268245,1.7154639
0.39058408,0.45323732
0.46805465,0.5892709
0.5103631,0.62909806
1.6536523,2.2871718
1.3690311,1.911413
0.19825293,0.20717293
0.9525542,1.326519
1.3668344,1.9226999
1.031508,1.4386277
0.35801193,0.4293362
0.28645477,0.33344972
1.960341,2.6630692
0.4613141,0.5856619
0.08247068,0.08887267
0.85581124,1.1751108
1.698557,2.333751
1.334469,1.8575306
0.45231006,0.56504035
0.81865746,1.1153789
1.187408,1.6681861
1.2347035,1.7252918
1.332618,1.8805335
1.3892443,1.9569058
0.1378307,0.14567618
0.24107106,0.2619157
0.3800632,0.45645505
0.5223097,0.6730894
0.717451,0.9550857
1.4776274,2.07472
1.355812,1.9034606
1.9364837,2.6479743
1.0863038,1.497542
0.6524538,0.858089
1.3153553,1.8592726
1.060933,1.4628853
0.69831514,0.94367033
0.27027938,0.31050664
0.2719876,0.30427802
0.6524956,0.84951794
0.82068914,1.1099182
1.835596,2.5166762
0.8379053,1.1495197
0.8599307,1.1796066
1.1093308,1.5376894
0.8932667,1.2219528
0.8022105,1.0836573
1.6493328,2.2950163
1.2353419,1.7329824
1.2372001,1.7444044
0.7441979,1.0077412
0.8100655,1.1052071
1.1515108,1.5857999
0.058710635,0.051586956
1.113195,1.5452791
0.0050177234,0.011028662
1.9472157,2.655003
1.5413946,2.1622856
0.8792951,1.2146577
0.83203334,1.1335655
1.5798463,2.1946244
1.5326499,2.148207
0.6967857,0.9122757
1.2107291,1.6863757
1.8098171,2.4685419
1.897717,2.5950065
1.8398703,2.5059366
0.16760123,0.17129317
1.2948442,1.8176142
0.47348124,0.58814347
1.1550187,1.609964
0.06903549,0.044560008
1.7337687,2.406408
1.564671,2.1905375
0.5432856,0.6931995
1.1798887,1.658929
1.9381825,2.6550527
1.9087378,2.5992265
1.4191853,1.968696
0.4800918,0.6083283
1.213703,1.6852887
0.95760435,1.3234435
1.314507,1.8423393
1.7801862,2.4714136
1.4428055,2.0292842
0.026461184,0.040765356
0.828204,1.1406037
0.17939654,0.19645955
0.12066072,0.12207462
0.37834078,0.46884724
1.7704711,2.45339
1.6306763,2.2687788
1.096055,1.528737
1.6728213,2.3303735
1.8006862,2.4695504
0.17251793,0.19482882
1.8082578,2.4815414
0.044358943,0.0490244
1.6834372,2.3372703
1.1524938,1.5852661
0.049353376,0.061165597
0.72494715,0.9574051
0.20400399,0.23679635
1.0389769,1.4487976
0.815797,1.1063673
0.36955333,0.44425675
1.6100097,2.2357683
1.1283151,1.59066
1.5370836,2.13886
0.7296054,0.96774125
0.9847328,1.3722689
0.4885704,0.5905886
0.0111261755,0.0106303785
1.8991503,2.593751
1.7627234,2.4230542
0.15680714,0.15611006
0.38955167,0.46164557
1.4332309,2.0115838
0.5384071,0.67037547
1.3563064,1.8867936
0.5549877,0.70030355
0.47078323,0.5893515
0.2590704,0.2837538
0.31672385,0.37305605
1.7153165,2.3799937
1.8191228,2.5008383
1.3666931,1.9080551
1.476959,2.0822036
1.8567647,2.5648878
1.1443602,1.5938416
0.2036497,0.20412287
1.9828378,2.6920717
1.3338965,1.8792757
1.8459462,2.5041406
0.37812865,0.458903
1.927037,2.612375
1.8567656,2.551833
0.13956498,0.13582411
0.11357015,0.12471637
0.3230668,0.3822756
0.37612224,0.4500354
0.5936737,0.73676926
1.5735717,2.1847715
0.23904613,0.26158008
0.14134844,0.1369723
1.1038487,1.5354639
1.1015394,1.5386285
1.2441438,1.7514406
1.5215387,2.1382334
0.18155268,0.20951638
1.1687237,1.6469367
0.9666552,1.3374156
0.73076695,0.9865419
0.18875162,0.18545236
1.0607971,1.4918644
0.069341436,0.0873676
1.943707,2.6470783
1.7672788,2.4277196
1.7931066,2.4765844
0.5861403,0.77632606
0.34516206,0.43742806
0.19366506,0.21499594
0.8983241,1.2314113
0.085352704,0.07973905
1.5207129,2.1285174
1.0057032,1.3949949
1.4154907,1.9882964
1.4205817,1.9844089
1.0229585,1.4247246
1.4810343,2.0776389
1.8821689,2.572899
0.01652802,0.017691866
0.47952074,0.61248964
1.8075594,2.481478
1.4019743,1.9733598
1.135624,1.5930023
1.0919513,1.5393498
0.80242467,1.0956856
1.196698,1.6848084
1.2563542,1.7746749
0.7311257,0.96691334
0.7641152,1.0349824
0.45881793,0.5847521
1.1490654,1.5935776
1.0178396,1.4183186
0.9217166,1.2855953
1.2231082,1.7054342
1.2994721,1.8324203
0.8012056,1.0859677
1.5931154,2.2095966
0.15558952,0.1778929
0.8007677,1.0884947
1.1950558,1.684192
0.299212,0.34597197
0.45369595,0.5591114
1.2422987,1.7130312
1.0755327,1.5006741
0.42211103,0.52700365
0.83636636,1.1278433
1.594226,2.2101111
1.0907818,1.5265863
1.5603309,2.1812103
0.52877045,0.6795097
0.18330176,0.2013217
0.58823436,0.7538207
0.14437084,0.14670774
0.67642033,0.88519067
1.2490627,1.7417322
0.6363786,0.8231948
0.365156,0.4359694
0.13691123,0.13987088
0.7709349,1.044355
1.9331717,2.619023
1.3107518,1.8430367
1.6004909,2.2229004
1.2979809,1.8238599
1.3904694,1.9497681
1.1638696,1.6336262
1.1301076,1.5744908
1.0649399,1.4814891
0.7696257,1.0451435
1.2414138,1.7361963
1.6090192,2.222861
1.278065,1.793753
0.39498243,0.4753444
0.5672121,0.72345483
1.3963892,1.9602205
0.1717501,0.19227688
1.2190876,1.7197704
1.2019744,1.6917378
0.23424087,0.27151597
0.61488944,0.7966351
0.38868907,0.45888376
1.4806466,2.0633585
1.7941401,2.4533472
1.6394433,2.2752955
0.92947054,1.2622306
0.4596199,0.5825023
1.1997732,1.6848148
0.6843734,0.910219
0.09180842,0.118041225
0.9185438,1.2596534
1.0266362,1.4126533
1.8639352,2.5584462
0.8815019,1.2045655
0.51126593,0.63215375
1.0631237,1.4956429
0.40046138,0.49620092
1.4986529,2.1069362
1.1132886,1.5495472
0.20990981,0.22905865
1.0960535,1.5398746
0.57044864,0.72749025
0.38411337,0.45978084
0.17380229,0.19526546
1.8345816,2.5323324
1.5955749,2.195855
1.6489077,2.284016
0.13917507,0.13966647
1.9795262,2.694141
1.9419328,2.6286929
1.4746829,2.065994
1.8427507,2.504774
1.700986,2.3608468
1.4284883,2.0082028
0.8041914,1.0896437
1.2895501,1.7904502
1.4885061,2.0813737
0.62154907,0.8117007
0.8955499,1.2293249
1.9779419,2.6892867
1.4185361,1.9694308
1.0997461,1.544025
0.20253704,0.23611954
0.97522473,1.3269675
0.1208459,0.11167421
1.5003722,2.0953064
0.15112081,0.14994644
1.4363661,2.0148273
0.7372145,0.99225366
0.10247756,0.11470775
0.39751852,0.46289495
1.2372417,1.7273699
1.4197389,1.9868418
1.415367,1.9680692
1.2359011,1.7246628
0.881441,1.208957
0.9121962,1.2521365
0.02786615,0.034644082
0.5052537,0.61763626
1.3662637,1.9159061
1.1518561,1.6087942
1.4902979,2.081042
0.16322534,0.17465459
1.2953082,1.8092333
0.10661872,0.10949991
0.35869172,0.4236081
1.9953572,2.6933005
1.5670182,2.1834207
1.1830491,1.6594241
1.0532643,1.4488323
1.635145,2.2714682
0.7090184,0.934681
0.18211538,0.19269584
1.6071544,2.2451928
0.9379169,1.2688701
1.80041,2.4721172
0.93312156,1.297382
1.0603414,1.4696629
1.4810458,2.0781093
0.30911532,0.36265916
0.17325415,0.17036611
0.5233445,0.6683871
1.7695938,2.4327285
1.7089448,2.3613129
0.23840657,0.26692054
1.9456358,2.6473901
0.49828693,0.643962
1.617544,2.2472692
1.4970069,2.0863929
1.6931945,2.340827
1.782266,2.4408305
0.40781006,0.4836518
1.1840696,1.6627966
0.16265886,0.16275515
0.17323299,0.1842838
1.3770201,1.9191787
1.1955729,1.6709781
1.3548169,1.8840635
0.004460732,0.0064146933
0.18097007,0.20375279
0.19094324,0.218773
0.4236807,0.518938
0.9899416,1.3723632
1.169323,1.6311045
1.0686815,1.4881364
0.7375687,0.9878974
1.0571771,1.4826403
0.83944356,1.1429774
1.3877828,1.9189726
1.7461361,2.4056485
1.1009839,1.5428524
1.2691177,1.7685457
1.5742583,2.186917
1.558323,2.1622012
1.6488695,2.2828557
0.5605443,0.7221246
0.4532755,0.5601931
1.5823975,2.2074227
1.4870081,2.0843587
0.34075224,0.41899198
0.31908435,0.38080662
0.20163812,0.2315977
0.5556981,0.7002435
1.4174817,1.9803364
1.7357196,2.3946652
1.9938977,2.704869
1.7063076,2.373783
1.9638038,2.6745245
0.29324585,0.33402687
0.7329079,0.9855922
0.4068969,0.5004162
0.57171196,0.7380229
0.21935834,0.23782603
1.7251104,2.3712537
0.1145271,0.12068621
0.84596545,1.1536756
0.23641069,0.26761124
0.9045909,1.2549883
0.52532107,0.661186
1.342866,1.8930475
1.8049871,2.4821768
0.19723661,0.20926599
0.05565765,0.047968324
0.9339826,1.2734196
0.13210137,0.13768414
0.27899337,0.30871266
1.3278788,1.8671737
1.5452244,2.1468763
0.9019456,1.2340194
1.2731843,1.7820776
1.822526,2.506315
0.95105326,1.3101933
1.9791893,2.671069
0.06350247,0.06230795
0.35001725,0.41214338
0.6013458,0.762767
1.3191888,1.8537109
0.18767871,0.20439452
1.2110868,1.7119775
0.96353966,1.3240024
0.24155484,0.24802415
1.3752136,1.9266381
0.79553324,1.0670387
1.7280931,2.3798425
0.1091283,0.11663437
0.3044262,0.33267882
1.0746267,1.506939
1.8035535,2.468025
1.7890189,2.4615808
0.101665765,0.10223593
0.41494045,0.512876
1.5522975,2.1666255
0.61452186,0.78300035
1.5806363,2.1921852
1.5555149,2.1752703
1.1579492,1.6233584
1.5547607,2.1696415
1.4601718,2.0537992
1.3376172,1.8685269
1.3304627,1.8687449
1.51407,2.1135483
0.40273294,0.48430416
0.54177815,0.6925379
0.3766799,0.45133194
0.29142502,0.31892112
1.6201992,2.267303
1.9485438,2.645197
0.069856204,0.08105412
1.2902088,1.7913746
1.1097063,1.545346
0.3412657,0.4020086
0.5908036,0.76385534
0.22225747,0.25511125
1.2607384,1.7615784
1.7204205,2.380217
1.5640547,2.1870377
0.36816978,0.4425124
0.06229897,0.06742978
1.0300888,1.4336156
1.1506623,1.6103613
0.43377498,0.533051
0.24291764,0.25317955
1.7675438,2.4461012
0.6002369,0.76950854
1.0126804,1.4148048
0.9385585,1.2921664
1.896828,2.5964694
0.7838808,1.0684068
1.8237188,2.4936185
0.69174093,0.9151876
1.8235923,2.5017955
0.0027306208,-0.00565064
0.4385434,0.53807306
0.77219766,1.0386256
1.7299882,2.3897102
1.680381,2.3381684
0.58678013,0.7676963
1.0132537,1.4189242
1.0920261,1.5112394
1.9675848,2.6602848
0.6881092,0.9043804
1.9082168,2.6112964
1.0079095,1.3925805
1.3085831,1.8331771
1.3516977,1.8977113
1.1761014,1.6262699
1.2599725,1.7632369
1.7956058,2.4666142
0.833148,1.1316135
1.3348303,1.8806736
0.49753124,0.60661
1.444302,2.0104604
1.9786611,2.6846874
1.6212485,2.2581966
0.20223832,0.23720914
1.2904509,1.8196849
0.8048652,1.0860156
0.7882829,1.0498827
0.7886651,1.0656012
1.3793058,1.9318268
0.106814474,0.12105244
0.7856829,1.0704944
0.14934558,0.15752535
1.8228519,2.4924908
0.11269057,0.12916592
0.27071813,0.30319974
0.7042545,0.9268434
1.2533865,1.7449869
1.0467232,1.4443033
0.9911151,1.3978922
0.04225754,0.04392347
1.3164045,1.841256
0.74657166,0.98459303
1.4242578,1.9884758
0.8448396,1.1702546
1.6627026,2.298456
0.4060751,0.49444443
1.36938,1.9146814
1.8137506,2.5034919
0.25059268,0.2822735
1.8877897,2.5901783
0.8577276,1.161024
0.8267961,1.1258873
0.23855099,0.2490017
1.7829242,2.4544291
1.3088552,1.8383305
1.7243291,2.379747
1.420634,1.9999952
0.910339,1.246887
0.9222533,1.2742254
1.697858,2.3553822
0.9484968,1.2980382
0.30261758,0.36605605
0.71461296,0.956363
1.6396273,2.2755504
0.052069232,0.059695203
1.0111799,1.3915073
0.6681974,0.87398887
0.78678954,1.0673169
0.5514549,0.6932123
1.4835472,2.0730088
1.8885027,2.6044867
0.7027479,0.94338673
0.91438663,1.2571037
1.394145,1.9400134
0.93523717,1.2957801
1.0864807,1.5162181
1.1202332,1.5721058
1.2823497,1.7988441
0.84759474,1.1585916
0.29733264,0.34451628
0.779979,1.0681578
1.7241749,2.383436
0.58985686,0.764937
1.1427399,1.5946695
0.16690569,0.1677538
1.4151449,1.9972337
0.7872074,1.0590038
0.35821944,0.4327102
1.5724795,2.20182
1.9625616,2.6639512
0.5703976,0.74813324
0.18970603,0.2027695
0.3970197,0.46119273
1.4981306,2.0848484
0.51989514,0.66129816
0.37820265,0.45536625
1.551472,2.1676183
0.7480508,0.9981446
0.9103742,1.2270771
1.9309862,2.6312573
1.2396077,1.740801
0.55259544,0.70978373
0.40081072,0.4829143
0.9793441,1.3568043
1.5824112,2.20317
0.3189989,0.3743728
1.0514429,1.4701136
1.3457335,1.8707922
0.21479669,0.2370357
1.4722914,2.063119
1.7018272,2.3462636
1.3993504,1.9582498
0.27371058,0.30063096
0.5153947,0.6343515
0.38070232,0.43895477
1.7744409,2.444411
1.3053093,1.8236098
1.0444016,1.4543369
1.0346528,1.4518212
1.5318938,2.1338508
0.83373624,1.1381693
0.47090685,0.5728189
1.2628143,1.758783
1.7375549,2.374385
0.9435788,1.2866718
0.7222004,0.9548561
0.031414893,0.027876494
1.9844433,2.6837149
0.6964578,0.9207688
1.7505686,2.417526
1.0651596,1.4755535
0.085587464,0.08740038
0.7087408,0.944521
0.48370716,0.59815824
0.79843146,1.0759462
0.81861246,1.1149265
1.2678739,1.7939811
1.2645985,1.7786305
1.4472402,2.0123763
1.7546046,2.4112365
1.0973655,1.5196886
0.5582949,0.7190988
1.8385699,2.5284405
1.6735438,2.300943
0.809379,1.0961255
0.85075843,1.1544708
0.8929017,1.2186195
0.80537635,1.087933
1.8727006,2.5577695
0.41204995,0.49414077
1.3559859,1.9038982
0.32812884,0.37815884
0.0642171,0.06285867
0.17641038,0.18846062
0.0728306,0.08823114
1.6261587,2.25484
1.9842608,2.709937
1.8881446,2.5848086
0.037984412,0.02292115
1.627389,2.2494757
0.6698628,0.87568426
0.16781758,0.19736274
0.80217147,1.0970212
1.0406913,1.465396
0.9155828,1.2590377
0.21312173,0.23379205
1.8776889,2.5570796
1.8290508,2.5185664
1.392606,1.9394748
0.55252457,0.70932263
1.3240033,1.8520938
0.34737474,0.42053032
0.6355544,0.829339
1.8814541,2.5782392
0.048574675,0.04909693
0.6332606,0.82598114
0.9645066,1.3387301
1.6774938,2.336698
1.7598265,2.4317782
1.3521225,1.9056563
0.71977633,0.9456711
1.9581293,2.6673348
0.048273604,0.055443432
1.9271936,2.6262803
1.894202,2.5795841
0.78861505,1.0696678
0.38815483,0.48168215
1.5986475,2.2221022
1.3543949,1.895164
1.2783054,1.7859195
1.6277876,2.285492
0.43601584,0.5371225
0.35844266,0.4176699
1.8159465,2.489
0.9486222,1.3016685
1.3742399,1.9209964
0.57356095,0.7446725
0.99958134,1.4064295
0.46749213,0.58062
1.2125525,1.6861649
0.31675076,0.35437092
0.29764357,0.35066098
1.3692269,1.922237
0.7995489,1.0783763
1.7201202,2.369171
0.68946475,0.8962239
0.7229094,0.9643147
0.43530533,0.53597933
1.5937431,2.2019675
1.8816893,2.5605543
0.73944736,0.9960768
0.8596226,1.1612678
0.62990063,0.81469035
0.0087425,0.015184318
1.579178,2.2150066
0.71294355,0.95418406
1.9007868,2.6002645
0.25003788,0.28500018
1.4733871,2.0494797
1.8054321,2.4825127
1.3066374,1.833787
1.1830097,1.6707361
0.7958237,1.0713936
0.87634236,1.202957
1.2728978,1.7920293
0.9245911,1.2697873
1.9752675,2.6704
0.9212976,1.2699584
1.7915288,2.4644308
0.5242831,0.65891266
1.3307081,1.8599688
1.9362901,2.6542609
1.9533372,2.6464753
0.71810406,0.95692736
0.7357028,0.99670976
0.31329092,0.35447982
0.17030297,0.17175844
0.51852536,0.65118194
1.0316129,1.4221413
1.2706696,1.7808039
0.1729232,0.20547521
1.2530655,1.7389158
0.7767415,1.0495201
0.18538915,0.20169738
0.046466082,0.04226049
1.6884906,2.335726
1.6641533,2.3084393
1.8073833,2.480682
1.7857412,2.4647856
1.9509147,2.644841
0.5855153,0.7618688
0.6777994,0.88980925
1.2754033,1.7848011
0.811758,1.1187375
1.2354767,1.7286689
0.5393971,0.68219566
1.6896774,2.3392508
1.3212034,1.8648907
1.1089195,1.5685279
1.2977476,1.8235594
0.18077302,0.20896028
1.0264885,1.44119
1.7599207,2.4198678
1.138568,1.6003715
0.396696,0.49156627
0.12255704,0.13343203
1.7833042,2.4572234
1.833321,2.5222845
1.8564944,2.544428
1.5199935,2.1111186
0.64400256,0.83791363
1.1884255,1.6625189
0.95261353,1.328358
1.7001991,2.3530476
1.2181839,1.6903827
1.3828406,1.9375379
0.96481085,1.3167692
1.341686,1.8747327
1.0391598,1.429346
1.794497,2.4680216
0.49036562,0.62443835
1.1248121,1.5632685
0.1809582,0.19189411
0.38142008,0.46930104
0.7823233,1.0538105
1.0869685,1.5099481
1.1316248,1.5875269
0.059211005,0.06372281
1.3846023,1.9322652
1.6516957,2.2964478
0.3147685,0.34812132
1.2433155,1.7419697
1.8461249,2.525035
1.1988958,1.6709521
0.28551793,0.3162267
0.19915755,0.22361295
0.40499222,0.5040335
0.60509884,0.7811686
0.69926447,0.9178931
1.0284741,1.4238752
1.3133718,1.853128
0.33043352,0.38116696
1.1008651,1.5444779
1.2874001,1.789743
0.793517,1.0680081
0.9588607,1.3286843
1.4912822,2.0806224
1.6340271,2.2805345
0.82740283,1.1304286
0.5391435,0.6897004
1.0529723,1.4634813
0.9921923,1.3805844
1.1898757,1.6661519
0.7178845,0.9594784
1.6326593,2.262446
1.1359005,1.6018476
1.1196269,1.5757415
0.49569288,0.6104814
0.99147034,1.3602297
1.814938,2.486183
1.1073358,1.5524417
0.22508298,0.23162636
1.0422434,1.4495322
0.37442636,0.44350457
1.8276327,2.4911358
1.0607812,1.4737847
1.4675945,2.05309
0.12113351,0.12322095
0.8112068,1.1119486
1.1932021,1.6700274
0.22332537,0.25057217
0.11829105,0.13402453
1.8334656,2.5054169
0.22700468,0.24899293
1.0449213,1.4524773
1.8897177,2.5743325
0.026655855,0.012130228
1.7074867,2.3606806
0.4164449,0.5094416
1.8645465,2.5488262
0.99350077,1.3867401
0.2912446,0.33831096
1.0273796,1.4348236
1.258059,1.7659923
1.2273887,1.7282518
1.4752785,2.0804727
1.980672,2.6877398
0.66490895,0.88468665
1.2437116,1.7465843
0.12733826,0.14602512
1.0451158,1.4600697
1.9498186,2.6442835
0.8997799,1.2365036
1.5319053,2.1329215
0.7766351,1.049435
1.9092122,2.6130855
0.7713652,1.0378982
1.6250296,2.2600174
1.5707788,2.2077734
0.3011893,0.3514687
1.694266,2.3403935
1.4128274,1.964704
0.33939877,0.41182834
0.49435282,0.6227755
0.6687776,0.89440954
0.021888552,0.025462141
1.1838475,1.6709863
1.3552512,1.9041531
0.7323604,0.9732289
0.6531547,0.8604708
1.4739442,2.0649374
0.6404166,0.8493716
0.18503156,0.20408262
1.0905174,1.50527
1.5818901,2.19812
1.1925691,1.6739922
1.4051843,1.9708769
1.5578196,2.171766
1.865033,2.5545774
1.6256222,2.258411
0.8864498,1.2116128
0.5738361,0.7480031
0.019850735,0.023557356
0.76115525,1.0181793
0.41602382,0.5144583
1.3094354,1.8414854
0.78036857,1.0553603
1.6066543,2.2174075
1.9912933,2.693932
1.5777535,2.191456
1.5392176,2.1316288
0.9235703,1.2536201
0.78042376,1.0487581
0.19598211,0.22064272
1.216155,1.7030332
0.63716626,0.84253275
0.9774979,1.3666818
1.0448034,1.441181
1.0738908,1.5079589
0.77234703,1.0367869
0.7692086,1.0304842
0.19487406,0.2222436
0.7477281,1.0152669
1.5742047,2.1788762
0.65280277,0.86212415
0.899106,1.2392356
0.9075443,1.2500219
1.5288,2.1327748
0.7357683,0.98822206
0.33964616,0.39359465
0.069324665,0.06967097
1.5259665,2.1289158
0.9059351,1.2498002
0.8893502,1.218574
0.64590365,0.8426926
0.10558945,0.1136611
1.4816697,2.09141
1.5512307,2.1601775
1.8834625,2.5572917
0.8557274,1.1631211
0.30284038,0.3455117
0.8094536,1.1002557
0.77271605,1.0313774
1.0870867,1.5209749
0.3633051,0.42476138
0.7170136,0.9550163
1.8649502,2.5567245
1.6853844,2.3401926
0.2387981,0.26037848
0.08871501,0.086996615
1.152074,1.6041279
1.725691,2.3904455
1.096728,1.5191503
0.65802336,0.8591882
1.9745896,2.676543
0.0009810843,-0.017265178
0.16439742,0.18454826
0.0893133,0.10039886
0.18616658,0.20473981
1.0461246,1.442784
0.57215756,0.738592
1.9162558,2.6351235
1.5673239,2.1869907
0.40893108,0.48311293
0.7068711,0.94047976
1.7395495,2.404529
0.34332246,0.4117351
1.4035434,1.947089
1.1255493,1.5774231
1.1028785,1.5432878
1.2564801,1.7751305
0.7414621,0.98385465
1.2550431,1.7564024
1.5079533,2.1109178
1.0489689,1.4460285
0.89165276,1.221971
0.1618831,0.16976085
0.0391188,0.033496283
0.6133909,0.77771723
0.06071379,0.05801645
1.9166392,2.6258008
0.034153517,0.049273375
1.9022723,2.6024632
1.3355381,1.8826888
0.2136921,0.24462743
0.5085277,0.63351
1.9558661,2.6601045
0.008426167,0.007563
0.04551531,0.026719313
1.769773,2.4308107
0.98974144,1.3811191
0.13805959,0.15071817
1.622158,2.2570064
0.81950647,1.1057909
0.87870824,1.2133871
1.7037747,2.36369
0.054932244,0.04069956
1.7662947,2.4347465
1.5475447,2.1585014
0.39495116,0.47173628
0.7962,1.0871878
1.1638756,1.6185595
0.46249133,0.5799138
0.5253219,0.6502647
1.0335188,1.4243046
1.1901423,1.6613183
0.7263828,0.9819334
1.9146596,2.597896
0.3224849,0.37849885
0.6731711,0.8854503
1.5395249,2.150331
1.244319,1.7316451
0.22409722,0.25214264
0.5661479,0.7402014
0.9852432,1.3808285
0.9039622,1.2253027
0.7796714,1.0591625
0.019058846,0.02474235
0.4993085,0.631085
0.39442652,0.47862875
0.074142344,0.09831602
0.77791303,1.0420016
0.15114112,0.14201248
0.18456969,0.20889257
1.8789188,2.5587122
1.2382097,1.7158731
1.0015359,1.3894807
0.4890607,0.60904354
0.5159013,0.64325416
0.6557931,0.8530727
0.15035339,0.16692828
1.367175,1.9268517
0.5716964,0.7139876
1.8581179,2.5523677
0.68582,0.9211063
1.6423547,2.2778163
0.44878536,0.5393961
1.9609934,2.6545331
0.7114254,0.9318046
1.8989102,2.580524
1.643106,2.2811174
0.40752497,0.49253812
1.8358395,2.5230095
0.17998068,0.1969876
0.38115484,0.4530997
1.101067,1.5348498
1.7520707,2.404078
0.797097,1.0756234
0.33072758,0.3928703
0.06023633,0.059695438
1.5194188,2.1295087
1.3279628,1.861794
1.0562408,1.4844669
0.33718657,0.38958395
0.39947417,0.48061192
1.2470131,1.7302293
1.9978901,2.714824
0.26907855,0.2995545
1.8824947,2.5875096
1.8736191,2.5433652
1.7514427,2.408292
1.0723733,1.5087348
0.92055035,1.2752559
0.13941903,0.12392352
0.13680981,0.15068726
0.38447782,0.45421675
0.9670395,1.3446875
0.9256262,1.2695913
0.67282504,0.8952033
1.4778476,2.0520673
0.146266,0.15560193
1.6847105,2.3358128
0.05750841,0.049958672
1.8475155,2.527901
1.4916571,2.099427
1.2589855,1.768834
0.31068572,0.34432152
0.61756545,0.80167526
0.9781819,1.3622137
1.53208,2.1322544
0.41246837,0.5080492
1.671291,2.325804
1.6020408,2.213859
1.2392904,1.7410933
1.358283,1.9062244
0.42890596,0.53674877
0.5549246,0.7066789
1.3971137,1.9606122
0.11561159,0.13738513
0.9615689,1.3388085
0.96829367,1.3339375
0.6499676,0.853264
0.85815483,1.1893247
1.882275,2.5492845
1.7696329,2.4214818
0.46467644,0.5883952
1.9280343,2.6283174
1.1019009,1.5486807
0.17206113,0.18931201
0.9340842,1.2933383
0.7963312,1.0880936
1.914509,2.6140227
1.3942767,1.952217
1.5620121,2.1898823
1.350306,1.8963594
0.7869396,1.064569
0.28050235,0.3423307
0.9420148,1.2878739
0.7286131,0.95818067
0.13347776,0.16281438
0.7688047,1.0169824
1.1023357,1.5572376
1.1389546,1.5930898
1.9904522,2.684012
0.7648497,1.0328702
0.6154826,0.79082185
1.2242419,1.7090814
1.3576922,1.907324
0.10919209,0.106905445
0.08103979,0.07568537
0.51556015,0.659881
0.4308875,0.52216965
1.7924098,2.4551
1.8075715,2.4633949
1.1981537,1.6685494
1.7781756,2.4390035
0.16393802,0.16832615
0.6694517,0.89791596
0.54445547,0.70811665
0.19216627,0.21357651
1.1614789,1.6191343
1.159542,1.6149476
0.9349398,1.2890705
1.8117837,2.488806
1.069908,1.4795579
1.0989944,1.5436069
0.004944011,-0.0012342798
0.8981504,1.233832
0.3582318,0.417752
1.0357168,1.4262886
1.2207165,1.6906707
1.3806313,1.9361366
1.3585901,1.9027262
0.5640683,0.7133792
1.0479758,1.457325
1.1469753,1.601616
1.692776,2.3501456
0.62242234,0.7975254
0.31066433,0.3678639
1.3287934,1.8540913
1.5256114,2.1283002
1.923427,2.593923
0.932412,1.2746012
1.4737036,2.0563507
1.0090238,1.3985035
0.26861718,0.30612674
1.8350805,2.5024972
1.2509773,1.7622275
0.06167858,0.050821748
0.89890915,1.2388597
0.46169376,0.5638416
1.7751971,2.4524252
0.9497569,1.3128725
0.92601293,1.2842162
0.6344952,0.83354205
0.0893318,0.09194445
0.56213546,0.72176325
1.1135899,1.5488391
0.6533673,0.8648628
0.11040504,0.12436611
1.5669204,2.1710737
1.1139137,1.5442979
0.38280824,0.47283882
1.104557,1.5561391
1.3846748,1.9274383
1.3174376,1.8378196
1.2834198,1.7882916
0.31433722,0.3575148
0.06747696,0.0796824
0.30277333,0.36493456
1.0781548,1.5058402
1.139577,1.6085421
1.3415897,1.8887374
0.9038472,1.2368659
1.9020845,2.6253536
0.8493981,1.157561
1.0195041,1.4153194
1.141603,1.612484
1.3102598,1.8345488
0.036713928,0.035019785
1.0644388,1.4874289
1.6038482,2.235839
0.57889193,0.7461509
0.69749415,0.92219293
0.9971847,1.3729407
0.6992438,0.92609155
0.35122716,0.42446855
1.2561917,1.7606091
1.909088,2.6271644
0.7997491,1.0765803
0.96619004,1.3200473
0.15424342,0.16317512
0.7496933,1.0025192
1.0032403,1.4021397
0.44552723,0.5492722
1.9505535,2.6555378
0.055012975,0.0664712
1.7315888,2.4102159
1.186044,1.6459677
0.7492174,1.0131744
0.67043823,0.88292164
0.08549737,0.088826686
0.40448043,0.48745233
0.9560831,1.305948
1.6957551,2.3383365
1.6023679,2.221866
1.1213828,1.5776825
0.55568445,0.7309406
0.7689856,1.0354688
0.037748553,0.048368465
1.5375041,2.1280785
1.7459799,2.4119189
0.33622107,0.38898742
1.6562487,2.2965755
1.3785264,1.9418184
1.8862909,2.581524
0.47554183,0.58896345
1.4880407,2.0851405
1.1789508,1.6682497
1.9375389,2.6411762
1.3851403,1.9345658
0.9568991,1.3082798
1.3813511,1.9439343
1.9939044,2.6939278
1.5869995,2.209113
1.8857636,2.5877137
1.9267114,2.6198647
1.6130776,2.2535772
0.42919183,0.52113825
1.6194047,2.2410479
0.1612966,0.17105521
0.7681542,1.0379598
1.955967,2.6485634
1.0186429,1.4140133
1.0611011,1.4982586
1.4549341,2.0461817
0.595683,0.76413727
0.0897588,0.11264
0.4202424,0.5213972
1.5716326,2.1983576
0.7303503,0.9804752
0.24983509,0.28224128
1.2675235,1.7925777
1.0415684,1.4553257
0.8951383,1.2376406
0.46293426,0.57072747
1.4943285,2.0871568
1.1179811,1.5549942
1.9663066,2.672971
1.7252405,2.3864987
0.4755037,0.5966978
1.0642891,1.4823577
1.0583161,1.4733398
0.29462364,0.3516116
1.6246309,2.26427
0.67212844,0.9024873
0.28321946,0.32874045
0.48316106,0.5901086
1.9448308,2.6578255
1.1272614,1.5680395
0.041575953,0.044943277
1.0547452,1.4793376
1.9557409,2.6759748
0.18268432,0.19630969
0.76011485,1.0228194
0.79830533,1.0597849
0.30217212,0.35468748
0.85335517,1.1582384
0.21706577,0.2471205
1.3896973,1.9357716
1.8562653,2.5455027
0.8266366,1.1292847
1.95032,2.666594
1.1128329,1.5342925
0.06856295,0.083628416
0.3335021,0.3781378
0.20369531,0.2141712
1.4106882,1.9616147
1.4625701,2.0610068
0.79701674,1.0728257
1.6606413,2.3059056
1.7548666,2.4112082
0.5236148,0.6710685
1.7037952,2.3670335
1.6101307,2.2505016
0.8185551,1.1155994
0.7433281,0.9989848
1.9543794,2.6507556
0.82489216,1.133538
0.5966328,0.7757175
1.2131445,1.7146457
1.749404,2.400795
1.2457029,1.7327923
1.7765105,2.4500701
1.6030201,2.23564
1.7800909,2.4437044
1.5566382,2.1800609
1.2032396,1.6742957
0.113916114,0.12047025
0.7202473,0.96876305
0.1001047,0.118448995
1.8409761,2.5224607
1.8908099,2.566945
0.30659246,0.35902798
1.2475632,1.752992
1.6508893,2.2968132
0.158889,0.17786457
1.9365709,2.6377013
1.2209139,1.7268841
0.730512,0.99157685
1.1248235,1.5575414
1.1307809,1.5811566
0.23464304,0.25038803
1.1400118,1.571414
1.3415279,1.8732454
0.45952284,0.56878424
0.057977125,0.050185572
1.0161378,1.3920684
0.16795684,0.17375578
0.5245617,0.67962575
0.97489625,1.3546531
0.09598157,0.10078492
1.8318549,2.512177
0.72547996,0.9687658
0.9138074,1.256206
1.1178086,1.5675322
1.0245763,1.4485677
0.42748114,0.50176215
0.29368272,0.32606295
0.35626143,0.42859128
0.7409599,0.99032354
1.4246686,1.9956545
1.3300993,1.8437843
1.214302,1.6881413
0.33193824,0.39236155
0.18762009,0.2007386
0.35980186,0.42377952
1.5911956,2.2031264
1.5797652,2.1970232
1.3618978,1.8959504
1.7999444,2.461701
0.09537802,0.10561254
1.2989842,1.8220122
1.6522382,2.2986882
1.0414109,1.4436066
0.82460845,1.127079
1.3631464,1.9331672
1.4209057,1.9808775
1.3571305,1.8930155
1.9198005,2.6218605
1.9350605,2.6344922
1.2585787,1.76592
1.9300624,2.6516457
1.8549353,2.5451415
0.4553368,0.56166434
1.4601234,2.0356572
0.64486295,0.836962
1.597325,2.214468
0.600302,0.7781203
0.46152705,0.56369644
1.9425229,2.6534648
0.5428804,0.6824861
1.4059899,1.9665225
0.11030241,0.13058694
0.99958277,1.379077
1.0321351,1.4380352
1.5060364,2.1031554
1.3688444,1.9038507
1.2715291,1.7851183
0.5695832,0.731081
0.8663855,1.1949788
1.1929511,1.678697
0.789613,1.0793029
1.7634871,2.4296725
1.8236238,2.497981
1.0181772,1.4019036
0.23523127,0.26520407
0.48225173,0.6248549
1.886642,2.5658715
1.5974042,2.2277415
1.4463577,2.0402858
0.7514571,1.0148047
0.70579886,0.95215106
1.115431,1.5706447
1.12867,1.574713
1.2071059,1.6919962
1.1478434,1.6176269
0.63694435,0.8335177
0.36124274,0.42598906
1.9414561,2.647378
0.1839549,0.20818461
1.6355386,2.2687187
0.39383784,0.48063943
1.9072318,2.5877013
0.99870676,1.3709269
0.67611754,0.8915809
1.8378549,2.513027
0.68105084,0.8980443
1.0562309,1.4868438
1.599652,2.2161272
1.4946407,2.075603
1.7905253,2.4565694
0.7348889,1.0017058
0.40790716,0.49762267
0.86911607,1.1870873
1.3657538,1.9171774
0.52424973,0.65639025
1.3553165,1.8841518
0.33943585,0.39993545
1.9886751,2.6996732
1.0965517,1.5383385
0.1552397,0.17398803
0.23620705,0.25589952
1.1806256,1.6421226
1.1101485,1.5460856
0.82739836,1.1171864
1.2114278,1.6960577
0.19597222,0.19847468
0.24540849,0.2713592
0.58257073,0.7621008
1.6485965,2.286953
0.47903427,0.5992187
1.4750532,2.07421
1.1570972,1.617664
0.6841552,0.91172886
0.2519874,0.29186386
1.4564109,2.050882
0.86990434,1.1753657
1.2158141,1.7137649
0.8912874,1.2081168
1.380721,1.9280899
0.11144127,0.11453548
0.09750682,0.10818191
0.5257183,0.6731767
1.6008646,2.2419012
0.853295,1.1731774
1.9539474,2.6529865
1.5612578,2.1869843
1.224044,1.7062418
0.51466626,0.65020925
0.52794546,0.6700589
0.6807552,0.9015698
1.6947055,2.3555503
1.5972456,2.2458153
1.4701855,2.0689337
1.050177,1.4593228
0.73936474,0.986863
1.4716179,2.0515904
0.66532767,0.86405903
1.5515567,2.1867096
0.30346996,0.36040846
1.2511808,1.7480819
0.19673684,0.23070787
1.1133009,1.5610753
0.19722278,0.23197316
1.7923478,2.4657195
0.8068185,1.0959619
1.2684042,1.7656558
0.68351173,0.8999722
1.0869527,1.4953675
1.4389946,2.0076845
0.68371534,0.9077826
0.42519408,0.5362455
1.3877578,1.9479849
0.2571324,0.27479872
1.6489935,2.2966106
1.1125277,1.5430818
0.2884946,0.32677054
0.9322545,1.271981
0.7131667,0.9534106
0.3147447,0.37701973
0.077795126,0.091383174
0.89466494,1.2389919
1.3030548,1.8225894
1.7760079,2.4398189
0.6659722,0.8935173
0.60879576,0.79824203
1.0588341,1.4795108
1.1353558,1.5767405
0.28458163,0.32015547
0.1502951,0.16987018
0.35620853,0.42928374
1.2282894,1.7179222
0.7816932,1.0502319
0.1878754,0.20782739
1.562877,2.1636372
1.2679478,1.7618359
1.6702125,2.327398
0.61158335,0.78711736
1.1346247,1.5843798
1.4102626,1.9713527
1.8394421,2.5099664
0.104698725,0.111725666
1.8356965,2.5213115
0.3767114,0.45515677
0.81173897,1.1174278
0.25186318,0.27353388
1.7646687,2.4295964
0.5534336,0.69379777
1.2122302,1.6940454
0.943431,1.292187
1.753705,2.4328117
0.079783276,0.07704571
0.8293807,1.1192986
0.5115223,0.6468291
0.5175819,0.6507179
1.0633736,1.4849086
0.47835138,0.59616506
1.0446157,1.4538192
0.2704944,0.31645545
1.8493905,2.525367
1.6443577,2.2867794
0.17632677,0.19889024
1.6246912,2.2558532
1.5388367,2.1548903
0.13807128,0.15380946
0.9886649,1.361303
0.306013,0.3323683
0.11120493,0.11934471
1.343779,1.8887937
0.9218789,1.2677698
1.1464987,1.6090763
0.28785262,0.3355121
0.84505486,1.1419277
0.25604364,0.27690288
1.0064812,1.3871977
0.81194925,1.103347
1.9676421,2.6809664
0.038742136,0.034363132
0.5928743,0.7541513
1.2230085,1.6935605
1.2436723,1.7570914
1.1119947,1.5461961
1.7166,2.3874483
1.4931161,2.1042166
1.8646933,2.5585587
1.3546869,1.8906918
0.525722,0.65634024
1.1348835,1.5765346
1.523701,2.1327014
1.6604486,2.2987144
0.17911151,0.21464685
0.8902516,1.2192975
0.4636436,0.5854048
1.6559274,2.294314
0.13972926,0.16638392
0.7268984,0.961892
0.23870961,0.2718812
1.3215216,1.8530824
0.01846518,0.035597708
1.6777736,2.3182003
1.0287054,1.4364296
0.8242686,1.1311904
0.74126387,0.98159367
0.64204997,0.8451685
0.62076986,0.7908075
1.8978558,2.597213
0.9205216,1.2641785
0.17562734,0.20355631
0.92889047,1.2877737
1.4550862,2.0244126
1.157674,1.6367007
1.6753025,2.3171144
0.7515923,0.9957287
1.7691456,2.4267902
1.3464681,1.8926456
1.0991253,1.5537143
1.5009028,2.0920932
0.16329378,0.18338194
0.5089977,0.64989436
0.74923265,1.0135823
1.2265297,1.7097547
0.31738368,0.38831732
1.9771745,2.6898417
1.8912612,2.5806158
0.87260723,1.1822685
1.7914497,2.4477708
1.744283,2.4047146
0.7386564,0.9990162
1.0871481,1.5027764
0.08359381,0.08503949
1.0222106,1.4126201
1.0193211,1.4004779
1.6687205,2.313266
0.14764716,0.17046757
1.208154,1.6930017
1.651706,2.2810311
0.8274342,1.1368947
1.1181041,1.5493182
1.3121897,1.8442833
0.12527514,0.12485755
0.90922284,1.2510015
0.46007237,0.5884249
1.8272359,2.4930074
1.8859129,2.5666468
1.528133,2.1286411
0.250021,0.28028715
1.9954021,2.6959321
0.10047627,0.1088541
1.8730353,2.5674107
0.4622224,0.5797109
0.43781236,0.5474123
1.1113002,1.5505883
1.1707692,1.6518873
1.0052379,1.3951757
1.7110015,2.3485608
0.014416124,0.010470927
0.5759478,0.7379924
1.5540013,2.1525006
1.074063,1.5043554
0.31332248,0.36518595
0.8882252,1.1947099
0.09560901,0.07862552
0.3853934,0.44604275
1.3227983,1.8546369
0.3243719,0.38728783
1.0889221,1.5214823
1.0789171,1.5054405
0.22088906,0.2364252
1.8678259,2.5387135
1.2424271,1.7600186
1.6414617,2.2784965
1.0709503,1.493047
1.5068998,2.1122987
1.0689667,1.4922688
1.0183661,1.4153936
0.34893712,0.4203834
0.06357584,0.07322029
0.48340723,0.6103272
0.36826405,0.42789933
1.3275152,1.8660711
0.3795445,0.46041006
0.2566634,0.2976999
1.7123562,2.3593626
0.60941494,0.78286403
1.70851,2.3489938
1.603783,2.231447
1.6411592,2.273234
0.35868165,0.42939085
0.049874205,0.053639963
0.63198763,0.8296664
1.6455166,2.2845433
1.9681865,2.6691642
0.9527923,1.3106172
0.34420452,0.41142642
0.4975011,0.623345
1.715284,2.3587341
0.2292158,0.27898428
0.6625153,0.87201303
1.673079,2.3054578
0.54831934,0.68719244
1.1146619,1.543869
0.51732665,0.64318204
0.118638806,0.13534583
0.6805613,0.91116285
0.03205191,0.03138417
1.8373857,2.5241525
0.3069521,0.3624404
1.2266903,1.714984
1.9136388,2.6232958
1.8421254,2.5123222
0.21377027,0.24300194
1.4966135,2.096908
0.80990934,1.0903604
0.1632404,0.18956949
1.3834628,1.9278675
1.8428152,2.5272148
0.3959376,0.47756532
0.26306042,0.28813902
0.59160864,0.77396023
0.3111185,0.36522844
0.38880315,0.478659
0.82073176,1.0983832
0.22446485,0.24844004
0.1740487,0.18647152
0.9071973,1.2500964
0.7957797,1.072328
1.4964906,2.0750132
1.5270563,2.1272092
1.0354812,1.4474164
1.7079271,2.365618
0.18915097,0.21677336
0.23268454,0.24658693
0.9015259,1.2292068
1.8865474,2.5669992
1.0594387,1.4685372
0.7729395,1.05588
0.39629927,0.47358158
1.946772,2.6371562
0.692785,0.91291356
0.54438454,0.6828846
0.7587581,1.0028027
1.2524703,1.7570329
0.122859515,0.13674356
0.230998,0.25609326
1.9766926,2.6915348
0.73929757,0.97549254
1.1342667,1.5766996
0.74147534,0.9878933
0.009257897,0.020015946
1.5034498,2.097803
0.9592476,1.3363473
0.9716082,1.335062
1.035474,1.4186202
0.39977512,0.47505322
1.6507597,2.293615
1.6077887,2.228792
0.5120655,0.6413592
1.6707802,2.3029077
1.8964045,2.586034
0.028665565,0.052056924
1.3392155,1.8599247
1.452081,2.027987
0.89532924,1.2274536
0.13266873,0.13478832
0.27879158,0.3009889
1.9264513,2.6312459
1.0582919,1.4669728
1.3605814,1.9004157
0.96268255,1.3361132
1.0389307,1.4367666
0.38939008,0.4681807
0.52370435,0.666413
0.6821,0.91595733
0.6400789,0.8384209
0.18760437,0.21148406
1.4017677,1.9405078
0.14755917,0.17080568
1.0978757,1.5258013
0.8133827,1.1147447
0.9626866,1.3302562
1.3711696,1.9201459
1.1970911,1.6711092
1.8364314,2.5161798
1.9323566,2.6360712
1.9733994,2.6759732
0.8820484,1.2068962
0.736859,0.98647636
0.8532786,1.1536783
0.41594836,0.5063064
0.8880604,1.2213879
1.261586,1.7560047
1.391772,1.9404546
0.17067721,0.18782908
1.715795,2.3814158
0.56136006,0.6984108
1.3936791,1.9679604
1.5993267,2.2457628
0.8426479,1.159669
0.5106507,0.637023
0.33460718,0.40642563
1.831332,2.5113542
0.26736283,0.3038467
0.75225055,1.0058529
1.734429,2.3929038
1.2341511,1.726531
0.26812968,0.3035044
1.2299231,1.7350867
1.6292385,2.2690978
1.5014086,2.100366
1.7027494,2.3503356
1.404015,1.9692794
1.4211185,1.9788778
1.0319046,1.4475213
0.43869758,0.5492426
0.8741521,1.2025633
0.07629549,0.062470973
1.6380666,2.270607
1.9884267,2.6918633
1.205058,1.6876771
1.3214586,1.8561703
0.7995186,1.0667973
0.655082,0.8706148
1.6475178,2.2938938
0.41214743,0.51660943
1.6128616,2.2353344
1.2503753,1.756449
0.48324558,0.61634314
1.4160925,1.9764582
1.7171261,2.3686135
0.5329639,0.66065323
0.5680425,0.7204484
0.07669358,0.052082196
0.080708794,0.07727714
1.4965482,2.0915248
0.13093871,0.1268914
0.15262365,0.17350115
1.4250566,1.9913003
1.208056,1.6914912
1.012096,1.4152625
1.170345,1.6410731
1.4364275,2.0063272
1.1792865,1.6469938
1.8338038,2.504577
0.46791983,0.5847544
1.2471464,1.72816
0.46291712,0.56754464
1.7903703,2.4526374
1.694694,2.3387542
1.8952379,2.5816202
0.1537373,0.1621684
1.7496092,2.399225
0.24862106,0.28907663
1.8678623,2.541321
1.7858137,2.464784
1.4923244,2.0703382
0.05523002,0.034154452
0.14056735,0.17595735
1.6375034,2.2820036
1.9171084,2.607683
0.647827,0.8679606
0.6766183,0.8904796
0.9920856,1.3860809
0.03393439,0.034930434
1.1108217,1.5324453
0.97446734,1.3494092
0.63669586,0.822311
1.3361408,1.8723286
0.056368392,0.06749365
0.68213934,0.89428914
0.34984902,0.4243145
1.3345444,1.8762053
0.48467988,0.60454583
0.9575887,1.3035386
0.30931905,0.34627965
0.5657619,0.7379219
1.5396712,2.135853
0.9335835,1.2796743
1.9995066,2.7157028
0.33786735,0.399591
0.5438161,0.6909963
1.66876,2.3211443
0.19281262,0.2140271
0.7519403,1.0140066
0.46566767,0.5676387
1.3205507,1.8624724
1.4218905,1.987216
1.3045465,1.8324383
0.5450351,0.68750846
0.22079729,0.2513329
0.3890644,0.47141892
1.202121,1.6823245
1.6150045,2.2539198
0.27053055,0.31589353
0.7130793,0.9636295
0.51372856,0.6437795
0.35662216,0.4346658
0.994547,1.3869139
0.8514991,1.1489309
1.338269,1.8674872
0.99864733,1.3820055
1.8566997,2.551505
1.7051075,2.3640952
0.61731654,0.8131816
1.3007904,1.8191586
1.3001081,1.8183421
1.2062027,1.6950469
1.1876763,1.6597443
0.17528394,0.187988
1.8470497,2.5244327
1.13626,1.5946994
0.8201192,1.1194081
1.6299108,2.2815871
0.5045694,0.62855816
0.09193622,0.09972228
0.6439596,0.8504635
1.1816828,1.6476772
1.8428626,2.5285327
1.4902886,2.075598
0.71770364,0.9681374
1.5884231,2.208558
1.8792012,2.5775294
0.83431035,1.1293585
1.9852425,2.681478
0.8454693,1.1724575
1.705834,2.366108
0.5220894,0.6607747
0.7038876,0.92640823
1.727812,2.3889217
0.07027905,0.09399687
0.5472803,0.69773704
1.4645797,2.0411553
1.0843629,1.5038568
1.1375121,1.5756155
0.66217965,0.8616417
1.1245424,1.5609771
0.63644326,0.82506746
0.13416813,0.1519588
0.02590179,0.022047305
0.5637685,0.72238827
1.2209015,1.6913774
0.4082785,0.48723006
1.3602737,1.9117074
0.90762305,1.2379928
1.2741842,1.7793808
0.86959624,1.1774434
1.5946696,2.2324631
0.16599335,0.20224391
0.14151049,0.16678035
1.91361,2.6048782
0.6212576,0.8173724
0.51854634,0.65257233
1.4005232,1.9506662
1.4325125,2.0036147
0.37179202,0.43726894
0.26170534,0.2913643
1.6362028,2.2716782
1.8230438,2.5102065
0.48944333,0.61967546
0.32912502,0.3907706
1.3962104,1.949867
1.334698,1.871758
1.3372802,1.8626972
1.4403389,2.009194
1.4650519,2.0467143
1.5622891,2.169454
0.13002391,0.14217275
1.9402049,2.6448858
0.80703473,1.1076446
0.7383109,0.9910915
0.48994428,0.6193485
0.44909468,0.5524446
1.0221951,1.4482278
1.0231609,1.4413891
0.45033368,0.56492436
0.95765483,1.303078
1.0872085,1.535561
0.709393,0.9313277
1.501791,2.1087496
1.5671632,2.1747081
0.33704796,0.4019943
1.2690295,1.7711246
1.3651994,1.9110124
1.996387,2.7036679
1.6616209,2.2955985
1.7565558,2.421081
1.5243185,2.1234252
1.0810596,1.5078013
0.8959633,1.2083466
0.82380074,1.1184558
1.6482002,2.2806919
0.7111861,0.9379138
1.3424523,1.8861058
0.78930175,1.0620967
0.00096860045,-0.0096391495
0.7212106,0.976025
0.25917947,0.30047333
0.057708226,0.058863144
0.41866547,0.52588135
1.9843476,2.6838195
0.27602103,0.32020664
1.3626708,1.9204673
1.9530095,2.655963
1.1407436,1.6198689
1.8043427,2.4823675
1.084772,1.5157827
0.79129493,1.0818633
1.0427282,1.4553602
0.40186092,0.48971224
1.6499763,2.290005
0.22347435,0.24772598
0.13267908,0.12348149
1.7433089,2.4106452
1.591115,2.2135
1.6962059,2.3351789
0.010640893,0.0039013417
0.5524029,0.6977955
0.4431849,0.5594452
0.1260729,0.14367859
1.4157549,1.9974264
1.9965955,2.706734
1.8276283,2.516107
1.4462231,2.0283587
0.05741509,0.046701334
1.4038217,1.9633561
1.2133179,1.7002151
1.5365862,2.1552973
1.9377012,2.6299248
1.5029327,2.0912845
1.4601897,2.037098
1.4878544,2.090375
0.38262188,0.46047464
0.34980142,0.42185345
1.8549901,2.5516326
0.19438004,0.21522431
1.8794148,2.5681112
0.7814956,1.053769
0.020355238,0.015987715
0.8626997,1.1838198
1.268883,1.7795093
1.2173759,1.7119753
0.42393178,0.52215856
0.95355695,1.314444
1.0825381,1.4994408
0.50504714,0.62876433
0.6342523,0.8309854
1.2433609,1.7401094
0.9820787,1.3521982
0.4727231,0.5899007
1.6994882,2.365245
1.1763171,1.6586447
1.980738,2.682232
0.8748527,1.1974844
1.1000233,1.5263178
0.20636217,0.24324878
0.653704,0.8781209
1.8235416,2.5083697
1.3991718,1.9581193
0.13001387,0.13315429
1.4262183,1.9886764
0.91894996,1.2633586
1.6545157,2.2874424
1.1454171,1.5777352
1.9862589,2.6844559
0.6368172,0.8438508
1.4531134,2.0377555
0.6588113,0.8819543
0.98475116,1.3731759
1.7260457,2.3674614
1.0641541,1.4882054
1.2552918,1.7585568
1.5543696,2.1759675
1.5085826,2.096878
1.6488328,2.287496
1.1617568,1.6345468
1.093149,1.528742
1.7757386,2.442417
1.8481086,2.523873
0.2586079,0.30341965
0.8995815,1.2500323
0.11143387,0.12891309
0.2697683,0.30954814
0.5548364,0.70815825
0.62868166,0.8062436
1.1953673,1.6696507
1.0627968,1.4699013
0.10599524,0.092408724
0.014072633,0.0010854792
1.627178,2.2409708
0.21162868,0.24649394
0.32846338,0.4000819
1.8624151,2.5522614
1.696239,2.3488934
1.8902159,2.5843277
1.726116,2.3890066
1.7371329,2.393703
0.46993035,0.5789217
1.5714552,2.1965742
0.7848473,1.0573732
1.8057982,2.4710267
0.96403086,1.3247935
1.5990242,2.2440455
1.9439832,2.6612484
1.8628063,2.56749
0.4984436,0.6512847
1.109477,1.5441964
0.6564034,0.876604
0.9768708,1.3483176
0.13899712,0.14371207
0.8618534,1.1895646
1.1559427,1.6167492
1.3163857,1.830696
1.0696638,1.4849598
0.02579638,0.0034779098
0.8136796,1.1049315
1.1281773,1.5832949
1.8626338,2.564652
1.8695947,2.5694358
0.2608169,0.31768295
1.1692212,1.6343014
0.78788906,1.0456146
1.5753742,2.2109766
1.8783622,2.5557775
1.1308876,1.5948155
1.3454921,1.8693116
1.9558864,2.6606767
1.2237115,1.7044456
1.5238234,2.1315212
0.91324097,1.2506822
1.2802738,1.798261
1.7263656,2.3730154
1.7223595,2.370328
1.159619,1.6042552
1.9781765,2.698607
0.87552994,1.1844114
0.6046865,0.78862494
0.90542907,1.2393819
1.0048913,1.3760071
1.8344817,2.5027518
0.12091156,0.12377407
1.0208472,1.4176247
0.2981899,0.3434295
0.24854364,0.2926595
1.7857827,2.456381
0.96786535,1.340841
0.12453258,0.12758417
0.9197005,1.2604322
1.3354001,1.8683982
0.23605858,0.2714714
0.7889771,1.0639888
1.9839945,2.7056456
1.6582319,2.2864015
0.9041795,1.2503388
1.4091597,1.9657438
0.66749275,0.89018637
1.7376797,2.3945932
1.813888,2.4857068
1.1322916,1.5854927
0.015853249,0.0077798534
1.6272479,2.2507184
1.0594358,1.48531
0.19502299,0.20786962
0.12103713,0.13498713
0.9830901,1.3410667
1.3506284,1.8953876
1.0125413,1.408329
0.5551248,0.7156862
1.564022,2.174045
0.15614031,0.17034836
0.37783292,0.45786732
1.5171165,2.0897522
1.558198,2.1692271
1.00863,1.3958158
0.20546798,0.23700587
0.058596198,0.05769393
0.81492174,1.1021044
0.67982686,0.8943908
1.2821845,1.7814267
1.1590959,1.6181638
0.764819,1.026425
1.4585557,2.036717
0.72751063,0.9684213
0.31995812,0.37333226
0.46794394,0.5869477
1.453642,2.0466118
1.4885743,2.0781174
1.407985,1.9595047
0.04376248,0.045566402
1.6999738,2.357964
0.8131931,1.112863
1.7518941,2.419783
0.7445093,0.9870344
1.9618293,2.668115
1.1114999,1.5477322
0.38978946,0.47535744
1.1019981,1.5375981
0.26292625,0.3055867
0.10576601,0.10496367
0.20863284,0.22511053
0.5798038,0.7346874
0.72634786,0.95212334
1.3412352,1.876445
0.53036416,0.66585565
1.8940588,2.5989072
0.2917807,0.35116526
1.2480723,1.7279664
0.3790317,0.4724706
0.034445323,0.048626088
1.3035622,1.8345582
0.56967,0.7520211
0.19461913,0.23549683
1.5011404,2.112307
1.1852157,1.6595314
0.05150982,0.05293605
0.08438915,0.097793855
0.052544866,0.047120694
0.18956417,0.2069673
1.6176347,2.231866
0.58899117,0.7556857
1.2677747,1.7792846
0.03241258,0.03144118
0.37606263,0.45583653
1.5866704,2.2318606
1.4431736,2.021853
0.8888738,1.2110748
1.6370724,2.2631052
0.026742844,0.04015093
0.6861427,0.89997995
0.22869146,0.2629716
1.770021,2.4453735
1.7491784,2.420321
0.06466503,0.057205122
1.5125952,2.1162484
0.6588028,0.8677163
0.6822086,0.8910344
1.331104,1.8558811
0.7969853,1.0842019
1.3845266,1.9600711
1.1748458,1.6486464
1.6559905,2.292039
0.2211115,0.22678661
1.1341368,1.5939211
0.23742194,0.2749138
0.33997706,0.40933156
1.591394,2.2174554
1.4662174,2.0571592
0.30800864,0.35254446
0.8607754,1.1958581
1.1517879,1.616705
0.6863246,0.9291949
0.685474,0.9086221
0.7110233,0.9319927
1.3539952,1.8941116
0.29048783,0.33844438
0.94054693,1.3084831
1.3889654,1.9491068
1.4475864,2.0154622
0.36791638,0.42631194
0.26071644,0.28816357
1.7506546,2.4255135
0.7129723,0.94434255
0.62046754,0.8041397
1.5166659,2.1044307
1.0391903,1.4537519
1.1893528,1.677359
1.070309,1.4907795
1.3864789,1.9559112
0.187535,0.21462911
0.9977574,1.3867645
0.72813606,0.97846967
0.50083053,0.61789733
0.10894525,0.12283476
1.6916779,2.355624
0.8364649,1.1382637
1.9012898,2.587435
0.71403235,0.94595534
1.5562488,2.1799128
0.7111471,0.94643784
1.6713982,2.311575
1.489191,2.0840065
0.07943988,0.08436401
1.03792,1.4420457
0.30797574,0.3655254
1.5965163,2.2068577
1.8239833,2.5222156
0.5837679,0.74831665
1.0366403,1.435047
1.352555,1.9059175
1.7403942,2.4063132
0.88648605,1.2225314
1.8425074,2.5311701
1.6847539,2.3099372
1.5594859,2.1636791
0.28892535,0.33474642
1.0948555,1.5166306
1.4128641,1.9782046
0.021769058,0.024068704
1.4510207,2.0288808
0.88247263,1.2022249
1.6729437,2.3092494
1.276815,1.7932405
0.08883727,0.07941855
0.6655096,0.88049006
0.062317062,0.06925166
0.015771136,0.012108859
1.959775,2.6657043
0.52472484,0.66002995
0.3168616,0.37452608
1.7450993,2.3986537
0.6178762,0.8011358
0.5883052,0.7624961
1.7699364,2.4363983
1.1531214,1.6111772
0.4184318,0.5233984
0.5798459,0.73765403
0.19336958,0.202846
1.316791,1.8499728
0.3494319,0.4013287
0.86315817,1.1774333
1.3088557,1.8355118
0.89148027,1.225605
0.90768087,1.238793
1.8161864,2.490085
1.6114138,2.2451336
0.74519575,0.99771166
1.201553,1.6838933
0.8474546,1.1619775
1.2761546,1.7960639
1.8158423,2.4879396
1.1324213,1.581992
0.2818228,0.30844957
1.6806012,2.3341067
1.4637259,2.0474482
0.35473353,0.44332328
1.2509414,1.7464043
1.8226659,2.4839702
1.7985857,2.4571946
1.9698756,2.6728234
1.3664501,1.9203026
1.9498737,2.6508064
0.18848486,0.21456799
0.42979446,0.5324562
1.0498474,1.4610685
0.746079,0.99768794
0.12160592,0.14034484
0.2524744,0.27677462
0.6428344,0.8566113
1.6381978,2.2768764
1.8017753,2.4638739
1.7791797,2.4486105
0.55659616,0.7216365
1.5013174,2.1012661
0.6320183,0.82468224
1.2435389,1.7551535
1.676869,2.3314652
0.46440795,0.5835719
0.86441725,1.1772505
0.97094643,1.3396573
0.7519613,1.0103725
1.7151285,2.3715594
0.163656,0.19997565
1.9154367,2.5969388
1.832142,2.5116613
0.732074,0.97107035
1.6697766,2.3210716
0.20036632,0.22527829
1.8208274,2.5038848
1.491184,2.0631173
1.2957202,1.8201494
0.88322544,1.2006118
0.0009191163,-0.015442153
1.4825219,2.083149
1.5196086,2.1371014
1.2188832,1.7107804
0.5986296,0.7798817
0.19739668,0.20800096
0.080495514,0.077448815
0.2576012,0.2868204
0.29909617,0.34806785
0.54933774,0.6880435
1.5243684,2.1342063
0.62332153,0.8184189
1.9977525,2.705633
0.36928752,0.4435601
1.7062517,2.3728967
0.45508057,0.5719484
0.64445573,0.85607433
0.49135438,0.6251045
1.2278109,1.7220536
1.5019526,2.1057925
0.07378308,0.08654186
0.88791454,1.2212869
1.3318602,1.8460891
0.2881765,0.319516
1.2278744,1.73102
0.70419645,0.9158333
0.06558599,0.05845945
1.9378959,2.6238422
1.623522,2.2325487
0.122731306,0.13436928
0.93242776,1.2876669
1.6002191,2.220104
1.9288192,2.6393957
0.90706694,1.2265261
1.8098147,2.4807937
1.3236034,1.848815
0.23538254,0.28282064
1.6557752,2.2968082
1.5322015,2.1412432
0.6587305,0.86508834
1.8322296,2.505903
0.4377689,0.5449895
1.4057156,1.9759537
1.4881427,2.097305
0.5937323,0.7520497
0.67543477,0.87984693
1.8474782,2.524308
1.1561466,1.6316903
0.3157241,0.36182314
0.40581098,0.5058401
0.22093013,0.23207697
0.19470808,0.21847484
0.9846694,1.3639907
1.3645445,1.9001346
1.8691052,2.5605664
0.1735786,0.18550134
0.7171237,0.96234655
0.92421764,1.2789689
1.3174019,1.8437208
1.2373389,1.7344801
0.74066055,1.0062716
0.6957286,0.9151166
1.4363865,2.0052457
0.0002347032,0.004455527
1.109487,1.553389
1.2010959,1.6635833
1.1668707,1.6265476
0.3680301,0.43518084
0.29867437,0.35942876
1.2119801,1.6989211
1.3430692,1.8661267
1.3434603,1.8941333
1.2200466,1.7178168
0.44038582,0.5322688
0.6555765,0.86823356
0.19359453,0.21181044
1.762919,2.4358747
1.913816,2.62714
0.35117623,0.41861126
0.31246108,0.3486179
1.3351858,1.8624792
1.447338,2.0208712
1.2669743,1.7751257
1.6689672,2.3048546
0.257734,0.29272386
1.7635996,2.4170237
1.6443696,2.2762585
0.8544186,1.1633025
0.6976777,0.93242836
1.1878407,1.6441302
0.99183285,1.3624543
1.7633091,2.4265852
0.15122764,0.15470614
1.0935822,1.5268627
1.4860473,2.0916479
0.70179236,0.9196265
1.1989958,1.6649472
0.40842628,0.4959426
1.5547377,2.160046
0.53951067,0.68585086
1.959474,2.6720555
0.16644363,0.18806572
0.4675428,0.5723283
0.12810928,0.13260265
1.9669733,2.656176
0.16510135,0.16169307
0.7369663,0.96751875
0.61211056,0.77651083
0.57510436,0.7334513
1.9334816,2.6333215
1.7503307,2.4165342
0.6512908,0.8537055
1.3499496,1.8967398
0.28696495,0.31346968
1.1021681,1.5427251
1.7292824,2.3921444
1.8642988,2.560159
0.7934632,1.0718367
0.49607623,0.6238943
0.45361745,0.5669862
1.2752924,1.7677866
0.7785433,1.0515416
0.4644583,0.56951636
1.232249,1.7222558
1.2610651,1.7627366
0.14215586,0.15421781
1.953476,2.6645412
0.90561026,1.2500737
1.6083206,2.2469459
0.6734989,0.8855451
1.3912067,1.9695022
0.68662775,0.9240875
0.39466053,0.4790905
1.0145282,1.4031137
0.16846101,0.1789012
1.0714828,1.4761677
0.33808988,0.3967316
0.07387522,0.074080475
1.5266262,2.1379457
1.211033,1.6782553
1.3673772,1.9253249
1.9695507,2.6920846
1.1420617,1.5983931
0.5975034,0.76534534
0.16278051,0.19152665
0.9427195,1.2984077
0.029509863,0.016257782
0.37713465,0.45124418
1.1517485,1.6037431
1.7451051,2.4167778
1.7905025,2.4586513
1.3286672,1.855347
1.2104868,1.6830634
1.0350751,1.4318271
0.7831778,1.053882
1.1724335,1.6469586
0.8770797,1.1851491
1.6567961,2.2759557
0.43157184,0.535565
0.70680404,0.93266237
0.74317867,1.0097909
1.299876,1.8144164
1.7307509,2.3915262
1.0314534,1.4276314
1.8366508,2.5134037
0.0043714666,-0.008707666
1.9279131,2.6392016
1.9877868,2.6953063
0.21271312,0.24037372
1.2445511,1.7580382
0.18713479,0.2156139
0.52401143,0.66502887
0.14535265,0.14669244
1.6863714,2.3165095
1.588963,2.221082
0.6318232,0.8313566
1.1669163,1.62935
0.25720486,0.31120598
0.54795164,0.6807204
1.3840299,1.9426686
0.09214866,0.085496664
0.6461541,0.85211855
0.51154834,0.65063655
1.2438388,1.75112
1.192225,1.6527532
1.433345,2.0147164
1.9874804,2.6907701
1.852894,2.5347037
0.7808703,1.0633307
0.50212115,0.6466577
1.5863454,2.2066908
1.3322501,1.8600945
0.4992776,0.6160714
0.39638096,0.47101462
0.43294528,0.5319255
1.6546865,2.2877762
1.528833,2.1430068
0.44820565,0.55844384
1.1842227,1.6606585
1.0160793,1.4094583
0.69981647,0.924423
0.7815487,1.0468869
1.4279842,1.9865239
0.79592806,1.062418
1.684116,2.3288715
1.6153828,2.239621
0.35910586,0.42933103
1.4468919,2.0185342
1.7025027,2.3537028
1.605112,2.2296073
0.10402676,0.102964215
0.08813012,0.11145272
1.0075959,1.4049028
1.7569132,2.4161844
0.55307496,0.69838417
0.2820411,0.31821042
0.017964682,0.026846228
1.8959255,2.593717
0.58838433,0.75380975
1.1833577,1.6519451
1.5504321,2.1381965
0.89665943,1.241303
1.4648919,2.0449798
0.960951,1.3336939
1.2563846,1.7461978
1.5794348,2.2026951
1.6622778,2.318737
1.0499074,1.4604703
0.33753717,0.40544406
0.9635106,1.3523158
1.3091227,1.830357
1.8728015,2.5662503
1.6214013,2.2382174
1.4451098,2.0286853
0.61896306,0.81943303
1.8036461,2.4849992
0.98201144,1.3542353
0.20449415,0.23943783
0.26677817,0.31829268
0.0916454,0.10339067
0.74632585,0.9934552
0.79041123,1.0628649
0.7648622,1.0305501
0.2867537,0.34852085
1.2024933,1.6834462
1.2962568,1.8185798
0.36603484,0.42826176
1.8717717,2.5575304
1.8106433,2.478444
0.5397835,0.6959443
1.2667006,1.774869
0.2968824,0.34933293
0.56502897,0.7239569
1.1556039,1.6110904
1.5275453,2.0937922
1.738161,2.4071274
1.7056024,2.3575141
1.7261842,2.3863196
1.3105798,1.8555473
0.800758,1.0799074
0.43636656,0.5485974
1.6637378,2.2939086
0.10943328,0.1319026
1.0200515,1.4162819
0.62146604,0.8162481
0.3291222,0.38974094
0.84788907,1.157007
1.2160642,1.7106546
0.27503124,0.308742
1.720449,2.3732975
0.18992925,0.22308052
0.84235865,1.1373069
1.7873236,2.4560769
0.8246871,1.1196806
1.5984402,2.2076735
1.7468997,2.4267175
0.07660884,0.0718252
1.655755,2.283869
0.53596926,0.67455846
0.13264693,0.14018406
1.4938238,2.096702
1.7582191,2.4199977
1.974324,2.6827905
1.5934708,2.2237809
1.2555014,1.7630223
1.7600392,2.420713
1.6024328,2.2438884
0.80066496,1.0787511
1.723157,2.3842514
0.009055745,0.007368155
1.0090978,1.3890952
0.7439096,0.9908122
1.0397004,1.4519851
1.3124747,1.8644669
1.7751377,2.4471843
0.09471746,0.10315022
0.64137167,0.82938564
1.1965241,1.6995469
1.1997699,1.6745783
1.1558585,1.6269038
1.1947416,1.6663742
1.9069616,2.6010604
1.0820829,1.5025265
0.15052798,0.15412585
0.17774817,0.20310958
1.4428222,2.0316503
1.7626486,2.4108236
1.3034304,1.8397658
0.29380038,0.358082
1.9848346,2.6735222
0.57935375,0.72494555
1.7895687,2.463441
0.21446484,0.2305663
1.459477,2.0514958
0.87544394,1.2042027
1.6028357,2.2378592
0.50925136,0.64520556
1.2088342,1.6907607
0.3955405,0.47827938
0.7661746,1.0208955
0.1708353,0.19853602
1.3456377,1.8916687
1.4538087,2.0357392
1.330398,1.8587201
1.705013,2.364696
0.16522445,0.18504934
0.42801917,0.5273357
1.451822,2.02228
0.23723176,0.27762216
1.1716948,1.63202
0.61426044,0.7998614
0.5799908,0.7330414
0.17937817,0.20908476
0.5509869,0.71010804
1.912702,2.5896347
1.7332543,2.3781946
0.77903163,1.0477839
0.08786201,0.09560224
1.1995137,1.6680982
1.2462072,1.7462022
0.70315623,0.9409649
1.6263304,2.2726233
1.4628865,2.0553663
0.65058637,0.85014445
0.72943443,0.97065115
0.38129368,0.4460264
0.62349725,0.818352
1.7682902,2.4312863
0.098312765,0.09950162
1.929491,2.6390512
0.59361005,0.77063006
1.5438763,2.1471581
0.5335079,0.66247165
0.8762767,1.2011862
0.8119777,1.0874383
1.0241134,1.4100436
1.3079488,1.8329695
0.4461262,0.55532855
0.6188125,0.80351573
1.7923052,2.4666183
0.3966334,0.4937738
0.55942005,0.7154759
1.4674474,2.0507863
0.42343858,0.52163565
1.0961536,1.5465783
0.5739557,0.75016546
0.8046064,1.0972756
1.6504616,2.2777197
0.50323075,0.6433637
0.0154902935,0.013877052
1.2779745,1.7973576
1.8011489,2.4921434
1.1885874,1.6665268
1.0989528,1.5306518
0.13512696,0.1433491
0.27421746,0.3197576
0.46579093,0.56836414
0.0073702326,0.0101273395
0.8125676,1.1114641
1.0815693,1.4841484
0.9990343,1.3809439
0.57897043,0.7497656
0.3088284,0.3615255
1.9644744,2.661751
1.1231045,1.5673854
0.44180986,0.5478924
1.5693828,2.1814442
0.9430276,1.3087261
0.41929245,0.5171531
1.466658,2.064966
1.4712648,2.0549054
1.7142612,2.3714232
0.06898483,0.08042122
0.97061104,1.3425374
0.8751794,1.195873
1.8433944,2.5338116
0.7992543,1.0994941
1.819304,2.509596
1.9466815,2.6648319
1.923865,2.6275246
1.8551362,2.540335
0.4544318,0.5589406
1.4938427,2.1033769
0.91327167,1.2623502
1.6320267,2.2548847
1.8662709,2.5579312
1.2997557,1.8105934
1.6812816,2.3098361
0.84096336,1.1570839
1.6190139,2.262069
0.34760407,0.42010754
0.025845006,0.041074872
1.1356273,1.5724552
1.2355186,1.7249272
0.87963074,1.1993343
0.55265987,0.6958946
0.8324702,1.1460533
0.14787087,0.1474436
0.64923596,0.8443959
1.4857019,2.0710907
1.5388669,2.1448894
1.0304453,1.4384909
0.45639884,0.57905585
0.57063335,0.73612815
0.72149146,0.9757995
0.958491,1.3378193
0.5906743,0.7635296
0.55079675,0.6905934
0.963021,1.3278344
0.7206996,0.9739545
1.4497056,2.0334013
1.9974594,2.703948
0.07593548,0.07358865
1.1430885,1.5965551
0.4368644,0.54612297
0.9800007,1.3571653
0.95028114,1.3022056
1.3518211,1.8982271
1.5199523,2.1197822
1.4004381,1.948624
0.6933118,0.8961356
0.09840632,0.06933266
0.5855342,0.755702
1.6327988,2.27362
0.87061626,1.1996601
1.395486,1.9589589
1.2414528,1.7451808
1.3571823,1.9112538
1.5024209,2.097178
1.7342978,2.3965106
0.41952035,0.5090834
0.09380361,0.10531148
1.0318654,1.4216924
1.8169298,2.4965382
0.27504238,0.32303992
1.86517,2.5657086
1.7275639,2.3844516
1.9271263,2.63163
0.5827311,0.74357414
0.82475907,1.1198585
1.6640831,2.31147
0.55464053,0.71788394
1.9522593,2.6495993
0.26084983,0.30623102
0.671802,0.87653655
0.9192005,1.2654831
0.40346238,0.4760885
0.11558729,0.11631757
1.7648141,2.4281166
0.63619816,0.84976345
1.1343085,1.601527
0.36571446,0.4276102
1.4720371,2.0497093
0.20888373,0.223326
1.4198459,1.9865568
1.2971629,1.8106679
1.184827,1.6414356
1.3663136,1.898043
0.5188079,0.63666236
1.2028955,1.680442
0.069009036,0.0713629
0.5156411,0.6515735
1.259693,1.7555324
0.8871553,1.2088658
0.042026456,0.054624442
1.1848435,1.672031
1.6678311,2.3283875
0.0018830637,-0.0029165864
1.3789135,1.922052
0.4450629,0.54479223
0.21168482,0.24896748
1.0744184,1.498794
1.2713184,1.7656406
0.11154876,0.12875956
0.070704944,0.08448962
1.6954709,2.3470447
0.13244635,0.14600864
0.055457,0.067856364
0.5900266,0.7572922
1.5930849,2.2383478
1.1920345,1.6782343
1.5973991,2.2227159
0.13886304,0.15023649
0.88350326,1.2057375
1.4366431,2.0103927
1.4231409,2.0032141
1.3860871,1.9500664
1.7827979,2.4458897
0.55952007,0.7258299
0.3061594,0.36514607
0.41787082,0.49538884
0.8048323,1.0993698
0.34128758,0.41104788
1.7657589,2.447012
0.8126969,1.0910697
1.942328,2.6343486
1.6407633,2.2743034
1.0991253,1.5337046
0.9599244,1.2930335
0.5498523,0.7101104
1.7200621,2.363954
0.75426936,1.0045838
0.9908151,1.3653281
0.32147625,0.36733365
0.13052909,0.14557903
0.7709358,1.0147471
0.7106187,0.9426244
1.9280046,2.6263554
0.5347576,0.68895334
0.5706873,0.7434938
1.0295031,1.4423851
0.33881888,0.39739403
1.8821656,2.561706
1.9039729,2.5946045
0.29089415,0.32896388
1.0818427,1.5007465
0.5726646,0.7441139
1.3427473,1.889862
1.444679,2.0442057
0.28128472,0.32753614
1.3633883,1.8976033
1.354055,1.8952688
0.69028044,0.9023415
1.0990157,1.5307323
0.29830012,0.35255718
0.91248655,1.2565509
0.6780466,0.88839495
1.038849,1.4281006
0.3662116,0.42838264
0.5846195,0.7477307
1.1263629,1.5806628
1.9765849,2.6752505
0.9027349,1.248566
0.69636923,0.9162545
0.35827398,0.43532792
1.335882,1.874941
1.1973969,1.6798702
1.1589972,1.629376
0.07063396,0.06700045
1.4503534,2.0343146
1.114303,1.5747381
0.10590693,0.100576125
1.0878599,1.5181705
1.366258,1.903211
0.24637094,0.26841122
1.8827869,2.574089
1.6836002,2.337776
0.045448568,0.060290903
0.35516044,0.4314398
1.3303417,1.8672737
0.36763433,0.4438306
1.5602741,2.1744597
0.6163975,0.80334616
1.71925,2.3580375
0.14885886,0.15735403
0.8225142,1.1341455
1.8942378,2.5844855
0.43289202,0.53651935
1.0863105,1.5043155
0.48639435,0.6099917
0.6794983,0.88527626
0.15328273,0.16581948
0.040924758,0.05049864
0.27525645,0.32336438
0.5692531,0.71853137
1.3557538,1.8926784
1.3024951,1.8237147
1.0135242,1.3975391
0.8718908,1.1825122
0.9513081,1.301984
1.0720669,1.4934015
1.3773619,1.93268
1.4388757,2.0026884
1.7685227,2.4328194
0.72792107,0.9556494
0.39500505,0.4838473
0.7325283,0.97949076
0.9946267,1.3703816
1.096155,1.5309844
1.6774057,2.3283563
0.30547398,0.3506907
1.437785,1.9978889
1.1034966,1.5333985
0.9213379,1.2684739
1.7597423,2.4177997
1.0987995,1.5401653
1.6515131,2.3034365
1.5483571,2.1606123
0.6520573,0.869461
1.283824,1.7952435
0.7574381,1.0250883
0.81497514,1.1116117
1.7782761,2.4577143
0.6733789,0.9018987
1.8301325,2.4957426
1.6714225,2.3153985
1.9439034,2.6316435
0.3105731,0.35514402
0.19170833,0.2104695
0.069728665,0.089868255
1.8643605,2.5645912
0.0018295044,-0.00637453
0.016357988,0.022032812
0.46864042,0.6056833
1.2385242,1.7235905
0.16397993,0.19220278
0.93291086,1.278293
1.019812,1.4188826
1.2404553,1.7435306
1.0277889,1.4360458
1.9994938,2.7134333
1.5513729,2.1519036
0.42085746,0.5140284
0.28384125,0.31935546
0.15311146,0.16715142
0.43175194,0.5342613
0.010272886,0.021971537
0.33076027,0.3758998
1.2413652,1.7384377
0.3135422,0.38393492
0.8417328,1.1327802
1.6203912,2.2501838
1.7654743,2.4237545
0.2269371,0.2661257
1.3177139,1.8512588
0.60419184,0.7710328
1.0643548,1.4779445
0.1137258,0.10529148
1.0498178,1.4756968
1.4845406,2.088503
0.071271874,0.07824834
1.740731,2.3845174
1.4071611,1.9799473
1.4855092,2.0641177
0.7570789,1.0064867
0.9336226,1.2847513
0.82523495,1.1278676
1.4320201,1.9987679
0.33385047,0.38443378
0.1682684,0.1836037
1.3013355,1.8279502
1.6615471,2.2848573
0.38799676,0.46039864
1.4412736,2.0323606
0.631878,0.83002496
0.6423487,0.8583763
0.34671524,0.41744247
1.3492979,1.8994027
1.1099123,1.5698626
1.079442,1.5007478
0.23952599,0.26578492
0.5329506,0.6842815
0.82691205,1.1196774
1.2557522,1.744906
1.1398145,1.6007761
1.0242907,1.4175609
1.3972608,1.9626293
1.876354,2.5774763
1.8353298,2.5082994
1.1201583,1.5739167
1.2595544,1.7740757
0.5991427,0.7946585
0.656459,0.86331224
0.60278666,0.7764269
0.8077036,1.0964407
0.19632912,0.2298858
0.872812,1.2077354
0.25787798,0.28375483
1.6619239,2.300347
1.0840596,1.5123818
1.4982771,2.0865464
0.43602753,0.53171754
0.69810486,0.9239095
0.15491821,0.18233626
1.7363232,2.3905041
1.2715514,1.7975198
0.8034146,1.0872512
1.9581364,2.6575286
0.39238313,0.47620675
0.6577024,0.85567456
1.0366788,1.4371002
1.3521663,1.8992087
1.1058524,1.5283399
1.6660001,2.2992349
0.45202342,0.57098466
1.8676064,2.545745
1.206645,1.690497
0.8056509,1.0813519
1.2287166,1.7404485
0.31017673,0.377356
1.0125371,1.3996091
0.95200163,1.3231026
0.14074995,0.1461119
1.2794162,1.8057808
0.9489189,1.3111113
1.77368,2.4336205
1.7787555,2.4577487
0.5367288,0.68850225
1.3989439,1.9551222
1.9632561,2.6554453
0.44415012,0.5459453
0.45242104,0.5594833
0.11765253,0.117125645
1.3572961,1.8914481
1.4923251,2.0824533
1.4432931,1.9993507
1.7537395,2.4200048
0.20521751,0.22481814
1.0480971,1.4424617
1.4783493,2.0581684
0.36654058,0.4378765
1.0326908,1.4286778
1.8526295,2.53519
0.20337047,0.23245218
0.6953664,0.9181359
0.9928848,1.3874458
1.4851029,2.0725338
1.9344198,2.6384182
0.36324883,0.4420855
1.2430027,1.7357355
0.95819396,1.339809
0.7021227,0.9337012
0.3311541,0.37692592
0.97597784,1.341079
0.8558603,1.1597269
1.0418904,1.4456165
1.0449437,1.4493598
1.2511996,1.7377287
1.9369287,2.636302
0.42071608,0.5267848
0.63873976,0.84178483
0.54943544,0.71085435
0.077784196,0.0704829
0.7240939,0.95796645
1.5699699,2.176693
0.372855,0.4521347
0.6916846,0.8990388
1.3667855,1.9296569
1.811991,2.4717164
1.7594037,2.4040334
0.66265595,0.858877
0.23762797,0.2632748
0.13194148,0.12338813
0.12696353,0.116550036
1.1345899,1.5934446
1.8284363,2.501599
1.7310561,2.3747666
1.6085049,2.2328017
1.3823968,1.9268509
0.9183185,1.2674011
0.6379043,0.83824766
1.1848245,1.6662467
0.8572748,1.1783843
1.2337449,1.7174609
0.3936923,0.4645518
1.630438,2.2594216
1.0178288,1.4048527
1.1904805,1.6583828
1.5941848,2.2095108
0.49334106,0.61187166
0.72003186,0.96007806
0.25356486,0.2965241
0.89777064,1.2417091
1.3213059,1.8429691
0.8583828,1.1824406
1.4324263,2.019252
1.4873153,2.0626097
0.0048908456,0.0130105205
1.1675314,1.6324277
1.9303744,2.612892
1.403625,1.9685131
0.9523186,1.3257481
0.89812547,1.2343044
0.38720128,0.46266884
1.7752101,2.4438488
1.978505,2.7007213
0.3665955,0.43774274
0.22093864,0.2481764
0.60393757,0.7771167
0.6432033,0.85682726
1.4942154,2.0716925
0.45114994,0.56596035
1.1209177,1.5508478
0.53515506,0.68366265
1.5362521,2.138163
0.72764724,0.9590191
0.7119491,0.9629611
0.06968447,0.07106866
0.13972896,0.13281526
1.4517521,2.0287023
1.1516837,1.5896171
0.30946133,0.3534172
1.9101484,2.614014
1.0476208,1.4526355
0.34662014,0.39899257
0.8013997,1.0785996
1.011222,1.4088787
0.25563785,0.2993766
0.9931608,1.3745533
0.17074086,0.17967734
0.698109,0.92867863
1.2945131,1.8041633
1.5480597,2.162509
0.5712892,0.72321135
1.065221,1.4729029
0.6932518,0.9217524
1.9968129,2.7123022
1.5844185,2.2000322
1.6298133,2.277345
1.8165799,2.503707
1.2377445,1.731471
1.4707897,2.0507092
1.5909251,2.215086
0.5470453,0.688344
1.95816,2.6794422
0.90101343,1.240595
1.1220531,1.5817424
1.2140006,1.6920166
1.0261642,1.4413038
0.7906584,1.0678536
1.7669077,2.4447227
0.08739317,0.10209021
0.49165457,0.6303133
1.999966,2.7162185
0.42535168,0.51923484
0.7224827,0.9693744
1.5927265,2.2117794
0.49201608,0.6145767
1.5406259,2.1511579
1.8090831,2.4678533
0.11204193,0.12930866
1.8908755,2.5761054
0.98909175,1.3560596
1.2014838,1.6791482
0.5575992,0.72329533
1.0094427,1.3999754
1.6175998,2.2311196
1.6075207,2.2527497
0.61679745,0.79953766
1.3878467,1.9291661
1.6716447,2.306267
1.8560101,2.5229867
0.2852302,0.33747557
0.44048014,0.5303854
1.4562664,2.0261538
1.8211852,2.5256624
0.15964262,0.16913472
0.47161713,0.58169484
1.8058119,2.4852061
0.28270566,0.30560806
1.1919782,1.6813467
0.04398233,0.042036835
0.50435865,0.64066225
0.5438445,0.6929477
0.028801877,0.037106857
1.5509822,2.1560488
1.442844,2.0211294
0.012752391,0.032866534
0.17626579,0.17523374
1.5446323,2.1808212
0.4477059,0.5627011
1.1489356,1.6031264
1.8912759,2.5680606
0.38106474,0.4407386
0.10813156,0.10196255
1.1796881,1.6554494
0.6309696,0.81999713
1.3224939,1.8574717
1.9247191,2.628752
1.1364957,1.5919617
1.3639474,1.8958113
0.44963476,0.5568972
1.5026376,2.099464
0.10985907,0.101488166
1.7555652,2.3966565
0.8905915,1.2222371
0.57506907,0.7410692
1.2060951,1.6861738
1.6698698,2.3068178
0.7989069,1.0580671
1.3313166,1.8666812
1.838814,2.523617
1.5545825,2.1651738
1.9005371,2.6049383
1.6954602,2.3369682
0.71269274,0.9487558
1.2289481,1.726573
0.3535044,0.42822462
1.8124814,2.4816034
0.6546088,0.8586008
1.0293244,1.436116
1.0420966,1.4459332
0.5193145,0.6717289
1.8772253,2.55311
1.6417869,2.2801
0.7405011,0.99319464
0.5589848,0.7030744
0.9460298,1.3051175
1.9212786,2.6149073
1.5738575,2.1879554
0.7505644,0.9942941
0.22719526,0.24910775
0.17199151,0.19732177
1.3605785,1.909745
0.5209605,0.631822
1.3921533,1.9498297
0.50722355,0.6456372
1.5623438,2.1653342
0.08248724,0.07217285
1.5295272,2.13534
0.52765584,0.67166954
0.6762914,0.87854004
0.27777228,0.3256507
0.33956546,0.40127558
0.9606077,1.3170162
1.4416802,2.0149703
0.9521341,1.3201165
1.3149564,1.8306313
0.5914999,0.7544539
0.01683253,0.040618017
0.23232637,0.26752982
1.0980089,1.5318949
0.7289765,0.95389426
0.9731636,1.3362849
1.286339,1.8090162
0.49673188,0.6004357
0.95562786,1.3298967
1.1692041,1.6207548
0.5288434,0.67972875
1.5727935,2.2062829
1.5222222,2.1332772
0.2508343,0.27931336
0.07709469,0.08420863
0.3075552,0.36610916
1.3177409,1.844839
0.5393393,0.6811641
0.96840215,1.3485465
1.6121054,2.2410545
0.852525,1.1530157
0.9988869,1.3736348
0.11851785,0.12872049
1.7404635,2.3962562
0.04984849,0.057860836
0.79345554,1.0737318
1.312672,1.8307525
0.58330035,0.74500066
1.1819978,1.6414655
0.6192951,0.8123273
1.4416752,2.0189714
0.9313955,1.288348
1.1634972,1.6485244
1.313503,1.8400536
1.1235843,1.56922
1.5226725,2.128266
0.9241719,1.2593052
1.3839481,1.9266902
1.3160412,1.8417429
1.780128,2.4337597
0.3469054,0.41494152
1.4844381,2.0756187
1.0219672,1.4090402
0.057767954,0.04585813
1.9038732,2.5821548
1.1140401,1.5645076
0.25220257,0.27268782
1.3847606,1.9354671
1.0650481,1.4757174
0.15381637,0.16832319
0.82268065,1.1261919
0.99435866,1.3717873
1.9104669,2.6235127
1.2839918,1.8001707
1.275332,1.7857678
1.8165014,2.486676
0.041443087,0.041676614
0.789657,1.075908
0.9347603,1.3068535
1.2676733,1.7789322
1.8528124,2.5266256
0.062826715,0.063170865
0.08735713,0.06362778
0.7607277,1.0314251
1.3204664,1.8544137
0.40582636,0.49653885
1.1336671,1.5734617
0.27851087,0.3025112
0.67035455,0.8773746
1.9786239,2.675218
0.5234689,0.6582698
1.4781687,2.0744834
1.4251274,1.9992305
0.76164705,1.0467696
0.89267,1.212562
1.6041751,2.2333624
0.12000809,0.12855579
1.5015024,2.1076624
1.10018,1.5511909
1.8422562,2.5023491
1.0199932,1.4217514
0.9725695,1.3614184
1.7759585,2.4389594
0.857317,1.1729047
1.0356745,1.4414124
1.3908297,1.9290242
0.61296237,0.80489224
1.5907737,2.227913
1.5580448,2.1845453
1.6518923,2.2916782
1.9525476,2.6603992
1.7565358,2.4407194
1.322655,1.8518757
0.42824554,0.51349723
1.0908979,1.5232173
0.34368744,0.4005064
1.2899315,1.8140894
1.5617151,2.1972604
0.3946131,0.48748252
0.1223789,0.13527125
0.006709485,0.014054203
1.9346765,2.624361
0.4554323,0.5661234
1.1641507,1.6188785
0.5459472,0.68796337
0.9927126,1.3764122
0.27326414,0.29617265
0.9415489,1.2784392
1.8759468,2.5873635
1.9123803,2.608012
0.8396685,1.1477492
1.3001025,1.8316814
1.2810154,1.7981277
1.2760906,1.7960548
1.069998,1.4938008
0.8683642,1.1978738
0.35231018,0.42584968
1.1493747,1.6144377
0.0634808,0.07208427
1.85835,2.5315301
1.8799422,2.5663612
1.9163,2.6075487
0.13179204,0.14967786
0.761373,1.0338851
1.4103696,1.9807022
0.4696593,0.57303977
1.6195207,2.2486582
0.47284982,0.5798434
0.07555148,0.08585827
0.6356165,0.8439646
0.8163195,1.1006002
0.50559974,0.6400301
1.0634815,1.488342
0.9364011,1.2888855
1.9956733,2.7069697
1.8157512,2.5016642
1.7521789,2.4110463
0.16284962,0.17813252
0.63203233,0.825046
0.8373589,1.1563965
1.3866309,1.9298329
1.9093868,2.5944955
1.7578334,2.4291408
0.87127274,1.1802222
0.01956739,0.017250188
1.3924096,1.9453839
1.556172,2.1869197
1.803542,2.4843447
0.12777415,0.12636973
1.5624563,2.187172
0.552728,0.7165204
1.7973673,2.464553
1.0918559,1.5210274
0.47935644,0.6125032
1.9219952,2.6196408
1.9549867,2.6201043
1.8499218,2.5145333
0.99935156,1.3584338
0.16030243,0.17125311
1.3775963,1.9307811
1.7700369,2.4442692
1.5285325,2.1370826
1.3059946,1.8217083
1.1407069,1.5950592
1.9153064,2.6110554
1.9516559,2.6487598
1.2924597,1.8303002
0.5341646,0.6675255
0.86486554,1.1845357
0.38831848,0.45842502
0.41661367,0.49362138
0.42335147,0.50487435
0.016665746,0.01907469
0.0074803773,-0.007476102
1.6028033,2.2161405
0.9213659,1.2763736
0.05921583,0.06370494
1.6604248,2.3127487
0.91866416,1.2598559
0.77255595,1.0426244
0.057433054,0.058881
0.70324135,0.9323237
0.031747032,0.03816699
0.2869572,0.31940585
1.0076778,1.3925422
0.8552009,1.1817633
0.13852851,0.14250298
0.08224909,0.104010396
1.2926047,1.8101859
0.3727042,0.45716065
1.870158,2.5545897
1.1596011,1.6069031
0.2955859,0.34992263
1.4756566,2.0601234
1.5545421,2.182527
1.2449266,1.7509761
1.4436318,2.0156264
1.905311,2.6077871
0.38834321,0.452112
1.594831,2.2201858
0.83325243,1.1429427
0.8943136,1.2220646
1.2487636,1.7450774
0.8272436,1.1056371
0.09901728,0.11856279
0.19093192,0.21072516
1.4795016,2.0713325
0.3885652,0.47441864
0.7015699,0.9367993
0.26845524,0.31427893
0.9502761,1.3224647
0.29620138,0.34871373
1.9027406,2.5855775
1.9595809,2.6539252
0.27733356,0.3139481
1.2589083,1.7570589
1.726522,2.391537
0.9262328,1.2713306
0.029120676,0.03701707
0.12423659,0.1237321
1.3063036,1.8483661
1.3152593,1.8372467
1.2964045,1.814083
1.0685825,1.5003335
1.8789588,2.5701907
1.3596803,1.9017236
0.008314902,0.0076477677
1.1672484,1.6345382
1.400742,1.9568431
0.58925366,0.75342387
1.4997793,2.0964127
1.4593811,2.0236611
0.47049823,0.56522083
1.9906111,2.6872072
0.9357011,1.2943809
0.7746198,1.0424703
0.5795809,0.7661933
1.5088956,2.1238139
0.1349263,0.13496077
1.8641391,2.537136
0.74290836,0.98304605
1.8939087,2.5988488
1.3510373,1.9093678
1.1482716,1.6165522
1.7528282,2.4174147
1.7687802,2.4347548
1.3761973,1.9284098
0.43105292,0.52829766
0.15328164,0.1602848
1.3817106,1.9398409
1.3551513,1.8888239
1.7431108,2.4079328
1.3434393,1.8825451
0.11191551,0.12995233
1.4521201,2.0412505
0.6184837,0.7980895
0.16949691,0.1791745
1.9524401,2.665508
1.9295762,2.6300628
1.9645725,2.6750054
0.39108813,0.47033823
0.60762465,0.7725066
1.9698846,2.68215
1.3169988,1.8451749
0.7425572,1.0041009
1.2047939,1.6905404
1.7422732,2.419847
1.4398222,2.030454
0.5995037,0.76681185
0.21758206,0.23610996
1.2506568,1.756669
0.055998646,0.06206735
0.072211884,0.062672034
0.8971698,1.2381816
1.4598634,2.0487022
0.7020758,0.92575794
0.0189157,0.035414785
1.9528931,2.6457074
0.57112163,0.7463637
1.6689862,2.304846
1.2095147,1.7091835
0.86568254,1.1551455
0.7972061,1.0906498
1.5607015,2.1917021
0.84712005,1.1613632
1.2615094,1.7570901
1.2860671,1.8058175
0.778948,1.0380372
0.13872303,0.14973956
0.16925368,0.18545541
1.7130966,2.3728917
0.41957292,0.5096666
1.5262,2.1137788
0.25930828,0.2995324
1.8875451,2.572999
0.21589924,0.22568509
0.0187221,0.01837459
1.5086532,2.1140654
1.7679863,2.4406757
0.7886306,1.0623103
0.057255235,0.06030082
1.7189339,2.3845422
0.68146116,0.8857999
1.9066449,2.6047454
1.5901506,2.2042542
1.1734064,1.643279
1.4069515,1.9911844
1.2590772,1.7831519
1.4324746,2.0030394
1.0478208,1.4676399
1.1810191,1.6423668
0.9576315,1.326049
0.7522518,1.0056365
0.060648628,0.069063194
0.21458364,0.23004656
0.20944758,0.23486286
0.9604425,1.3361233
1.5799397,2.1802154
1.3779546,1.9462959
0.41390902,0.4999543
1.5208945,2.1042738
1.7632885,2.4355793
0.77036095,1.0256952
1.2534558,1.74207
1.1411239,1.5812833
1.8419157,2.5269537
1.6366352,2.2727191
0.2176833,0.24460453
1.9976243,2.703099
1.8090475,2.4789305
0.16534603,0.18660782
1.9402413,2.6417024
0.09133467,0.077228844
1.5899925,2.2079947
1.2368506,1.7179769
0.8954519,1.232632
0.24385193,0.2821442
0.8439913,1.1338046
0.6231752,0.80745167
1.8348535,2.5101895
0.96841824,1.3399624
0.7317892,0.99171734
0.9694395,1.3349273
1.2100363,1.7095677
1.5435717,2.1511517
0.54298836,0.68204075
0.5570905,0.71122384
1.8389693,2.5288029
0.87119335,1.1773417
0.8615446,1.1825423
1.5562823,2.1585906
0.47898877,0.6075691
0.36233434,0.43832827
1.639276,2.2694821
0.8359453,1.1435641
1.1697218,1.6444782
0.14821939,0.1572929
0.97872543,1.3487216
0.64109594,0.8415022
0.9731094,1.3377588
1.3033113,1.833235
0.37327746,0.45675224
0.9268487,1.2767112
1.6667155,2.3037174
0.6557789,0.86365193
0.2886181,0.32070228
0.9604309,1.3280268
0.14236559,0.16790703
0.26677665,0.3094389
0.3912654,0.46017033
1.8196387,2.5046866
1.3315223,1.8571045
0.15941109,0.16645668
0.53877,0.6777101
1.9377055,2.6317265
1.8058761,2.4769876
0.027361665,0.020532511
0.5930776,0.76215243
1.420669,1.9938463
0.93764186,1.2942729
1.4573028,2.0362127
1.9344541,2.6328118
0.40987113,0.5182832
0.50616443,0.62825286
1.7577832,2.4245918
0.0033475684,-0.00076746166
0.89855474,1.2286708
0.60765225,0.77678704
1.7254298,2.37783
0.8235876,1.1202916
0.9663001,1.3271154
1.4025348,1.9470836
0.85527956,1.17325
0.6012366,0.76769364
0.71967,0.9783998
1.7358693,2.4071524
0.72144717,0.97109175
1.7742537,2.4445302
0.37601042,0.448796
1.9662757,2.6795557
1.7727053,2.446892
1.7399594,2.3987217
1.3425703,1.8670106
1.1342453,1.57984
0.062128406,0.07988806
0.717429,0.97334063
0.07368911,0.07754149
0.83022195,1.1241391
0.3504458,0.41460836
0.29898646,0.3506974
1.6132214,2.2383006
0.65162945,0.84501076
0.8394477,1.1438892
1.8999921,2.5905147
0.3727344,0.45382518
1.0837004,1.4983125
1.9471583,2.6501036
1.9890039,2.7078707
0.1348031,0.13862798
0.28776944,0.32506686
1.8647655,2.5511906
1.7784976,2.4472604
0.45943245,0.5693679
1.6272757,2.2564042
1.287426,1.8006537
0.7252635,0.98118174
0.30936593,0.35064062
0.69982994,0.9367757
1.1723255,1.6504844
0.6636244,0.8653089
1.5347904,2.1327984
0.93968904,1.2946343
0.47990417,0.6002473
1.7954032,2.4619267
0.68399066,0.8999223
0.015405603,0.009055238
1.588293,2.2134612
0.25183177,0.29213038
1.8753233,2.5635922
0.096659206,0.09473027
0.8026048,1.0896809
1.3294836,1.8804938
0.19058906,0.20467769
1.7162929,2.3696074
1.6757631,2.3162456
1.712903,2.3784287
0.58608323,0.7561236
0.16178264,0.15568106
1.6177495,2.2416165
1.7613696,2.4219892
0.6524019,0.8600031
1.1552877,1.6162422
1.5366462,2.134765
1.5131454,2.1111503
0.33053932,0.38768923
0.8751011,1.2036066
0.031835675,0.03398242
1.1995265,1.671022
0.32038948,0.36287156
1.8558127,2.539382
0.5646126,0.7093809
0.9380194,1.2980534
0.5109661,0.6497029
1.0270941,1.4424708
0.66365767,0.87867427
1.230039,1.7245876
1.7719799,2.4327257
1.6213671,2.2470903
0.6946489,0.9206444
0.31738013,0.3638359
1.1615512,1.6046531
0.109073624,0.122795224
1.196876,1.6721069
0.9272439,1.2756268
0.7307835,0.9767421
0.32591408,0.3960703
1.511874,2.0886562
1.9332497,2.626006
0.32952294,0.3946439
0.7481595,1.0098438
0.45352438,0.5511932
1.9945143,2.7072852
1.9396278,2.621674
0.35100946,0.42488754
0.5272746,0.66299796
0.24697521,0.29473642
1.2586608,1.7742777
0.82120997,1.1237017
1.8604264,2.5539281
0.6581548,0.8545221
0.94908684,1.3078388
1.5289454,2.1383264
0.5577949,0.7078988
0.15773325,0.1693968
1.0158577,1.3893249
1.0599647,1.4748818
1.4594659,2.0329003
1.151381,1.6074151
1.5334488,2.1508327
1.8095341,2.5009127
1.4617394,2.0226243
1.6181545,2.2374504
0.38235936,0.46833748
0.35881677,0.42186743
0.7795085,1.0507456
0.25135684,0.28221014
1.0571961,1.4773823
1.1962305,1.6599311
0.5977396,0.78740823
1.990193,2.6903687
1.5673636,2.1761677
1.5257992,2.118932
1.2859926,1.8147603
0.45830587,0.5527101
0.40173092,0.49564525
0.32515427,0.3839501
1.5676839,2.1827874
0.71493596,0.94847715
0.42652866,0.5206712
1.8068982,2.4818022
1.6416589,2.2884111
0.05061829,0.055342674
0.5639047,0.7267249
0.8464347,1.1574495
0.42809725,0.5214711
0.93219113,1.2836459
1.0882059,1.524827
1.0402491,1.4483479
0.9820788,1.3746095
1.6992042,2.356966
0.013865885,-0.00044648026
0.07855117,0.09727121
1.7459304,2.419957
1.5603755,2.161349
1.4756458,2.076703
0.5428361,0.6953382
0.1919963,0.1968489
0.5036284,0.6400587
1.8413323,2.521525
0.63503444,0.8245587
1.172873,1.6314728
1.0856471,1.515362
0.08697211,0.100161605
1.5704861,2.1964397
0.72494334,0.96768266
0.093358845,0.09782025
0.42209908,0.52188367
0.87135315,1.202468
1.6929586,2.3379853
0.71061003,0.93386763
1.2391309,1.7313097
1.0429081,1.4296206
0.7095316,0.9346317
0.22120889,0.25636032
1.7471256,2.4068084
1.8080071,2.4915683
0.37380153,0.45992297
0.15085344,0.16770999
1.9684798,2.6894915
1.013683,1.4211742
0.5485748,0.7130136
0.18325803,0.20835927
1.2518431,1.7683197
1.331971,1.8668923
1.7279867,2.4022512
0.29908666,0.35312378
1.9546717,2.6514695
1.597918,2.2211006
1.8808746,2.5616443
0.29013932,0.33460522
1.6696147,2.3074434
1.3383766,1.8764288
0.4312807,0.5414446
1.6509795,2.2824354
1.4902496,2.0859072
1.2601624,1.7579339
1.9732761,2.678685
1.2207292,1.6959497
1.2080468,1.6757419
1.2390319,1.7452842
1.0896648,1.5102186
1.9116213,2.6146374
1.7967677,2.4852042
1.4322395,1.9922328
1.6582232,2.3053682
0.802516,1.0765048
1.9412506,2.6535826
1.36455,1.9199767
1.8998572,2.5953655
0.98302025,1.3789835
0.019284356,0.028651517
0.38076258,0.45837057
1.4084165,1.9798359
1.029549,1.4353665
1.6038097,2.2269108
0.6209884,0.8160243
1.8614457,2.5605805
0.15801206,0.16705222
1.7390436,2.413332
1.2550795,1.761315
1.6754607,2.29782
1.3623074,1.899973
1.7178835,2.3785067
0.9698962,1.3466259
1.109757,1.5561486
0.0266447,0.0247438
1.5447158,2.1768746
0.22372986,0.26223117
1.2253003,1.7245824
0.8902524,1.2199353
1.9398283,2.6219747
0.6794619,0.9163421
1.4461716,2.0184975
1.5662651,2.1845348
1.9623141,2.676758
0.33165777,0.3936286
1.5645376,2.1885982
0.72836256,0.96066797
0.7856754,1.0549718
1.0801439,1.5115738
0.78098166,1.0537733
1.0624354,1.4812311
0.97700095,1.3402165
0.2114471,0.24701919
0.04768768,0.052365467
0.14581937,0.16335435
1.3844168,1.9356952
1.4163691,1.9923654
0.6667455,0.8683389
0.36630285,0.44179693
1.3777013,1.9235389
0.33470508,0.382056
1.5934763,2.207593
1.0447396,1.4558061
0.07047253,0.08245299
0.70576316,0.9249668
1.8438355,2.5582209
1.2768208,1.7888818
1.7279905,2.3854823
1.4955903,2.0833187
1.3960916,1.9476068
0.11835994,0.11798536
1.0672365,1.501621
0.7606547,1.025059
1.0756077,1.4897833
0.69001025,0.92119753
1.9472722,2.6557772
1.8697349,2.5721161
1.7583916,2.4048116
0.43003857,0.53620815
1.3986571,1.9743559
1.7029996,2.3497467
1.2225056,1.739633
1.570963,2.19246
1.0753592,1.4894661
0.96848094,1.338192
1.3583738,1.9063193
0.57523537,0.7485876
1.7867255,2.4384425
0.6418303,0.8478087
0.11726183,0.13130355
1.4078263,1.9635476
1.8319156,2.5238404
0.74989396,1.0017021
0.47544134,0.5884489
0.93067515,1.2920542
1.7146388,2.3651767
1.2193966,1.7134838
1.0812502,1.5073929
1.9074644,2.609291
0.98241186,1.3599186
0.4237326,0.51094395
0.59217155,0.7531084
0.970625,1.3420928
0.82286346,1.1191089
0.845835,1.1617976
0.7342237,0.9890482
1.8992783,2.5925097
0.0046645044,-0.000454527
1.2051406,1.6773434
1.5173141,2.1134286
1.1132126,1.5609444
1.7276661,2.3980904
1.9191649,2.5949156
0.31031203,0.35681757
0.716221,0.9425382
0.7666857,1.0401484
1.8161039,2.495492
1.4397808,2.0121126
1.6791955,2.3087838
1.791071,2.4629872
0.0250067,0.010320257
0.6257087,0.8226686
0.3675549,0.43784684
1.977282,2.6869874
0.7147134,0.97632855
1.1343079,1.5772412
0.1874275,0.20526613
1.1092165,1.5349404
1.5323763,2.1383905
1.3413104,1.868114
1.1231173,1.5568298
0.4208159,0.5138028
1.3609239,1.9091707
0.14281712,0.13296005
0.2511716,0.27369148
0.58859396,0.7448569
0.49452087,0.62141585
0.5443844,0.6863269
0.76064205,1.0327264
0.13245347,0.14357892
0.872159,1.2024108
1.2824801,1.8015106
1.2352012,1.7508122
0.12861301,0.13376446
0.717589,0.94205946
0.9260879,1.2622066
0.2303404,0.26735988
1.2532524,1.7558497
1.4717447,2.0583897
0.015525973,0.023855863
1.664556,2.318227
1.2154739,1.6872487
0.010552132,-0.0042387364
1.323524,1.8529388
1.6325265,2.262216
1.7534615,2.413333
0.9950352,1.3827001
0.7121357,0.9380759
0.68656665,0.9127873
0.14465575,0.15914635
0.5113431,0.62453467
0.40714335,0.4870045
1.2639618,1.7541939
0.33789322,0.39051253
1.3987733,1.9638581
1.3052241,1.8195975
0.9539723,1.3186259
0.0320195,0.029866548
0.75032127,0.9942681
0.2363401,0.26558852
1.6070027,2.2287316
1.70824,2.3630905
0.086588375,0.07700283
0.9557829,1.3188336
1.4906741,2.0849283
0.619369,0.82745075
1.0785704,1.493424
1.6536396,2.2904747
0.83136046,1.1546068
0.28391117,0.33046687
1.844594,2.5139387
0.78586394,1.0386287
0.7068308,0.9430691
1.2215867,1.7058294
1.6573534,2.2914877
1.9361333,2.640208
1.2724427,1.7759982
0.68926424,0.91332465
0.87678784,1.2097837
1.3676679,1.918613
1.9351783,2.6470258
1.9676259,2.6615183
1.3392085,1.8726354
0.7241828,0.9709139
0.871402,1.1853297
1.8755496,2.5683753
1.4585549,2.043696
0.6772857,0.90840155
1.0308053,1.444457
0.9713704,1.3531424
1.6874667,2.327856
0.029703587,0.044058233
1.4705812,2.0506752
0.35834652,0.43115443
0.6274215,0.8454887
1.33237,1.8775785
1.622182,2.2556024
1.4654025,2.0262485
0.5601193,0.73622483
1.0388733,1.457841
0.62979347,0.8173587
0.9254269,1.275829
1.2277598,1.7147768
0.117145315,0.12575285
1.9155443,2.616985
1.0962876,1.5391988
0.88411963,1.2073194
0.9546903,1.330141
1.6691864,2.3003016
0.23624423,0.26405746
1.8106859,2.4832911
0.46397135,0.5649577
1.3816454,1.9403486
1.112946,1.5471798
1.5265205,2.1267736
0.30508605,0.3490985
1.6337166,2.2672045
1.3009334,1.8182018
1.5572776,2.1583931
0.9767483,1.3649781
1.6557319,2.3098156
1.5571465,2.1761262
0.33741853,0.41816497
1.9335235,2.6441157
1.9435072,2.651763
1.9659823,2.6604397
0.19716485,0.20617843
1.4959971,2.0907302
1.2799606,1.7956637
1.9503322,2.6327357
1.2181145,1.6989621
1.3688354,1.9242139
0.10772107,0.10008067
0.654291,0.86747134
1.2625542,1.7659321
0.59968144,0.77723753
0.85854167,1.1654013
1.7081177,2.3680182
1.938868,2.6471617
1.9613043,2.6632016
1.0089171,1.4054915
0.92411333,1.2682971
0.8659106,1.2042481
0.004250191,-0.0017276788
1.237999,1.7365446
0.12129982,0.13825658
1.8334455,2.5230346
0.6617241,0.854172
1.0265658,1.4246067
1.808718,2.4866302
1.4145606,1.9708021
0.25539133,0.28467992
1.3848116,1.9540321
1.1912371,1.6584916
1.5745128,2.177994
0.1635328,0.19884068
1.9184474,2.620245
0.12469945,0.12559693
0.93582886,1.3036976
1.3813617,1.9337149
1.4447716,2.0232954
0.5287231,0.66395515
1.2825134,1.8244901
0.10383516,0.12487059
0.6899925,0.90526664
1.8674769,2.552967
0.9164588,1.2609448
1.7115078,2.3548467
0.29189327,0.33116558
0.91124487,1.2495311
1.2213203,1.715494
0.62192565,0.7987186
1.958677,2.6497107
1.018362,1.4050558
0.55498314,0.7189579
1.3261299,1.8470775
1.6921349,2.3508153
0.6490079,0.82353777
0.90365756,1.2389987
1.8941916,2.560969
0.27393165,0.31234774
0.38243657,0.46532142
1.9972227,2.702555
0.87694734,1.2026745
1.1181026,1.5558677
1.02886,1.4340962
1.2619022,1.7736207
0.8946039,1.2204708
0.70421803,0.9447854
0.74853694,1.004681
1.2422849,1.7411058
0.86622614,1.1873208
0.8426563,1.1525911
0.64785224,0.8510639
1.6497121,2.2953727
0.3258171,0.39751995
1.2100972,1.6916537
1.9440224,2.6338866
0.38802123,0.4805117
0.83442104,1.1306052
1.4357169,2.0183675
0.8615304,1.191894
0.020294897,0.029801037
1.4159329,1.9815826
1.4346354,2.001606
1.5087163,2.1208189
1.0193332,1.4234136
0.60659015,0.78256106
1.5608319,2.193818
0.534166,0.6635628
0.40347907,0.48467457
0.53463477,0.68765557
0.50846934,0.635963
0.6972316,0.91910064
1.987698,2.701063
0.21623807,0.23181294
0.8775123,1.2042146
1.8283713,2.497943
0.013594158,0.010718136
1.8304625,2.5124693
0.2027643,0.23000641
0.88921624,1.2066852
0.43937987,0.5315926
1.3257128,1.8591028
1.9683183,2.6685681
1.5543698,2.1822414
1.5059748,2.112929
0.9363353,1.293629
1.151475,1.6060232
1.06868,1.4940065
0.73561513,0.9933464
1.9370747,2.6387208
1.7667176,2.433291
1.7828033,2.4643676
0.52114666,0.6554687
1.498374,2.0884066
1.1162523,1.5639644
1.1453015,1.6036657
0.33251822,0.3968711
0.9097645,1.2379098
0.98572415,1.3613505
1.3741599,1.9294001
1.2034355,1.6907712
0.4912736,0.62745446
0.12934099,0.14201032
1.6870664,2.342037
1.2339494,1.7159718
1.1184497,1.5531843
0.36870238,0.4500678
1.9067867,2.607583
1.3964363,1.9408079
1.3251568,1.850917
0.7440239,1.0092661
1.0012627,1.3949475
1.5222313,2.1218982
0.7208676,0.96548826
1.8942355,2.587136
0.7646312,1.0231384
0.71892023,0.952061
0.9317926,1.300356
1.1602396,1.6171923
0.82234263,1.1187543
0.3259263,0.36508274
0.83727586,1.1642015
1.2492841,1.7708652
0.13705464,0.13866925
1.800473,2.485948
1.0558729,1.4818015
1.1021773,1.5329474
1.327192,1.8675166
0.6584428,0.8534614
0.6191228,0.8073839
0.4903287,0.62027365
1.7032709,2.358466
1.2122762,1.7002107
0.06833885,0.0666112
0.6563604,0.86528
0.18581969,0.21089576
0.28014147,0.30910334
1.2287217,1.7217381
0.1317619,0.14997755
1.868389,2.5799422
1.4423689,2.0417235
1.7502798,2.4085712
1.9891583,2.70044
0.5698718,0.73610646
1.5035081,2.0789835
1.2078305,1.6845309
1.8913995,2.5687017
1.4425628,2.0156496
1.0844169,1.512861
0.08294916,0.08315682
0.6957818,0.92222786
0.47151348,0.5815555
0.36169845,0.43348187
0.82156754,1.1147944
1.0189072,1.4038981
0.8444753,1.1752945
0.5504932,0.7065434
1.3941388,1.9618139
0.6023259,0.77292454
1.0270264,1.4224697
1.6533815,2.290352
0.8050226,1.101997
1.9750752,2.6727445
0.7741212,1.0371274
0.7045797,0.92253214
0.8793511,1.214605
0.6944054,0.904752
1.3292688,1.8415289
1.5347852,2.1446285
0.55493075,0.7016221
0.26487222,0.3084638
1.3101953,1.8376257
0.41989073,0.5015225
1.160109,1.6166457
1.1539721,1.6055344
0.6281347,0.81253594
1.3405844,1.8632517
1.006306,1.3925214
0.004474633,0.0116144745
1.2443017,1.7667834
0.63688153,0.82957244
1.1672896,1.6335499
0.9486339,1.3044113
1.4275199,1.9916799
0.30115333,0.3431815
0.8015337,1.0855157
0.7213239,0.97394276
1.2919774,1.812714
0.71177673,0.9456701
0.17610152,0.19714686
0.6036806,0.7798056
1.8350294,2.5152032
1.7393432,2.41048
0.111863725,0.13027452
1.4770787,2.0586603
0.85244215,1.1708094
1.1694347,1.6325994
0.94097203,1.2825806
1.4817507,2.080462
0.6550934,0.8572906
1.4126638,1.9846774
1.1835532,1.640215
1.7596663,2.4245846
0.93863136,1.2860289
0.9457756,1.3187137
0.21956731,0.24266559
0.10664539,0.120971784
0.8950869,1.2312087
1.0710413,1.4868598
0.28126296,0.33348414
1.7644674,2.4301128
0.29125553,0.34202033
1.242394,1.743809
1.330948,1.869716
0.75226396,1.0137813
0.17262745,0.19550076
0.82854867,1.1311787
0.13607664,0.14696328
0.037903152,0.043978944
1.3051158,1.831211
0.98698807,1.3706688
0.12833612,0.10355378
1.2018168,1.6690478
0.381754,0.4673538
1.201106,1.6830567
1.5937257,2.2005646
1.4042879,1.9663188
0.95466447,1.3198258
0.04914609,0.06241644
1.3076878,1.8338242
1.9304882,2.6414065
0.23197353,0.26658788
0.2135371,0.234646
1.4513516,2.020892
1.4722843,2.0575576
1.5486952,2.1640224
1.9378229,2.648507
0.18961039,0.21083155
0.6873439,0.9099947
0.6234971,0.79447377
0.46231088,0.58244497
1.3477285,1.8994068
0.6757862,0.8891483
0.27677053,0.32539618
1.3254752,1.8549061
0.34395245,0.40579996
1.7468698,2.4101844
1.5770304,2.1870184
1.4484512,2.0446444
0.68141484,0.89170134
1.381771,1.9254024
1.2728477,1.7920024
0.58980215,0.7642441
0.1600781,0.17181565
1.5733196,2.1864314
0.047374647,0.046795942
0.42614335,0.5134765
0.6023654,0.8008515
0.24980882,0.27362397
0.3256663,0.37152508
0.09427121,0.10217397
1.9305835,2.6483994
1.2713051,1.7981985
1.515818,2.1252043
0.7226569,0.96357346
1.4746305,2.063051
1.1650867,1.6085148
1.5415195,2.1706712
1.5183544,2.1269898
1.3136705,1.8624785
1.4020115,1.9652034
0.8660577,1.1891352
1.0993361,1.5441006
0.38979766,0.45049432
0.6750281,0.888403
1.1670694,1.6364987
0.5967543,0.7932609
0.9355012,1.3021289
1.3539923,1.9062037
1.9556326,2.6595113
1.1213132,1.5649407
1.2440073,1.7311656
0.14736852,0.16772789
0.8794044,1.2012877
1.3655779,1.9109948
0.41437888,0.5099063
0.36386165,0.42971092
1.9339218,2.6446764
0.06892044,0.071431376
1.8417555,2.5186324
1.8608919,2.5476415
1.4217873,1.9976457
0.14027737,0.14362076
1.0089076,1.3954346
0.24931282,0.2900788
0.06886613,0.079581544
1.4963435,2.0777276
1.5493315,2.1623526
0.2549727,0.3012274
1.1991961,1.6524985
1.8868339,2.5879605
0.37112233,0.46292293
1.3427162,1.8851883
1.9772999,2.672975
0.8049481,1.0920433
0.11138852,0.11760622
0.6888826,0.8969815
1.876233,2.544008
0.810645,1.0881337
1.1578267,1.5988891
0.123409756,0.12572832
1.5207833,2.1134722
1.5209957,2.1150239
1.1708657,1.633166
0.20779537,0.23528227
1.1673638,1.6319786
0.005845455,-0.011303719
1.9470849,2.6480274
1.2619091,1.7829455
0.23395994,0.27392057
0.030996973,0.031931747
0.47270286,0.59263605
1.5882913,2.2390208
0.6790782,0.894865
1.6661721,2.312699
0.37011543,0.446738
1.7462754,2.3999522
1.0566335,1.4794885
1.6187476,2.2365205
0.44388595,0.5370478
1.498272,2.088896
1.8945601,2.5774915
0.7586083,1.0194016
1.8319191,2.5042098
0.20269175,0.23002452
0.8777832,1.2009342
0.5039837,0.6355619
0.5118512,0.6428501
0.75272363,1.0174123
1.0583655,1.4566658
0.6316261,0.8175883
0.7229127,0.96793085
0.8972941,1.2186091
0.47692806,0.58919483
1.6079625,2.2432323
1.564308,2.1889029
0.7124571,0.9419267
1.1578577,1.6293986
0.27219877,0.3143699
1.6528344,2.2860758
1.5150999,2.1167936
1.8733513,2.5796442
1.5709904,2.199388
1.1083864,1.5478733
0.74710613,1.0156507
0.68893385,0.92188483
0.10481275,0.09468818
1.2948204,1.8049853
1.7499042,2.4010038
1.3292338,1.8541209
0.7264825,0.9582395
1.9131247,2.6048007
1.0869608,1.5194222
0.96954054,1.3361777
0.27825394,0.31598172
0.28446978,0.3322817
0.7579591,1.0234897
1.2145523,1.7000825
0.37249392,0.44856673
1.873128,2.537609
0.46648082,0.5847323
1.9162223,2.6151607
0.79684466,1.0928178
0.48668677,0.6134882
0.38094386,0.46466017
1.8749613,2.5442553
1.1344295,1.5731959
0.05633763,0.06110841
1.1157523,1.5613174
1.753874,2.4126718
0.28806028,0.3236169
0.7260731,0.96589917
1.4680091,2.0368102
0.43479598,0.52450687
1.9149789,2.6162853
1.4208102,1.97338
0.5472497,0.7086205
0.39152557,0.47326127
1.936124,2.6388862
1.1505256,1.606851
1.3073463,1.8320392
1.6400801,2.2659853
0.59408325,0.7807909
0.7425167,0.99705464
0.7220193,0.98358375
0.76851064,1.0438824
1.7782973,2.4429476
1.9248455,2.609094
0.46104202,0.5773867
1.3899629,1.9513057
1.7005682,2.3419547
0.047931924,0.04605659
0.8169335,1.1018012
1.4816741,2.0670385
0.14454426,0.15544301
1.2692336,1.7754977
0.45938504,0.58113
0.17682825,0.1867485
0.11800945,0.117606446
1.1198125,1.5582707
0.9239684,1.2818558
0.6396654,0.84660584
1.5315478,2.1440926
0.768793,1.0315651
1.4154437,1.9767501
1.1686692,1.640938
1.6180308,2.2428207
0.72693026,0.9764323
1.3029172,1.8312554
0.7277809,0.9721938
1.1528767,1.64895
0.6651903,0.8764573
0.98539335,1.3816555
0.96801126,1.3504037
0.050816774,0.052476697
0.72079253,0.95759857
1.583947,2.1928906
1.2650683,1.7799317
1.2422593,1.7490497
0.031251077,0.026361873
0.65347785,0.8533561
1.3975348,1.9487814
0.784633,1.0659958
0.7633309,1.0392683
0.8705952,1.1807263
0.11580047,0.113622144
0.56875664,0.7290702
0.38709557,0.4751346
0.527549,0.6742383
0.5365103,0.694314
1.1307703,1.5565289
0.6386849,0.8313275
1.8664945,2.5643253
0.695846,0.93986773
0.4813313,0.59935266
1.7121344,2.3615744
1.7207363,2.368826
1.3121651,1.8467348
0.49916565,0.6393581
0.42755127,0.52723026
0.82587,1.0998973
1.539129,2.1504884
1.669081,2.308004
1.6025895,2.2333539
0.45699817,0.5669043
0.46999806,0.59771687
0.14843689,0.16135822
0.06872734,0.0703502
0.28667456,0.33021972
1.8131828,2.5054
0.7917669,1.0654651
1.2432983,1.7502921
0.5393076,0.6922721
1.3905023,1.9502442
1.1303049,1.5814459
0.030430382,0.031489458
0.643471,0.8579092
0.43530595,0.5386179
1.865589,2.5602727
0.062312257,0.06401455
1.3999095,1.9752951
0.30566874,0.3538156
0.30037552,0.35128728
0.18232813,0.181011
1.7749184,2.445567
1.9393482,2.6322572
1.2334636,1.7254742
1.9558554,2.6493685
1.8946416,2.5843337
1.9112353,2.6212971
0.96599436,1.335888
0.11160409,0.10864986
1.5455685,2.1563773
1.6234734,2.263487
0.406197,0.4913475
1.5003209,2.10121
1.4248173,1.9743944
1.7576491,2.4114776
1.5751483,2.1980605
0.33153003,0.37573004
0.28588963,0.33448407
0.693498,0.91186684
1.4387112,2.0033648
1.2967542,1.8213705
0.3080634,0.3649472
1.0841311,1.5236107
0.4785727,0.6035992
1.9375744,2.6401772
0.5671805,0.74128103
1.9459274,2.6368463
0.3183956,0.36046466
0.25200897,0.2713269
0.5889706,0.76913875
1.0273808,1.4199514
1.6295257,2.2549944
1.999645,2.7066152
0.9252194,1.2651967
1.8230424,2.4952276
1.8211275,2.4950576
0.13095288,0.1455483
1.6193209,2.261844
0.8599397,1.1661037
0.7938627,1.0533899
0.7786288,1.0546206
1.7311379,2.375438
0.84257,1.1451329
1.2838973,1.806643
1.4035962,1.9780425
1.4230698,1.9758513
0.8271191,1.131189
0.53364336,0.6592695
1.2995995,1.8173678
1.3021351,1.8270789
0.6982802,0.9161081
0.049935177,0.054757524
1.3570323,1.89773
0.68888605,0.9122926
0.50172395,0.63168854
1.2129827,1.6988748
1.763988,2.444441
0.9614414,1.323166
1.728335,2.3798182
1.8376957,2.5339768
1.8820852,2.5676875
0.7811699,1.0552874
1.1125112,1.5617456
0.04311141,0.04814526
1.5117786,2.108992
1.7816775,2.4417195
0.48830846,0.58965516
1.9775612,2.6815634
0.166344,0.18296966
0.5767485,0.7429027
1.4146855,1.9879999
1.1886307,1.6570169
1.9534724,2.6575866
1.5589993,2.1759458
0.556629,0.71540403
1.1431018,1.6161743
1.9695408,2.6750357
1.3758465,1.9151773
0.61565167,0.7914477
0.43980876,0.5519623
1.0783354,1.5083394
0.8529084,1.1625403
1.1769196,1.6418393
0.3193752,0.37763932
0.9142961,1.2586141
0.019767264,0.024544785
0.3920107,0.45487157
0.8128066,1.0994548
1.9906617,2.7007987
0.19211341,0.2080305
0.0014902665,0.009982206
0.6063246,0.7947102
0.82100403,1.1025636
1.2668939,1.7877384
1.4861146,2.0710828
0.74929535,1.01164
1.7839812,2.456943
0.4093638,0.49381885
1.512881,2.123366
1.2163221,1.7156303
1.3815516,1.9392926
0.028520519,0.036482807
1.8559275,2.533322
0.26199794,0.3152186
0.21833347,0.24341424
1.1700642,1.6387112
1.1151614,1.5685487
0.51314604,0.64464897
0.54935896,0.6874496
1.2677317,1.7640834
0.29268977,0.33158195
0.39059973,0.4847359
0.53664494,0.70247954
1.9973526,2.7154355
1.5390221,2.1414435
0.004659409,0.0059160944
0.15980037,0.16988993
0.28646034,0.31633654
1.1253822,1.5653311
0.9321392,1.2750725
1.0270795,1.4096657
0.63509446,0.82756394
0.30647066,0.3588806
0.6398489,0.83511597
1.7368844,2.394985
1.0076818,1.3957777
1.0409486,1.4355737
1.3335706,1.8774627
0.108043335,0.10090075
0.4741821,0.5787687
0.2204102,0.2635088
0.57213503,0.7354479
0.038596164,0.017766284
1.8792464,2.5889602
1.9417175,2.651111
1.5550377,2.1619387
1.3218002,1.8603916
0.75569564,1.0039564
0.684508,0.8968081
1.7137839,2.3623216
0.2646547,0.30953538
1.515612,2.1278517
1.8239865,2.5020006
0.24271551,0.27870965
0.18839225,0.2104594
1.8231684,2.4872584
1.204063,1.6644098
1.5128853,2.1147654
1.2415572,1.7415774
1.7001007,2.3428566
1.9644983,2.6568785
1.0767384,1.4981127
1.7296903,2.3860202
1.5180655,2.1130521
1.7854301,2.4548829
1.5917665,2.1935627
0.026702305,0.014437439
1.8760984,2.5855725
1.3892015,1.9678272
0.08280775,0.07264545
0.17492218,0.20378132
0.5926685,0.7705541
1.9047004,2.5862136
0.46546966,0.57249445
1.3970442,1.9673332
0.27765906,0.3252461
0.17244463,0.19429581
1.1405637,1.5907735
0.9292273,1.2581135
1.6872634,2.342219
1.6522881,2.293284
1.9738826,2.6869993
1.6109324,2.2492523
1.8067191,2.4613073
1.1536726,1.6301694
1.5258633,2.1293924
0.98014706,1.3551155
0.68369085,0.8863346
0.83071023,1.1260355
0.46503997,0.57788026
1.7229044,2.395152
0.8378316,1.1302582
0.6996486,0.926564
1.9011414,2.5890634
0.26407194,0.2959327
0.85248387,1.1573488
1.9283055,2.6059983
0.7748923,1.0446987
1.561974,2.169417
1.3538151,1.900954
0.8309019,1.141285
1.8334733,2.5088232
1.6150882,2.2403407
0.030653,0.032794926
0.69001645,0.91090786
0.46619856,0.5862165
0.332467,0.40278482
0.49296415,0.63674873
0.862863,1.1721187
0.63594323,0.8239904
1.8505429,2.5435417
0.10672203,0.110833995
0.65294826,0.8565421
0.92585415,1.272854
0.33264986,0.40500966
0.3683467,0.44410577
0.21029617,0.22053374
1.5984647,2.213241
0.02913129,0.041177936
1.5768045,2.2242754
1.3390229,1.8882458
1.4024422,1.9540812
1.5342705,2.1419911
0.17208236,0.19762957
0.29646143,0.3343861
1.1055156,1.5283247
0.29221573,0.34820816
0.70355684,0.93449545
1.2724003,1.7884586
0.06100468,0.070956714
1.0735638,1.4950489
0.68420124,0.89671576
1.2626995,1.7751269
1.1549565,1.6218386
0.824959,1.1139369
0.86345494,1.1884192
0.86844414,1.1962231
1.4976981,2.0904424
0.21628326,0.24259815
0.77112895,1.0381862
0.9830139,1.3758253
0.20255965,0.21596256
0.30427662,0.34895107
1.7378203,2.4017699
0.9843994,1.3707745
1.2992942,1.8134158
0.346119,0.41001943
1.299747,1.8349022
0.030271066,0.024836572
0.72274405,0.96324915
1.7034777,2.3611975
0.3080104,0.3561151
0.020977253,0.030079076
0.5720126,0.74133706
0.07926369,0.084973566
0.81654525,1.1001852
0.8950113,1.2247598
1.5587392,2.1593804
1.777075,2.4402158
0.40823933,0.49155647
1.6966534,2.3291838
0.6573959,0.8748653
0.8802298,1.1999694
0.6063685,0.7796586
1.2004405,1.6764946
1.6884531,2.3422122
0.60229105,0.76711917
0.46142536,0.5756694
0.59914213,0.77679294
1.0458206,1.461435
1.8238128,2.517718
1.3504772,1.9051619
0.14283307,0.14047424
0.16120459,0.16705737
1.7627639,2.4393873
1.6618713,2.3059065
1.8872834,2.587101
0.6650124,0.87494475
0.9833518,1.3427035
1.4010947,1.958369
0.6321255,0.83487594
0.5212492,0.6717791
0.38693002,0.4700361
1.7176335,2.3648286
1.5543891,2.1710057
0.9343966,1.2961881
1.7715862,2.4471362
1.9725058,2.6791558
0.23617381,0.2565787
0.6416948,0.85072553
1.7242615,2.3707092
1.3194339,1.8466154
1.199539,1.6883411
1.1091713,1.5616782
0.9259332,1.268542
1.4598002,2.0360124
0.08917253,0.089533955
1.156571,1.6177174
1.2831279,1.7915499
0.73198515,0.9726088
0.9955701,1.3689486
0.3313251,0.37728208
1.6076559,2.2324893
1.1186206,1.559001
1.1085742,1.5458132
1.8031061,2.4718056
0.8693764,1.1744043
0.96950996,1.333265
0.93454546,1.2804022
0.49609628,0.60809475
0.4888988,0.6170455
1.5088894,2.0986536
0.17408903,0.18850693
1.5298369,2.1264524
0.9206053,1.260392
0.04405272,0.0407489
0.43042785,0.52196825
1.7078093,2.358685
1.6333832,2.2698622
0.04409381,0.053959295
1.9049118,2.5884733
0.3164388,0.3506321
1.662104,2.3131819
1.7240555,2.3818798
1.3274647,1.8633085
0.71482295,0.9455249
0.821195,1.1341176
1.1498002,1.6097008
1.700099,2.34788
1.8661622,2.5406501
1.9466507,2.6598344
0.37047258,0.43029988
1.1828899,1.6765897
0.0009265386,0.00982615
1.9161731,2.6059988
1.6671945,2.3148203
0.061158717,0.053251676
0.8834883,1.2203797
0.049949486,0.042680997
1.9096849,2.5912483
0.090704285,0.08270495
1.9536171,2.6591566
1.3663359,1.9155695
1.0625509,1.4807593
0.3614737,0.42506918
1.1997267,1.6771913
1.9006352,2.5956938
1.4577513,2.0519214
1.163753,1.6247467
0.7425954,0.9985379
1.375819,1.9429215
1.8869007,2.5838163
1.5929633,2.2112563
1.6986779,2.3496122
1.8845594,2.5786512
0.7287148,0.9568041
0.5514684,0.6982082
1.9970062,2.7069044
0.040560655,0.060004476
0.1287274,0.15165815
1.0331936,1.4238507
0.0102516385,-0.0002144759
0.44705763,0.5692776
0.8280327,1.1139857
1.4593418,2.0273674
1.6458527,2.2657976
0.66033286,0.8635078
0.11435418,0.13986886
0.97803074,1.3619298
0.3848168,0.46353474
0.05940445,0.07728516
0.554939,0.7287493
0.8405836,1.1393411
0.45998403,0.5543594
0.8198915,1.0997902
0.1964359,0.2089052
1.7219918,2.3781607
1.2489152,1.7673134
0.4453396,0.55829406
1.1668987,1.6240425
1.0484653,1.4645749
1.2853785,1.8082108
1.3751452,1.9130143
1.2871014,1.7992713
0.10400943,0.0897245
0.94164133,1.3033481
1.586254,2.2045996
1.4003371,1.961245
1.5942769,2.228431
1.2930679,1.824263
1.3992969,1.9693338
1.4248172,2.0039794
0.5597212,0.7165717
1.2103873,1.6943889
0.07273012,0.090150595
1.484494,2.0704157
0.83896875,1.1271355
1.9004563,2.574475
1.0146822,1.4176825
0.74603856,0.99859107
0.16792423,0.19409226
0.9595632,1.3130077
0.42121232,0.5119613
0.6247225,0.81766045
1.89671,2.6077583
0.546985,0.690985
0.5998614,0.78818846
0.9650881,1.3319868
1.4675599,2.047788
0.6554213,0.8720903
0.38573474,0.4803698
1.3115079,1.8399767
0.100537874,0.08278623
1.2686195,1.7705709
1.5741928,2.1864958
1.2844402,1.8078018
0.89197,1.2082003
1.4352152,2.0090108
0.037229728,0.03915443
1.1358244,1.591819
1.0622516,1.4902871
1.9701225,2.6607332
1.4699564,2.0516381
0.7434473,0.9910884
0.9346433,1.284539
0.18774545,0.20253149
0.3235808,0.38092488
1.4578078,2.0490842
1.4896115,2.0715692
0.6202706,0.7996781
1.284173,1.7924037
1.1404542,1.6071776
0.46416354,0.57244307
1.4262347,1.9924641
0.767698,1.0602733
0.7852764,1.054601
1.26506,1.7628161
0.49644828,0.6051545
1.5159177,2.1355805
0.03846848,0.050889637
0.40142,0.48565707
1.5599298,2.1662042
1.7596035,2.4310777
1.244812,1.7421995
1.7555736,2.4277945
0.27050957,0.29642567
1.2967187,1.8176712
1.3494176,1.8819636
1.6881397,2.3324273
0.4612254,0.56123644
0.18160744,0.20462638
0.4605629,0.5598684
1.2092868,1.7099578
1.9123789,2.607914
0.71026504,0.9355726
0.7781847,1.0442753
1.1297756,1.5784581
0.9982223,1.4064662
0.28644037,0.34156528
0.8375355,1.112414
1.852087,2.5340562
0.5239537,0.65428
1.6680837,2.2940452
0.6989645,0.9489775
1.5922824,2.2142332
1.363524,1.9052022
1.3203473,1.871353
0.420608,0.5192675
0.16928698,0.17952503
1.4846346,2.0790815
1.8989033,2.6092136
1.287002,1.799664
1.9047663,2.6012642
0.062075786,0.07781645
1.4514036,2.0224407
1.0723422,1.506023
1.1597793,1.6283787
0.47126502,0.6038493
1.426529,1.9773458
0.9170209,1.2503982
1.7115934,2.356622
0.9509724,1.3057512
1.3176475,1.849683
0.37988693,0.480844
1.7521977,2.4042563
0.7520896,1.0026977
1.9674898,2.6840918
0.86254853,1.1805593
0.618036,0.8234056
1.4091718,1.9708518
0.26162577,0.29584295
0.37264282,0.45757753
0.06354052,0.059809778
0.28686112,0.32336578
1.3294116,1.8639687
1.1192114,1.5551131
1.8489558,2.534224
1.5568739,2.1733778
1.6916026,2.3562462
0.97906315,1.3390812
0.3041932,0.37491208
1.2765399,1.7837738
1.8115768,2.5096467
1.3551986,1.8949933
1.9128478,2.6056962
1.4930427,2.0960283
0.3724394,0.4298398
1.8257289,2.494828
1.6101072,2.2231612
0.7514312,1.0199363
0.33292207,0.3974895
1.1868002,1.6736656
0.41553712,0.50784105
1.8238049,2.4902956
1.1920414,1.6684582
0.04815979,0.046741206
0.9222841,1.2592834
1.5756822,2.1957777
1.0792096,1.5065981
1.0808941,1.5093038
1.4470779,2.0304894
1.1125596,1.5509727
1.2814876,1.8038112
0.11791186,0.11791577
1.2673186,1.7845323
0.45310462,0.5672051
1.5754464,2.2083793
0.87580377,1.2062082
0.43094495,0.5337643
0.12516557,0.14598517
0.5296237,0.6711952
1.7301161,2.373569
1.3244696,1.8646481
0.9055254,1.2314993
0.66376877,0.8835755
0.64980674,0.8347562
0.8168016,1.1192644
0.046332292,0.067589134
1.2903286,1.8114275
0.6908785,0.9095096
1.1031927,1.5392928
1.0116795,1.4105856
0.7741815,1.0485377
1.2914412,1.7998961
1.810407,2.5029528
1.907409,2.5928314
0.5013963,0.62054896
1.6752578,2.313956
0.06689867,0.07198012
0.5659179,0.72874516
0.5156675,0.64923143
0.3865051,0.47230473
0.37805817,0.45157394
0.52848196,0.66896164
1.4163963,1.9783541
0.8125315,1.10417
1.797597,2.4635866
1.6367971,2.269358
0.48898882,0.61698437
1.7113308,2.3802276
1.7278517,2.3635445
1.0491505,1.460094
0.37791696,0.4546993
1.0333444,1.4258978
0.051512346,0.044791836
0.024312647,0.012635926
1.0099273,1.4118998
1.8299944,2.4923
0.2687998,0.2967757
0.7346535,0.973867
0.97916204,1.347628
1.0626535,1.4781958
1.6380855,2.2673554
0.3216655,0.37554133
0.047374733,0.03566751
1.4582131,2.0221388
1.7005949,2.3535876
0.8054322,1.1015862
1.9129413,2.6081233
1.0554764,1.4673331
1.3743455,1.9240241
0.9971136,1.3771949
0.42394406,0.53138614
0.6505503,0.8680133
1.9124675,2.6192412
1.0523386,1.4805828
1.9018832,2.6013944
0.6891905,0.91526115
1.9813874,2.6840432
1.2991418,1.8227988
1.6198287,2.251373
0.22644342,0.2672837
1.7671865,2.4400527
0.040676266,0.05703136
0.13120571,0.13107423
0.71448153,0.9721415
0.60123366,0.77703834
0.36496216,0.45275655
1.5597209,2.169835
0.8250956,1.1260692
1.7789903,2.4473312
0.058707993,0.06335565
0.6821016,0.9058876
0.3662199,0.43546343
0.87765783,1.1916956
1.9924951,2.705623
1.7654166,2.4433978
1.2852436,1.7974284
0.41658112,0.5049264
1.2850865,1.811087
0.44723806,0.5536482
0.12841702,0.13811983
1.386462,1.9635272
1.5685849,2.1683712
0.5482931,0.6920239
0.34681046,0.41711435
1.6169662,2.2428617
0.26267526,0.29335546
1.9352503,2.6135635
0.02698157,0.017611021
1.1525058,1.6034559
1.1687195,1.6329025
0.98838156,1.3754891
1.5107969,2.112215
1.2265196,1.7316763
1.9389744,2.6359444
0.14468785,0.16092062
0.8021406,1.0840783
0.98252964,1.3491613
1.3978536,1.9687868
0.10275227,0.09873032
1.5939015,2.2263741
0.24653412,0.2790499
0.0035779702,0.009270794
0.92522347,1.271176
0.41961998,0.51711774
1.9075835,2.6120644
1.3505759,1.8930495
1.6574513,2.3067164
1.8646958,2.5508907
0.17859817,0.21799272
1.1739248,1.6391457
0.9625138,1.327439
1.4024769,1.9695756
1.3651162,1.9172177
1.7550426,2.4150221
0.8683329,1.1875876
0.26172027,0.30023333
1.5292026,2.148272
0.14258038,0.14388986
0.6808636,0.90533596
1.7303973,2.399886
1.990809,2.6940906
1.0228189,1.435762
1.5464362,2.1489713
0.07551608,0.090892255
1.7510177,2.4341924
0.48585185,0.62729216
0.18970646,0.20752642
0.47721097,0.5955465
1.2788775,1.7892903
1.5774964,2.2027044
0.61106503,0.80115384
0.38425803,0.46143204
1.7554224,2.432137
1.2286783,1.7212778
1.3672119,1.9223197
0.04975602,0.04866082
1.4925913,2.0845866
0.5183351,0.64533406
1.4014114,1.964633
1.7127494,2.3769715
0.08912999,0.115338854
0.2980984,0.3342525
0.5236501,0.6485827
0.4361365,0.53928983
1.8270184,2.5004132
1.2550281,1.7717896
1.9737203,2.6758604
0.028763989,0.025475726
0.38715023,0.465326
1.6779557,2.331665
1.1005217,1.5338725
1.0115583,1.3983378
1.6967413,2.3377664
1.830129,2.5167987
0.92523414,1.2805583
0.47454166,0.5836976
0.18765894,0.19765005
1.6212718,2.255339
0.85665435,1.1753261
0.20920043,0.22957788
0.48226714,0.59109133
1.2531626,1.7541136
1.0520713,1.4587922
1.9232305,2.6230888
0.98373663,1.3474454
0.20876446,0.23669042
0.8719649,1.1875149
0.262693,0.30213323
0.5352843,0.6901587
1.3064717,1.8166081
1.5544962,2.1777308
0.90537405,1.2442145
1.8611696,2.5461266
1.0449221,1.4507734
0.33492917,0.40989247
0.85214055,1.1587194
0.8860516,1.2136312
0.5630382,0.7166907
0.9788516,1.3548028
1.3060297,1.8327559
1.3123236,1.8436798
0.14590268,0.1610163
1.0413827,1.4385604
0.10038986,0.086153075
0.39496088,0.47896576
1.1080157,1.5647409
1.0332814,1.4331164
1.6219097,2.2447515
0.79527366,1.0583961
1.4615467,2.0302565
0.5331543,0.6815421
0.3412717,0.38628197
1.4842733,2.0828755
0.6932366,0.90333134
1.8148155,2.50569
1.2112561,1.7114245
1.819164,2.4858885
1.3932581,1.9352194
1.9418241,2.647962
0.68219846,0.90948176
1.8220533,2.4998858
1.4393346,2.0182774
0.5807486,0.74559873
0.18615934,0.1913756
1.7034788,2.3607333
1.3107613,1.843453
0.90556526,1.237521
1.3960211,1.9438118
0.58254683,0.75042236
0.87900466,1.1929444
1.5683722,2.1672225
1.6006824,2.2274067
1.0342789,1.437943
0.31289092,0.37319168
0.72780114,0.97479784
1.525494,2.1521006
0.08800845,0.0992767
1.359239,1.9068376
1.5930904,2.2187765
1.1007396,1.5377272
0.595888,0.7610722
1.2393402,1.7355
1.1611208,1.629815
1.7624466,2.4473445
1.5857458,2.211912
0.95378023,1.3072256
1.385219,1.9377034
0.32428512,0.39181194
1.1234257,1.5576028
0.095943145,0.09756378
0.6834835,0.90030503
0.33150232,0.4024879
0.39974558,0.47869635
1.4655476,2.060229
0.74582636,0.9973649
0.16662927,0.18023418
1.9314631,2.6324122
1.5078477,2.1030405
1.9876337,2.7007997
0.26949972,0.28874785
1.9199444,2.6031249
0.121575765,0.12853366
0.7659083,1.0362664
1.2188894,1.7130095
0.9844732,1.3691478
0.8753028,1.189222
1.0587517,1.4615998
0.51120144,0.64497423
9.557219e-06,-0.008602859
0.29244494,0.3472709
0.25372994,0.27813855
0.59353614,0.7553354
0.99210715,1.383911
1.6830001,2.3320386
1.2821429,1.7959136
1.4430875,2.0281124
0.9741649,1.3344656
0.8360962,1.1324403
1.065821,1.4913548
0.47533894,0.6005865
1.5613433,2.1762445
1.5180634,2.1072745
1.584937,2.214197
0.7006686,0.9204308
0.7146608,0.9434452
0.24327669,0.27357137
1.1797867,1.6375427
0.9879553,1.3399974
0.27910244,0.32998216
0.40756443,0.49300537
0.2585225,0.28935647
1.2614062,1.7596192
0.36874378,0.4579783
1.2993411,1.8094498
0.97553575,1.3615042
0.42738643,0.5194563
0.05528714,0.06437524
0.1975575,0.22635762
0.66999,0.8800867
1.1928123,1.6700797
0.17519768,0.17812006
1.031934,1.4344515
1.4659206,2.0621264
1.7520394,2.4139419
1.6639007,2.3056805
0.27441192,0.3229005
1.9815199,2.6820467
1.9703776,2.6756272
1.1273482,1.5889206
1.1761411,1.6456761
0.5446478,0.6919158
0.5446931,0.6875366
0.462085,0.6030404
0.97028613,1.3476558
1.7076372,2.3861413
0.91283786,1.2564768
1.0611048,1.4807162
1.8624545,2.5514386
0.63680637,0.8413104
1.5702274,2.173922
0.9551106,1.3086895
1.32786,1.8703897
0.34721246,0.3873265
0.7091505,0.9335899
1.5068641,2.1150253
0.96875006,1.3256671
0.6381862,0.8379155
1.4052324,1.9543417
1.0054512,1.3766631
1.213493,1.6993389
1.5057164,2.1068215
0.4602353,0.563509
0.89772236,1.2170489
1.8487519,2.5393646
1.4573562,2.0473857
0.2258353,0.2615692
0.17643212,0.1896691
1.4968784,2.0964284
1.2871726,1.8116415
1.356919,1.9039214
1.0286595,1.4199625
1.3988482,1.9617184
1.8367492,2.5161054
0.853447,1.1736757
1.9978387,2.6932895
1.0156791,1.3988165
0.46940407,0.6026217
1.5011773,2.1027153
1.3326325,1.8754406
0.90737677,1.2342452
1.5334284,2.151998
1.8578998,2.549317
0.12716103,0.14403631
1.7473574,2.4137464
0.8999729,1.2566198
1.0390782,1.4651313
0.07252824,0.09052273
0.42059392,0.53256947
1.4048575,1.9607875
0.8132539,1.0996454
0.6960644,0.92902845
0.14896919,0.18470477
1.4543539,2.0179539
0.31109732,0.354945
0.7734801,1.0439309
0.4497536,0.5438038
1.2395972,1.74697
1.0409454,1.4619399
0.4151153,0.5092962
0.251386,0.30032673
0.9861177,1.3770663
1.0225345,1.4322484
0.27865657,0.31329486
0.8889471,1.2258418
1.979289,2.693754
0.7415127,0.98975813
1.3814535,1.9440825
0.3600323,0.4045526
1.7753159,2.4446507
0.71414155,0.95912504
0.48444188,0.59348667
1.2085077,1.6923007
1.215417,1.7135806
0.57236534,0.7341111
0.8121504,1.0958562
0.6363943,0.82342434
1.7793586,2.4467607
1.2075301,1.6909689
1.7059225,2.3614724
0.9446475,1.3267262
0.031351555,0.031373903
0.38684946,0.45976466
1.5394596,2.1613076
0.36418214,0.42788076
1.717496,2.3650522
0.598265,0.7603638
0.38549665,0.45601124
0.26463592,0.2793308
1.2971168,1.8148342
1.7414238,2.3882394
1.1471152,1.593354
0.93668276,1.2872555
0.88721704,1.2203447
0.85193354,1.1498374
1.848071,2.5102813
1.9968885,2.706149
1.325868,1.8684493
1.3759921,1.933977
1.9027338,2.603966
0.0004986184,0.011768121
0.43481204,0.53260666
1.7372386,2.3989484
1.3964617,1.9511391
0.11384985,0.11246686
0.15587035,0.1660716
0.78068084,1.0500958
1.8000787,2.4802918
1.2726933,1.7675227
1.8066347,2.4685311
0.8203806,1.1236689
0.15000544,0.16256577
0.59009945,0.76336366
1.5402027,2.132457
1.048048,1.4583293
1.5314546,2.1323113
1.2000334,1.6815418
1.7099233,2.3616717
0.37106398,0.43209526
0.612105,0.7937675
1.5946268,2.2319582
0.75911695,1.0118175
0.7064979,0.93064684
1.2781641,1.803498
1.1254773,1.5545847
0.43691823,0.5376104
0.50073594,0.62242967
0.956781,1.3308734
1.0460941,1.4498616
1.2545403,1.7485886
1.6013287,2.21846
1.8742919,2.577634
1.4732133,2.0629573
1.5400639,2.1640027
1.8241168,2.5009823
0.5862493,0.7591914
1.1099852,1.5347041
1.800348,2.4737637
1.2224352,1.7135042
1.3944715,1.9687523
0.4741703,0.59717005
0.050039943,0.041620936
0.09194803,0.08977179
0.16686037,0.16945836
1.2177787,1.7052468
0.56955206,0.73638815
0.6113436,0.80477613
0.6972218,0.9259844
0.6738674,0.879831
1.8748323,2.5559828
0.74407756,1.0026468
1.013577,1.4180248
1.2833176,1.796371
1.9631841,2.6721518
1.4718754,2.0496392
1.198901,1.6743853
0.6102167,0.7956133
1.7759991,2.4469297
1.4739103,2.0646398
0.25232667,0.28715196
1.4323367,2.0102284
0.09503932,0.09402021
1.6847688,2.3544378
1.6197269,2.2623167
1.5695524,2.1899698
1.1459719,1.6054819
0.26879716,0.30891356
1.9109007,2.6042495
0.9483881,1.3212739
0.98482937,1.369808
1.236533,1.7269937
0.70726365,0.94166017
1.3260926,1.8648982
1.3588759,1.9079614
1.8967329,2.5833979
0.32448518,0.37344638
1.0450451,1.462213
1.1853454,1.6619405
1.4419472,2.0137632
0.099114865,0.12693833
0.3466912,0.4181042
0.09768091,0.102582365
1.0144538,1.4053499
1.7102304,2.374572
1.3014302,1.8377371
1.067668,1.481024
0.020639006,0.012518193
0.26263273,0.30154306
1.1855254,1.6577283
0.48353532,0.5945551
1.9609185,2.6592705
0.8027309,1.0802878
0.59164053,0.7598111
1.0931432,1.5331036
0.23720089,0.27527407
1.0418395,1.4755032
1.7739416,2.428013
0.4697422,0.59176284
0.47524822,0.60414535
0.08303303,0.07437493
1.7817353,2.4311242
1.5694481,2.1768954
0.8385688,1.1310295
0.99957496,1.3815119
0.25655866,0.30443135
1.5117738,2.096321
0.22720966,0.2512612
0.99478704,1.3774458
0.046450593,0.059419937
0.7737413,1.0443892
0.742323,0.9977461
0.18326037,0.20575958
0.53494775,0.67387116
0.6990221,0.9286003
0.050633006,0.05551514
0.40354958,0.48619938
1.5688938,2.1759436
1.4073919,1.9743868
0.77107215,1.033542
1.300933,1.8333
1.745138,2.3930469
1.5031279,2.1060102
1.011499,1.4062184
1.8994188,2.597561
0.9064235,1.232835
1.3750006,1.919235
1.2113795,1.7082824
0.7641124,1.0376713
1.4733098,2.0817835
1.3231027,1.855857
0.020520916,0.022165813
0.08462708,0.09385925
1.7720636,2.4422667
0.055253223,0.05513334
0.74582255,1.0058155
0.7659365,1.0249587
0.2367828,0.27866256
1.0592372,1.4609185
0.36780763,0.4385621
1.0300488,1.4161392
0.86183935,1.1798329
0.6183718,0.81086344
0.64209634,0.8473854
0.18260796,0.18994142
1.8017738,2.4824674
0.80541414,1.0863146
1.8199102,2.4922502
0.298464,0.33484405
0.7143866,0.93797326
1.8660791,2.557553
1.6660804,2.305398
1.5118707,2.106886
0.682318,0.9003966
0.07511902,0.07897953
0.45842725,0.5573296
1.8245335,2.504407
1.2842069,1.795371
0.06327883,0.08219017
0.28156972,0.33018672
1.2347721,1.7315123
0.7508909,0.9843542
1.8321838,2.4911807
0.42763865,0.5091432
0.37637588,0.4735443
0.77150863,1.0483302
1.7067318,2.3587763
0.6128376,0.80662453
0.47487167,0.5970654
1.380605,1.948529
0.06818679,0.06736867
0.8772619,1.2035387
1.9706457,2.6733673
0.65158165,0.8627569
1.1947206,1.6757686
0.9390739,1.2914152
1.7778983,2.454034
0.097644374,0.1070538
1.5711334,2.1920516
0.839731,1.143883
0.0382763,0.02522545
1.2163606,1.7073823
1.2270751,1.697044
1.2027518,1.6734658
1.6346891,2.282811
0.880161,1.1941487
1.275601,1.7926677
0.045681536,0.062083613
1.4844514,2.0775456
0.10488728,0.11387239
1.7344687,2.3833983
1.2806103,1.8090516
0.8321762,1.1307956
1.3516141,1.8982224
0.4459235,0.553329
1.0763749,1.4923499
1.4642587,2.0569522
0.1720045,0.20071907
0.16007079,0.18746543
1.7931048,2.4459789
1.6971208,2.3469386
0.6741251,0.88112795
1.3649839,1.9235617
1.2019057,1.6944758
1.4413384,2.0289142
0.6223851,0.8070369
0.92920345,1.292467
0.58232915,0.756588
1.5681546,2.1829276
0.43789858,0.5524988
1.8036722,2.4863966
1.7138128,2.3480773
1.483576,2.0582933
1.9424937,2.6357338
1.0810347,1.5092052
0.6330629,0.84343326
1.3959104,1.9691317
1.9764888,2.679142
1.044456,1.452857
0.57503766,0.72677976
0.2670158,0.3158904
1.6279027,2.2647028
0.6433809,0.8415017
1.4902327,2.0770528
1.8867289,2.5836332
0.06963675,0.07745861
0.19705279,0.2220356
0.27327716,0.33709207
1.2417587,1.7476584
1.9297435,2.6275642
0.7936756,1.0872792
1.1991826,1.6624047
1.2244886,1.7269872
1.2898948,1.8119519
1.1420047,1.5985997
1.9523052,2.653277
0.5425002,0.69255334
0.21331672,0.23401193
0.44046384,0.54123354
0.7126318,0.9338485
1.5704349,2.1850715
1.4109055,1.9742624
0.9578528,1.324491
1.5607667,2.1700845
0.38229966,0.47236386
1.9443383,2.6448987
0.65970546,0.8722099
1.162706,1.6213953
0.11735324,0.124189064
0.56703985,0.73296535
0.24849586,0.2935641
1.2465438,1.7560796
0.29711023,0.3368174
0.58389944,0.7533534
0.90631497,1.2496867
1.8063202,2.4703617
0.14773709,0.15004593
1.0421908,1.4484593
1.3724302,1.9153835
1.6856138,2.3579934
0.52562726,0.66031307
0.05351957,0.0642872
0.17101176,0.19342405
1.0318564,1.4388531
1.8850327,2.5649145
1.2039102,1.6880884
1.278706,1.8207566
1.4662316,2.0531704
0.6416995,0.8397333
0.9140974,1.2523197
0.4383221,0.5305767
1.2706847,1.7866656
1.8794446,2.5771065
0.5640673,0.7356141
1.6648917,2.2987223
1.794223,2.4674144
1.7355928,2.4023085
0.38306963,0.44199508
0.99806386,1.3885801
0.5337617,0.6641305
0.8725182,1.1834708
1.5294524,2.1388838
0.6470326,0.83739835
1.7247814,2.3714836
0.34375226,0.42787346
0.4745376,0.5762038
1.1255952,1.5863359
0.44551402,0.55548805
0.26911035,0.31589973
0.8748799,1.2186649
0.61891586,0.80292505
0.8518222,1.1742414
0.25221035,0.26269138
1.5440173,2.1661637
1.792986,2.4629714
0.5649447,0.7257698
1.421412,1.9864384
1.3451867,1.8830566
1.7149563,2.3510625
1.8235158,2.5150397
0.4244713,0.5201676
1.6862949,2.3134649
0.29169255,0.34259075
0.26099473,0.28530872
1.3037863,1.8410928
0.73642904,0.993712
0.5300922,0.6553579
1.4754001,2.0663393
1.9327046,2.6206741
0.5952701,0.77397114
1.905614,2.6047058
0.5324958,0.677859
1.3238212,1.8648376
1.5663255,2.2097466
0.47550803,0.59726924
0.60129756,0.7980941
1.9572932,2.6697974
0.6127538,0.80552185
0.8063052,1.0944239
1.4698333,2.0513191
1.3207186,1.8561639
1.7428212,2.413541
1.0373895,1.4301187
0.65320927,0.85141784
1.6724218,2.313967
0.9980095,1.3896328
1.0410839,1.463927
1.8382653,2.5119119
0.7655059,1.0236063
1.5686003,2.1744363
1.9817264,2.6798875
1.0359902,1.4386278
0.9281021,1.2840015
0.41906276,0.5127428
0.77762616,1.0481105
0.40927112,0.5114237
0.8833332,1.2081168
0.8496869,1.158123
1.283419,1.8019319
1.3189024,1.8497181
1.9173049,2.6127763
0.6359736,0.82401586
0.16927251,0.17325158
1.6830416,2.3344972
0.066252165,0.06154324
0.1924732,0.2062066
0.7203209,0.95405656
0.83712214,1.1464734
1.3444744,1.8759552
1.6491706,2.271726
1.8642274,2.550459
0.027416252,0.022778006
0.44788298,0.5508971
0.5818429,0.7550879
1.3794942,1.9407032
1.915709,2.6011512
0.09843393,0.09461124
0.081991054,0.07048117
1.855085,2.5381339
1.5396779,2.1580417
1.457769,2.03663
1.9443407,2.6414177
0.45743674,0.5523665
1.5997702,2.2251275
0.46684894,0.5591037
0.483678,0.6086646
0.95341694,1.3406713
1.2796133,1.783197
0.52562755,0.66857433
1.0537206,1.4624853
0.27492976,0.33567116
1.8642049,2.5208435
1.4462785,2.0259502
1.9647111,2.6615741
0.48098722,0.6128099
0.2790949,0.3060573
0.22105499,0.24808255
1.9326878,2.6492622
0.036671706,0.029187702
0.008337476,0.01756759
1.4326919,2.0037637
1.9628943,2.6495395
1.1647253,1.6134874
1.2419689,1.7393101
1.2263085,1.725553
0.5265715,0.68330705
0.52173996,0.6706054
0.20816219,0.2297057
0.938015,1.2857302
0.36619088,0.4378605
0.6218856,0.804814
0.94782317,1.2803673
1.5992005,2.2227752
1.489642,2.0814428
1.5258673,2.1203618
0.039121557,0.01933083
1.6902479,2.3399177
0.45214224,0.5599946
0.5613341,0.710811
1.4570565,2.0573666
1.1218446,1.5666254
0.49984294,0.61978906
1.4855456,2.0874186
1.1304299,1.5696695
1.8993441,2.6016076
0.7046122,0.9434943
1.8052104,2.46907
1.6627034,2.3188453
0.13289048,0.13937454
0.24825296,0.27648994
0.31473005,0.360802
0.6178057,0.7918005
1.4497453,2.0317857
1.545417,2.1569936
1.5904291,2.2029862
1.9075104,2.5985627
1.0454689,1.4376024
0.39218053,0.48378572
1.6328812,2.2604413
0.4870135,0.60256547
0.8349715,1.1406364
0.0255785,0.016332345
1.4244269,2.0033271
1.6604658,2.3045685
0.029887073,0.028480567
0.5637348,0.7035394
1.0269505,1.4540331
0.29767728,0.32019705
0.1949805,0.20295954
1.0987221,1.5370774
1.7372682,2.3948298
1.5114673,2.1300426
0.7893479,1.0718942
0.5136821,0.63909507
1.7790738,2.4670377
1.5506757,2.166157
1.6178256,2.2516072
1.8344684,2.5193477
1.7893801,2.4783964
0.84316415,1.1516154
1.5422331,2.1447256
1.8539188,2.5376244
0.16166948,0.16618067
1.5371127,2.1532924
1.3273871,1.8412961
1.109525,1.561817
1.265007,1.7623307
1.9530543,2.6504908
1.7530202,2.4081526
1.9678746,2.6614647
1.4751724,2.0660052
0.019608142,0.027221626
0.6869489,0.9146835
0.17311998,0.16878285
0.9895912,1.3772192
0.4393929,0.5309652
0.5421151,0.7041588
0.21511875,0.2539904
1.2986951,1.81248
1.8365672,2.4934404
1.3386556,1.8749598
1.3155683,1.841168
1.8358064,2.5231543
0.76049536,1.0250237
1.788597,2.4669719
1.4041204,1.9622942
0.16303223,0.19107302
1.4155256,1.987462
0.18802525,0.19776262
1.4242727,2.0026088
0.48887995,0.6187095
0.011458303,0.00082519406
1.190668,1.6540697
1.3861296,1.9366801
1.8513327,2.5359497
0.044078298,0.03319208
1.9780447,2.6879683
1.5305123,2.1461036
1.900155,2.580048
0.5162097,0.6455533
0.99415934,1.3865504
1.1103232,1.5568049
1.2867478,1.8102063
1.1439278,1.5981863
1.2229514,1.7168097
1.9558369,2.6702504
0.23878428,0.28204423
0.7031574,0.9298804
1.3776835,1.9310986
1.6540307,2.3020108
1.3896569,1.9511815
1.3701787,1.9195634
1.6223042,2.26145
1.8589808,2.5418172
1.0758544,1.5041835
0.41798857,0.51132023
1.7439564,2.398422
1.8569877,2.5296483
1.8571818,2.5636578
1.34309,1.8702004
1.3299196,1.8649694
0.32331285,0.381112
0.2022303,0.22541341
0.585524,0.76452416
0.40097764,0.48249567
0.6573358,0.861374
0.8180439,1.1110404
1.0459363,1.4381988
1.0182387,1.4037035
1.9135132,2.6211212
1.7608143,2.4213352
0.72469157,0.94769603
1.7737566,2.4267616
0.055324905,0.0483997
1.7054802,2.3530388
0.085368834,0.08433281
0.4559893,0.5784101
0.4146573,0.50831234
0.6209608,0.8208882
0.69100547,0.9187836
1.3654827,1.917661
0.9931791,1.3729156
1.9058728,2.611273
1.6492602,2.2774088
1.4511923,2.0281658
1.9728543,2.6638894
1.493549,2.0920012
0.22912589,0.27284056
1.0156331,1.4143484
0.39621052,0.4543229
0.10368947,0.13195817
1.9889749,2.6928895
1.8290712,2.5157733
1.2454466,1.7460788
1.337582,1.8688128
0.57719916,0.73115754
0.13849707,0.15423062
1.6078166,2.2448359
1.1447141,1.5937296
0.9242313,1.257983
1.3429371,1.8792541
0.98518306,1.3816783
0.80055654,1.0915377
1.4405257,2.0142272
1.0654503,1.4724455
0.3429038,0.40905502
1.4150647,1.9942983
0.7590646,1.0215471
1.5437909,2.15495
1.9533943,2.6625595
1.0112497,1.4032811
1.4844725,2.0694346
1.0785939,1.5073794
1.9425865,2.648769
1.1302321,1.5845287
0.8607716,1.1645963
0.70671123,0.94125485
0.41218448,0.4836235
0.7281127,0.9738424
1.2062578,1.6892599
0.10816,0.11831617
0.92921495,1.2742941
0.6169543,0.8084749
1.8736653,2.571511
1.348603,1.8881279
1.387134,1.9281346
1.3114076,1.8429261
1.3996372,1.9554806
0.57018507,0.73578495
1.3024907,1.826227
0.9249724,1.2564076
1.2333649,1.7306775
0.91048354,1.260014
1.5784457,2.1921465
0.7398277,0.96947765
1.7029591,2.359428
0.45067298,0.55442554
1.7347567,2.4128833
0.98270863,1.3483073
0.766316,1.0513018
0.8646157,1.1902653
1.3991724,1.9595218
0.49741063,0.61745924
1.312761,1.8326285
1.1304584,1.5786949
0.017161673,0.02918296
0.2123646,0.22461462
0.5623259,0.7194378
1.3762954,1.92024
0.5248351,0.6613825
1.7405472,2.4093869
0.3133667,0.36555856
0.008868839,0.013587366
1.8917717,2.5828986
0.592539,0.7503853
0.99708706,1.3572217
1.1108631,1.5438038
0.7585604,1.0324463
0.11002795,0.12875852
1.113719,1.5500616
1.9941169,2.708201
1.419802,1.9956511
0.83815646,1.1519032
1.5716876,2.190914
1.7403829,2.3933415
1.0987403,1.5551144
1.4201459,1.9936608
1.5431192,2.151895
0.5034064,0.63402903
0.9130771,1.2555698
1.8130461,2.4993148
1.4080834,1.9645299
0.88429266,1.2212822
0.51430166,0.6464705
0.2525616,0.2811029
1.9479841,2.6537473
1.9913914,2.7170534
1.0623816,1.4902006
0.00447404,0.0012881969
0.38652074,0.4913066
0.55107105,0.7115601
0.9187984,1.2727358
1.4445554,2.019472
0.60082465,0.771816
0.65268743,0.8527345
0.36279887,0.43894574
1.1117977,1.565643
0.71112734,0.9481603
0.2388682,0.27270427
0.928707,1.2890452
1.3271391,1.8371955
0.9546737,1.2937615
1.450596,2.0267859
1.0750312,1.4793357
0.9281482,1.2666262
0.34956527,0.4155594
0.7984109,1.0708051
0.30662915,0.3474632
0.17900851,0.20820735
0.07471747,0.080718644
0.28318495,0.30592957
0.035329353,0.04665674
1.6786433,2.3254797
0.87015057,1.1991119
0.35064054,0.4030703
0.22295837,0.25189337
1.7381207,2.3977578
0.10997757,0.12178164
1.3867931,1.9416519
1.6789622,2.312663
1.9340044,2.6295369
0.45479485,0.5650956
1.116382,1.5384215
0.49492237,0.6049207
1.1346639,1.5825157
0.5676462,0.7369543
1.6828905,2.326234
1.6041149,2.210807
1.433997,2.004005
1.1290095,1.5759137
1.5179381,2.1112528
1.8088688,2.4830875
0.14351244,0.15195017
0.12413853,0.1295908
0.2529329,0.28957608
1.1692308,1.6278596
0.4371008,0.5199719
1.6349112,2.2457368
0.26927564,0.31581607
0.17376205,0.17874303
0.8668529,1.1879827
1.4051124,1.9763584
1.4285022,1.9946759
0.23560841,0.2790227
0.17597674,0.20509933
0.0021345983,0.0150280595
0.21383785,0.25560603
1.846927,2.5451505
0.6503311,0.8641443
0.30777267,0.337967
1.6248889,2.2553132
1.4348063,2.0148053
1.9343636,2.6318727
0.087321,0.08152475
0.28127927,0.33087686
1.4293203,2.021731
0.65670663,0.86499554
1.1739739,1.6378964
1.2444322,1.7557489
0.30094177,0.35010156
0.80289,1.0958008
0.10812742,0.09538859
0.6360002,0.8266374
1.7602133,2.423437
0.2989245,0.3319707
0.76195586,1.0143863
1.755524,2.418692
1.438485,2.0143728
0.7441151,0.9994751
1.2598871,1.7735225
1.7778133,2.461505
1.8118271,2.495156
0.6105921,0.7769173
0.646639,0.8467745
1.3342973,1.8604677
0.6460125,0.8387588
0.7159824,0.9562295
0.56363434,0.722994
0.15307282,0.1747078
0.8854172,1.2066208
1.2029619,1.6927344
1.7448281,2.4024782
1.6594563,2.2923338
0.7722757,1.0483073
1.9605076,2.682991
0.020604016,0.021545283
1.4775748,2.0558848
1.2717149,1.7886022
0.9877728,1.3654846
0.56278956,0.72643906
0.7159212,0.955398
0.07262665,0.09031808
1.6825163,2.340095
1.6850306,2.341694
0.46506718,0.59581083
1.7766987,2.4534497
1.9882736,2.699513
1.2043536,1.6776044
1.3219334,1.8382818
0.0890686,0.09995225
1.3269972,1.8762462
0.32121676,0.39310154
1.297285,1.8127855
1.2866662,1.7917533
0.38883573,0.46712518
0.50060403,0.61178094
0.38035396,0.44506115
0.004028343,0.0041478183
1.5882146,2.2142246
1.0772355,1.4992511
1.0746908,1.484072
0.15668024,0.18369018
1.1079835,1.5455232
0.95438343,1.3192306
1.4070807,1.9620225
1.0365164,1.4423399
1.6721731,2.3322897
0.78047425,1.0474124
1.572858,2.1978219
0.39852917,0.48829782
0.21322978,0.22869463
0.534304,0.6762418
0.93177354,1.2945255
1.9530344,2.6704578
1.2686545,1.792124
0.0157318,0.02195701
1.4716048,2.053127
0.0074651972,0.0014381197
0.8726536,1.1956227
0.39993754,0.47893715
0.80623674,1.0775282
0.5265277,0.6736772
1.2273417,1.7216411
0.094069205,0.09712303
0.28071463,0.32184702
0.2135361,0.24843018
1.788178,2.4736738
0.7433734,1.0041541
1.2721549,1.7929027
1.7138344,2.3595245
1.9782959,2.6974444
1.3819717,1.9345185
0.57549536,0.7512099
1.962081,2.6465511
1.2329531,1.74095
1.9836595,2.6738431
0.5319355,0.6944253
1.4981312,2.0843427
0.76992005,1.0338873
1.2659032,1.7617133
1.2763906,1.778686
0.41216698,0.5117343
1.8327909,2.5127885
1.6507382,2.2785423
0.23964491,0.2714138
1.6843112,2.3364325
1.0169932,1.4124124
1.4808509,2.0704055
0.4268534,0.51730657
1.9930394,2.6927001
0.90766793,1.2138525
1.5153569,2.1363304
1.7073023,2.3748765
0.43710408,0.5330321
1.2800546,1.7782662
1.0620801,1.4754472
0.031844668,0.023651423
0.6013298,0.77695763
0.23458716,0.26543176
0.8167639,1.0998092
0.55848277,0.7096141
1.9841383,2.6993618
1.9425212,2.6623878
1.2015183,1.6868824
0.84291935,1.1421374
1.7642435,2.4399173
1.1875904,1.6586429
0.56011754,0.72348183
1.6196539,2.245823
0.65640265,0.8653891
0.5687059,0.7323469
1.7271549,2.3824928
0.42553383,0.507743
0.4295287,0.52536833
1.8080122,2.4830585
1.4857894,2.0803423
0.24833527,0.2857336
0.04801301,0.061345838
0.3678471,0.4335183
1.9912374,2.7042625
1.8337252,2.5152295
0.46573064,0.57336974
1.138738,1.5984169
1.1455995,1.5971879
1.541507,2.1441169
0.67337894,0.85445875
0.13761677,0.16717386
1.0095073,1.3935986
0.6286292,0.83028483
1.5993981,2.2159865
0.5340603,0.67119205
0.8100945,1.0956066
0.351104,0.4246851
0.066446036,0.07860251
0.11692266,0.12673028
1.8293314,2.515089
0.14950667,0.16616343
0.89272505,1.2286899
0.96333694,1.3327748
1.5776417,2.1910763
0.06092242,0.061680198
1.0626882,1.4898955
1.5159724,2.120375
0.003269772,0.009046621
0.4719582,0.5956153
0.57531935,0.7552705
0.9930021,1.3815557
1.2226601,1.706994
0.11241199,0.12427551
1.6718123,2.296657
1.6397198,2.278848
1.8396561,2.5163417
1.696441,2.3509984
0.2450675,0.28429413
1.1502675,1.6034516
0.11502726,0.11836448
1.6051391,2.241807
1.9520227,2.656668
0.33136657,0.37970144
1.244213,1.7584783
1.4608437,2.0449533
0.30828962,0.35846877
0.43380678,0.5283019
0.74628466,0.9900105
0.36869475,0.43449807
0.64324826,0.8315188
1.9995313,2.7068791
1.8791586,2.5595696
0.0077795824,5.3151503e-05
1.5535299,2.181024
1.1936969,1.6606296
1.5775982,2.1916003
0.97110116,1.345643
0.8190735,1.1160526
0.009781306,0.010512591
0.73774534,0.98197186
1.4121925,1.9614402
1.6135929,2.2430413
0.23974234,0.28301772
0.1472672,0.1429566
1.643625,2.278893
0.63499326,0.81157553
1.6823143,2.336136
1.9743383,2.685288
0.3182565,0.36586344
0.5470885,0.6984614
1.5248733,2.132553
0.72600085,0.9731955
0.07373932,0.07996187
1.0004681,1.3885458
0.7352317,1.0049167
0.25241977,0.29899874
0.34010184,0.40381005
0.63968194,0.8376299
1.6382797,2.277884
0.30417418,0.36978635
0.99142796,1.380848
1.0699145,1.5082268
0.19497086,0.22359177
1.1018546,1.5396402
1.0244386,1.4150776
1.3825437,1.9487969
1.596199,2.214084
1.6755679,2.340032
1.0368131,1.4284401
1.1185778,1.5490987
1.268815,1.7805003
1.9455134,2.648121
0.14700776,0.17260017
1.1113923,1.5632855
0.056785345,0.06427386
1.4612665,2.0470052
1.5865474,2.2095404
0.03853753,0.044746242
1.6784894,2.3249838
0.8039143,1.0768837
0.5917515,0.74313915
0.252729,0.287304
0.21631014,0.23830439
0.695672,0.9003503
0.7918725,1.0865068
1.9706467,2.6665394
1.8518555,2.5343876
1.8896575,2.5747604
0.64521915,0.8443432
0.43646035,0.5458593
0.21597417,0.24210417
0.8321559,1.1462002
0.7057579,0.93679374
0.62052,0.79345864
0.1353375,0.13817249
0.74311405,0.9795317
1.6832972,2.329219
1.2676228,1.7711858
1.7257352,2.385573
0.11478564,0.11911577
0.5016419,0.61308354
0.52404326,0.666758
1.0953845,1.5252922
1.9038905,2.5956218
1.9532079,2.6489606
1.7741514,2.4534853
0.8578464,1.158179
1.7077541,2.3653464
1.7764353,2.4365802
1.1736132,1.6617423
0.69955885,0.94066685
0.9305723,1.2875621
1.0991776,1.5450897
1.2119672,1.7111665
0.48778987,0.5984659
0.3531436,0.42502844
1.0964261,1.525841
0.70453966,0.9507167
1.5122474,2.0995557
0.8806819,1.2114227
0.47428754,0.5829649
0.75676507,1.032771
1.5035828,2.098319
0.0477383,0.053124472
1.4736199,2.066726
0.43245772,0.5200078
1.1456312,1.6044899
0.7356715,0.9981439
1.2846079,1.8056096
0.18441087,0.19035257
0.040032886,0.03459778
1.4856223,2.093448
0.90367126,1.2516203
0.87168247,1.2015216
0.43578473,0.5279202
1.61673,2.246426
0.5312695,0.6699034
1.5911118,2.2049897
0.50312936,0.64228666
0.7850596,1.0531546
0.13787702,0.13837527
0.95097727,1.3234656
1.4482522,2.0442622
1.1592925,1.6222426
1.4852062,2.0617843
1.120296,1.5645785
1.7884526,2.449167
1.9709127,2.6704466
1.4959321,2.09008
0.8992576,1.2422276
0.9504751,1.3135937
1.2930074,1.8051453
0.4186416,0.5265727
0.63142574,0.8318161
0.8541016,1.1812731
0.35138196,0.41774124
0.08275307,0.090988174
1.101896,1.525036
0.9161835,1.2680615
1.6596234,2.2906897
1.1884867,1.658546
1.6164305,2.2418694
0.71589005,0.95656717
1.2888036,1.7967746
1.1488025,1.6308751
1.6999012,2.3398576
1.2985102,1.8003268
0.06337561,0.06460299
1.1071051,1.5489924
1.2894644,1.8211898
1.4359101,2.0195062
1.3580153,1.9121587
1.8729081,2.5688744
0.8949147,1.2348982
0.05609204,0.058775526
0.12075827,0.11718633
0.48323762,0.59298176
0.06092997,0.059915032
0.48912498,0.61156344
0.1749726,0.20277213
0.43881094,0.5414369
0.2116481,0.23166363
0.12576962,0.15933438
0.121264726,0.13685358
0.93101203,1.2754085
0.51830405,0.65161556
1.9596113,2.6374118
0.17245772,0.2070246
0.16886571,0.19482878
1.4116173,1.9856855
0.731881,0.9730022
0.13998164,0.16741824
1.294147,1.8169976
1.2085674,1.6737708
1.1195171,1.5620496
1.0458256,1.44852
1.0006493,1.3811917
1.3288494,1.8448882
0.6628775,0.87583774
0.9405501,1.284001
0.75006866,1.0172291
0.7325291,0.96869266
0.7614088,1.0137364
0.02317966,0.011732154
0.108029015,0.12395819
0.88395226,1.2106371
0.07402032,0.07581557
1.8729872,2.559754
1.8119881,2.4985712
0.9374895,1.3071249
0.52218425,0.6583732
1.614953,2.2285683
1.3965801,1.9622772
1.722274,2.3841352
1.7614008,2.4164205
1.1450506,1.5739853
1.8352997,2.5079842
1.2710862,1.8014389
0.4465513,0.53737843
0.5237567,0.6656427
0.73702097,1.0000857
1.7825558,2.4420714
1.978566,2.6818562
1.0511917,1.463982
0.12167914,0.13849133
0.03117711,0.02404015
1.7610469,2.4123847
0.48882955,0.6246882
1.8499583,2.5335965
0.08401645,0.0748182
0.11508268,0.12953348
1.2967759,1.8232846
1.4377933,2.03009
0.4946102,0.60837835
1.469801,2.0479689
0.39843822,0.48632967
0.42883474,0.5404076
0.667785,0.8957528
0.0037460886,0.013423264
0.72863734,0.9661495
1.2515372,1.7471409
1.9885246,2.6981194
0.8845113,1.1904479
0.2788333,0.33700106
1.8152429,2.4994543
1.3338029,1.8874512
1.1796321,1.6412262
0.1735082,0.18104073
0.20641938,0.24533662
1.8947129,2.5841773
1.3582362,1.9106213
1.6822284,2.3081496
0.15843229,0.16716093
1.8995155,2.59121
1.2088889,1.6987517
1.4143635,1.9835527
0.85619646,1.1711757
0.13768539,0.1511963
1.4144324,1.9832648
1.1316061,1.5749855
0.40542054,0.48798484
0.8248179,1.1321665
1.5902783,2.2119608
1.4791433,2.0598736
1.7805543,2.461131
0.44532394,0.5451492
1.1825747,1.663224
1.9934257,2.6935377
0.9001864,1.2192138
0.2233267,0.24660198
0.8305633,1.1208912
1.7697277,2.434921
0.8272404,1.1207902
0.77425337,1.0461859
0.035336666,0.03382825
1.0688455,1.4892128
1.9917297,2.6820157
0.46606344,0.596679
1.5158298,2.131906
0.30669078,0.36480024
0.722891,0.96902555
1.166031,1.6328223
0.43780953,0.5210367
0.71900433,0.97906375
1.7732552,2.431563
0.15921149,0.16729787
1.7701982,2.4451532
0.5651241,0.7455349
0.19247673,0.2197495
0.9636383,1.3334218
0.5484759,0.69665045
1.9360975,2.6429741
0.51026773,0.6412163
1.7397,2.3920722
1.9406234,2.6241758
0.7289834,0.9799414
0.7380128,0.9972421
1.7673522,2.4279072
0.9494958,1.3192956
1.4133015,1.9895566
0.9274151,1.2544423
0.7846674,1.0419353
1.8594756,2.5451832
0.88142985,1.2035717
1.1223959,1.5682368
1.528856,2.1290748
1.3465725,1.8875712
1.9255899,2.6208925
1.480111,2.069957
1.5302289,2.1336992
0.79545367,1.0728344
0.8290533,1.1457813
0.16096534,0.16012529
1.4646523,2.0708027
0.066126466,0.0596081
0.28905514,0.3303084
1.6052793,2.2281048
0.37585318,0.46588024
0.43902397,0.5451042
1.6994143,2.3579872
0.77197444,1.0544834
0.8926879,1.2148129
1.079011,1.5061008
0.44765353,0.5723443
1.5217923,2.1138225
1.3794347,1.943513
1.4818946,2.066302
0.5866415,0.75639594
0.34237695,0.4114622
1.7733221,2.43393
0.70267856,0.93934953
0.15584184,0.17383027
1.0381914,1.4493161
1.6838444,2.3308458
0.5695192,0.7222868
0.11400282,0.12285526
1.784616,2.4582343
0.6215746,0.82429504
1.236093,1.7461385
0.35503334,0.41643927
1.1176779,1.5729626
0.9204159,1.2689575
1.9465946,2.6592364
0.36404142,0.44297472
1.2531563,1.7683938
1.6492071,2.2836704
0.22101924,0.24651985
1.1836627,1.6584624
1.371688,1.921246
1.61766,2.259742
1.0138211,1.4094738
0.9059946,1.2556589
1.3899802,1.9537472
1.8110843,2.4835904
0.774808,1.0549034
0.88217306,1.1958495
0.6100788,0.79561996
1.2793182,1.7971302
0.18409033,0.2079938
0.6306023,0.82795197
0.55286056,0.71300167
1.1446855,1.60914
1.137114,1.5858743
0.80837566,1.1014864
1.1696144,1.6371486
0.3065658,0.34460977
0.3037924,0.35165894
1.1224585,1.5858345
1.395362,1.938827
1.1828243,1.6594678
0.5095714,0.6505457
0.19820993,0.2138121
1.8528773,2.5342228
0.88408947,1.1939447
0.17463435,0.2045884
1.4669487,2.0542572
0.042522483,0.058126517
1.4335557,2.0069635
0.18613909,0.19053495
1.4168115,1.989509
1.7982365,2.483268
1.0874279,1.5142502
0.0859415,0.10720134
0.8415077,1.1452079
0.2832468,0.32968348
0.80195725,1.0985577
0.94788086,1.302186
0.17494872,0.19217576
1.1890395,1.6477439
0.10598656,0.11406741
1.4828345,2.0705268
1.3415315,1.8794816
0.6801479,0.90603524
0.14975445,0.15185179
1.6160041,2.2440693
1.419432,1.9967785
0.7080202,0.9560494
0.5938607,0.76414585
0.8264698,1.1409032
1.9342078,2.6496494
0.7293382,0.9682954
0.4166246,0.5098476
1.5340674,2.1461341
1.4106667,1.9651463
0.31301233,0.35448274
1.6369289,2.2753825
1.1795597,1.6559398
0.5999508,0.7757035
0.69639766,0.9138379
1.608216,2.2428749
0.6503728,0.8519073
1.3800446,1.9345222
0.030420102,0.020116488
0.5588065,0.7202371
0.50761026,0.6407497
1.7481478,2.4070077
1.9110472,2.5881124
1.7579899,2.4404547
0.4672657,0.5725528
0.61242586,0.81709504
1.6108683,2.2369964
0.03265751,0.042593885
1.9452127,2.6528351
1.6989468,2.338498
0.13167334,0.15788786
0.7900333,1.0653003
1.3643808,1.9209223
0.15888323,0.15037297
1.3510079,1.8885075
1.3467485,1.8863326
1.1080388,1.5550443
0.7867312,1.0617734
0.22420397,0.26894715
0.36696932,0.42140108
1.6299132,2.2540255
1.7928201,2.4577942
1.2216879,1.699693
0.48792666,0.608476
1.062414,1.4617975
0.4163033,0.49421433
0.68607837,0.8883986
1.2547731,1.7661259
0.6964722,0.91564894
1.9149055,2.608197
1.932605,2.6344113
0.35036632,0.41221824
0.878372,1.182391
1.2949598,1.8223555
1.5476943,2.1539392
1.1037083,1.5589424
0.5392441,0.68635464
1.9388076,2.639693
1.3575715,1.8973967
0.41572547,0.50834936
1.4391478,2.023459
1.3649753,1.9277388
0.22212203,0.25902352
0.750696,0.9832255
1.9734923,2.6719441
1.2439215,1.7328212
1.8197725,2.5035503
0.9365027,1.2807934
0.8762202,1.1995606
0.6150306,0.78986096
1.0157889,1.4172754
0.25249514,0.2930376
1.212739,1.69844
1.6581987,2.3076081
1.4163897,1.9937788
0.784553,1.0591757
1.0810899,1.5167423
1.5164417,2.131252
0.3606746,0.4346149
0.4505444,0.55486935
1.9583926,2.6699443
0.04553583,0.053087376
0.06960481,0.06132045
1.3588471,1.8982555
0.90614873,1.2578565
0.3484065,0.41537166
0.028986389,0.03383847
1.6157027,2.2435193
1.9523001,2.668515
1.3481266,1.8810129
1.6427389,2.2888281
0.44997984,0.565694
1.9140958,2.6229784
1.0097198,1.4021126
0.4286208,0.5347101
1.1125906,1.5614947
0.40649995,0.49164447
1.8613582,2.5539196
0.9325764,1.2874342
0.49031544,0.62957364
1.1894644,1.6642488
0.53973323,0.6953908
1.817714,2.5026705
0.7870495,1.0542582
0.2921112,0.3326805
1.7729686,2.4318912
0.72057575,0.9650283
1.2887027,1.8157693
1.7100341,2.3694959
1.0066382,1.4053345
1.8542755,2.5441716
1.5035169,2.0860302
0.7550416,1.0154037
0.24828207,0.2866679
1.6880007,2.3473117
1.324683,1.8616718
1.4108168,1.9845438
0.3416125,0.41041163
0.07469067,0.07991016
0.4800063,0.580812
1.9647993,2.6713376
0.9410208,1.3063262
1.3318932,1.8548174
0.25529307,0.28103468
1.3280787,1.8692647
1.7477822,2.4212377
1.3249642,1.843102
0.68495756,0.90599084
0.6045214,0.7909346
0.19079386,0.20679098
1.9282337,2.6278527
0.5615062,0.6983905
0.052752946,0.06482862
1.9581271,2.6536405
1.7640004,2.4353738
1.5902961,2.2083483
0.843742,1.1281266
1.1080073,1.5296327
1.6558272,2.2952118
1.462862,2.0473478
0.11587999,0.12808178
1.4141021,1.9768467
1.1407963,1.5771235
0.3516517,0.40431485
1.1112996,1.5454276
1.1602907,1.6215478
0.20333147,0.23202364
1.0834955,1.5084085
0.15790768,0.1620855
0.15603678,0.15837349
1.3536372,1.8998449
1.6927285,2.345133
0.877001,1.1960642
0.8259396,1.116658
0.921283,1.2651082
1.160437,1.6411986
1.8274864,2.4982467
0.8432609,1.1325074
1.7782367,2.4436972
0.13676535,0.149752
0.0777943,0.07385247
0.8874507,1.2247909
1.3369178,1.8590188
1.6346439,2.2668557
0.32877287,0.38591957
1.305972,1.8331068
1.6934631,2.34286
1.0009198,1.3844763
0.09130446,0.086798705
1.4124929,1.9784174
1.7922539,2.451112
0.71328145,0.93525136
1.393319,1.9412833
0.09510124,0.09293903
1.1112182,1.552283
0.42219755,0.5331218
1.2428068,1.7416425
0.38878527,0.47067782
0.5037049,0.6302557
0.4273417,0.527503
1.134763,1.5817425
0.07742562,0.07045366
