x1,x2,y
-0.06906116,-0.9782215,-0.06085544
-0.36919922,0.7338681,-0.5468354
-0.22695085,-0.3930291,-0.4117087
0.9114662,-0.16921727,1.5571004
0.6490005,0.68391174,0.96242505
0.29315558,0.41642794,0.5264112
-0.83388704,-0.81081766,-1.0089439
-0.77958155,0.202878,-1.3743873
-0.5866154,0.75285536,-0.81536895
0.018246995,0.017009143,0.026750883
0.40034816,0.43532822,0.6969364
0.73775053,-0.19863224,1.3207386
-0.5418718,0.6125712,-0.8325632
0.13809207,0.9029165,0.18607637
-0.92939615,-0.6439466,-1.2582145
0.8929105,-0.042392433,1.5512092
0.3478508,0.2530514,0.67176795
-0.47450128,0.09292215,-0.9005902
-0.106494494,-0.74911535,-0.15989822
0.03918208,-0.9311995,0.037066605
0.041033514,0.2068413,0.09620351
-0.768126,-0.33856604,-1.3241708
-0.23271376,-0.9475366,-0.2661586
-0.8365208,0.32429788,-1.4129369
0.348683,-0.36881873,0.62478703
0.11661277,0.6931149,0.17475231
-0.357285,0.51992893,-0.6101117
0.9118195,0.4114332,1.4490241
0.86435014,0.18578757,1.4960508
-0.13039793,0.63716525,-0.21667403
0.052491613,0.22706468,0.10168182
0.40002415,-0.44846672,0.6888332
-0.41172507,-0.46017352,-0.70379835
0.86175907,-0.4960733,1.3282555
-0.9162932,-0.2753552,-1.5256102
0.8804458,-0.6534861,1.2281874
-0.6349688,-0.20320731,-1.1555737
-0.6291223,-0.7707245,-0.85581464
-0.15755317,0.16709778,-0.3230068
-0.6644501,0.81832594,-0.8366284
-0.47821298,-0.6849039,-0.71008646
0.54356456,-0.5531218,0.86458665
0.5115297,0.33367676,0.9343206
-0.12283965,0.35681993,-0.22934315
0.9808224,0.025926761,1.6603982
0.5214274,-0.48534334,0.8886534
0.96493924,0.23177688,1.5880679
-0.2005249,0.119292825,-0.36239856
-0.094150275,-0.9921576,-0.11549668
0.49621445,-0.6957319,0.7101182
-0.13419099,-0.47850567,-0.23244889
-0.26207966,0.7500994,-0.37144786
0.66445297,0.93300384,0.7384532
-0.86951405,0.4425101,-1.3662194
-0.48256665,0.05600708,-0.9464925
0.9397387,0.2723857,1.5755467
0.90282756,-0.2137486,1.5254589
0.24925616,-0.62236017,0.3917245
0.60102636,0.6728719,0.8913044
-0.7522469,-0.6895409,-1.0451742
-0.9989802,0.7569915,-1.2188815
0.5876806,-0.8523308,0.73611516
-0.22298735,0.8409483,-0.30492368
-0.047584243,0.9537918,-0.06242544
-0.6986652,-0.4291511,-1.1779093
-0.65190905,-0.25338155,-1.1799244
-0.5039341,0.4022588,-0.90580946
0.053429525,-0.075372286,0.11869012
0.31034192,0.37123415,0.5775733
-0.55247235,-0.14044228,-1.040154
-0.033911247,0.66007406,-0.065130904
-0.86850053,-0.43267596,-1.3923659
-0.47976094,0.0729203,-0.9348072
0.08039498,-0.35049146,0.15169178
-0.817091,0.7313874,-1.0808066
0.9443737,0.9876528,0.8941843
0.9371393,0.98601294,0.88553625
0.43563777,0.14594246,0.8363158
0.46869045,-0.87419784,0.56996787
-0.9702877,0.10987254,-1.6434629
0.8982772,-0.45228136,1.4059958
-0.2680455,-0.068026,-0.5282737
-0.79161936,0.32853684,-1.3682507
0.14433767,0.27698058,0.2741354
0.62890816,-0.42473125,1.082009
-0.582183,-0.556984,-0.9516203
0.53657216,-0.76915807,0.74151736
-0.013775839,0.3273318,-0.031793274
0.9023326,-0.3685484,1.4520478
0.29869875,0.24281216,0.54689544
-0.41380772,0.9221696,-0.49249697
-0.66854924,0.1685259,-1.2149783
-0.3692417,-0.3880543,-0.67506415
-0.76577955,-0.33444855,-1.3248883
0.09695548,0.21466011,0.19212274
0.05198282,0.4720789,0.09491155
-0.8822352,-0.38739884,-1.4267418
-0.96045667,-0.27768233,-1.577346
0.8032184,-0.9451555,0.8536654
0.75843865,0.57094187,1.157216
-0.6628826,0.91902375,-0.7499301
0.36495215,0.30299467,0.69263333
-0.27342567,-0.034526512,-0.5275674
0.15083694,-0.33875114,0.29239428
0.6615443,-0.89296407,0.76377124
0.24069013,-0.2414917,0.45863205
-0.63737184,0.30303204,-1.1329998
-0.4679881,-0.15501077,-0.89089787
-0.66239476,-0.25231388,-1.1954812
0.13564104,-0.41628957,0.24297707
-0.9614974,0.47109628,-1.4643435
-0.17978187,-0.33736292,-0.35193384
-0.36932307,0.23669809,-0.6825912
0.18339802,-0.33662415,0.3653851
-0.080290265,0.44485745,-0.156616
0.8131476,-0.11106286,1.4495584
0.63494533,0.54063636,1.0077571
-0.009000282,0.43219385,-0.022492005
-0.46835214,0.11618776,-0.8982657
0.57085526,-0.8350202,0.72555983
-0.04146088,-0.47187054,-0.04333867
-0.72226727,0.18178236,-1.2987412
-0.03260315,0.6750117,-0.05977431
-0.5872618,-0.6609918,-0.87770236
-0.9035618,-0.56060284,-1.3426446
-0.44561213,0.8715131,-0.56901914
0.5044225,0.061118662,0.97779596
-0.5134395,0.28200275,-0.9459863
-0.33059934,0.48119667,-0.58412397
-0.9274305,0.08316003,-1.5977368
0.29852262,0.15071414,0.5793916
0.018571652,-0.6822112,0.03336205
0.99507403,0.57660407,1.3906826
0.62481284,-0.3019604,1.112361
0.5912184,-0.47431317,1.0093405
-0.26467326,0.607832,-0.4385005
0.4796,0.12919202,0.9108804
-0.6117284,-0.60992247,-0.93119395
0.073847406,0.9670491,0.070537604
0.49340495,-0.6227117,0.7658142
-0.56038475,0.22017105,-1.0297621
-0.35799414,0.023016227,-0.71320236
-0.8707683,0.77003676,-1.0862124
0.41249418,0.05406887,0.796132
0.2323611,-0.4625045,0.43211892
0.50787187,-0.80889374,0.68211704
0.98484594,0.55450904,1.4197993
0.41767156,-0.86837626,0.5166007
-0.67379946,0.49493954,-1.0989704
0.75468266,-0.42417872,1.2571887
-0.23072056,0.78744775,-0.3183967
0.9989681,-0.3776783,1.5607808
0.098218285,0.105313666,0.19939698
0.59976697,0.3968315,1.0390211
-0.58023846,0.9436701,-0.63303345
-0.8255843,0.5140671,-1.2770623
0.7691365,-0.4178447,1.2500453
0.34348196,-0.97928405,0.37299973
-0.7879585,0.3630501,-1.3032354
-0.88667285,-0.72456247,-1.1493849
-0.47758391,0.3415991,-0.8510549
-0.25215322,0.6228422,-0.3984965
0.5335052,-0.3919427,0.9431932
-0.5377101,-0.15638669,-1.0269655
-0.9997455,0.9238139,-0.99940014
0.6997181,-0.05308545,1.2810873
0.7369753,0.094755895,1.3247551
0.41916877,-0.8458993,0.5572659
-0.99461436,-0.95272267,-0.9627861
-0.4911676,0.39801297,-0.86600405
-0.5126942,0.7626028,-0.7233393
0.7886302,0.14781502,1.3916097
-0.14232612,0.31457663,-0.25988775
0.9231442,-0.81487036,1.1199676
-0.24442063,-0.3797172,-0.45931643
0.61731,-0.64021575,0.9147624
-0.8673874,0.50143397,-1.3302524
0.39025053,-0.7294851,0.58208054
-0.28581044,-0.8620835,-0.37528086
-0.39498812,0.4073892,-0.69467
0.35122856,-0.22022378,0.67251444
-0.8696529,-0.16520746,-1.5216503
0.66347504,-0.6924819,0.94971263
-0.061165042,0.065234125,-0.11368295
-0.37484127,0.2765922,-0.70350975
0.18275547,-0.6073763,0.30221733
0.41369176,-0.6148086,0.6623084
-0.22547768,-0.5162963,-0.39501658
0.51153123,-0.9720617,0.5576591
0.076787576,-0.05984401,0.15683563
-0.007860443,-0.37339056,-0.015660455
0.4754505,-0.82833105,0.6123385
0.5325697,0.12800655,1.0092324
0.038508516,-0.21674219,0.08646486
-0.16550225,-0.5170206,-0.2881642
0.10470256,-0.5791316,0.17185172
0.47136232,-0.9674381,0.5337825
-0.10400422,-0.5498415,-0.17194776
0.25938004,0.8215532,0.3453803
-0.32982305,-0.940032,-0.39290273
0.5913389,0.27241415,1.0776632
0.17316,-0.089460745,0.33672914
-0.74803996,0.17530213,-1.3278909
0.47756308,-0.94663566,0.55550796
0.33624163,-0.9199271,0.3977535
-0.9285225,0.97037435,-0.8952714
-0.03167738,-0.19432087,-0.044306085
-0.089148454,0.7757986,-0.12840976
-0.988814,-0.40867957,-1.5368986
-0.18510216,0.2269603,-0.35197842
-0.3704151,0.9296196,-0.4305072
-0.5355765,-0.73814917,-0.7643266
0.59172195,0.5024328,0.9829651
0.2083059,-0.026214834,0.41568053
-0.18071355,-0.029511597,-0.35622013
-0.71513224,-0.7675662,-0.94279784
0.43676808,0.952943,0.47657377
-0.46423626,0.6426253,-0.71135676
-0.21704206,0.13815823,-0.41356277
-0.69086933,0.9860137,-0.6923564
-0.93221146,0.38811722,-1.4911678
0.26214835,-0.67049253,0.41458
0.88061386,-0.45831615,1.3896112
-0.26160744,-0.47366923,-0.45211107
0.69216764,-0.52001023,1.1172339
0.061606046,0.07975377,0.13563366
0.038864546,0.4945287,0.05971675
0.6116947,0.3637315,1.0846052
-0.9169212,0.7339665,-1.1911066
-0.056206934,0.27427173,-0.10417505
0.9536634,0.3312277,1.5509267
0.96943665,0.8306941,1.1108146
0.96804535,-0.6279107,1.346868
0.48386168,-0.9301482,0.56690425
0.91480374,-0.18737517,1.567798
-0.14723411,0.67267525,-0.22447649
-0.1600114,-0.67566127,-0.2579877
-0.41154784,0.6649623,-0.6296833
-0.6949171,0.7385289,-0.9469708
0.7422931,-0.24438033,1.32271
0.5571449,0.8119286,0.7301104
0.17714639,-0.40725857,0.30949286
0.92787915,0.64960617,1.2697692
-0.6081662,-0.67802364,-0.8752799
0.73138636,-0.51433235,1.1611059
0.38577065,-0.30388305,0.700768
-0.8472183,0.5117617,-1.3201813
-0.09663787,0.7241264,-0.13114892
0.9809065,0.5841763,1.3855137
-0.5558732,-0.9512937,-0.61301965
-0.8626029,0.8203796,-1.0227759
-0.04905622,0.5135413,-0.08766403
-0.7348822,0.46466115,-1.1939812
0.7201548,0.35316592,1.242849
0.55841434,0.080346085,1.0743049
0.5229027,0.82769245,0.67455345
0.049440127,0.5040856,0.078903876
0.96157384,-0.98133975,0.90454245
0.27685645,0.029981656,0.5319055
-0.2737277,0.77095306,-0.39051974
0.5237697,-0.23605825,0.97739995
-0.14107077,0.0391455,-0.27169195
-0.093515284,-0.98548853,-0.09637545
-0.113022216,-0.65090764,-0.1582311
-0.45304662,0.99495095,-0.48491237
-0.37497213,-0.90632516,-0.44207007
-0.647941,0.71637,-0.8986534
-0.80126786,-0.867211,-0.9244542
-0.051054794,0.314775,-0.099134274
0.17620835,-0.95335066,0.21688533
0.47119266,-0.6695669,0.7048782
-0.8829234,0.35129875,-1.46251
0.44697282,0.025610039,0.86069316
-0.4498556,0.25235212,-0.8256879
-0.58523566,0.7639055,-0.7875989
0.7706805,0.009103422,1.3937032
0.45076814,-0.86665976,0.5572995
0.9698711,0.18096007,1.6293005
-0.5368342,0.9418782,-0.6007541
-0.14253129,-0.05768606,-0.2906262
0.58051735,0.932208,0.64927614
0.44437727,-0.42163327,0.7728907
0.08534997,-0.5491483,0.14534038
-0.74738854,0.9463688,-0.78756344
0.0142212855,0.23443617,-0.0035709378
-0.21057257,-0.88616455,-0.24342206
0.17590831,0.45310545,0.3259318
-0.05652072,0.8859058,-0.07532868
0.35795715,-0.082893714,0.7077871
-0.88236904,0.1229157,-1.5259551
-0.6850175,0.005045106,-1.2632731
0.117312,0.33854505,0.21728407
-0.1449367,-0.13702422,-0.29676384
-0.8313781,0.9651723,-0.83736646
0.045559533,-0.92521,0.06219577
0.9073243,0.9824001,0.8584339
0.42570847,-0.58305216,0.70543975
0.14082952,-0.8462068,0.19752042
0.51212204,0.018968983,0.9858031
0.55707407,0.807389,0.7201909
-0.75920314,-0.68115807,-1.0647136
-0.22304901,-0.0141301565,-0.44945374
-0.9778887,-0.27812445,-1.5916084
0.76873714,0.834265,0.93373907
-0.2554475,0.47860914,-0.43249658
-0.2146117,0.76343614,-0.31583405
-0.9283163,-0.43191528,-1.4454845
-0.49944746,-0.65203035,-0.77845526
0.28675318,0.480613,0.48634666
0.8030517,0.10229403,1.4357872
-0.059430413,0.56807184,-0.1006665
0.30250722,-0.6859749,0.45420337
0.6580155,-0.21777336,1.1930332
-0.48820204,-0.2849728,-0.8877623
0.69244146,0.21204905,1.2406157
-0.74942744,-0.37933502,-1.2707136
-0.54286355,-0.5400943,-0.8956994
-0.36617777,-0.7819657,-0.5027636
0.061019205,-0.8578932,0.06267831
0.4024979,0.9953821,0.42034146
0.5714233,0.42070064,0.9981704
-0.23708566,0.66946775,-0.36184844
-0.032077793,-0.27628383,-0.05768096
0.929912,-0.15340891,1.5859158
-0.049468193,-0.34344777,-0.10443003
-0.90620625,0.7929835,-1.1117452
0.00060138974,-0.64388824,0.021620115
0.17523076,0.4963858,0.31222406
-0.22798055,-0.6472566,-0.37035638
-0.66374695,-0.019167889,-1.2102504
0.6588957,0.11852109,1.209462
0.56341666,-0.90382355,0.64633197
0.8523956,0.2356863,1.4622802
0.5335265,0.8618374,0.6564533
0.1247664,-0.41130736,0.22027971
-0.30992422,-0.51879305,-0.50604177
-0.19861531,-0.38276887,-0.35772306
0.5173452,-0.9007715,0.623523
-0.3986502,-0.90381986,-0.48768324
-0.3380278,-0.9229286,-0.38977823
0.78696793,0.643991,1.1257819
-0.8429375,0.93864423,-0.8807315
0.23489535,-0.5720881,0.39896202
-0.07076983,-0.45967367,-0.13490872
-0.26149386,-0.19932683,-0.4982037
-0.59249187,-0.18887524,-1.1069802
-0.24827541,-0.849393,-0.34862506
0.27238134,0.92705005,0.3344548
0.5559063,0.7716666,0.753499
-0.9972312,0.9781421,-0.9456208
0.31262997,0.4651122,0.54468256
-0.8697394,0.4658181,-1.3734103
-0.6920854,-0.022035277,-1.2888536
0.678125,0.84690684,0.8191769
-0.7348161,0.1793001,-1.3274161
0.7473224,0.77693224,0.95678455
-0.08279232,0.04111964,-0.14214067
0.6417506,-0.9127917,0.7338769
0.22564976,0.860578,0.31595376
0.10140357,-0.5696677,0.162109
0.70009804,-0.14149602,1.2809653
-0.35288915,-0.58356905,-0.56899554
-0.8954882,0.022722522,-1.5497041
-0.021672353,-0.5554783,-0.052953262
-0.2370626,-0.41411206,-0.43483084
-0.194166,0.62002844,-0.30639115
-0.9288034,0.32597682,-1.5087948
0.33706316,-0.53457624,0.5669391
-0.8404149,0.38425815,-1.3796678
-0.10753375,0.584339,-0.1886151
0.13011369,-0.16741352,0.26176283
-0.33528924,0.058388017,-0.66335833
-0.40163368,0.5580224,-0.6578816
0.11198336,-0.44646406,0.20964715
-0.24532293,0.24223115,-0.47539863
0.08901393,-0.94742906,0.10271957
-0.98375833,-0.9042898,-1.0446787
-0.09864461,-0.5018757,-0.17809485
0.7554578,-0.17722858,1.3433487
-0.87751526,-0.94471586,-0.91156137
0.33025068,0.3304938,0.60720736
-0.66239,-0.34811503,-1.14019
-0.12012629,-0.45473585,-0.21739712
-0.38261357,-0.5469372,-0.64036363
0.5369648,0.5728883,0.86813325
0.8355414,0.9598238,0.85077536
0.67331594,-0.14814186,1.2335389
-0.686426,-0.9301414,-0.7527872
-0.4286448,-0.8488169,-0.53872
-0.79702896,-0.4031473,-1.3047715
-0.28481933,-0.5805001,-0.45854035
0.07477958,-0.87472755,0.07509761
-0.8703395,0.55625474,-1.2892976
-0.39343095,0.8156195,-0.5187724
0.799264,-0.16112246,1.4091207
-0.16211024,0.1841866,-0.31999496
-0.48130018,-0.98229176,-0.5076237
-0.8238518,-0.24130353,-1.4219526
0.017159335,0.92531574,0.0076003787
0.528878,-0.6935896,0.77539325
0.58681804,-0.068097495,1.1201435
0.17000702,0.030611318,0.3463826
0.41304538,-0.08173687,0.8080648
-0.62538755,0.21969794,-1.138707
-0.29626533,0.024107764,-0.5873313
0.05101035,0.30779517,0.09249433
-0.16993591,0.21596007,-0.34386897
-0.45858362,-0.3564483,-0.81989783
-0.3988796,-0.3553699,-0.73494303
-0.5168802,0.25599575,-0.9424209
0.7616094,0.97385025,0.7520402
0.33355355,-0.12587874,0.6368171
0.67772573,-0.21416637,1.2296606
-0.76583785,0.14667584,-1.3899558
-0.36379284,-0.58917856,-0.59779316
0.3057246,-0.06469679,0.61164486
0.082294285,0.7490029,0.11653395
-0.09665121,-0.7856209,-0.13095814
0.8503465,0.025393937,1.4850031
0.62930006,-0.47341126,1.0464288
0.07207955,0.56124914,0.13361539
-0.73086274,0.32160947,-1.2477046
0.25814855,0.14229661,0.50577223
-0.9986543,0.6384865,-1.3531381
0.6961694,0.0017215932,1.2957494
0.4686571,0.082589485,0.92552906
-0.5545957,-0.7305117,-0.81513935
-0.25596043,0.18157548,-0.4896126
0.28400645,-0.024679527,0.5594186
0.27340013,-0.8663728,0.35813358
-0.27460563,-0.73997724,-0.3857063
0.5380394,-0.114637576,1.0256728
0.49937,-0.27215302,0.9268524
-0.1824601,-0.7745241,-0.259378
-0.95746356,-0.029914472,-1.6380035
-0.95589405,-0.36840773,-1.5179677
0.36189294,0.17705548,0.69952077
-0.17733227,-0.43888098,-0.31799674
0.77463406,-0.6866591,1.104438
-0.6204029,0.725666,-0.87232417
-0.8834553,-0.8029201,-1.0487627
-0.19940871,-0.38101545,-0.37094045
-0.21819922,-0.45320374,-0.38928166
-0.96644104,-0.40078747,-1.5090821
-0.12153506,0.09252815,-0.24338272
0.3656602,0.45861313,0.646835
0.9292866,-0.09052355,1.5933025
-0.579954,0.35548052,-1.0184345
-0.8296353,-0.11161511,-1.4737803
0.865412,0.85189295,1.0023185
-0.71476156,0.35696307,-1.2195308
0.60074055,0.8440308,0.7515253
0.19152543,0.2751274,0.361697
-0.96760803,-0.74462533,-1.2084638
-0.7347709,-0.033381857,-1.3482156
0.76349723,-0.48984835,1.2231055
-0.07193956,0.32837248,-0.12458329
0.5885951,0.57887954,0.9562642
-0.7694407,0.90613,-0.8725856
0.49827096,0.8749549,0.61591417
-0.8516371,-0.7477694,-1.1132907
0.8338062,-0.16679706,1.4538466
0.29372966,0.4937749,0.51819944
-0.41900676,-0.9983099,-0.44948235
0.95055854,0.9047479,0.9984156
0.7054808,-0.41003343,1.1928991
-0.7853633,0.14567591,-1.4012487
-0.6532305,-0.14387421,-1.2062639
-0.12763996,-0.39081028,-0.23808041
0.6095115,0.34152737,1.0807952
-0.6337347,-0.94120866,-0.70771873
-0.7754574,-0.6784962,-1.0910697
-0.52347946,0.6780867,-0.7776794
0.8081446,-0.9401773,0.8593882
0.24829745,0.02879075,0.4980407
-0.9818192,0.78586787,-1.1658045
0.018346868,0.5629954,0.0202826
-0.8209513,0.08753528,-1.4448885
0.35538343,0.98341066,0.38899937
-0.10498677,-0.7812992,-0.15784408
0.7962677,0.07932167,1.4224104
0.81576467,0.46405452,1.295151
0.32730085,0.7352766,0.47997886
0.6657325,-0.48268303,1.0946229
-0.60886437,0.8308549,-0.7682697
0.6443508,0.22477232,1.1750696
0.38576868,-0.19126579,0.73516405
-0.75101453,-0.37647057,-1.2667294
-0.6284664,-0.9862956,-0.64279544
0.61123204,0.25448585,1.0958513
0.4235401,-0.6649762,0.6366966
0.3080344,-0.8580879,0.4111094
-0.22782356,0.34888154,-0.42128414
0.5110064,-0.70845276,0.74192053
-0.32289836,0.997356,-0.33812484
0.3262683,0.06048682,0.6361631
0.6241156,-0.39537406,1.0800674
0.030831732,0.3669328,0.07420281
-0.90108633,-0.32928172,-1.4915239
-0.55820644,-0.6623386,-0.83846474
0.087191395,0.1905222,0.15410288
0.8056423,0.81729484,0.9781435
0.28220803,-0.8633464,0.36830446
-0.9953241,-0.00052315777,-1.677126
-0.0008462578,0.7737287,-0.0030793056
0.43343326,-0.17691025,0.81253606
-0.33974817,-0.90810627,-0.40453082
0.84941643,0.5018151,1.3221521
-0.21514912,-0.8643251,-0.28460547
0.8907966,0.9071856,0.96834385
-0.7712412,0.814163,-0.95711714
0.37314072,0.48178634,0.6405077
-0.13003537,-0.15874092,-0.2562917
-0.3020935,-0.1571914,-0.5877254
0.15531562,-0.62109876,0.24218246
0.22647834,-0.6479134,0.37792078
-0.61975545,0.1051234,-1.161106
-0.595888,0.34128258,-1.0661559
0.18844284,0.7939125,0.2745411
0.89328325,-0.97548944,0.8721162
-0.22015584,0.9205545,-0.26728687
-0.6579973,0.48125878,-1.0920273
0.561414,0.1620449,1.0639256
0.020413136,-0.99123406,0.033513147
0.56863153,0.93009204,0.64470035
0.5119243,-0.21149348,0.97847706
-0.15627675,-0.45900735,-0.28736663
0.19601788,0.28009868,0.36789748
-0.67808956,0.015899967,-1.2617329
-0.10961162,0.7086229,-0.16018002
0.49299055,0.19257194,0.9276333
0.1297848,0.5247724,0.2112074
0.7821868,-0.17145316,1.3781826
-0.37749425,-0.21502778,-0.7322417
0.23449382,0.6124449,0.38763976
-0.2740894,-0.5100523,-0.4619931
0.46641126,-0.4394262,0.8205391
0.43340284,0.07185832,0.8336905
0.108965985,0.10534563,0.20969144
0.31581816,0.46125695,0.56376135
0.3576216,-0.9787174,0.38734192
0.34247896,0.74102485,0.48590806
0.32356545,0.5344694,0.5643339
-0.26469567,0.92564386,-0.3031662
0.36647558,-0.5510154,0.6077714
-0.49050486,-0.5691925,-0.7823552
-0.073818624,-0.6139532,-0.13494754
0.48890927,-0.9803268,0.52438
-0.46747202,-0.864224,-0.56780696
-0.3272299,-0.98273975,-0.3664989
0.23137002,-0.29089636,0.4362575
-0.2689373,-0.11200237,-0.5240436
0.70256597,-0.6277134,1.0515133
0.7995496,0.802763,0.98961824
0.3859414,0.8862096,0.48652104
-0.8715714,-0.17441466,-1.504443
-0.83682257,-0.9836106,-0.84397066
0.9488759,-0.5676087,1.3934495
-0.7216545,-0.7787518,-0.93807155
0.20211296,0.06343098,0.40247127
-0.8463929,0.120571144,-1.4977002
-0.33721045,0.41132966,-0.6056769
-0.9498667,-0.46152368,-1.4294109
0.09508154,-0.10380051,0.18244648
-0.25776523,0.9826592,-0.26792443
0.5147421,0.09583744,0.99236315
-0.071366034,-0.9861533,-0.07376816
0.57766795,-0.873502,0.7050315
0.41924185,0.7106523,0.6095746
-0.41647455,-0.47563216,-0.7320872
0.76629907,0.3368392,1.3250525
-0.18451883,-0.6993939,-0.28551754
-0.5033254,-0.29728988,-0.9233482
-0.86294425,0.05868839,-1.5212617
0.53560674,0.3613626,0.958021
0.82596165,-0.6737844,1.1565366
0.42938742,0.57779557,0.70796984
0.19770503,-0.38105586,0.38399932
0.3432928,0.31355682,0.654339
0.06039325,-0.7465082,0.09503134
0.5424954,0.04748471,1.0167598
-0.25107005,0.35032123,-0.46540764
0.86048675,0.67374164,1.1794058
-0.7344966,-0.03231013,-1.3466212
-0.6238587,-0.28535455,-1.127918
-0.7932963,0.18991032,-1.3979895
-0.29382148,0.18108957,-0.57715476
0.68588775,0.5237459,1.0984144
-0.14759786,-0.63714564,-0.24349765
0.062277988,-0.10520892,0.13516895
0.8673137,0.94254565,0.88632244
0.8516129,-0.79141825,1.0668092
0.53954476,-0.43238053,0.93000203
0.5728207,0.14792255,1.0821048
-0.7369249,0.5945666,-1.0858234
0.027573794,-0.25975686,0.054840695
-0.6341046,-0.55796903,-1.010943
0.29675478,0.5494117,0.50714487
-0.028126631,-0.7988965,-0.051456742
0.7874309,0.01463239,1.421703
-0.9443607,-0.6060211,-1.3439054
-0.16066061,0.63814056,-0.24551816
0.24468687,-0.8839281,0.30074063
0.37807354,-0.5932672,0.6042682
-0.19004089,-0.9054382,-0.23401968
0.98251957,0.3983686,1.5278834
-0.3663351,-0.3333801,-0.6900683
0.64489347,0.14998114,1.1950543
0.26676655,-0.14349401,0.5279618
0.3294304,0.8101825,0.4515574
0.90587485,-0.7780952,1.1424966
-0.89992595,-0.06288502,-1.5565356
0.08451148,0.82297856,0.11577166
-0.5503293,-0.27614555,-1.0116277
0.03995653,0.060576465,0.08364841
-0.9737352,0.1308437,-1.6433741
0.37992665,-0.031667456,0.74239993
-0.66031295,0.031771913,-1.2384251
-0.20073925,-0.43542916,-0.35190254
-0.8586247,0.45643994,-1.3590406
-0.39490947,0.087172486,-0.7655756
0.20334888,-0.50126535,0.3566313
-0.22011054,0.14923804,-0.417632
-0.87818944,0.90676665,-0.95326406
0.5628494,-0.5948239,0.89747196
-0.78279865,-0.5578651,-1.1926305
0.53781927,-0.8252417,0.6898062
-0.3721537,0.75833076,-0.5233209
0.35224128,0.82375276,0.4803958
0.95081896,-0.6614572,1.2772229
0.6299388,0.6015332,0.9669439
-0.90371114,-0.4163708,-1.4357337
-0.49567,0.8689598,-0.59637797
0.33955455,-0.50813204,0.5820776
-0.68947893,-0.2598577,-1.2054307
0.91383076,-0.2871466,1.5136889
0.8882941,0.47295228,1.3783103
0.003396658,-0.6036928,0.010198595
-0.7280136,0.23784855,-1.2864509
-0.57849425,-0.70019823,-0.82169014
-0.6291179,0.8244708,-0.7989078
-0.64490217,0.44894588,-1.0959957
-0.2154458,-0.9156807,-0.25532943
0.47348854,0.90325516,0.58351684
0.6194089,-0.84885216,0.7787033
0.774194,-0.010512642,1.4109449
0.54749155,0.7800202,0.7573401
0.15372841,-0.45894954,0.2748757
-0.0048539992,-0.051295295,-0.01668829
-0.80478704,0.7058898,-1.0911359
0.12611365,-0.54064316,0.21343324
-0.33877406,-0.80651367,-0.47549087
0.70950836,0.35354814,1.2301096
0.0061249672,-0.27636266,0.027155643
-0.60633814,0.6445253,-0.89357334
-0.22929144,0.008715689,-0.4586709
-0.7404087,0.19533108,-1.3206313
-0.98596954,0.07214447,-1.6667882
0.6749949,-0.7147857,0.9266801
-0.6275143,0.11776189,-1.1631585
0.48571002,-0.84634036,0.62700856
0.095060885,-0.911699,0.11080246
-0.16104157,-0.10982282,-0.31853807
-0.07415097,-0.9630658,-0.081187695
-0.8523008,0.66119987,-1.1804537
0.94968426,-0.47254467,1.4386092
0.32240868,-0.87979704,0.40340635
-0.14153586,-0.35362342,-0.26902255
0.2571895,0.5321837,0.4420968
-0.63280773,0.36708903,-1.1186308
0.86397326,0.56702197,1.2883403
0.5876841,-0.65561694,0.87187105
0.70551926,-0.7924097,0.9116405
0.11917597,-0.4153501,0.22497956
0.08892314,0.9790203,0.06865462
0.6611015,-0.93703556,0.7145977
0.7108304,0.6514388,1.044505
0.33056155,-0.70025843,0.51173955
0.1811033,0.2171227,0.34331062
-0.9576793,-0.517458,-1.4100527
-0.23442854,0.6704948,-0.34528837
-0.387454,-0.028649943,-0.76787376
0.030239327,-0.08546603,0.0665867
-0.6313723,-0.8558429,-0.7542291
-0.7992264,0.050303195,-1.4524235
-0.81770134,0.16858535,-1.4309454
0.441971,-0.13214323,0.8347567
-0.8838416,-0.6941627,-1.1832777
-0.5725317,-0.8145825,-0.7367039
-0.80116785,0.33839712,-1.3596207
-0.9973223,0.47574985,-1.505397
-0.868076,-0.598639,-1.2594831
-0.97029144,0.3667171,-1.5443591
0.956535,0.22840275,1.6021863
0.8704205,-0.60890615,1.2659765
-0.6657408,-0.15913047,-1.2073041
-0.34711105,0.7233487,-0.5246723
0.96320593,-0.92319,1.0031086
-0.75576925,0.06645856,-1.3648698
-0.28200364,-0.4553141,-0.4857549
-0.014964642,0.9558876,-0.017742425
0.81914985,-0.021490468,1.4759747
0.44832507,-0.503585,0.75757706
0.93170196,-0.9622824,0.92407745
0.22280899,0.23478658,0.43276188
-0.56644213,-0.68139035,-0.8384545
-0.75025123,-0.7483385,-0.99576503
0.14283724,0.5888495,0.23235464
0.7282893,0.68262845,1.0147626
0.7884785,0.604173,1.170342
0.895055,0.6618501,1.2240099
-0.12083545,-0.7316521,-0.18584682
-0.6795598,0.061642613,-1.2465594
0.16071172,0.4034399,0.2863365
0.16780734,-0.06299048,0.33078763
0.7706334,-0.60030466,1.1616529
-0.97325695,0.61019325,-1.3550596
0.39724767,-0.06043902,0.7677443
-0.76667804,0.42260382,-1.267506
0.035807572,-0.14614014,0.07172472
-0.32146335,0.58204436,-0.5222692
0.99392223,0.45249066,1.5055958
0.6681619,-0.85141444,0.8109204
0.13716435,0.45630118,0.22814831
-0.47250682,-0.5667608,-0.7700138
-0.4708272,-0.24804,-0.8848953
-0.43343258,0.2865331,-0.8121285
0.8359198,0.66891444,1.1463298
0.11089262,-0.9908126,0.12422516
-0.69553596,-0.11857287,-1.2629997
-0.1990327,0.55120945,-0.3388918
-0.6205756,-0.026502661,-1.1581818
-0.870534,-0.32812232,-1.431834
0.14978972,0.37860644,0.27951682
0.18854626,0.3137153,0.37510654
0.7135261,-0.10392785,1.2958874
-0.67952365,-0.6174675,-1.0207552
0.49237582,0.9723101,0.5221702
-0.38798612,0.54767686,-0.64026237
-0.5265863,-0.0432299,-1.0060679
0.891954,0.14774506,1.5569003
-0.15131427,-0.3735522,-0.27637404
0.78082055,-0.20784512,1.3783199
0.9324113,0.32840893,1.530081
0.469437,-0.28390786,0.85832524
0.8463204,-0.8258409,1.0215248
-0.008718823,-0.17609592,-0.041520733
-0.6228483,0.15846127,-1.1602225
0.671966,0.4347371,1.1211182
-0.48818487,0.83158267,-0.6348746
0.4695687,0.39740595,0.82488346
0.32032734,0.38744098,0.5661416
0.12728104,0.17105652,0.24435776
0.32160732,0.28410244,0.60574466
0.8112294,-0.63507855,1.1618365
-0.06527602,0.005708277,-0.115194924
0.6173705,0.72473586,0.86793756
0.5875451,0.08164865,1.0966862
0.8986212,-0.18563895,1.5290929
-0.9399836,-0.42349583,-1.461387
0.1251703,0.4473855,0.22558369
0.28280494,-0.0070384094,0.5655741
0.6169264,0.41729975,1.0775707
0.53565305,0.09356135,1.001091
-0.55697167,0.5579986,-0.90215385
-0.23388925,0.25661352,-0.43846205
-0.26204807,0.7879526,-0.35707352
0.86725354,0.84091187,1.0084127
-0.62295914,0.79893935,-0.8065085
-0.4188881,-0.63950545,-0.6526621
-0.45112175,0.8488796,-0.5752965
0.32816193,-0.5790973,0.5590423
0.47383487,0.7883527,0.63697684
0.46600586,-0.36402363,0.85246843
-0.8102567,-0.932168,-0.8744136
-0.3854611,-0.30905083,-0.7250133
-0.5214998,0.79228586,-0.69930124
0.3617989,-0.9655215,0.4200022
0.7979665,-0.030287312,1.4402009
-0.14344655,-0.29627767,-0.28704515
-0.71582896,-0.1117787,-1.3024185
0.18307844,-0.7268135,0.26105055
-0.6678254,0.9884184,-0.67961323
-0.5261952,0.73952687,-0.732019
0.44786438,-0.7525248,0.6152875
0.14208397,-0.55355644,0.24349652
-0.472356,-0.6520789,-0.7129212
0.39719352,0.9621813,0.4345353
0.27166966,0.74132353,0.39974716
-0.13140404,0.3606382,-0.24524769
0.8225054,-0.8628307,0.954546
0.38548344,-0.45746332,0.675223
-0.38747275,0.2121671,-0.74871016
-0.1282081,-0.023765193,-0.261869
0.99167407,0.5997373,1.3659656
0.8562041,0.264939,1.4529881
0.5771654,-0.19545773,1.0637083
0.59123564,0.5957606,0.911582
0.9716307,0.5366324,1.4167786
0.9157816,-0.97579396,0.87871605
-0.22136211,0.15137799,-0.4360578
-0.830358,0.9326872,-0.8863625
-0.5266472,-0.09895401,-0.99462277
-0.6573502,-0.12724836,-1.219978
-0.89484733,0.77559555,-1.121665
0.3318451,-0.25332963,0.6183962
-0.26626077,-0.7855888,-0.38371208
0.84636205,0.63436604,1.1904331
0.43941116,-0.1822715,0.8565361
-0.7241452,0.6059481,-1.096303
-0.6664632,0.7204266,-0.9354128
-0.4795178,-0.63037187,-0.7393257
0.7899917,-0.8217974,0.9650695
-0.18657342,0.24049751,-0.35596472
-0.12175613,0.035359323,-0.25568718
0.44185174,0.9280455,0.5239322
-0.8162468,-0.46220273,-1.3041455
-0.95688885,0.5909906,-1.3521317
-0.6762924,0.7283587,-0.9298824
0.5135286,-0.90214914,0.5992371
-0.6306731,-0.13859804,-1.1743342
0.14035363,0.60498714,0.23168512
0.2682277,0.5045268,0.47243023
-0.5889749,0.502402,-0.9687224
0.24485953,-0.5741826,0.40681788
-0.5069687,0.51126915,-0.85096467
0.9127064,0.21584265,1.5605645
0.221931,0.36092675,0.40431497
-0.8620909,0.9345142,-0.9050791
0.30228025,-0.27193502,0.57376915
-0.20820422,0.9625948,-0.2476207
-0.99934036,-0.15775685,-1.6638956
0.4528154,-0.6217418,0.70761925
0.26100495,0.9680625,0.2835257
-0.57154953,0.43184566,-0.98330855
-0.8014521,-0.2794619,-1.3681909
-0.111433975,-0.92990524,-0.1252193
0.7498215,-0.077470504,1.3672531
-0.45552298,0.6561133,-0.7154954
-0.81149477,0.7853077,-1.0317291
0.53620404,-0.81046975,0.70369613
-0.46504894,0.43316504,-0.80960566
-0.73610425,-0.9427165,-0.77944756
-0.7868741,0.5259208,-1.2180578
-0.072646685,0.69633776,-0.0999864
0.67046475,0.43036062,1.1174397
-0.690919,-0.65257025,-1.0139896
-0.11891224,0.8110006,-0.16245663
-0.41106096,0.11538588,-0.79403985
-0.35567328,-0.72478515,-0.51999724
0.35453337,0.21765375,0.6795004
0.98345006,-0.25878862,1.5882412
-0.9936229,-0.054287158,-1.6721063
0.61576694,-0.73076314,0.8700751
-0.96852976,0.69479525,-1.2703241
-0.44088295,0.7524354,-0.6158308
0.19371794,-0.8488015,0.24773027
-0.7866193,-0.4010014,-1.310904
-0.4045478,-0.017503655,-0.7870688
0.9328168,-0.8370165,1.0909501
-0.8000503,0.9055701,-0.8742109
0.4540055,-0.020554561,0.87000245
0.14367959,0.83488744,0.18190922
-0.5890025,0.5541977,-0.944757
-0.018695975,-0.1719317,-0.04905493
0.7018205,-0.8332464,0.8691534
0.86146224,-0.3951704,1.3927662
0.025681898,-0.16288713,0.07232463
0.010134248,0.12777245,0.009659834
0.0529837,0.3522191,0.09279685
0.8852568,0.9742607,0.8593182
-0.9462541,-0.53724116,-1.3860044
-0.8658264,-0.71172,-1.1550776
-0.3417459,-0.8376657,-0.4393695
0.52009785,0.25270128,0.963928
-0.81272906,0.8068257,-1.012239
0.9708388,0.5261155,1.4340699
0.7746454,-0.9836976,0.78110635
-0.36309907,0.5640824,-0.59542155
0.7131939,0.8459606,0.86177194
-0.40107822,0.43415412,-0.7154609
0.8332,-0.8695471,0.9446601
0.42653674,0.58000267,0.69709027
-0.32973057,0.7778803,-0.46185473
-0.22591697,-0.404907,-0.4015281
-0.21065116,-0.08415023,-0.41701213
0.6626096,-0.46386093,1.1061364
-0.6755907,-0.46064737,-1.1159128
0.09799368,0.95513207,0.11297589
-0.9477851,0.8174594,-1.1179719
-0.42065266,-0.038974583,-0.8283304
-0.24424657,0.80295926,-0.33304638
0.5139397,-0.37560424,0.92277217
-0.2228056,0.5316102,-0.3862787
0.48778632,0.5545155,0.8230324
0.5499087,0.27482718,1.0000322
-0.24752986,-0.19062954,-0.47384062
-0.1295236,-0.025637848,-0.26533523
-0.5271859,0.0052675838,-1.0082545
-0.06941918,-0.3816165,-0.12290634
-0.30667293,0.2662527,-0.5931642
-0.8920338,0.59897,-1.282905
0.31890002,-0.00827684,0.6111324
-0.73384994,0.28391814,-1.2775272
-0.6459669,-0.99054134,-0.65672845
0.4167388,0.63402236,0.6220069
0.085011765,-0.7511122,0.10882999
0.32111236,-0.3975099,0.6058456
0.82978636,0.066742636,1.4558009
0.7361536,-0.55574137,1.1351973
0.37876657,0.7524081,0.54566157
0.8014114,0.6246334,1.1557086
-0.774427,-0.013765599,-1.4026507
-0.29273856,-0.4469211,-0.5141347
0.11294559,-0.15164289,0.21535833
-0.76232827,0.14407441,-1.357171
-0.3382842,-0.00967589,-0.66208637
0.7484769,0.7776452,0.9695608
0.36709207,-0.6435868,0.5825791
-0.15342641,0.48914522,-0.2641881
0.2947014,0.95937836,0.34173587
0.107177384,0.60293025,0.16280384
-0.5734779,0.1457521,-1.0633774
0.6818455,0.022735411,1.2623769
0.7423629,-0.5302878,1.1605852
-0.8488095,-0.1579264,-1.4834851
-0.30375218,0.10702551,-0.58826244
0.5456731,0.6155283,0.8526992
-0.6444011,0.09256545,-1.2061917
-0.99094844,0.11263417,-1.6588192
-0.49832278,0.4460502,-0.8697915
0.103117034,-0.23480476,0.19224918
-0.86421376,0.32633302,-1.4397031
0.7884666,0.3170898,1.3657224
0.8874226,-0.5733374,1.312281
-0.587227,0.059146747,-1.116884
0.40067238,-0.3584011,0.744333
0.8981112,-0.09055505,1.5689522
-0.5729094,-0.2942919,-1.0610272
0.68684876,0.91127986,0.7852323
-0.8482141,-0.5092682,-1.327782
-0.12248433,0.23295903,-0.2380868
-0.32040903,-0.085305765,-0.6342832
0.6149219,0.2778788,1.1060655
0.09473677,0.31168565,0.178635
-0.9403233,0.5821176,-1.3472757
0.9540974,0.4031705,1.5058604
-0.13569793,0.9715181,-0.14896676
0.30129266,0.2518601,0.5724785
-0.9875717,0.7571075,-1.2212212
-0.3143545,-0.7111822,-0.46964186
0.64088994,-0.278375,1.1430856
-0.7330578,0.41019312,-1.2273531
-0.58120626,-0.029863397,-1.1048049
-0.61157274,0.4105752,-1.0492699
0.37280276,0.49778163,0.65845186
-0.84683484,-0.47926903,-1.3182108
-0.22619554,-0.7743222,-0.31443772
0.4872704,0.9521519,0.51378375
0.2101765,-0.2641946,0.40176418
-0.020184476,0.63217896,-0.048795804
-0.6309398,0.64113337,-0.9413152
-0.6969873,0.89157027,-0.80987924
-0.67531824,0.5212491,-1.0820004
0.20550634,-0.32445806,0.38790798
-0.8379891,0.42780852,-1.3608538
0.06034165,0.9945458,0.060406342
0.04860127,-0.96231323,0.050635904
-0.8554828,-0.10579633,-1.5079919
0.2695723,0.74654305,0.4117862
0.7863219,-0.75832367,1.0247593
0.54359096,-0.756632,0.7351758
0.2575869,0.23221587,0.49432912
0.18235056,0.27803,0.34589586
-0.76227206,-0.3093294,-1.3140256
-0.07216204,-0.89884675,-0.082902566
-0.93014127,0.6603311,-1.261819
-0.46247274,0.09476716,-0.8949332
-0.3219375,0.24154282,-0.6157877
-0.45243436,0.38001463,-0.8233369
0.761406,-0.35750666,1.2775809
-0.39397445,-0.6724472,-0.6215582
-0.5025031,0.9469597,-0.54462516
-0.1470762,0.55712944,-0.25088432
0.3318642,0.87381953,0.4196681
0.7689872,-0.065414675,1.3887011
-0.4952864,0.52562386,-0.82505226
-0.36981025,0.59479666,-0.5795711
-0.27600932,0.19511054,-0.5373124
-0.40579957,-0.57627016,-0.6672277
-0.61918575,-0.87637746,-0.73797333
-0.325056,0.2426561,-0.6079239
-0.5373839,-0.5733111,-0.864762
-0.034330864,0.1432011,-0.07089627
-0.8579189,0.42292336,-1.3802754
-0.9295948,-0.78774023,-1.1467603
-0.998759,-0.8689542,-1.0936446
-0.5370655,-0.24960774,-0.99640954
0.23300397,0.9526622,0.26834658
0.057802457,0.61867255,0.08989659
-0.03230911,0.5772803,-0.06994038
0.3666792,0.17840555,0.7061354
-0.12180418,0.7737419,-0.17399885
-0.67714447,0.12240509,-1.2355523
0.80211455,-0.75532866,1.0385224
-0.30187243,-0.6802823,-0.44754907
-0.059936933,0.39084566,-0.10335444
-0.98482287,0.11648507,-1.6494954
0.6894822,-0.13529822,1.2510642
-0.51696754,0.02695324,-0.9955916
0.31256562,0.8843056,0.37511542
0.8415249,-0.55194527,1.2685267
-0.7123942,0.9113041,-0.80431783
0.008922783,-0.96695554,0.007979672
-0.75790286,0.7484021,-1.0098555
0.59714437,-0.73892015,0.8253054
-0.39672628,0.248707,-0.7507073
0.22325078,0.42094043,0.4084782
-0.9848974,0.8461886,-1.109206
-0.88818216,0.19647448,-1.5249246
-0.8935739,-0.29566222,-1.4943119
-0.38988876,0.5268996,-0.6682006
0.52211404,0.21502697,0.97189146
0.08993007,-0.14593148,0.18605769
-0.14177004,0.5572477,-0.22130677
0.7480555,0.11310687,1.3742558
0.4111229,-0.7293771,0.5955767
0.8528102,0.73808587,1.1155221
-0.3464342,0.6349561,-0.5418272
0.951919,-0.86824524,1.0421196
0.004920894,-0.9943346,0.0063469294
0.56039155,0.014918734,1.0731514
0.73292804,0.80152357,0.9146921
0.75542533,-0.6956355,1.0693315
0.75270337,-0.6778446,1.0633473
-0.7046527,0.8136903,-0.8855366
0.6163285,0.76575595,0.8353441
0.88166034,-0.031020654,1.5497237
0.14935938,0.9752071,0.18375026
0.810168,0.23126069,1.4264678
-0.8710331,0.38423917,-1.4249253
0.8901231,0.6161549,1.2733963
0.4034717,-0.8797457,0.49635145
0.2815145,-0.6337515,0.45494112
0.6245851,-0.9084236,0.71959007
-0.8609548,-0.9673927,-0.8557646
-0.9918176,-0.87626886,-1.0580847
-0.6501148,-0.7617343,-0.8806027
-0.015043035,0.20460698,-0.027037095
0.49956405,-0.7078605,0.7263671
-0.975695,0.6865971,-1.2820096
-0.44161397,-0.96703213,-0.5051087
-0.9615634,-0.03670064,-1.6651174
0.42391363,0.60950243,0.67549956
-0.40038803,-0.32093403,-0.7398438
-0.021318477,-0.5777161,-0.02626511
-0.3873061,0.13333152,-0.751693
0.34323865,0.72358745,0.5310017
0.9394678,0.33305162,1.5294037
0.6095508,0.8191219,0.7724363
0.7273879,-0.4483358,1.2032286
0.10878655,0.56312394,0.17129831
-0.0641475,0.059987772,-0.13148598
-0.1659776,-0.047950495,-0.3492951
-0.18025377,0.50246847,-0.32971784
0.8922972,-0.06578238,1.5637074
0.8476893,0.8406808,1.0101798
-0.22600643,-0.48642376,-0.3949752
-0.9722038,-0.21062455,-1.6243534
-0.64685214,-0.32608244,-1.1378607
-0.07250255,0.4471818,-0.1277891
-0.40216357,0.8051455,-0.5425645
-0.6868335,0.077884935,-1.2990696
0.057788976,-0.12648728,0.10553904
0.023321165,0.78140867,0.029186718
-0.086413205,-0.114721306,-0.16974156
0.3627901,0.21362896,0.7043578
0.485135,-0.7733023,0.6741148
0.45992228,0.5653194,0.7391646
0.9069581,0.32019436,1.5040555
0.3492547,0.18989527,0.6834401
0.5680771,0.23258339,1.0469217
-0.31421536,0.05725871,-0.6131607
-0.02061971,0.13848291,-0.041714083
0.27480045,-0.5137155,0.4669549
0.21488586,0.49159682,0.38050818
-0.556742,0.34295014,-0.993295
-0.19141175,-0.84337425,-0.25661737
0.6948994,-0.23368837,1.2439784
0.012917431,-0.99149734,0.024376258
-0.6617454,-0.7042969,-0.93900067
-0.5707676,-0.24241251,-1.0468237
0.15630503,-0.27926165,0.31575745
0.07051514,0.76605767,0.08119892
-0.3201402,0.9059668,-0.39485446
0.091805875,0.019690884,0.19255419
0.0023539925,-0.047531478,0.0060229995
0.3161881,0.4619114,0.5468762
0.25173697,0.61134905,0.4110976
-0.64801544,-0.73004365,-0.87959397
0.78850704,-0.22477566,1.3883469
-0.4346866,-0.44121975,-0.7645983
-0.2037757,-0.29992735,-0.37934488
0.36956835,0.7768629,0.5325717
-0.43598795,-0.5398418,-0.7402662
0.008296519,0.34421933,0.02348711
0.94941956,-0.8853217,1.0330845
-0.8609489,-0.92882186,-0.89447606
-0.91000533,-0.16493307,-1.5384629
-0.3101291,-0.6396369,-0.49570626
0.91135234,0.30799425,1.5002633
-0.020924564,-0.72486246,-0.031981234
-0.3299491,-0.9135195,-0.40040356
-0.65607446,-0.42840108,-1.119083
0.080734305,-0.59149015,0.124902435
-0.9258537,0.40824077,-1.4780638
-0.2977455,-0.7013793,-0.46034938
0.61750215,0.88794374,0.7256333
0.56605315,-0.34106255,1.0159742
0.8842798,-0.046392918,1.5321649
0.75288844,0.576003,1.1399231
-0.48755914,0.44327497,-0.8618782
-0.4042775,-0.7729404,-0.55570483
-0.091683835,0.629315,-0.15804276
0.6766124,0.015443085,1.251758
0.99861526,0.34441894,1.5777414
0.4800787,0.02881101,0.92650557
-0.47846782,-0.19971928,-0.90513843
-0.94363433,-0.8303713,-1.1069448
0.29335278,-0.8714952,0.37921205
-0.32090935,0.029669793,-0.6297481
0.85793704,-0.17750047,1.4963137
-0.073210485,0.10334479,-0.16092615
-0.61742747,-0.10163837,-1.1493411
-0.8460882,-0.73674756,-1.1183457
0.7434862,0.8847059,0.86791366
-0.87060547,-0.19590402,-1.4933302
0.76286966,-0.15030646,1.3870264
-0.19256607,0.5154128,-0.32419854
-0.300405,0.13149993,-0.58931875
-0.9535578,0.58260804,-1.3613797
-0.47325358,-0.26143935,-0.8718211
0.18443727,0.18278117,0.35577047
-0.073075406,-0.8853097,-0.09461484
0.42331576,-0.6856716,0.6400125
-0.98167586,0.75068784,-1.2171398
-0.59637904,-0.31217512,-1.0695785
-0.66185546,-0.7582303,-0.8868133
0.16255583,-0.82879233,0.22403182
0.34349942,-0.52240354,0.5961842
-0.90365535,-0.549431,-1.3342854
-0.02664337,-0.23773599,-0.051847305
-0.8218509,0.5025047,-1.2614014
0.6337462,0.20140292,1.1613008
-0.83549166,0.43382746,-1.3490487
-0.9608456,0.48551244,-1.4384092
0.89147145,0.34727004,1.4679601
0.1312217,0.5792877,0.22026356
-0.6241919,-0.39936924,-1.0774164
0.16966979,-0.29538712,0.3304906
-0.58679014,0.75485617,-0.80107754
0.9922751,0.8419996,1.1097381
0.073984295,0.60276926,0.123365946
-0.3413354,0.7045576,-0.49761167
-0.3245765,0.5783342,-0.53141403
-0.13307133,0.57225364,-0.21342522
-0.9495932,0.3868563,-1.5063976
0.006167252,0.033769276,0.008042624
-0.44123936,-0.14611994,-0.8392856
0.5558765,-0.12686187,1.0430181
0.41024855,0.06725479,0.7957266
-0.69595164,0.9322219,-0.76013064
0.24987803,0.25021952,0.5023997
-0.87756133,0.53238744,-1.3191662
-0.2656989,-0.23822813,-0.49734202
0.3601928,0.7780892,0.5075888
-0.1964235,0.0648602,-0.37158176
0.6585978,0.8455526,0.81391984
0.41581598,-0.8235701,0.5626854
-0.6475038,0.7393905,-0.8913027
0.056015708,-0.39931038,0.10451428
-0.6722738,0.11858238,-1.2455639
0.046441153,0.8346489,0.05570285
0.44959858,-0.26126647,0.8436465
0.7564549,-0.79574454,0.9625907
0.002960578,0.50006217,0.002527866
0.53968316,-0.2459526,0.9862957
0.8289014,-0.7451,1.0837013
-0.91340065,-0.83968025,-1.0685214
0.5468564,-0.4652803,0.9308002
0.4506854,-0.9569857,0.5030691
0.031725515,-0.67036337,0.03803331
-0.52707434,-0.39462,-0.93966925
-0.38295245,-0.41759098,-0.6801192
-0.80048627,0.9637873,-0.82723475
0.9970515,0.62948316,1.3567585
0.7055624,0.13659422,1.3169308
-0.73009473,0.9459515,-0.76138335
-0.3009466,0.18199582,-0.5921546
-0.14249033,-0.40280277,-0.27092972
-0.0003875112,0.09667976,-1.5755495e-06
-0.91692644,-0.999784,-0.85625565
0.36293486,-0.088880256,0.7108528
0.2755931,0.59685504,0.4622183
0.22182222,0.48225302,0.39435098
0.82438624,0.49254605,1.294011
0.70137143,0.7050996,0.96940225
-0.61472625,0.24631141,-1.1092153
-0.6198555,0.24200965,-1.1244876
-0.66659003,-0.07813235,-1.2186215
0.03578847,0.3932278,0.07931446
0.48022392,0.45734707,0.8221915
0.31412807,0.119294025,0.60329
0.7783897,0.41496235,1.3021564
0.47535735,0.80854315,0.64735425
-0.8363113,-0.108886465,-1.4766593
0.20264849,-0.6497953,0.31726843
0.41260064,-0.66799265,0.6253242
-0.13081358,0.4118373,-0.23494373
-0.19254732,-0.64386916,-0.3294824
0.7526995,0.4517827,1.2337856
-0.45638168,-0.65152884,-0.6833868
0.40843847,-0.23215449,0.77534515
0.17065148,-0.5224763,0.30695483
0.63244414,-0.6595256,0.92184496
-0.9206647,0.96743184,-0.8942516
0.67834836,0.93022704,0.7464836
-0.56560016,-0.22429034,-1.0480208
0.82271826,0.62270325,1.2070394
-0.6058616,0.6301268,-0.9184189
0.455969,0.73628,0.665503
-0.046697926,0.038576398,-0.08539697
0.71459997,0.11166211,1.30473
-0.12025608,0.30210844,-0.23160207
-0.24507621,-0.13830388,-0.48364967
0.2746817,-0.5892236,0.44236505
0.18618825,0.33767092,0.3635192
0.6571706,0.85473067,0.8059945
0.11458855,0.17286634,0.23363116
-0.81525505,-0.82649815,-0.98350537
-0.05821245,-0.3405257,-0.12124216
0.8047962,-0.14034165,1.4207568
-0.5588631,-0.46472165,-0.9192064
0.33154425,-0.8753977,0.40911463
-0.82273674,0.16104689,-1.4535081
-0.89951664,-0.08330238,-1.5672154
-0.38450083,0.12794988,-0.73873484
0.9119166,0.86870134,1.0141914
0.9315886,-0.51588696,1.4121252
0.6624356,-0.44766146,1.1141095
0.4480373,-0.6641407,0.6825641
0.80764943,-0.6085551,1.1780753
0.344722,0.46870998,0.5909578
-0.4010116,0.699275,-0.5905011
0.7526708,-0.51019883,1.1968633
-0.30977458,-0.5497577,-0.49480006
-0.8585165,-0.5012976,-1.3173307
0.31149775,0.553491,0.5114923
0.91388285,-0.014888341,1.573571
-0.61573416,-0.5486104,-0.99029434
-0.99760336,0.94091594,-0.9933079
0.14507334,-0.90726185,0.1745072
-0.45737866,-0.44119078,-0.782411
0.24347201,-0.057204023,0.47165763
0.23888741,-0.2612799,0.45699558
0.6527392,0.6916687,0.9303433
0.38905185,0.8880388,0.4821814
-0.8247408,-0.35345677,-1.3806858
-0.2846219,-0.5824564,-0.48806787
0.9116836,0.24112125,1.5146976
-0.012393456,-0.5508357,-0.02695962
-0.032774627,0.7028718,-0.05443219
-0.36827245,-0.9382626,-0.42467588
0.47531968,0.8390714,0.5981148
-0.9589186,0.9938921,-0.9035255
0.8125421,0.3726372,1.3595285
0.11548859,-0.7698688,0.17075317
-0.6120579,-0.47978047,-1.0400566
0.63875914,0.8192914,0.8050028
-0.52380943,0.56373346,-0.8507648
-0.90700626,-0.5830567,-1.3053969
-0.77524966,-0.25246707,-1.3636405
0.81664395,-0.59466326,1.2007427
-0.9216201,0.8775156,-1.0229564
0.65737987,0.2428796,1.198438
-0.9239996,0.6339921,-1.2850258
-0.7458581,0.036274202,-1.3598762
-0.92109334,0.83494276,-1.0727494
-0.8582659,-0.5412336,-1.2983328
-0.19348536,-0.4477387,-0.35221678
-0.04937733,0.9229757,-0.042311717
-0.60489786,-0.21183184,-1.1126984
-0.5405791,0.8366686,-0.6945542
0.89194727,0.38757983,1.4200425
0.61215883,-0.45261985,1.026957
-0.34613788,-0.123646155,-0.6707087
-0.40687796,-0.5120438,-0.6846265
-0.68104994,0.6639713,-0.9917877
0.28189337,-0.8502675,0.3622499
-0.2969316,0.2596335,-0.5598512
-0.49795163,0.8287519,-0.65580446
0.99154925,0.88826513,1.0406389
-0.33863077,-0.1986848,-0.65984
0.1783755,0.38836172,0.32680193
-0.070692435,0.30544567,-0.12048215
-0.8397345,0.14330657,-1.4801143
-0.55242676,0.8887516,-0.66560894
0.7546854,0.5958012,1.1395353
0.806991,0.11731527,1.4401919
-0.8059267,0.9545852,-0.818356
-0.2861643,-0.6090142,-0.4580364
-0.4411107,0.3135575,-0.819385
0.9744151,0.22940245,1.5964398
0.28422442,-0.06651601,0.5519438
-0.8017636,-0.1328373,-1.430264
-0.008228148,0.057512216,-0.016379278
0.031071171,-0.005896729,0.066328704
0.6292284,0.08644876,1.1798502
0.639493,0.78993225,0.846233
0.37133813,0.92443675,0.44505948
-0.52374417,0.43484733,-0.9000695
-0.44865844,-0.06482652,-0.86870044
0.54857963,0.18821043,1.0168078
0.3020427,0.054707263,0.5987133
-0.84820443,0.4858519,-1.341629
-0.65974385,0.682748,-0.94506437
-0.38163406,0.88413537,-0.47945985
-0.16437975,-0.17030714,-0.30518135
0.12750715,0.953419,0.14687559
-0.14200279,0.61594695,-0.22708966
0.06740002,-0.97979355,0.08087442
0.5548887,0.22494212,1.0169348
-0.7733199,0.15594462,-1.3899328
0.5176348,-0.58594036,0.8221696
-0.59163207,-0.9207873,-0.6924337
0.12667936,-0.64221084,0.21147603
-0.44584075,-0.40881792,-0.7753001
-0.5541565,0.77875847,-0.7390984
-0.035848882,-0.37371594,-0.08436747
-0.95111525,-0.88167715,-1.0300618
-0.6425678,0.87606907,-0.74895185
-0.3996523,-0.6007185,-0.6378075
0.040276434,-0.6153766,0.07504509
0.90279484,-0.63794243,1.2843548
0.96507865,-0.41510937,1.5135486
-0.6322059,0.35580313,-1.104758
-0.60443807,0.8139927,-0.77825314
0.5979444,0.9529122,0.6515484
0.03857097,0.8469941,0.07610738
0.18291081,0.82247233,0.24608873
0.84415364,0.43305498,1.3661594
0.89932793,-0.22108255,1.526756
0.4051005,-0.75064665,0.57155615
-0.5367887,-0.24857056,-1.0082103
0.22821118,0.7278204,0.335094
0.08487459,-0.1909263,0.18308757
0.23596427,0.96938676,0.27804196
-0.79717374,0.9396125,-0.8464369
-0.07860326,0.42559332,-0.14394368
-0.867489,-0.3241441,-1.4605441
0.6199421,-0.97611326,0.64352655
0.0038798107,0.17053427,-0.0018264996
0.9180618,-0.48435903,1.4175503
0.30342045,0.29114762,0.57862276
0.4746883,-0.4620414,0.8196605
-0.34409183,-0.8780241,-0.41759762
0.04405556,-0.82286185,0.048480548
0.81795007,-0.22267045,1.4218175
-0.28256014,0.98340386,-0.3220753
-0.6501425,-0.32210675,-1.1488376
-0.5860544,0.8835606,-0.690018
0.60127026,0.33729762,1.0603573
0.56080323,0.4044678,0.96099067
-0.35362542,-0.0017130813,-0.6948106
0.19050106,-0.4037127,0.3425095
-0.7831894,-0.2173232,-1.3891106
-0.76183665,-0.904714,-0.84971976
0.49954173,0.17836316,0.9354078
0.38114977,0.10194145,0.7284988
0.317779,-0.21077128,0.61845464
-0.1472183,-0.093228735,-0.29176122
0.9811311,-0.9932749,0.9242708
0.10995325,-0.88139933,0.15361267
0.4416054,0.5671676,0.72293824
0.7147906,-0.66870904,1.0344496
-0.21510015,0.8094713,-0.3032505
-0.517105,0.3128072,-0.9359152
0.0787976,0.85263747,0.10491307
0.981004,0.23409553,1.615094
0.7533525,0.25310418,1.32412
0.59228575,-0.05335126,1.080143
0.7040312,-0.5900907,1.0835205
-0.12903121,-0.088580914,-0.24150306
0.669723,0.45233703,1.0984373
-0.11375475,-0.069294654,-0.23128237
-0.42171174,0.844374,-0.528747
-0.8411654,0.9555658,-0.8745174
0.19121085,-0.95319813,0.22599098
0.66283476,0.3777668,1.1481212
0.77934927,-0.8561114,0.89818126
0.8311531,-0.33451027,1.3764426
-0.03855384,0.4954085,-0.0496679
-0.6352943,-0.790197,-0.8304297
-0.11281225,-0.738374,-0.15663669
0.00037418003,-0.9816792,-0.0013597014
0.24636428,0.35767466,0.4618359
-0.124415174,-0.2301588,-0.24805987
0.9515909,0.1321404,1.6106644
0.88791305,-0.5499444,1.3113286
0.4769445,0.19200753,0.8988151
0.91133296,-0.8804734,1.017212
0.58470744,0.25517014,1.0746346
0.7365703,0.5373861,1.1661631
-0.8393139,0.61833245,-1.1935079
-0.3268119,0.7881624,-0.45416066
0.13283539,-0.86609423,0.18597752
-0.42325094,0.94473875,-0.4836952
0.48296455,0.53538644,0.79270595
0.7557963,-0.0060268356,1.3706489
-0.70034057,0.33790755,-1.2227371
0.08021559,0.9100263,0.11215555
-0.9122995,0.8725244,-0.9980018
0.3088297,0.6916846,0.48292738
0.72613525,0.80683345,0.9167305
-0.7029651,0.43227276,-1.1690698
0.5888873,-0.8928856,0.6918882
0.3015848,-0.01210943,0.59682393
-0.98823833,-0.62520313,-1.3623227
0.98831344,0.2943127,1.5872664
-0.099389374,-0.1914952,-0.20538233
-0.18658873,-0.67071116,-0.2889425
-0.8343951,0.12620646,-1.4533299
-0.053266484,0.9956032,-0.054614745
-0.3974965,-0.22643933,-0.75239795
0.55279887,-0.8947706,0.661308
0.78375214,-0.4465657,1.2602501
0.7095066,0.8225701,0.8779094
-0.53682315,0.24320881,-0.98964435
-0.74667084,0.8672956,-0.8548538
-0.2957512,0.2741575,-0.57162184
0.32608035,0.19647284,0.63794035
0.6979561,-0.6364328,1.0412291
-0.61649036,-0.27631748,-1.1169149
-0.67380244,-0.71344024,-0.93899274
-0.75672257,-0.46311495,-1.2219318
0.4852392,-0.7850538,0.656694
0.41611448,0.026479831,0.8208442
0.7670232,0.347328,1.297671
0.21559547,0.4978705,0.3861577
-0.61680806,0.10980851,-1.1621498
-0.7200896,-0.53338724,-1.1427
0.299909,0.0922331,0.591155
-0.6506919,-0.22417378,-1.1769109
-0.14930333,0.60158557,-0.23791437
-0.29805908,-0.4332913,-0.53662485
-0.9396017,-0.5825063,-1.3593551
0.9421472,0.18676278,1.5863482
0.231793,0.8069947,0.31197783
0.020560347,-0.02241861,0.046088535
-0.51264,-0.7649635,-0.69551176
0.4988853,0.51074415,0.83960354
-0.27520734,0.64778125,-0.43013197
0.5030221,0.9155792,0.59405357
-0.31700876,-0.912005,-0.38972571
-0.79331434,0.5849846,-1.1771758
-0.14428253,0.09386258,-0.29069477
0.17037533,0.30436677,0.32642043
0.30935624,0.85277444,0.42069998
0.10331692,-0.43199328,0.17806527
-0.28724912,-0.69726694,-0.44739023
-0.24211225,0.99603003,-0.2698719
0.006379512,-0.2944095,0.01612234
-0.28047347,0.8162326,-0.3798384
0.7454417,0.18000227,1.3384804
-0.25699446,-0.051604368,-0.511787
-0.4127856,-0.027398223,-0.790295
0.00429685,0.7804275,-0.0019301189
-0.38987473,-0.84767044,-0.5073263
0.59373724,0.05521273,1.1107696
-0.9174397,0.20679748,-1.5495915
0.8743819,-0.60145235,1.2736725
0.7313725,0.5774128,1.1348081
-0.30175033,0.7532446,-0.43309933
-0.2613232,-0.6982755,-0.3931106
0.10600605,0.77157515,0.16002083
-0.3545853,-0.8887799,-0.46240628
-0.8437776,0.93394357,-0.88568264
-0.15164766,0.34827968,-0.28547585
0.5816146,-0.18536976,1.0664642
-0.27798083,-0.16466823,-0.5366586
0.6427203,-0.81573594,0.8257169
-0.20527965,-0.7608013,-0.3064899
0.16669166,-0.8996988,0.21515565
-0.7636862,-0.7926228,-0.96461284
-0.65453655,-0.945446,-0.7155588
0.6015952,0.35096237,1.0555804
0.93138874,0.21428776,1.570827
0.78933495,0.08690949,1.412338
-0.36981726,0.7460769,-0.5428202
-0.6293921,0.7024016,-0.8972543
0.16885485,-0.4027342,0.3114527
0.8577385,-0.85974497,0.98940176
-0.035380572,0.92796296,-0.0495687
0.15681021,-0.64036965,0.2373858
-0.28582585,0.37360135,-0.51271623
-0.91501665,-0.8513147,-1.0504228
0.89330333,-0.72930855,1.1702954
0.39245138,-0.35671112,0.7043304
-0.059617814,0.13217744,-0.14657453
-0.20611948,-0.15210448,-0.38714057
0.7316674,0.2527742,1.2852637
0.8548845,-0.020889785,1.5040392
-0.7996866,0.93665975,-0.8655993
-0.17012264,-0.2030951,-0.33863607
0.7849968,-0.6965145,1.0758675
0.35375115,0.18768221,0.6875045
-0.11269907,0.6285916,-0.17398034
-0.001097726,-0.43832323,-0.014585364
-0.21311317,-0.49310732,-0.38288027
0.2957187,0.17789876,0.5732192
-0.26768035,-0.0013490266,-0.5342538
0.09503226,0.8134637,0.14494675
0.0902442,0.48133692,0.15081342
0.28374356,0.10570807,0.54159546
0.58113307,-0.43412733,1.0075523
0.7357753,-0.27739194,1.2962064
0.6075475,0.6619124,0.8712336
0.98043996,0.80886763,1.1400918
-0.9080414,-0.70448196,-1.2068752
0.7957602,0.81290287,0.9857174
-0.08186888,-0.28857955,-0.15561324
-0.27990705,-0.21546057,-0.53899693
0.5968765,-0.18889724,1.1337227
-0.8699693,0.65652156,-1.2069787
0.4267757,-0.633287,0.6568475
-0.7648208,0.050218,-1.3714659
-0.078701094,0.5517591,-0.11286102
0.2403537,-0.3706235,0.42343238
-0.4557203,0.38486245,-0.8353269
-0.15973252,0.6485411,-0.25454897
-0.381947,0.9433923,-0.41959655
-0.5138266,0.30890268,-0.94880074
-0.6089803,-0.49909037,-1.0103581
-0.14408094,0.84461695,-0.20179272
0.839209,0.82581276,1.002847
-0.006394864,-0.89759463,-0.01791493
-0.786274,-0.6863341,-1.110838
-0.11830113,-0.21471706,-0.22622214
-0.6667311,0.8816664,-0.773382
-0.090606235,0.25593522,-0.17760542
-0.93027353,-0.36430806,-1.5149931
0.42856246,0.4701659,0.73096263
-0.39026377,0.64581376,-0.6103571
-0.9289958,0.7860215,-1.1191574
-0.85840815,-0.6908412,-1.1765499
0.23568241,0.34192201,0.433508
0.5793005,0.8477582,0.7340806
-0.1306229,-0.8245365,-0.17520833
-0.07068581,-0.5545638,-0.11966365
-0.49756896,-0.72297287,-0.7207806
0.5302575,0.66914093,0.8032554
-0.37702906,-0.84284824,-0.5091088
-0.954396,-0.40799975,-1.4932842
-0.055755887,-0.14665578,-0.100049175
-0.93247765,-0.58091307,-1.3581765
-0.47786462,-0.37859854,-0.84015894
0.31936085,-0.6637592,0.4917567
-0.7410642,-0.11410855,-1.3461509
-0.578981,0.21677503,-1.0698149
0.98260355,0.2857237,1.5856311
-0.121575676,-0.11209162,-0.2477665
0.58836526,-0.21086337,1.0804559
0.5757435,-0.542728,0.926737
0.7388062,-0.77959704,0.9440295
-0.18291803,-0.8253597,-0.23647262
0.63356316,0.58572257,0.9749907
0.24824408,-0.507196,0.43497297
-0.844854,-0.8478934,-0.9914037
0.6787499,-0.15129478,1.2513483
0.45617184,0.18701014,0.8792152
0.068243496,0.23110159,0.14342898
-0.11739779,0.653078,-0.18565707
0.9736494,-0.5918675,1.3681616
0.73772174,0.2793129,1.291648
0.84452724,0.7417546,1.128565
0.6927664,0.7971577,0.88295335
-0.59874463,-0.8355374,-0.7525025
0.32745066,0.6662429,0.49588147
0.3675109,0.10741961,0.7120735
-0.04233455,-0.967642,-0.0453253
-0.6726418,-0.7433864,-0.9104374
-0.8606683,-0.2767747,-1.4650322
0.68488187,0.48118183,1.1342456
-0.180031,0.087572016,-0.3562664
0.7682482,0.18589321,1.3605458
0.65234786,0.95524764,0.706064
0.8425365,0.24546903,1.4439573
0.8535291,-0.06966056,1.4831012
-0.06539476,-0.4835957,-0.12223589
0.929589,0.19944711,1.5849395
0.63765323,0.33119357,1.139166
0.16739419,0.39641735,0.3000922
0.054182395,-0.66435474,0.076549865
-0.100194685,-0.83919406,-0.17778766
-0.7833168,-0.15754968,-1.3966573
0.92151356,0.34001115,1.4981077
0.8047932,-0.9339302,0.8676552
0.36790225,-0.16354537,0.71423286
0.39005032,0.87294036,0.480955
-0.031001713,-0.80203134,-0.050183672
0.29167387,0.72222006,0.43424106
0.1734602,0.76210713,0.25044
-0.81377536,-0.8758667,-0.93999183
-0.745884,0.99155295,-0.7219152
-0.3712467,0.34186143,-0.69248885
0.53938,-0.43852672,0.94530857
-0.5727009,0.39647317,-1.0061761
0.38936195,-0.11032841,0.7497969
-0.108606495,0.5769547,-0.16578744
-0.12702768,-0.31797847,-0.24207538
0.29344922,0.7471239,0.43318668
0.9567744,-0.45786217,1.4778553
0.4863463,-0.18952921,0.90921426
0.49982014,-0.83584386,0.65483624
0.07161426,0.93689793,0.09278939
0.308488,0.3409982,0.5664109
-0.6336266,-0.6945374,-0.90863216
0.63579994,-0.33412966,1.1156877
0.7135713,-0.8362517,0.8681345
-0.3935186,0.6152974,-0.61600804
0.98308265,-0.9702142,0.93803513
0.038056012,0.82794684,0.0557981
0.06033907,-0.2946948,0.130932
0.59885705,0.81434584,0.7785266
-0.07965028,-0.86318517,-0.103711456
-0.30585918,-0.645997,-0.459817
0.279195,-0.009232467,0.55859435
0.23372154,-0.20458975,0.4671137
0.0030642338,-0.4189683,-0.014510573
-0.42268613,-0.6039771,-0.67211246
-0.4025717,-0.7006524,-0.5911427
-0.5845307,0.35485938,-1.0247834
-0.00935209,-0.76031834,-0.017018761
0.3085805,0.54310215,0.5178696
0.76722777,0.7837083,1.00018
0.67440397,0.157249,1.2415925
0.9107018,0.37998736,1.476027
0.47274616,0.9560382,0.52064234
-0.80212885,0.9057688,-0.8981017
-0.57534325,0.59974426,-0.9057036
-0.31092432,-0.064773954,-0.6270914
0.13970493,0.56132805,0.2200815
-0.123083904,-0.84109575,-0.13697109
0.7053453,-0.9628683,0.75062853
0.9490676,0.8476765,1.0673736
0.99716777,-0.75570464,1.2367
0.36924866,-0.5709188,0.6174083
0.04364972,0.6857393,0.077565216
-0.23383403,0.95933044,-0.27718112
-0.05130601,0.11013249,-0.10339615
-0.43674484,0.5133517,-0.7508878
-0.7674997,0.955588,-0.8126692
-0.7532773,-0.82249844,-0.92346203
0.73085976,-0.46935228,1.2012246
0.074327685,0.68499273,0.11222709
0.23629229,0.28600815,0.43191996
0.10326501,0.03463848,0.22451034
0.4653447,0.6775753,0.70397997
0.37266573,-0.29075024,0.69002694
0.56635594,0.93820214,0.66150606
-0.9326823,-0.7840299,-1.1372772
-0.3598239,0.87329566,-0.43398884
0.9048621,-0.110009745,1.5664964
-0.7789196,0.7126603,-1.0611719
0.05314148,0.6570646,0.07669495
-0.13003246,0.65655667,-0.21004178
-0.2024607,-0.36515638,-0.3821172
0.117033534,-0.6636161,0.19085957
0.94191223,0.5004678,1.4228386
0.92910105,0.86556506,1.0343162
-0.03553884,-0.78288937,-0.03868629
0.31808516,0.86450446,0.39253816
-0.73547244,-0.24938898,-1.3026011
-0.18836083,-0.7356285,-0.27325407
-0.23465598,0.09017433,-0.46012256
-0.9331948,0.36086085,-1.516758
-0.17955217,-0.0048969686,-0.35501274
-0.17852485,0.15441976,-0.3504537
-0.57832843,0.86227983,-0.7011778
-0.8300185,-0.97223246,-0.84290063
-0.21774389,-0.23717093,-0.41401327
0.75813526,-0.94739455,0.78942394
-0.41628757,0.89989465,-0.49966952
-0.368108,0.9043975,-0.44184837
-0.6713147,-0.42212105,-1.1313087
-0.05839218,-0.8516778,-0.06056642
-0.61690277,0.3022416,-1.0898702
-0.19144824,-0.8796546,-0.2572327
0.04935511,0.08722226,0.091670476
-0.12939572,-0.4939145,-0.22933857
-0.13884224,-0.93913347,-0.17857939
-0.97677815,-0.30463722,-1.5905282
0.56276786,-0.13117321,1.06456
-0.6581148,0.64090085,-0.96625066
0.817111,-0.5153342,1.284022
0.43608442,0.9786805,0.45882767
-0.9817591,-0.83681023,-1.1172265
0.6606559,-0.80363476,0.8520041
0.14720896,-0.6902102,0.22408627
-0.2034819,0.4132479,-0.37882394
0.30511436,-0.64875394,0.47524732
0.14615187,-0.8706008,0.18614419
-0.49850705,-0.50099933,-0.8225337
0.6634775,-0.13221414,1.2067924
-0.76715046,-0.80444264,-0.94714034
-0.5128138,-0.09046129,-0.9672668
-0.12092036,0.8098686,-0.15782963
-0.7477785,0.22094545,-1.339805
-0.35856128,0.8916648,-0.44210076
-0.5271387,-0.047649983,-1.0053487
0.32542637,-0.6000614,0.5281472
0.6837658,0.3344284,1.1900172
0.86797005,0.9189219,0.93194443
0.23969917,0.6267299,0.39799073
-0.66605115,-0.11854965,-1.2194154
0.49658972,0.82857794,0.64491665
-0.5953681,0.6801388,-0.87450355
0.035700094,-0.33023813,0.07153949
0.24959932,0.16500303,0.50078446
0.8313942,-0.4615987,1.3262312
-0.5642777,-0.18406825,-1.0532324
0.89428914,0.13333564,1.5701785
-0.0048616542,0.98420125,-0.012691789
0.26344135,0.7526488,0.3736793
-0.14739995,0.38605142,-0.27992815
-0.5603304,0.90335166,-0.6627869
0.757221,0.65826374,1.0814922
-0.0050125658,-0.19583088,0.008265199
-0.09677245,-0.93727213,-0.12723322
0.018060053,-0.45985347,0.03227369
-0.06405249,-0.6107998,-0.0865586
0.21961513,-0.43506348,0.385921
-0.5149101,-0.7741522,-0.71018004
-0.29682845,0.32634023,-0.5698616
0.8958311,0.31838948,1.484573
0.43532446,0.25451645,0.8233493
0.054559495,0.45091927,0.10436425
-0.23510215,-0.19615103,-0.4557185
-0.59512275,-0.049590327,-1.1242205
0.23362996,-0.094593674,0.47568727
-0.5595236,0.45519894,-0.94671214
-0.864978,0.9720074,-0.8527839
0.6251918,-0.29489088,1.1252141
0.9153096,-0.6431811,1.2524695
0.10773786,-0.82938635,0.1698135
-0.2872507,0.7387093,-0.43352503
-0.23069681,0.16324136,-0.4346496
0.43936938,-0.7029283,0.6443847
-0.98342556,-0.19508988,-1.6205678
0.48442033,0.70651335,0.71649337
0.05724827,-0.7550034,0.07934254
-0.68562233,-0.4522135,-1.1379293
0.7660908,-0.99107563,0.7706685
-0.42187303,0.26651314,-0.7991539
0.33201197,0.7527921,0.47406024
-0.39937228,0.9304418,-0.46546468
-0.6851418,0.008724097,-1.2436262
0.96485966,0.012621316,1.6571866
0.7043939,-0.13643436,1.2780596
0.009240292,0.12579209,0.014809136
0.32369253,0.10050759,0.6342348
0.15561476,-0.49197552,0.29445994
-0.8006075,-0.7180849,-1.0845487
0.9595067,0.25529692,1.5866337
-0.6358536,-0.537994,-1.0268707
0.76414233,-0.29636434,1.3277079
0.68123984,-0.4480744,1.1235496
-0.010002562,-0.070700906,-0.015174743
-0.09903285,0.5980961,-0.15143014
-0.6456225,0.6758382,-0.9440493
-0.48301822,0.51269996,-0.8251928
0.86965054,0.7004635,1.1538415
0.9299304,0.2765219,1.5363271
-0.52390695,0.6810374,-0.7814447
0.03619737,-0.48841882,0.076150306
-0.71624696,0.078543216,-1.3241521
0.5981395,-0.017329874,1.12714
-0.872184,-0.16705908,-1.5200655
-0.38992885,0.5786306,-0.64559996
0.07606411,0.24431042,0.14385441
-0.18563649,0.32500914,-0.35114777
-0.44452974,-0.4477233,-0.76237065
0.57855916,0.25046164,1.0555435
0.31288573,-0.3544424,0.5627123
-0.20965281,0.7940641,-0.29730698
0.22044228,0.73730713,0.32955545
-0.101206966,-0.1748304,-0.18637744
0.54468006,0.03765036,1.032095
-0.07766326,-0.12274507,-0.14180945
-0.2965738,-0.15676206,-0.5760789
-0.7936961,0.49553546,-1.2615614
-0.342937,0.30551475,-0.63720906
0.0039074896,-0.7159517,0.021212297
-0.89286923,-0.61584586,-1.2742919
-0.23599887,0.5701412,-0.3912861
0.20419988,0.45058316,0.39493784
-0.27742922,-0.0063299057,-0.5444355
-0.8236266,-0.07750288,-1.4800602
0.95894593,0.52585846,1.4219356
-0.92632025,-0.78652257,-1.1293113
0.7251391,0.10427735,1.3090143
0.9385483,0.41076663,1.4619557
-0.9107453,0.25230014,-1.5369288
-0.80223644,0.55713516,-1.2075939
-0.3757895,-0.46136823,-0.6556954
0.61599886,0.8806032,0.738165
0.67827904,-0.363539,1.1816558
0.23521787,0.28197107,0.4642864
-0.27750283,0.31406853,-0.51458544
0.6288124,-0.91834474,0.7087507
-0.03758438,0.5441344,-0.06486532
-0.5498721,0.9146036,-0.6403912
0.82077616,-0.2843175,1.4159237
-0.40027863,-0.6839387,-0.6047915
0.29159757,-0.79334587,0.3993923
-0.82004327,-0.50503397,-1.2867169
0.13038814,-0.4109711,0.2246535
0.3887944,0.86885047,0.49046794
0.9991035,-0.76350296,1.218315
0.45863277,-0.1094797,0.88894945
0.028707992,-0.483746,0.059838936
-0.66945624,0.09980472,-1.2232548
0.9720444,0.5921047,1.3647541
-0.9145391,0.31112286,-1.5189835
0.8238458,0.23668225,1.4138641
0.293814,0.69201213,0.4603573
0.5310233,-0.17669693,0.9956427
-0.99342746,-0.43002716,-1.531947
0.94737315,0.53284055,1.3852016
-0.23534952,-0.71273243,-0.35160995
0.81663483,0.0011239119,1.4663395
-0.26077715,0.71982783,-0.38105422
-0.08318928,0.9096794,-0.10333862
0.5715898,-0.11419706,1.0642568
0.30044,0.07247726,0.5878696
-0.04184733,0.6742768,-0.058330666
0.6472337,-0.033736672,1.201047
0.62415296,-0.67888,0.9182683
0.5294692,-0.2799256,0.9638379
-0.7466361,-0.87613577,-0.85402954
0.36438647,0.1549662,0.70781225
-0.37626556,0.9555318,-0.4237149
-0.4230534,-0.21618308,-0.8171253
-0.84000343,0.82833064,-0.9892169
0.46793687,-0.29834533,0.87329113
0.9271158,0.84205776,1.070047
0.99883693,0.0012952107,1.6821992
-0.0066193957,0.11512188,-0.025697432
-0.12277023,0.46640098,-0.222087
-0.08391508,-0.75509274,-0.13216639
-0.3005869,0.5279032,-0.52283704
0.31553456,-0.97784555,0.34099615
-0.20055288,-0.81508094,-0.2650414
0.37128264,0.9825147,0.40446648
-0.29159525,0.68269163,-0.4370628
0.7359989,0.22322807,1.323769
-0.9190221,-0.6331683,-1.2645155
0.37809756,-0.8354104,0.49479753
0.75130486,0.27623355,1.3213971
-0.98067164,-0.5956592,-1.3690331
0.6175311,0.5489927,0.9817088
-0.9649039,-0.1424761,-1.6176652
-0.24787025,0.47191122,-0.4465344
-0.8905907,-0.1783562,-1.5208448
-0.6789179,-0.990449,-0.68669003
0.36614618,-0.097235054,0.71282464
-0.013341997,-0.03879992,-0.031821582
0.820574,0.24156588,1.421701
0.17412637,0.78945994,0.23974214
-0.90137863,0.53930676,-1.3285111
-0.59288275,-0.19209957,-1.0995332
0.55316794,0.696862,0.7948276
-0.96935546,-0.03953241,-1.6380603
0.50310975,0.09116902,0.9642009
0.005806399,0.8153073,0.0012050967
-0.621631,-0.13282137,-1.1440474
-0.42245534,0.6448576,-0.6703434
-0.48212278,-0.9297983,-0.5401941
-0.9899733,-0.8592691,-1.0937797
-0.62358207,-0.3943357,-1.0992113
-0.68257344,0.81493855,-0.87484443
-0.6646807,-0.75077397,-0.9128693
0.6405736,0.31477562,1.1451743
-0.7521382,0.19353262,-1.3400183
-0.42565966,0.12545922,-0.8078787
0.5198578,-0.4630654,0.88600737
-0.9072571,-0.0738682,-1.5591292
0.52811116,-0.43214557,0.9275681
0.38818416,0.06909371,0.7629819
0.44673598,-0.76203656,0.61395246
0.78669643,0.7099471,1.0735545
0.0993484,0.8693625,0.1329305
-0.027196629,-0.16533823,-0.048686475
0.58819413,-0.5137926,0.9676627
0.5584468,0.094244264,1.0577972
-0.61943394,-0.38293004,-1.0677301
0.37189206,0.7899608,0.5017939
0.7664249,0.70456606,1.0582728
-0.7070031,-0.9325778,-0.75505215
-0.1621479,-0.31954548,-0.3249704
0.9287704,-0.039257728,1.6002995
0.11157884,0.08874161,0.22967337
-0.5357786,0.47796354,-0.89306927
-0.6209234,0.42656228,-1.0532285
0.766697,-0.63421315,1.1243154
0.22954905,-0.62088984,0.3589073
0.9179918,0.4922112,1.3946627
-0.54875416,-0.26319858,-1.0011436
-0.5660948,-0.65086997,-0.85034674
-0.51198184,0.8042394,-0.6937896
0.066430435,-0.41339254,0.13020165
-0.72992074,-0.5435966,-1.13079
-0.067352004,-0.4590075,-0.12089752
0.98462313,-0.8041788,1.1367521
0.9203981,0.39673448,1.4589142
-0.27246225,-0.40891784,-0.4692546
-0.90698576,0.79034823,-1.1103351
0.5356598,0.3008845,0.9655873
0.5434254,0.2403633,0.9852185
-0.041183185,0.92895615,-0.048418175
0.5378522,0.0664885,1.0310824
0.8826206,0.10380088,1.5348568
-0.04120844,-0.8590705,-0.046735067
0.8888523,-0.016339201,1.5632827
-0.24907836,-0.96398735,-0.29130992
0.6220901,0.050576333,1.1650214
0.5648132,0.92402446,0.64583385
0.8292156,0.7853169,1.066465
-0.56942075,0.26400843,-1.0505389
0.17724596,0.51748,0.31113803
-0.626589,-0.5857273,-1.0011278
0.40659276,0.92804664,0.4858416
-0.61049634,0.9462398,-0.66061497
-0.9940773,0.5346289,-1.4465063
0.2723294,0.42571068,0.46779656
0.66530555,-0.7312682,0.8995813
-0.02119486,0.80090266,-0.009824806
0.96776223,0.2860254,1.586134
0.7972421,-0.50468034,1.2620335
0.5487444,0.7304929,0.75291145
0.89906687,0.15483846,1.546836
0.9701392,0.5298606,1.4248344
0.07989749,-0.8798216,0.08988818
-0.89509666,0.6108496,-1.273657
0.6615427,0.7761859,0.8872628
0.057305366,-0.7738973,0.07722217
0.7891916,-0.24443725,1.3596652
0.3386301,0.7549493,0.49055696
-0.7301098,0.25137305,-1.297205
0.73557997,-0.81262004,0.9199011
-0.93368965,-0.7389197,-1.1867027
0.9774429,0.4618558,1.4858257
0.19793247,0.1711715,0.39115867
0.47129232,0.119884156,0.91369593
-0.99741507,-0.5443667,-1.4320434
0.45519933,0.7505578,0.64373314
0.15649639,0.18601213,0.29684067
0.49251953,0.36113402,0.8834011
0.84846264,0.1171321,1.4967364
-0.51154625,0.76810503,-0.7122878
0.7103238,0.4998646,1.1431221
0.55863947,0.95091283,0.63157386
-0.36410418,0.68287784,-0.56270355
-0.24546956,0.72568816,-0.36709246
-0.23164675,-0.4012787,-0.4082147
0.0005594212,-0.97374123,0.0003230614
0.79690367,0.32739288,1.3614647
0.7998807,-0.22574759,1.3923668
-0.7783578,-0.61934453,-1.1518167
0.2716168,0.14827566,0.53930914
0.9821721,0.43283245,1.5011629
-0.6359612,-0.7825386,-0.83580357
0.7065101,-0.68115616,0.9977928
-0.95822996,0.5747964,-1.4074525
-0.3491037,-0.66967756,-0.5275026
0.8536987,-0.59273195,1.244717
0.48472357,0.12079333,0.93205726
-0.31360516,0.14536838,-0.6201454
0.8520341,0.7647183,1.096451
0.7516891,-0.17116626,1.3461792
0.8226302,0.51195204,1.2719998
-0.39591432,-0.23248626,-0.7539004
-0.6525287,0.06349305,-1.2072753
-0.94457614,0.0014355254,-1.6121575
0.26435664,-0.23057042,0.49835652
0.8701688,-0.5170951,1.3331026
-0.04434461,0.84438765,-0.07308888
0.5884659,-0.87617505,0.7011499
0.54378635,0.48340818,0.92490613
-0.92894906,0.7530692,-1.1800206
0.11052338,0.70778805,0.16278218
0.84065366,-0.9991696,0.8150274
-0.4922819,0.10386488,-0.95657766
0.7576646,0.43237397,1.2543255
-0.38500556,-0.32763544,-0.69498026
0.32284158,0.5770572,0.519651
0.83708084,0.43734467,1.3485848
0.6885269,0.3270507,1.2079303
0.28577113,-0.29354152,0.54615754
-0.99520826,0.13790575,-1.6619765
0.18263583,-0.24472904,0.35623106
0.07424948,-0.8059173,0.09357035
-0.3670309,-0.17556012,-0.6965501
0.036151573,0.38159397,0.05832462
0.70942664,0.6596931,1.0257915
-0.5726701,-0.086578205,-1.071629
0.9205379,0.0023286103,1.5785686
0.35176772,-0.56640875,0.57972246
-0.07217086,-0.46332797,-0.13064831
0.43921244,-0.92500603,0.52141273
0.42385787,-0.82976186,0.5446518
-0.8938675,-0.82152474,-1.0485013
0.9026436,0.5615401,1.3239207
-0.8177729,0.32108608,-1.3869962
0.250951,0.91882384,0.29442883
0.09019774,0.5665254,0.15895978
0.29372054,-0.16676977,0.56344956
-0.74965537,0.5668194,-1.1543154
0.86335176,-0.46954075,1.3563178
-0.57016426,-0.75921357,-0.79923576
0.87491614,0.7263171,1.153786
-0.96436536,-0.70242196,-1.2541846
0.079214774,-0.972471,0.08803454
0.20387124,-0.1249064,0.4169697
-0.10093185,-0.1452585,-0.20506614
-0.9535104,0.40204197,-1.5137454
-0.8191105,-0.5984477,-1.2161033
-0.7268033,0.017560627,-1.3107682
0.086802684,-0.3699913,0.15345758
-0.661088,0.6472534,-0.9911793
0.9654162,0.19401419,1.6176119
0.34245798,-0.0957421,0.6729275
-0.6426056,0.4262761,-1.0681405
0.6380037,0.83874404,0.8003434
-0.5898437,0.5904216,-0.943349
-0.26299918,0.5202007,-0.4606527
-0.58989275,-0.39227122,-1.0425293
-0.658559,0.3296428,-1.1597409
0.8715683,0.8300207,1.0393646
0.5859106,0.5237111,0.97050345
0.7389046,0.35384378,1.2692004
0.25300464,-0.2313724,0.5012854
0.62574834,0.6868726,0.91110057
-0.7190296,-0.36092675,-1.2480465
-0.5207343,0.25505236,-0.9734442
0.37792215,0.014832216,0.73320264
-0.4580548,-0.8528839,-0.5845407
-0.22212233,-0.65905803,-0.34654346
0.85224307,-0.8884785,0.9569514
0.6425262,-0.13714974,1.1815739
0.10076132,-0.75242984,0.14929396
0.48981398,0.0723796,0.9386139
-0.38308352,0.6166414,-0.6016226
-0.46649623,0.16467446,-0.887861
-0.014172721,-0.019848218,-0.041489154
0.34080902,-0.4340372,0.6107899
0.7586083,-0.23146363,1.3481745
0.41221943,0.14548501,0.8023384
0.18744719,-0.03559238,0.39052463
-0.39609092,0.19984993,-0.7676352
-0.37289077,-0.030766113,-0.7281224
0.69597256,0.33063856,1.2058526
0.97061765,-0.9036438,1.0053885
0.6484307,0.24534503,1.1521233
-0.6281555,-0.41157657,-1.0704064
-0.4836222,-0.6598313,-0.73089373
0.70246094,-0.6662603,1.0077928
-0.20534146,0.7541974,-0.30351228
-0.023818051,-0.9751216,-0.030326542
0.8925074,-0.8927371,0.9848693
-0.21894458,0.49655196,-0.38839102
0.8394024,0.802508,1.0250033
-0.9095272,0.534068,-1.3553745
0.76937515,-0.4913354,1.2318774
-0.9582046,0.6813187,-1.294784
-0.89913034,-0.42660517,-1.4273548
0.20217933,0.04636407,0.40222907
-0.06662473,-0.042639248,-0.13355033
0.151943,-0.83295804,0.21598282
0.2872712,0.43548077,0.50147307
-0.6096576,-0.34612972,-1.0833582
0.06951062,-0.9694503,0.07875652
0.0075445944,-0.5571712,0.018210672
0.9159803,-0.80840755,1.0798955
-0.30254495,-0.00653889,-0.5824273
-0.82685,0.48073384,-1.3074852
-0.8675376,0.26204258,-1.4753578
0.07704406,-0.64452493,0.121865585
-0.47740617,0.13467374,-0.91204697
0.60749954,-0.9681736,0.6581355
0.1543665,-0.03677104,0.31291538
0.88374656,-0.12808642,1.5188332
0.8204465,0.50166065,1.2923481
-0.019814283,-0.9167163,-0.018927792
0.81361955,0.8766696,0.93355435
0.27304548,0.8468965,0.3666813
-0.15357898,0.32822508,-0.29868752
-0.8828742,0.5364386,-1.3153342
-0.38965732,0.85071963,-0.4955664
-0.43963128,-0.09308906,-0.8467407
-0.13923764,0.8907751,-0.18429397
0.59504277,-0.517184,0.98153085
0.24956475,0.55862993,0.41160244
0.5591688,-0.70356566,0.80737346
0.27824125,-0.07499099,0.53611135
-0.97318673,-0.6397365,-1.3432442
0.62239,-0.4756304,1.0437202
0.75209695,-0.88403684,0.8742712
-0.62099475,0.899568,-0.7124927
-0.98339957,0.77556765,-1.1784652
-0.47661307,0.50645375,-0.81310475
-0.68179697,-0.65515065,-0.99020576
0.6599573,-0.46375254,1.1115952
0.25477403,-0.64968807,0.38472357
0.38340816,-0.8915047,0.45341927
-0.014772332,-0.42491475,-0.043431837
-0.62424934,-0.9461979,-0.694937
-0.5267548,0.07551704,-1.0188845
-0.300557,0.09519691,-0.59416103
0.5746844,0.72386307,0.82892853
-0.41359773,-0.37149057,-0.7434042
0.55070955,0.6431187,0.8423405
0.0724441,0.72795767,0.118011676
-0.96512496,-0.58814204,-1.3855081
0.29044864,0.76503307,0.39922842
-0.6177696,0.04759366,-1.1455538
0.4980281,-0.7554671,0.6884463
0.39541858,0.35758492,0.72643274
-0.61078846,0.4705374,-1.027533
0.38422984,-0.35315904,0.6896768
-0.29745504,-0.1678847,-0.57576555
0.44486153,-0.4465303,0.7917851
0.28454757,0.059399612,0.5749191
0.9782379,0.782034,1.1844993
0.700087,-0.82878274,0.87432116
0.49371433,-0.15167238,0.9296932
0.65564823,0.795542,0.8462478
-0.7901871,0.48848706,-1.2578872
-0.7717662,-0.7484713,-1.0114384
-0.9689527,0.85668784,-1.0828937
-0.27256733,-0.5964632,-0.45253995
0.095297016,-0.5862765,0.16017915
-0.011180295,0.83930105,-0.023228854
0.2073735,0.9905492,0.22485302
-0.5554948,-0.24201275,-1.027055
0.90746975,0.6548008,1.2501208
0.79880583,-0.35872537,1.351026
0.70376635,0.7006991,0.9949854
-0.058487058,-0.6790442,-0.1047347
0.92406154,0.44844726,1.4424838
0.14445162,0.8694749,0.1955436
-0.43174356,0.47140583,-0.7353109
0.044279784,-0.65439445,0.050169453
0.16868635,-0.2429024,0.33485678
0.2705082,0.919109,0.32041314
-0.36073914,0.4421947,-0.6500127
0.39267254,-0.8950068,0.4827147
-0.5786048,-0.35187688,-1.0207211
-0.92132115,0.14304483,-1.5861163
0.15369543,-0.022716388,0.3217563
0.8358192,0.5641268,1.2450932
0.37014017,-0.09258474,0.7150922
0.12415703,0.32374594,0.2423619
-0.71540666,0.84374744,-0.8726916
-0.41146207,-0.3303294,-0.75532234
0.50231725,-0.4813664,0.8404655
0.41561425,-0.6050851,0.65970606
-0.8167338,0.45630273,-1.3232727
-0.9857303,0.037767228,-1.6663353
0.83879864,-0.13480836,1.4844975
0.3417339,-0.8169356,0.4784554
0.80774987,-0.6639719,1.1323606
-0.40066603,0.36820298,-0.72674006
0.14708702,0.5695524,0.24696644
0.9936996,-0.9607126,0.9658177
-0.23089556,-0.07339243,-0.44952115
-0.81190264,-0.2803421,-1.406882
0.78518057,-0.5133975,1.2528815
0.7616241,-0.13021027,1.357345
-0.9263202,0.001733082,-1.608957
-0.051568296,0.088229515,-0.09870938
-0.4171836,-0.33610964,-0.7695735
-0.31353113,0.87668514,-0.39084083
-0.36481085,0.012343407,-0.7132927
0.0530613,-0.696111,0.11166927
0.9030405,0.014686425,1.5812047
0.13194028,0.3916079,0.258697
-0.8707404,0.2334249,-1.4841704
-0.21520504,-0.21302056,-0.4064133
0.9399178,0.78120273,1.1548498
0.74365306,0.76189053,0.9850067
0.1763,-0.49698812,0.31635913
-0.16556312,-0.103612415,-0.33737427
-0.7714666,0.5814849,-1.1633828
-0.36496222,0.108551405,-0.7055801
0.70279694,-0.8636656,0.8251748
-0.30148056,0.8100633,-0.3936029
-0.6086083,-0.06688842,-1.1446491
-0.030564532,-0.53437424,-0.053392768
0.45430535,-0.19129717,0.8683206
0.73037887,-0.79057884,0.9419707
-0.5959824,-0.7849947,-0.7866827
-0.9612288,-0.75772417,-1.1789863
0.9761978,0.47480592,1.4864455
-0.07580498,-0.1844756,-0.16802976
0.61259246,0.35390422,1.0784851
0.33542565,0.81282914,0.44755396
-0.29159346,-0.039295487,-0.57521474
-0.44405878,0.5975998,-0.7220855
-0.18435799,0.4313083,-0.3333523
-0.13544738,-0.5543726,-0.20867574
0.92095375,0.07643549,1.5897903
-0.8629259,-0.7415029,-1.1119667
0.18541607,-0.57202804,0.31613022
0.3421662,-0.33383575,0.6314394
-0.81400144,0.027938459,-1.4764733
0.94846106,0.05150469,1.6352595
-0.035545804,-0.45752794,-0.08293943
0.44170305,0.08988786,0.8507141
0.555171,0.16507614,1.0318309
-0.55573833,0.9048582,-0.6609568
-0.23635189,0.20604588,-0.46622452
0.6929454,0.36482129,1.1802546
-0.5282296,-0.15738644,-0.98797596
-0.027166907,-0.9892616,-0.040170085
0.5436659,-0.96554893,0.58816034
-0.54466,-0.51124585,-0.8991957
0.60415876,-0.36330205,1.060821
-0.9450714,-0.67101365,-1.2825531
0.6784779,0.01913593,1.248677
0.37703186,-0.64547944,0.5952949
0.27878886,-0.39799365,0.5108926
-0.648379,-0.52834123,-1.0294073
0.34082893,0.8182967,0.45944354
0.90119165,-0.22610563,1.526574
-0.95111215,-0.20301963,-1.5748698
0.50774014,0.8292185,0.6803957
0.32529292,-0.8000509,0.45438397
-0.98165184,-0.46224153,-1.4902565
-0.47850418,-0.5417143,-0.79108775
0.7648539,0.4511771,1.2669922
-0.8867032,0.9458363,-0.9093996
-0.25760278,0.97194654,-0.27486742
0.81383014,0.152462,1.4424696
0.96286494,0.92882186,0.9853067
-0.7537549,-0.6885582,-1.0692555
-0.5642333,0.9064062,-0.6557502
0.4989855,0.6474125,0.7641119
-0.4117199,0.051596325,-0.7929842
0.39625916,-0.37551352,0.72050726
0.6311484,0.7439686,0.87100124
0.021171762,-0.05950202,0.04136061
-0.35157907,-0.9015591,-0.42367375
-0.034694996,-0.9481173,-0.054748755
-0.9066541,0.25688028,-1.5309749
-0.44539085,0.61187804,-0.71196806
-0.8473263,0.9484573,-0.8700794
-0.12685218,0.7186556,-0.18976519
-0.56589574,-0.10377126,-1.0666432
0.8388606,-0.861912,0.95032954
-0.9043962,0.09080709,-1.5688866
-0.6769041,0.3341427,-1.1690454
0.01166458,0.20448644,0.016910156
0.8929429,0.9263947,0.9338623
0.5085559,-0.54741234,0.83562136
0.27077693,-0.24304296,0.5203655
0.6333921,0.552212,1.0136606
-0.64738363,-0.24660672,-1.1705233
-0.97905225,-0.27256268,-1.6013224
-0.7626786,0.9466359,-0.8193845
-0.02264514,-0.65936565,-0.0152219795
0.3345679,0.80783516,0.45563716
0.38371676,0.0098822415,0.7475405
0.41870552,-0.7086338,0.5980659
0.6942186,-0.28715003,1.2372845
0.21533468,-0.3631428,0.39804357
0.84350383,-0.384199,1.398062
-0.036350336,-0.6870322,-0.065775834
-0.8708866,0.26754493,-1.474226
0.7646272,0.06261429,1.3875418
-0.308181,-0.72848266,-0.45394245
-0.9503175,-0.07296308,-1.6367968
-0.28734136,-0.83218026,-0.38857195
-0.47314826,-0.14486206,-0.91453695
-0.10568179,-0.105086386,-0.20616566
0.8757915,0.6809814,1.1877217
-0.8677768,-0.11034505,-1.5326843
-0.32214502,0.07633529,-0.6402685
-0.60792947,0.16762643,-1.1202871
0.6461759,-0.8785367,0.7557206
0.77338105,-0.9314073,0.8387282
0.9997519,0.8761406,1.0680425
-0.35703498,-0.11660333,-0.695695
0.95501465,0.12268471,1.628255
0.7760313,-0.94131684,0.82102466
-0.5871571,0.7069498,-0.8512938
-0.1217279,0.7032385,-0.17675671
0.589631,0.8312542,0.73739755
0.3587968,0.58235115,0.5855554
-0.330023,-0.8202766,-0.42657372
-0.096066676,-0.5245489,-0.16932502
0.11804192,-0.4612562,0.20583442
0.77239853,0.61394656,1.1392831
0.7888304,0.94232666,0.8200348
-0.47834712,-0.655493,-0.7279679
0.52806115,-0.27407774,0.9670386
0.65709597,-0.6341653,0.9888832
-0.94244415,0.9137124,-0.98283476
-0.30898917,-0.0078938,-0.61966676
-0.36183625,0.32089683,-0.66584724
-0.49359524,-0.75554615,-0.6820598
0.2269273,0.68819946,0.3445482
0.2526481,-0.9140435,0.29847768
-0.89078695,-0.41819945,-1.3938673
-0.23818631,0.32265562,-0.45192713
0.9045547,0.48482716,1.3973073
-0.10070701,-0.29581994,-0.18331465
-0.69112337,0.59090364,-1.0641437
0.73261064,0.9527442,0.7635293
0.93661773,0.95948565,0.95110756
0.49134555,-0.94893515,0.5397872
-0.7659899,0.82137644,-0.94785726
0.81714296,-0.2297344,1.4137397
0.4651978,0.6208764,0.7309647
-0.22403717,-0.8143188,-0.3005454
0.625173,-0.3714605,1.1007015
-0.92593706,-0.6433279,-1.2756305
-0.58002776,0.4132048,-0.99743223
-0.6181912,-0.1696928,-1.1492158
0.63360685,0.59744155,0.9764477
0.32923868,0.47885785,0.57288235
-0.09257772,-0.89491147,-0.115129225
0.68745583,-0.1883452,1.234522
0.3558635,0.70862824,0.53387916
0.12882785,-0.40678647,0.2409878
-0.6784413,0.49164137,-1.0955206
0.19084026,0.25771418,0.36918542
-0.17853265,-0.60963434,-0.28383753
0.765627,0.20873332,1.3610818
-0.9998862,0.4078747,-1.5280573
0.52208745,0.2908281,0.9433416
0.6955689,0.3883888,1.1792424
0.99892753,0.7311079,1.2560073
-0.46367416,-0.79290223,-0.62820405
-0.04992848,-0.13383858,-0.10793686
-0.8612157,-0.89574766,-0.9520163
-0.9810977,-0.9885803,-0.91620034
0.12179148,-0.3570937,0.22333297
-0.9725742,-0.53206843,-1.4233594
0.81968325,0.8823107,0.9286847
-0.42991248,0.2820856,-0.79503214
-0.25435323,-0.36350483,-0.45693874
0.34339976,-0.12878437,0.6751267
-0.04214228,-0.14789948,-0.08058301
0.72975826,-0.39659414,1.229952
0.54037213,-0.19792384,1.0109165
-0.33854714,-0.81928146,-0.46107644
-0.42308185,-0.31736603,-0.7852247
-0.6729848,-0.37630686,-1.1617332
0.7865682,0.39502922,1.3119961
0.9745063,-0.7117954,1.2528126
0.276644,0.76137793,0.39730528
-0.74168295,0.7669931,-0.9922228
-0.33516544,0.32576427,-0.62691283
0.21378435,0.023977634,0.43062696
-0.4613897,-0.3920887,-0.83034295
-0.57261485,-0.09236407,-1.0743676
0.29126582,-0.7395019,0.4397102
-0.78773195,0.76675147,-1.0269486
0.44523162,-0.7194811,0.65623915
0.46457332,0.38936228,0.8421468
-0.8544106,-0.7112213,-1.1263245
0.5254392,-0.56060606,0.8453257
0.8459546,0.6841819,1.154124
0.67410636,-0.6398369,0.99531883
0.9323271,0.104175225,1.5987751
-0.463237,0.57581544,-0.72000533
0.4036386,-0.1873964,0.7629154
0.49504638,0.83244383,0.6489515
0.8807754,0.39108524,1.4262044
-0.30474767,0.7806099,-0.40477425
-0.6272731,0.99828,-0.62786096
0.72080475,0.72843176,0.9925274
0.67209303,0.5335918,1.0611342
-0.40832064,-0.68530166,-0.62234545
-0.9940832,-0.88564533,-1.0676666
0.5751455,0.019314248,1.0857705
-0.6543984,0.8502863,-0.7925998
0.17682937,-0.3788368,0.3198296
0.4797538,0.5610225,0.7780633
0.2163941,0.3340057,0.4141868
-0.11287883,0.10950513,-0.23680685
-0.5823504,0.7906646,-0.7971367
0.45912132,0.6675698,0.68932134
0.47497836,-0.4357436,0.8186662
0.95762885,-0.89491355,1.0282457
0.0029944077,0.35329118,0.0071553453
-0.65714985,0.39799517,-1.1344452
0.0977965,0.6994346,0.16143617
0.6695835,0.026742164,1.2332437
0.6770767,0.8503467,0.82723016
-0.52115613,0.52876693,-0.86489516
0.61509794,-0.32019097,1.0920922
-0.75789917,0.26412618,-1.3453017
-0.25872806,-0.8587774,-0.33001614
0.21952944,-0.75182843,0.31269598
0.09045796,0.6154387,0.15061605
0.27498394,0.90047836,0.32561153
0.3766938,-0.4335343,0.65501297
-0.44615972,0.29698026,-0.8234229
0.41429672,-0.32770595,0.770278
0.115736395,0.33453557,0.22802466
-0.962694,0.24578527,-1.5829041
-0.5380763,-0.8632918,-0.68303585
0.7786608,0.97126806,0.78037775
-0.40761688,-0.7284697,-0.613121
0.68157595,-0.916941,0.77523464
-0.41395423,0.9880579,-0.4419977
-0.080972515,-0.8678099,-0.09458123
-0.10945228,0.683598,-0.15557143
0.66369104,0.62687576,0.9952626
0.11100494,-0.055950318,0.2057015
0.89587915,0.9397443,0.9305783
0.13045937,-0.038055006,0.24634169
-0.4736821,-0.96855664,-0.5187244
-0.1873009,-0.56692404,-0.30064964
0.06266563,-0.63366425,0.09829413
-0.972466,-0.8768392,-1.0702478
-0.9218591,0.9364158,-0.95977604
-0.8865705,0.74047834,-1.1217239
-0.37659252,-0.5557778,-0.6236682
-0.7022357,-0.13053703,-1.2814904
0.06062708,-0.60697746,0.09603556
0.44018614,-0.15783152,0.84445894
0.99867547,0.7172941,1.25852
-0.69981796,-0.5666864,-1.1017917
0.24778816,0.4211101,0.47063565
0.4368901,0.70302063,0.64171875
-0.34350285,-0.5644647,-0.56110716
-0.37729996,-0.7257501,-0.54637384
-0.027356543,-0.15229078,-0.03687222
0.1710159,0.41663474,0.32318428
0.8188658,-0.34855843,1.3811201
-0.49580076,0.5449287,-0.8202836
-0.40038145,0.14997624,-0.76278955
0.68030614,-0.025025189,1.2689337
0.41316074,0.46264452,0.72707886
0.6362374,-0.34399176,1.1285456
-0.5245756,0.00466043,-0.9971717
0.81735057,-0.996189,0.804419
-0.95690924,0.41696587,-1.4891361
-0.21830904,0.44502786,-0.39084548
0.6685675,-0.3725804,1.1481702
0.33547235,0.112141244,0.6370489
0.4458785,-0.92538893,0.5176946
0.44325134,-0.03587933,0.8655241
0.60581565,-0.9553709,0.6402482
0.7373854,-0.43536487,1.2194189
-0.4268117,-0.36705944,-0.7840759
0.810897,0.8006526,1.0291923
-0.7541964,0.3320822,-1.2914169
-0.48460442,-0.4586972,-0.818732
0.2670496,-0.97000486,0.32314995
0.10063472,0.7117048,0.15502061
-0.5809502,-0.16839087,-1.0953257
-0.58270746,0.87881655,-0.68776506
-0.048860993,0.9420436,-0.052831415
0.78273475,-0.59917426,1.1741078
-0.94620097,-0.9207982,-0.9836215
-0.9793535,0.031257767,-1.6579143
0.96574897,0.8105861,1.1407871
-0.50856376,-0.11737354,-0.9685575
-0.09837385,-0.4692288,-0.17668395
-0.6780188,-0.358963,-1.1721569
-0.8924483,0.5171179,-1.35185
-0.521886,-0.5704638,-0.8404797
0.28146976,-0.5871056,0.4543958
-0.6159446,-0.7710097,-0.83015776
-0.22623569,0.044787854,-0.46297348
-0.16576377,0.59784186,-0.2783171
-0.4121981,-0.0035792508,-0.79985666
0.6880043,-0.4429934,1.1453212
-0.67523974,-0.78199816,-0.882132
-0.8856227,-0.44004104,-1.4016086
0.08465717,-0.73503536,0.12792164
0.8953647,-0.14905201,1.5527241
0.59724134,0.36868003,1.0522698
0.79999596,-0.07322554,1.4270903
-0.5120095,-0.8116316,-0.6651641
0.5439422,0.22826959,1.0196965
0.8682862,-0.43692702,1.3670805
-0.9991205,0.411702,-1.5488565
-0.45325825,-0.82155985,-0.60904163
-0.08667116,0.6236175,-0.1460855
-0.3110443,0.13298842,-0.6140568
-0.89248466,0.9257495,-0.92789155
-0.5863097,0.08895191,-1.1160437
-0.61689705,0.18812826,-1.1489363
-0.9390398,-0.22842199,-1.563615
0.14152175,0.48733032,0.25123444
0.8561192,-0.2721205,1.4595174
0.43258387,0.04207962,0.8365024
-0.012162441,-0.53586966,-0.007186399
0.40341607,0.18868227,0.78808427
0.55102044,0.8173562,0.7143127
0.17477462,-0.36231357,0.33488938
0.79080594,0.39234114,1.3212503
-0.0370754,0.24934444,-0.07311583
-0.41980624,-0.31941453,-0.7760755
0.34767422,0.64154893,0.54395217
0.6244607,-0.9281862,0.68178993
-0.5463024,-0.50477713,-0.9153027
-0.3777729,0.07987322,-0.74186915
-0.32595146,0.13589472,-0.6388518
-0.8218405,-0.50405854,-1.2793409
0.9011831,0.4602775,1.400534
-0.5337461,-0.48881707,-0.8640418
-0.48868746,0.50000834,-0.83363605
0.8288348,-0.003091678,1.4652308
-0.17008166,0.08488089,-0.31554484
0.21987814,0.1694263,0.4350444
0.7483996,0.9880415,0.7332175
-0.89746916,0.47077748,-1.4058794
-0.76707476,-0.20991696,-1.3525485
0.4175646,-0.22744037,0.7843898
-0.7964009,-0.80044776,-0.9896933
0.13715388,-0.2566642,0.2715065
0.9779471,0.89218885,1.032875
-0.36219493,-0.149158,-0.7033021
-0.88574266,0.2469487,-1.4898127
-0.06280032,-0.835154,-0.08700802
0.002399913,0.25254452,-0.010104707
-0.54086214,-0.6002981,-0.85240895
-0.048920453,0.5737159,-0.09559613
0.44497603,-0.5230369,0.7324044
0.85864437,0.07135774,1.5219556
-0.26931506,0.11637894,-0.5352356
0.9964628,-0.40926903,1.5418762
-0.42960933,0.6127074,-0.68592227
-0.5904889,-0.351847,-1.0467846
-0.5728525,0.21288566,-1.0534726
-0.61428857,-0.8208479,-0.78127307
0.85448515,0.010899961,1.501337
0.70260626,-0.14586222,1.2718842
0.3252773,-0.37931174,0.60069513
0.12799972,0.07052545,0.25761792
-0.9854148,-0.16526479,-1.6331216
-0.42504293,0.57986146,-0.6876066
0.6008432,0.3714895,1.0333211
0.15615891,-0.18013121,0.3145295
0.947769,0.6738899,1.255626
0.50160515,0.088068984,0.9568251
-0.19206633,-0.921383,-0.22750561
0.4998777,-0.8482594,0.6460431
-0.24114107,-0.7828119,-0.3413369
0.24245282,0.91496456,0.2934642
0.015615834,-0.44517547,0.017864905
0.7821946,-0.04431146,1.4074442
0.2881617,-0.930157,0.3359235
0.8673487,-0.2329355,1.474186
0.12358297,0.7826869,0.17443843
0.71296495,0.56082326,1.1019238
0.79283774,0.49484345,1.2561347
0.49305314,0.5837267,0.7790427
0.011696033,-0.32743376,0.032475494
-0.32183772,-0.68063986,-0.5105425
0.9779882,-0.13120638,1.6563873
-0.7203718,0.37379345,-1.2346913
-0.2486387,-0.36553678,-0.44476065
0.9012071,-0.0975689,1.5505364
0.123563215,-0.29127103,0.24158505
-0.92049056,-0.4753916,-1.4173189
-0.1828066,-0.6396172,-0.29322326
0.05488879,0.09558956,0.097595565
0.80256206,-0.9152044,0.8762358
0.4236304,0.92696166,0.52043426
-0.8789695,0.30508068,-1.4726821
-0.89125067,-0.108168125,-1.5591962
-0.5129918,-0.09683539,-0.9979218
-0.39983612,-0.09939957,-0.7655856
0.07187086,-0.23671141,0.119593866
-0.2720228,-0.18257657,-0.54678655
-0.91711694,-0.14124933,-1.5617733
-0.784776,0.8756727,-0.9023098
0.9989523,-0.56185234,1.4310405
-0.93293,-0.34167498,-1.5204872
0.28212926,-0.6361478,0.46042386
0.23626547,-0.0043491605,0.45606288
0.6085364,0.4680876,1.0118592
0.79338676,0.5896326,1.1794604
-0.20950948,0.6106877,-0.35725117
0.05073713,-0.40732396,0.09711526
-0.26977026,-0.45044756,-0.46797597
0.097650625,0.5856076,0.15889657
-0.98757404,0.4074822,-1.5326062
0.84002244,0.24361673,1.4566257
0.50218624,-0.08463247,0.95092505
-0.81797314,0.5576237,-1.2424768
-0.42770994,-0.42147508,-0.7638231
-0.9885694,-0.56747884,-1.404134
0.041469045,0.41603068,0.0652519
0.30218303,0.13341026,0.5937166
0.23103933,-0.045321696,0.47697192
-0.6897255,-0.5454939,-1.0936153
-0.06953851,0.84037113,-0.08569798
-0.25291252,0.48413,-0.44795024
-0.069576874,0.5604021,-0.12551886
-0.4579662,-0.14080264,-0.87359506
0.009823911,-0.82140195,0.011653324
0.99288327,0.3828556,1.5440948
-0.32831913,-0.052094016,-0.63378334
0.85936266,0.038823564,1.5265963
0.78792876,-0.61765534,1.1616125
-0.66367316,0.823408,-0.83411276
0.3026022,-0.92892236,0.3458219
-0.03470015,-0.4536569,-0.06280272
-0.57792884,-0.9317739,-0.6694581
0.92959994,-0.42111185,1.4533204
-0.3196426,-0.15514359,-0.6251402
0.21049318,-0.11264013,0.41562575
0.59071255,-0.12124313,1.1143242
-0.88101554,-0.99459344,-0.83272
0.083107844,0.62676096,0.1308565
-0.11818444,0.7468947,-0.16254722
-0.40867278,0.6060675,-0.6464026
0.20238723,0.77092874,0.2993848
-0.3275355,0.37784672,-0.59093803
-0.7317594,-0.71236736,-1.0193793
-0.9190406,-0.9520338,-0.90931344
-0.6346335,-0.41476786,-1.0992316
0.10590144,-0.6644385,0.15859127
0.514604,0.5921734,0.81468517
0.27360806,0.35250533,0.5208433
-0.33328384,-0.82783914,-0.44473633
0.076532684,0.50296485,0.12923205
0.4429569,0.036915664,0.8467543
0.09879222,0.33486885,0.1987091
-0.42693165,-0.05525762,-0.8206745
0.6028845,-0.053986706,1.1256555
0.22035682,-0.890308,0.25523695
0.5942602,-0.76028633,0.8022306
-0.5144884,0.8461587,-0.6754493
-0.81520134,-0.2954129,-1.3921925
0.89780843,0.6511376,1.2368135
-0.18075868,-0.13178524,-0.3498774
0.9905589,0.33734593,1.5596565
-0.10241818,-0.8081787,-0.1491529
-0.13191319,0.40250182,-0.24501252
-0.8378822,0.5443311,-1.28827
-0.20188583,-0.4761785,-0.35029835
-0.97213733,-0.58512014,-1.3845934
-0.47020692,0.108720765,-0.89882344
0.8141182,0.9299008,0.8553381
-0.9250634,-0.6640249,-1.2527643
-0.5576903,0.83229315,-0.69426686
0.37362272,-0.40192267,0.66370773
-0.6600551,0.2100284,-1.2067282
0.82099247,0.8509289,0.9725443
0.297221,-0.54052526,0.50844973
0.75182533,-0.20416252,1.3195482
0.47789723,-0.39248136,0.84696794
0.5465277,0.29937142,0.9839219
-0.04104559,0.6744032,-0.06744067
0.5616667,0.32034305,1.0053126
-0.3807575,0.643701,-0.6000044
0.7999933,-0.4829185,1.2688273
-0.70492965,0.8911057,-0.7966943
-0.61949956,0.80807966,-0.8070184
0.026218312,0.34413666,0.042042047
0.18622583,0.64988244,0.30883002
-0.7294633,0.6130039,-1.0918043
0.5474288,0.52620304,0.9132133
-0.75178725,-0.44513077,-1.2363939
0.6195046,0.72180927,0.8791909
-0.8437798,0.4796061,-1.3235123
0.19930162,0.0834164,0.40821618
-0.14579594,0.67290074,-0.22788452
0.6111245,0.18556212,1.1358255
-0.04329927,-0.66000307,-0.06163027
0.056960106,0.9355185,0.053662084
0.28377354,-0.8672756,0.36172995
0.5350412,0.7750148,0.72743315
0.9521062,-0.7967517,1.1429719
0.054286376,-0.67882544,0.09414004
0.61766905,-0.021758819,1.1439238
0.772725,0.6782218,1.1000228
-0.495888,-0.26354375,-0.9132145
-0.08294496,-0.35081214,-0.1616982
0.35328427,-0.31058088,0.66540337
-0.7198018,0.71433663,-1.0132532
0.017129218,-0.9230143,0.011880349
-0.53297967,0.27960694,-0.98601305
0.9907391,0.9690704,0.9428273
-0.6414705,0.2705769,-1.1495974
-0.936227,0.24749379,-1.5585463
-0.90773064,0.29890707,-1.487785
0.9761115,0.77790576,1.1711947
-0.9041689,0.48506856,-1.3788419
0.65181565,0.5389451,1.0510056
0.35254246,0.315858,0.6574488
0.05786982,0.04974524,0.1076782
-0.99764633,0.58038163,-1.4127156
0.7591471,0.63838047,1.1238472
0.8258904,0.5976817,1.2178301
-0.12616085,-0.0828019,-0.23429403
-0.14300792,-0.6402292,-0.22081333
-0.71812236,0.5772992,-1.110316
0.75616974,0.5341131,1.1931202
0.4247909,-0.30967444,0.7720672
0.29320344,-0.82790434,0.39040467
-0.32089978,0.5659913,-0.5299105
-0.75612617,-0.9487043,-0.78881407
0.34453416,0.2895234,0.6399229
-0.7977942,0.30577666,-1.3537406
0.80398625,-0.631115,1.155824
-0.6913216,-0.7727282,-0.8889382
0.85701704,-0.05753375,1.4825656
-0.7917401,0.38960648,-1.3180665
-0.36306417,0.35236603,-0.6767269
0.64612836,0.009156763,1.1947395
0.6955689,-0.25701067,1.2483885
-0.8554715,-0.54380274,-1.2929443
0.99361,0.13303535,1.6661431
-0.66106284,0.26356047,-1.1917781
0.5508176,-0.26225373,1.0063647
-0.7188825,-0.99863464,-0.707508
0.8996802,0.07461323,1.5565394
0.12996016,0.8126239,0.18065056
0.26083457,-0.63833433,0.42159167
0.13040493,0.5840573,0.22643232
-0.07200342,-0.3524361,-0.15830998
0.5579346,-0.51726395,0.92655206
-0.65485233,-0.36703143,-1.1314182
-0.6003523,0.69743294,-0.8657869
0.510798,-0.2813783,0.9253604
0.529389,-0.97102565,0.573508
0.52024615,0.49567735,0.879563
-0.28017196,-0.47142488,-0.48786792
-0.07721158,-0.25064453,-0.14336692
-0.5361825,-0.8662572,-0.6498595
0.7410534,-0.9924459,0.71807724
0.26823202,0.7145292,0.39979354
-0.084431514,0.4597766,-0.15587217
-0.1236089,0.9079831,-0.15967509
-0.6306593,0.8681191,-0.75188076
-0.11517465,-0.47880948,-0.20779417
0.21575096,-0.19224885,0.42139024
-0.2041867,0.14633757,-0.4000322
-0.3971428,-0.8490454,-0.5023763
-0.5280846,0.97388124,-0.5711035
-0.362397,-0.45977113,-0.62054616
0.029748922,0.90954554,0.048025683
-0.09395996,0.8639159,-0.12176259
-0.09537675,-0.5356482,-0.16580597
0.6551779,-0.8565494,0.80606043
-0.0066795624,0.50040454,-0.02971639
-0.06648264,0.40537956,-0.11014828
0.6772248,-0.27534014,1.2059563
0.86002016,0.509482,1.3317785
-0.18526968,-0.6425139,-0.30625775
0.9061589,-0.08441902,1.5795099
0.22067612,-0.55708575,0.3752935
0.9522821,0.77923506,1.1684891
-0.5240253,0.7841505,-0.7114935
0.24065349,-0.15945694,0.47345087
0.20732865,0.35876897,0.39839137
0.5235152,0.85874796,0.65524095
0.16724683,-0.42309454,0.2911041
-0.59508747,0.85906035,-0.7391483
0.63819176,-0.18061014,1.1655546
-0.6255623,0.267498,-1.1226047
0.9890326,-0.8133196,1.1518717
0.5998865,-0.26364475,1.0791413
0.21302678,0.2479937,0.40930325
-0.84510744,-0.8733959,-0.9447091
-0.48535925,0.57259816,-0.7926886
0.5508518,-0.49840808,0.927111
0.43904203,-0.6867375,0.64439917
0.8691695,-0.6618141,1.1902025
0.5958896,0.5053441,0.9923235
0.5828878,-0.17334516,1.0900214
-0.1913293,-0.41638058,-0.35493994
-0.2776556,-0.70854825,-0.4222758
0.16099414,-0.73476434,0.23675193
0.26593518,0.7138455,0.38939297
-0.6877779,0.79641,-0.88508064
-0.13512056,0.6080185,-0.22449587
-0.05122345,-0.28437576,-0.098405644
-0.74490684,0.23625442,-1.3261567
-0.24263075,-0.89048934,-0.29766932
-0.72925276,-0.42367858,-1.2098234
-0.12525581,-0.95573,-0.13351749
0.98041826,-0.4076111,1.5253
-0.76715493,-0.704796,-1.0630299
0.8094527,0.50767684,1.2592424
0.41554335,0.12813075,0.7892239
-0.9441345,-0.3819385,-1.5064278
0.9935952,-0.60754526,1.3843715
0.69163805,0.39030075,1.1721238
-0.9167966,0.8166668,-1.0807505
-0.7053148,-0.40640366,-1.189825
-0.65588665,-0.5921841,-1.0090156
0.5865551,-0.42448732,1.0355709
0.1800571,0.3243691,0.30156934
0.6118712,-0.028482797,1.1591138
-0.12206435,-0.57023543,-0.20416655
-0.88270795,-0.2741587,-1.4870791
-0.78958035,-0.31081343,-1.3447874
-0.79359645,0.23624411,-1.3863553
0.43187666,-0.24380508,0.821296
0.92806906,0.48062935,1.4259448
0.99926305,-0.5610928,1.4228154
-0.2169326,-0.58192855,-0.35929108
-0.86426526,-0.8847228,-0.95371747
-0.23907995,0.53877795,-0.41655612
0.7596779,-0.26509944,1.313623
-0.1121181,0.5539585,-0.1822658
0.66385454,0.07926514,1.2336402
-0.36354077,0.94470507,-0.43124086
-0.87941504,0.53402084,-1.3224474
-0.12014625,0.5746796,-0.18743545
-0.96317476,0.25847065,-1.5661123
0.5590042,-0.1066673,1.0575479
0.3539137,0.8038548,0.47479135
0.620748,0.3563817,1.0944134
0.13251834,-0.45473653,0.24888714
0.060191907,0.13976724,0.098701075
0.42649543,-0.5044809,0.7215228
0.7708567,-0.8278285,0.95525044
0.3800062,-0.22085415,0.7113035
0.60730433,0.48401874,1.0134801
0.7031779,-0.27573702,1.247558
0.37547913,0.7685434,0.5538537
0.9707276,0.6333781,1.3376734
-0.4129452,-0.57076293,-0.6791365
-0.004054928,0.7949441,-0.01792829
0.23439132,-0.24727237,0.45099398
0.59991354,-0.574202,0.9456076
0.64811337,-0.24787986,1.1551942
0.6492857,0.16454501,1.191833
0.93915486,0.08078,1.6045617
-0.7996832,-0.18058994,-1.4247341
0.033083487,-0.66764045,0.050582286
-0.75819206,-0.77522,-0.99112105
-0.43732956,-0.022036852,-0.84666395
-0.5625719,0.91536117,-0.6489177
-0.8692539,0.34703225,-1.4432153
0.73950875,-0.93837285,0.8048666
0.27636856,0.36338845,0.5124739
-0.719081,-0.44756332,-1.1740317
0.01188922,0.28533965,0.04061604
0.17287694,-0.07482536,0.34065807
-0.2681788,0.65497744,-0.39441705
-0.6714177,0.29468963,-1.1982496
-0.21906994,-0.35687152,-0.4207275
0.8903411,-0.028634356,1.5495077
0.57891405,0.5974799,0.91000336
0.68777406,0.91973144,0.764051
-0.9991738,-0.1759908,-1.6543255
0.45224792,0.45505255,0.7886844
-0.891515,-0.14049086,-1.5444129
0.4153343,0.872841,0.5371997
0.16950524,-0.6520734,0.2630528
-0.61669165,0.8310026,-0.78048813
-0.9919292,-0.054617368,-1.6908785
0.91506773,0.6582161,1.2639138
0.37451565,-0.46436018,0.65676504
0.5943806,0.6870631,0.87029755
0.3817962,-0.27665743,0.73006356
-0.6714809,0.41434637,-1.1249292
0.66636765,0.5890048,1.0256634
-0.5199995,0.6190376,-0.8048971
0.0169719,0.22092283,0.032035332
0.42073536,-0.88220793,0.5106278
-0.8388278,0.6698784,-1.1754738
-0.6426315,-0.5493282,-1.0208696
-0.4788988,-0.029177278,-0.9212397
0.31609035,0.58489543,0.5021057
0.59085727,0.63286006,0.8898609
0.8466714,0.9875229,0.8269054
-0.11536114,0.0725227,-0.246266
0.090203024,0.5695864,0.15107746
-0.7609874,-0.7986702,-0.9637622
-0.17074548,0.1893468,-0.33086246
-0.87923783,-0.014157841,-1.525039
-0.8280138,-0.53754705,-1.2680179
-0.39232472,0.06531526,-0.75529695
-0.6876048,-0.2674289,-1.2256151
-0.83079594,-0.26058978,-1.4301499
-0.84941155,-0.3174443,-1.4347436
0.6611756,0.20307468,1.1954086
-0.45359004,0.12856159,-0.8643702
-0.4239512,-0.012604704,-0.8217563
0.23066986,-0.00692401,0.45374328
-0.29891425,-0.5442781,-0.53087986
0.7889925,-0.15401508,1.4034818
-0.2857803,0.10851668,-0.54913694
0.55040497,-0.08615123,1.0325398
0.14328538,-0.6145293,0.24034658
0.9967446,-0.11492277,1.6650739
-0.44355214,-0.36658758,-0.7847535
0.3771724,0.1855442,0.72892815
0.7068108,-0.2161374,1.2727083
-0.8950936,0.44797188,-1.4055597
0.72107375,-0.13506666,1.3001411
0.84733146,-0.8394194,1.0137199
0.50870055,-0.22428961,0.9436095
-0.24591754,0.14130782,-0.48541328
-0.40455323,0.92262876,-0.4645298
0.6903389,0.43943334,1.1638335
-0.26859325,0.08797576,-0.53544635
-0.8119115,0.35557505,-1.370804
0.013976444,-0.8413371,0.023265557
-0.21692422,-0.082296826,-0.43163764
0.12688164,-0.7502447,0.18270934
-0.13220018,0.46405008,-0.256579
-0.89749306,0.4526422,-1.410121
0.8809155,0.21709664,1.5195925
-0.45794842,0.6248884,-0.731425
0.71518445,-0.7915086,0.91350454
-0.82463497,0.6099248,-1.1988798
-0.1541975,-0.01163239,-0.3137289
-0.77424115,0.7344541,-1.0191061
0.8161709,0.9630433,0.8396327
-0.44308978,0.15939835,-0.8457168
-0.9858768,0.80482733,-1.158345
-0.65865964,0.4507223,-1.0915352
0.5173092,0.5733532,0.8383162
0.046526838,-0.46930856,0.09137402
-0.007195552,-0.71170837,0.016911302
0.9379234,0.89736164,1.0091565
-0.46869066,0.715233,-0.683669
-0.06093725,-0.04854874,-0.11150913
0.9184804,0.7053726,1.2074925
-0.8911353,0.07502268,-1.5475823
-0.60083854,0.009965479,-1.1338171
-0.8214701,0.6862088,-1.1294507
-0.68894273,0.40948442,-1.1694701
-0.10474332,0.9400326,-0.1518473
-0.09774233,0.45413727,-0.16552323
0.15448037,-0.3751142,0.28405863
0.0026315951,0.80609524,0.01515112
-0.77042264,-0.6972656,-1.0691999
-0.7905315,0.41269198,-1.3263519
-0.4623175,0.56453264,-0.75402355
0.9538907,0.43205413,1.4675256
0.10459631,0.82584125,0.14095195
0.4273653,-0.43763563,0.74549633
0.33675262,0.23823792,0.63991517
0.20445125,0.2091484,0.3893736
-0.208806,-0.99546826,-0.23185952
0.7109366,0.9776389,0.72906935
0.5020059,-0.50709784,0.8479317
0.8137332,-0.0099999355,1.4564106
-0.36290112,-0.46557218,-0.62671834
-0.46988782,0.66129774,-0.7219735
0.3463315,0.14031477,0.6679007
-0.5689233,0.832644,-0.72488993
-0.40891743,-0.59735394,-0.66112185
0.30835983,0.8740904,0.39069006
0.83218944,-0.27151614,1.4119262
-0.25037268,0.914521,-0.2891115
-0.8452968,0.6852649,-1.1497267
-0.2383417,-0.61079633,-0.38887307
0.7880365,0.36303365,1.3331913
-0.73454225,-0.41250935,-1.2211609
-0.39105225,-0.8130846,-0.5148862
-0.5552904,0.77769446,-0.7448145
0.20124015,0.566174,0.33503398
0.9944407,0.39122316,1.5435996
-0.07339136,0.38778925,-0.13933668
0.8881096,0.43808925,1.4161749
-0.66743803,-0.71313924,-0.9296527
-0.20811003,-0.73996717,-0.31103268
-0.7792177,-0.6594653,-1.107667
0.491602,-0.89893407,0.5776223
-0.41688815,-0.04345264,-0.81743145
0.54247713,0.501944,0.9047818
-0.79818887,0.25180808,-1.4066443
-0.496344,-0.8039823,-0.6623449
0.5329387,-0.1546154,0.98084784
-0.23183116,0.38418746,-0.4321319
-0.58267874,0.9437974,-0.6472616
0.059712674,-0.16149159,0.11499757
0.400296,0.28937325,0.72702944
-0.36703855,0.9271682,-0.43593436
-0.9723996,0.5184043,-1.4410808
0.04045827,0.16369788,0.08523782
-0.929273,0.057693195,-1.5979356
0.24433011,0.91729826,0.29223764
0.74663115,0.017012551,1.355375
0.5280799,0.75803685,0.7419781
-0.79905814,-0.842474,-0.948595
0.7816198,0.16996974,1.3992738
0.7760453,0.42280504,1.272434
-0.8295959,-0.16331157,-1.4594011
-0.40250412,-0.19221061,-0.78255934
-0.6427428,0.7213729,-0.8993577
0.16326086,0.023280904,0.33411458
0.37006775,0.705732,0.5539451
-0.7901367,-0.50619084,-1.2431772
-0.6317165,-0.9985988,-0.64217687
0.7139567,0.15576193,1.2864509
-0.050883926,0.702409,-0.08507078
0.3806791,-0.10348143,0.75935775
-0.6302472,-0.0071841753,-1.1724511
-0.5075058,0.2577916,-0.9431631
0.6832843,0.3166829,1.2271638
0.22594902,0.58148015,0.3753322
-0.8515303,-0.4806689,-1.3530568
-0.060136504,0.6661723,-0.08410718
-0.04787791,0.9255665,-0.055172656
-0.9374301,0.584888,-1.344359
-0.6672113,0.07291987,-1.2264601
0.14059508,0.53508157,0.2436402
-0.5704968,0.06784512,-1.0603806
0.50705045,0.32582438,0.9070016
0.2112974,0.754372,0.28792855
0.5160652,-0.76847446,0.7121796
-0.35210267,-0.91029054,-0.43335962
0.65843606,0.383432,1.1328498
-0.5175114,-0.37903202,-0.92555004
0.035123754,-0.29341206,0.056160737
0.39484215,-0.34491464,0.71730995
0.81793433,0.9390675,0.8527166
-0.2361014,0.4255435,-0.42185113
0.7377646,0.9249585,0.81169206
-0.48835596,-0.9731606,-0.5329624
0.939482,0.021559406,1.612514
-0.19989324,0.21350119,-0.38330218
0.28574243,0.63193655,0.45991206
-0.4532581,0.70759904,-0.6607368
0.01803198,0.1906617,0.03186586
-0.2320867,-0.6602042,-0.36735594
-0.71450156,0.4133122,-1.1965458
-0.22829872,0.39916486,-0.439188
0.19633824,-0.13948798,0.39252758
0.68344545,-0.87219346,0.81229705
-0.72418404,-0.646716,-1.0701786
0.0034565444,-0.73273164,0.009539677
0.6736765,-0.8273085,0.84114593
0.45804316,0.87903327,0.5601477
0.758805,-0.9559886,0.8025376
0.17465256,-0.43670416,0.3247059
-0.82534724,-0.40293097,-1.3657396
-0.16364534,-0.38026142,-0.29981947
0.62145066,0.19254486,1.1365342
-0.3155126,0.3744042,-0.58600354
0.96118164,-0.7868064,1.1761519
-0.87363046,-0.21045096,-1.4864429
0.78700256,0.73206705,1.0311195
-0.38680208,-0.24122837,-0.73195773
0.42397457,-0.8514662,0.54271245
-0.16109501,0.3450733,-0.2866611
0.2888413,-0.27643785,0.5415823
-0.22004947,0.34461436,-0.41566914
0.559367,-0.5787693,0.89413863
-0.60003954,0.09517805,-1.1329216
0.20088293,-0.34005192,0.39542368
-0.32603756,-0.23161158,-0.6293116
0.80495256,-0.53140503,1.2459396
0.049901668,-0.0413222,0.09294537
0.7174395,-0.0074478183,1.3149762
-0.96283627,-0.96981794,-0.93797576
-0.7235299,-0.7614753,-0.9771655
-0.31713614,-0.037447315,-0.6298344
-0.2715121,-0.17803143,-0.53031033
0.34948528,-0.8410663,0.45691615
0.9424547,0.01708993,1.6115521
0.3417688,-0.41091186,0.61855316
-0.25769424,-0.8713897,-0.32618052
-0.46879077,-0.7114333,-0.70280904
-0.6304596,0.7308067,-0.87167495
-0.40867326,0.7913248,-0.5477704
0.3155583,-0.22184034,0.593481
-0.22078179,0.96959835,-0.24777767
-0.021794116,0.9795094,-0.0156708
-0.15039946,-0.62213475,-0.24782923
-0.5038042,-0.47379822,-0.86499465
-0.9956972,-0.0117178,-1.6823516
-0.73962593,0.74732214,-0.9731015
0.36446637,-0.3520526,0.6786062
0.09418144,-0.889821,0.13233669
-0.46583906,0.71212524,-0.6734837
0.3579835,0.9320946,0.42535445
0.8541597,0.020583525,1.5078578
0.82637066,-0.43783522,1.3115021
0.21186866,-0.48680702,0.37067482
-0.45852172,-0.1722717,-0.8551923
-0.7312591,0.5954888,-1.1085224
0.86760414,-0.1401056,1.5095261
0.06246658,0.038109753,0.12658939
-0.028383475,0.110025324,-0.0829255
0.19230351,0.5534725,0.3275612
0.58318806,0.07752859,1.0927147
0.29676947,-0.59580183,0.47597298
0.66755927,-0.32033038,1.1652738
0.12663245,0.8899519,0.14516224
0.21343243,-0.22092827,0.40374577
0.21287772,-0.05851715,0.4261496
0.6471064,-0.04095173,1.186654
0.11082606,0.7177279,0.15614693
0.4123706,0.18109392,0.80080557
0.27963793,-0.17829217,0.5279075
0.18934552,-0.45705193,0.34813142
0.59684366,-0.7906665,0.78809005
0.87819135,0.63444304,1.2253016
0.49854708,0.41972557,0.8712614
0.850946,-0.74529135,1.1067362
-0.91946554,-0.759796,-1.1727295
0.62429154,-0.5414467,1.0045111
-0.68708146,0.54386705,-1.0906686
0.01519503,0.24753894,0.011264444
-0.83909357,0.17138316,-1.4636036
-0.3115342,-0.34491044,-0.59671193
-0.21594055,0.32621333,-0.39701483
0.623786,-0.587014,0.98137903
0.797887,0.23341587,1.3909094
-0.3172749,-0.30673853,-0.5969661
0.8338895,0.5171813,1.2744349
-0.6861668,0.5411288,-1.0828612
0.40753737,0.9320709,0.46729076
-0.88598377,0.74443245,-1.1198413
0.074165985,-0.7846423,0.102867536
0.239339,-0.54241925,0.40460274
0.8025785,-0.91836673,0.8627582
-0.081564546,0.43243885,-0.15437794
0.17307097,-0.18285741,0.34540662
0.36246625,-0.1637067,0.6917397
-0.52985847,0.41536233,-0.92070794
0.8594597,-0.6765774,1.193236
-0.36882687,0.06660411,-0.72042567
0.23963262,-0.18280913,0.45662847
-0.038592495,0.52931607,-0.06960604
-0.4479873,-0.9589797,-0.46759966
-0.41277298,0.28197047,-0.77444714
0.02705847,-0.4053623,0.043179575
0.18637621,-0.9706059,0.19079083
0.058723018,0.8915362,0.079500884
0.8831306,-0.1446915,1.5295795
0.59657747,-0.65342665,0.8959528
0.91873956,-0.3731198,1.4712481
0.765149,-0.93187654,0.83560807
-0.4919723,0.5777533,-0.7734159
-0.88821363,-0.7028085,-1.1846355
0.12900242,0.008847065,0.25628284
-0.22630495,-0.30430794,-0.42572203
-0.58602566,-0.9409469,-0.6624335
0.6084896,0.13295266,1.1448315
-0.37007895,0.4355091,-0.64775544
-0.81908077,-0.33903584,-1.3790121
0.85652757,0.718133,1.1365799
-0.2459699,-0.13182765,-0.47440046
-0.4472483,0.99826306,-0.48791105
0.641855,0.13947512,1.197368
0.9346034,0.5080912,1.3992473
0.8816831,0.45969164,1.3982358
-0.8496662,-0.78668666,-1.067859
-0.50018543,-0.9493485,-0.55964565
-0.872907,0.15332592,-1.5219955
0.545265,-0.8710088,0.68214756
-0.47576824,0.21015729,-0.89531505
-0.14789051,0.6682412,-0.22474624
-0.3083879,-0.774189,-0.45325068
0.88391477,-0.69541276,1.1850995
0.6466459,-0.31283993,1.1295305
-0.149881,-0.41811067,-0.2877678
0.002128502,0.52410656,0.0028056845
0.61118674,-0.18720704,1.1290125
-0.6626724,0.29280987,-1.183036
-0.23464562,0.9654392,-0.26318502
-0.8415465,-0.73922384,-1.1137964
-0.44909889,0.3557717,-0.8180972
-0.8080641,-0.0630385,-1.4439726
-0.94840187,-0.9081319,-1.0090586
-0.6540325,0.6556941,-0.9467309
-0.29039842,-0.44829038,-0.5113217
-0.2642335,-0.029850028,-0.5314088
-0.65199906,-0.9638231,-0.6812352
0.67880875,0.06946707,1.2573513
-0.3996097,0.2664973,-0.7588597
-0.31067735,-0.3940505,-0.56265247
-0.95424384,0.5860794,-1.3546157
0.6696138,-0.9612801,0.7124961
-0.22267672,-0.41028237,-0.4149108
0.55000365,0.670646,0.811223
-0.72371316,-0.3904091,-1.224772
0.80446994,0.29544014,1.3789712
0.76211476,0.9092557,0.82518953
-0.45794645,0.8133835,-0.5948055
-0.8372107,0.11919808,-1.4600918
0.79338884,-0.052834313,1.4216036
0.24351472,-0.9037465,0.30564845
0.7461767,0.62668407,1.113163
0.5902208,0.17193802,1.1090136
0.69028354,0.12763777,1.2711333
0.29169902,-0.9446994,0.34243613
-0.6380009,-0.58942854,-0.9800566
0.24959633,-0.2734186,0.4831255
0.86294025,0.82070535,1.0382476
-0.78964275,-0.63524014,-1.1553141
0.39217478,-0.202897,0.7536383
0.60513204,-0.4782903,1.0002284
0.5332511,-0.09301866,1.0128721
0.11539594,-0.2740024,0.2235594
-0.36748022,-0.09568242,-0.7058887
-0.86536473,-0.13920942,-1.5182698
0.47916052,0.7481484,0.6848123
-0.37436092,-0.109791785,-0.7123663
-0.74207366,-0.21328866,-1.2985953
-0.37523204,0.1388393,-0.70475763
-0.19153368,-0.6761064,-0.29513276
0.5395614,0.7005947,0.7662635
0.9995051,0.0635384,1.6702306
-0.3454085,0.8187155,-0.46240786
0.7386048,0.06513333,1.3546484
0.6355291,-0.3565958,1.107971
-0.4331111,0.7400479,-0.63174593
0.97534174,0.87930286,1.0416373
-0.403275,-0.5570268,-0.6592094
-0.6623104,0.47643963,-1.0918981
-0.04615956,-0.54547065,-0.056925356
0.9020803,0.3113043,1.4852266
-0.0725984,-0.61529297,-0.11993078
0.8210215,-0.36872613,1.3816966
-0.7775953,0.10370974,-1.3823491
0.67642003,-0.2804451,1.1935858
0.5840229,-0.9441878,0.6254141
-0.26001346,0.20979387,-0.5067215
0.5477065,-0.89673626,0.64000094
-0.79650134,-0.42617717,-1.3030658
-0.54459864,0.18696222,-1.0197694
-0.6869887,0.37138268,-1.1758673
-0.9878038,0.8275367,-1.1336864
0.8737742,-0.9176777,0.92696434
-0.3517407,0.1131095,-0.68447286
0.054645233,0.97331053,0.06591378
-0.7886278,-0.87455666,-0.90669477
0.113341205,0.50269175,0.19126272
0.31834814,-0.014717411,0.63063127
0.69375765,0.021300975,1.2687103
-0.8953069,-0.19784306,-1.5392303
0.7855503,0.8380051,0.94552517
0.7134601,-0.47844237,1.1540321
-0.068941906,-0.054664772,-0.13557103
0.8835008,-0.29489437,1.4850495
-0.53532565,-0.48120746,-0.87154484
0.5945167,-0.84362674,0.7531745
-0.9508402,-0.25525674,-1.5843952
-0.54531,0.45852107,-0.93373007
-0.7733333,-0.6574904,-1.1126053
-0.19381016,-0.9384063,-0.2345538
0.79862404,0.38870883,1.3292828
0.29645732,-0.8320179,0.41253728
-0.4924995,0.52033615,-0.8100151
0.19408208,0.3575008,0.3656695
-0.14482206,0.4473841,-0.27070448
-0.5688377,-0.9971074,-0.5823448
-0.4485242,0.9797088,-0.48216018
0.56154764,-0.11363145,1.0593971
0.1364348,0.38955396,0.24888255
-0.07614135,0.97726,-0.09367523
-0.31325135,-0.35604385,-0.5644891
-0.17206001,-0.00790424,-0.36048248
0.102465436,0.9605753,0.10997978
0.88381284,0.14500141,1.5052472
0.25263107,-0.4547888,0.45231014
-0.4059686,0.4378953,-0.7275159
0.22864936,-0.583021,0.38143313
0.029105023,-0.429439,0.060484
0.4377626,-0.12703834,0.839331
0.83873487,0.59418774,1.2340347
0.031231822,-0.07105387,0.0748102
0.7847187,-0.06078731,1.4117728
-0.39473158,-0.81094974,-0.54653245
-0.53809905,-0.3817234,-0.9464433
0.16269091,-0.6486486,0.2605732
-0.018485202,0.4034764,-0.047650926
0.59192586,-0.8577458,0.7294252
-0.89857334,0.49021924,-1.3847766
-0.80669916,0.89316875,-0.90878356
0.89868456,-0.37957162,1.4459987
-0.3452351,0.6380869,-0.5475487
-0.966462,0.63707143,-1.3322922
-0.39238736,-0.6877567,-0.5897077
0.9341983,-0.42810723,1.4563936
0.06621717,0.8101888,0.08236068
0.20795774,-0.48861492,0.3644974
-0.993146,-0.8903425,-1.0670887
0.31407046,-0.4918045,0.54830134
-0.19404119,0.7187976,-0.2873471
0.17860204,0.17146125,0.33269483
0.76735663,-0.3005107,1.3082083
-0.96572965,-0.6559251,-1.2986739
-0.03263231,0.29244676,-0.042319566
-0.38490203,-0.35251868,-0.68449235
-0.7914026,0.6873883,-1.0992721
-0.37358534,0.32565132,-0.687723
-0.86109877,-0.37794197,-1.4109592
-0.5931162,0.7436153,-0.82606566
-0.2220288,0.93740207,-0.27221838
-0.6228617,-0.66339993,-0.91513497
0.7419346,0.85400957,0.8879902
0.40515643,-0.74653345,0.58574873
0.63451535,-0.878597,0.7630244
0.19612019,0.7107449,0.30494952
0.9418172,0.43260422,1.4658208
0.21665429,-0.48967403,0.37244904
-0.8066242,-0.29639763,-1.3751768
-0.53515226,-0.32523587,-0.9623792
0.012552382,0.44359943,0.032071523
0.33362278,-0.35936663,0.6191728
0.029615102,0.15480722,0.041171327
-0.77050495,-0.108787015,-1.39027
0.29236916,0.46370685,0.48116452
-0.73611385,0.88857687,-0.8476127
0.5543856,-0.34507337,0.9900652
0.59546584,-0.08073564,1.1114863
0.47618288,0.73641044,0.6708902
-0.9972919,0.8954061,-1.0398782
0.22085454,-0.57207215,0.3850249
0.5603716,-0.19698341,1.0652833
0.34087217,-0.32157913,0.63555396
-0.6722152,-0.32110885,-1.1787968
0.9491898,0.79215455,1.1380783
-0.46449798,0.13948932,-0.89122254
-0.4550837,-0.6988587,-0.66559476
-0.48582515,-0.84345365,-0.61038685
-0.8630072,-0.32066852,-1.4377975
0.8818152,0.17869806,1.5209903
0.34907117,-0.28596252,0.6736644
0.25976816,-0.27938253,0.49043012
0.65121233,-0.40539867,1.1287287
0.53547686,-0.16134576,1.0090176
-0.5606685,0.8558811,-0.7141161
-0.92957664,-0.5986178,-1.3204255
-0.11022365,-0.41940168,-0.19324681
0.85050684,-0.89365333,0.93806756
-0.38550353,-0.2737842,-0.72172713
-0.3100676,0.5679201,-0.50220716
-0.51954556,-0.12502794,-1.000073
-0.74487805,0.49055693,-1.1893302
-0.664491,-0.13670553,-1.2295429
0.28535894,0.25369963,0.55185145
0.3592105,0.87735194,0.45345613
0.49160585,0.23859191,0.91898745
-0.08872166,-0.04738677,-0.17309141
-0.015816817,0.01984969,-0.024927812
0.37362602,-0.8294787,0.4974094
-0.6999964,0.69115156,-0.99914724
-0.069571726,0.8586278,-0.09758059
0.35753772,-0.779919,0.49740285
0.26060677,-0.2585949,0.5027138
-0.8350081,0.09728888,-1.4724185
0.27136964,-0.95056534,0.3286002
0.35910618,-0.05788421,0.7102348
-0.42642888,-0.06453278,-0.80595744
0.34246507,-0.7532086,0.5007035
0.21326514,0.46910176,0.3841501
-0.35444945,-0.3156228,-0.66141367
-0.85226613,0.7231793,-1.1234645
-0.27013758,-0.1075856,-0.53319174
-0.005930015,0.43654457,-0.013844152
0.77310354,0.30614188,1.3445003
-0.27958348,-0.8180957,-0.3575806
-0.36936125,-0.72331816,-0.54918844
-0.7852483,0.45752817,-1.2744994
-0.9866192,-0.24744403,-1.6151974
0.5590137,0.7574394,0.7598884
0.25635472,0.109190434,0.5028313
-0.11164729,0.74035513,-0.16321816
0.28942248,-0.80907446,0.39333585
-0.253303,-0.12891462,-0.50761706
-0.71558636,-0.94669837,-0.75520456
-0.8502208,0.57470834,-1.2595285
0.99095935,-0.44829056,1.5013152
-0.31994477,0.47123295,-0.5689638
0.36936817,0.6702226,0.5654919
0.8033037,0.2896998,1.3811551
-0.57993466,-0.5149982,-0.9438107
0.9781819,0.27084363,1.6027349
0.1039245,-0.23832753,0.19446829
0.22661263,0.43743902,0.41571212
0.6410184,-0.15245102,1.1962975
-0.88619417,0.597224,-1.287816
-0.9062905,-0.84528244,-1.0556235
-0.26349598,0.27586356,-0.50224185
-0.4544081,-0.096816294,-0.87208354
0.305276,-0.32822615,0.5708663
-0.39383462,0.8278906,-0.5336467
-0.5936281,-0.31246337,-1.054759
0.4399063,0.7939475,0.59324276
0.2817546,0.62688583,0.44965965
-0.76778334,0.98499185,-0.7614875
0.88270885,-0.6302675,1.2589229
-0.42152166,0.7753651,-0.58351284
-0.15807182,-0.92441046,-0.18771966
-0.26661748,-0.63493574,-0.43053243
-0.8646206,0.50936115,-1.3120234
0.5228853,0.8367633,0.68821806
-0.98234856,0.38753077,-1.5322256
0.32076305,0.78277963,0.44732314
-0.71475977,0.26792213,-1.2619737
-0.00591508,0.063727796,-0.022496518
-0.13865012,0.16479984,-0.2672082
-0.7517672,0.7593557,-0.9850464
0.38078746,-0.99831307,0.41100803
-0.082783885,0.91230005,-0.111027524
-0.6380768,0.8988162,-0.7543937
0.48657638,-0.7638041,0.6825259
0.332631,-0.12838098,0.6565656
0.04397781,0.6653111,0.06103963
0.5348961,-0.5047849,0.8977846
-0.17536871,-0.19204259,-0.35058928
-0.14711115,-0.05643893,-0.29291597
0.062688634,-0.15741554,0.13158831
0.19621897,-0.89245534,0.2387742
-0.4873775,-0.80587584,-0.6530383
-0.55153704,-0.8467091,-0.6882257
-0.12674719,-0.68582416,-0.20375967
0.9704908,0.6712538,1.2857649
-0.2507386,-0.81552243,-0.34492415
0.024807643,-0.5848058,0.03806921
-0.84008133,-0.24819797,-1.4363713
-0.29782984,0.36901364,-0.54659784
-0.3696861,0.95800376,-0.39179805
-0.4116905,-0.8701082,-0.52745384
0.5541039,0.41825187,0.97571194
0.0927821,-0.124212734,0.18316826
-0.33521533,0.44047314,-0.5806717
0.15697987,0.44577986,0.2859601
-0.6011029,0.607764,-0.9327338
0.7182412,0.65530443,1.0548437
-0.28039953,-0.35671824,-0.53382874
-0.5355778,-0.46715662,-0.9244164
-0.46547532,0.72599196,-0.6815711
0.67216843,0.9100129,0.7648567
0.0413581,0.09602409,0.08122143
0.7548148,-0.9073687,0.8409927
-0.12732932,-0.664397,-0.19927928
0.8216344,0.74893606,1.063538
-0.7492575,-0.061239768,-1.3532116
-0.41245303,-0.5067678,-0.67728615
0.5483583,0.0233095,1.0369482
-0.9891924,-0.99128157,-0.9255871
0.96278214,-0.15717174,1.6190481
0.7523657,0.37265927,1.293364
0.7327612,-0.19594696,1.2943736
0.9932644,-0.036811866,1.678299
0.8997916,0.5237605,1.345385
0.07852451,-0.40906975,0.12716725
0.784045,0.9312594,0.8526501
0.47376677,-0.75729436,0.67343605
0.16229194,-0.6815856,0.22750369
0.13988298,-0.28813136,0.25884718
0.94374615,0.7835928,1.1272892
0.3300192,-0.4742496,0.58738625
0.26744154,-0.69632214,0.39492947
-0.95560014,0.77868444,-1.160659
-0.62414324,-0.5019791,-1.010985
-0.5852275,0.59366155,-0.89812976
-0.4746655,0.68361384,-0.7044912
0.6472959,0.5626686,1.0160377
0.114953674,-0.8948658,0.15306185
-0.2856374,-0.9502777,-0.33176154
-0.500004,0.22302581,-0.9395715
-0.2859785,0.18934692,-0.561361
-0.03448469,-0.9222214,-0.032253347
0.57963336,-0.17384274,1.0822676
-0.63898057,0.6261445,-0.96627283
0.7073348,0.052751753,1.2826047
0.3525284,0.33228528,0.6561254
0.7798363,0.5393636,1.2135084
0.8766951,-0.22897884,1.5066774
0.9336035,-0.7683383,1.1693565
-0.8015298,-0.7189348,-1.0797719
0.5200757,0.42576185,0.89891154
0.9987492,-0.07928046,1.68319
0.14880575,0.7255861,0.2090351
-0.9618327,0.0719858,-1.6272361
0.09618045,-0.76010776,0.13236079
-0.8515046,-0.52017367,-1.2997054
0.73035103,0.72498935,0.98821497
0.21986984,0.6765462,0.33138835
0.8425252,0.5101962,1.2952447
0.40616044,0.9596722,0.45557585
-0.5681469,0.711041,-0.8081306
0.7493675,0.32991225,1.2769645
-0.90919495,-0.9289208,-0.9483448
0.4976788,0.90211415,0.5886759
-0.30783418,-0.10074313,-0.59959894
-0.17189379,-0.22088145,-0.32752448
-0.40660986,-0.34924075,-0.7540073
0.13424954,-0.20868813,0.25966218
0.21051018,-0.24233548,0.407185
0.9552447,0.30800533,1.5495443
0.8834819,0.65470237,1.2321776
0.12812608,0.70515794,0.1954172
-0.6771476,-0.8833817,-0.80238456
-0.5533843,0.80864805,-0.7346081
0.6773275,0.25056663,1.2297397
0.363948,0.8092583,0.4915688
-0.37229788,-0.036829,-0.7222222
-0.77688515,-0.009189407,-1.4116371
-0.868534,-0.31762686,-1.4464704
0.2865843,0.23574887,0.5782107
-0.992213,0.45763326,-1.4999526
0.2099439,0.8668925,0.28292662
-0.048943605,-0.57907146,-0.079600334
0.6322963,0.26930323,1.138652
0.23678355,0.5591566,0.4027387
0.5201868,0.8964416,0.6206868
0.22538643,0.91882443,0.28635195
-0.48072365,-0.30517387,-0.8769215
0.35940823,0.914044,0.44020757
-0.89556664,0.8522487,-1.0108819
0.15560527,0.7687411,0.24014449
-0.064005926,0.30736208,-0.11873967
0.0004270678,0.31438977,0.0030999368
-0.22387862,0.2675097,-0.42647335
0.71455014,-0.52605677,1.1297165
0.602906,0.5189864,0.9712756
-0.77178085,0.14367928,-1.376823
0.09607871,-0.7874903,0.12956609
0.50792176,-0.72981197,0.7329954
-0.25008386,-0.51244646,-0.4402407
-0.94602764,-0.7654139,-1.1668296
0.111972615,0.25667933,0.20764148
0.6502127,0.18641973,1.1760765
0.21754514,0.09499654,0.42446163
-0.5390635,0.10497704,-1.0335692
0.5687082,0.7418533,0.79181993
0.9248311,0.55684835,1.3475416
0.055651933,0.9758568,0.077093616
0.43025213,0.21255347,0.8194228
0.6167004,0.16201681,1.1444129
-0.29718137,0.54294336,-0.5065615
-0.71706235,0.994284,-0.7017515
-0.18490687,-0.78856784,-0.2558369
0.8163903,-0.3450088,1.3666008
0.9734222,-0.97820216,0.9277508
0.7777533,-0.81489694,0.95556456
-0.45998004,0.10712217,-0.8809494
0.8702771,0.983986,0.8524175
0.29808334,0.97814953,0.32372472
-0.15055332,-0.017857702,-0.27995127
-0.09534125,-0.08171686,-0.19427362
-0.85580117,-0.19133395,-1.4976987
0.590815,-0.41148075,1.0294092
-0.28699467,-0.044111524,-0.5583165
0.39426482,-0.1324104,0.74909115
0.57787293,-0.49840662,0.959712
-0.94020957,-0.26954576,-1.5450677
-0.7566569,-0.94794244,-0.78614545
0.02594076,0.33728862,0.049231745
-0.5860027,-0.33112234,-1.0464904
0.27460107,-0.3996949,0.5044187
0.4020739,0.7576754,0.570006
-0.86655086,-0.34266287,-1.4325631
-0.9687556,0.9901928,-0.8944391
-0.9199574,-0.25239944,-1.5347257
-0.18337949,0.8281864,-0.25559214
-0.59527206,0.51632965,-0.946649
0.35116696,0.3443384,0.63983893
-0.95664185,0.77055585,-1.1760538
0.87406975,-0.09031856,1.541001
0.6160533,0.73030293,0.8634746
-0.95962083,0.051403876,-1.6478752
-0.16266815,0.67696124,-0.22916691
-0.15852852,-0.71167696,-0.25264376
-0.6776014,0.40418684,-1.153255
0.23791294,-0.48780486,0.4124968
-0.9196729,-0.2290097,-1.5561539
0.11179947,0.89020395,0.13581178
-0.5616334,-0.68396384,-0.8223601
-0.7623525,-0.604866,-1.1380225
-0.11522903,-0.4671386,-0.2037197
-0.8453204,0.68522114,-1.1540146
0.8785444,-0.36974913,1.4443383
-0.30511212,0.020260546,-0.5932995
0.0791699,0.015626526,0.16105519
0.14401409,-0.43895936,0.27260625
0.1738173,-0.6918757,0.27392185
-0.13212036,-0.41850808,-0.23122008
-0.8073259,0.3595461,-1.347027
-0.050081972,-0.46809882,-0.09129707
0.27959865,-0.053761855,0.56088746
-0.30849662,0.30411065,-0.5828919
0.09259453,-0.17137396,0.16953097
-0.47828975,0.020342028,-0.91643345
0.47558972,-0.8096975,0.6250841
-0.5728973,0.14693719,-1.0656607
-0.9732604,0.6967342,-1.2675768
-0.30874205,-0.6502041,-0.4924713
-0.4850097,0.13478632,-0.9138012
-0.54062426,0.47141713,-0.9165011
-0.7990741,-0.1941163,-1.400384
-0.93149227,0.08450273,-1.6060772
-0.9205492,-0.07546555,-1.5932336
0.93682444,-0.44790387,1.4586343
0.53790134,-0.59328,0.83067733
-0.5294029,0.82335335,-0.6876194
0.6683283,-0.13512379,1.2247381
0.14513804,-0.28787696,0.26390514
0.90916544,-0.09654748,1.5650479
-0.26857474,0.59579945,-0.44006544
-0.22600064,-0.260076,-0.4148324
-0.75987107,-0.22062507,-1.3629107
0.2731271,0.010741228,0.5322716
-0.30332357,0.7558377,-0.4320732
-0.5982111,0.73851174,-0.83612734
-0.13721451,-0.16593775,-0.26372907
0.56736165,-0.6031524,0.8888604
0.1234421,0.60491204,0.20603892
-0.020671451,0.48092738,-0.050067157
0.24172029,-0.25850028,0.45789918
-0.40587014,-0.64447725,-0.6369759
-0.2726175,-0.08075738,-0.5318536
-0.9281774,0.041163936,-1.6113694
0.74630845,-0.36444736,1.2752516
0.19212402,-0.58328784,0.33260742
0.24304712,-0.038332622,0.47597557
-0.6156372,0.8234635,-0.7816741
0.5028467,0.70314586,0.7365023
-0.1686418,-0.94381416,-0.2022918
-0.7543342,-0.8459209,-0.8881459
-0.54631704,0.91612595,-0.64416337
-0.6542004,-0.8461333,-0.80433536
-0.3713248,0.12392137,-0.70704
-0.86373115,0.3237055,-1.4389312
0.3089141,-0.25589576,0.5941722
-0.7677556,-0.12993135,-1.3687974
-0.41375452,-0.7150117,-0.5966309
0.5826885,0.08021138,1.0848628
-0.19931343,-0.369733,-0.36582714
-0.7502081,0.7462807,-0.98566484
0.4157347,0.9405595,0.46866608
0.7118686,0.35916725,1.2206973
0.6060795,0.031355668,1.1374578
0.80944014,-0.8647771,0.92246985
-0.6305318,-0.64528763,-0.94388306
0.07721486,0.09643197,0.15849257
-0.10979435,0.16854924,-0.21173316
0.72866887,-0.63213974,1.0743818
-0.9681553,0.6629447,-1.290341
-0.5417114,0.22605231,-0.9754517
0.0025073045,-0.62122756,-0.0070141163
0.85601103,0.9782357,0.8351511
0.39961994,-0.7169064,0.5856545
0.5064631,0.1290274,0.95813715
-0.838267,0.91681,-0.89201194
0.9690492,0.39242938,1.5362842
0.79191947,0.97789955,0.7876551
-0.57969135,-0.04249437,-1.0790999
-0.27606705,-0.26267248,-0.5222859
-0.72435284,-0.91994715,-0.79954743
-0.10883046,0.5176026,-0.17814045
-0.82891953,0.26738515,-1.424465
-0.35385504,0.46307775,-0.6364994
0.38704473,-0.5919433,0.6415046
-0.627963,0.48881736,-1.0424275
-0.9978499,0.43419886,-1.5187471
0.6133808,-0.6128879,0.9417609
0.612154,0.72905505,0.86271775
-0.17148067,-0.8446564,-0.20436256
-0.93430096,-0.48659858,-1.4158745
0.9511289,-0.16041513,1.5999656
0.11637589,0.43787083,0.21020073
-0.53129053,0.604464,-0.83599454
-0.6501806,-0.5304378,-1.0449909
-0.58517677,-0.98560834,-0.6286333
0.31860194,-0.4351439,0.5794438
0.62078583,-0.16943982,1.1284518
-0.58733666,0.5909752,-0.91422737
0.6725051,0.48393098,1.1036243
0.4164698,0.5147991,0.72112405
-0.2354274,0.08881934,-0.45509878
0.34128594,0.07862968,0.6531004
0.5958201,0.08012674,1.1160532
-0.6981636,0.6003721,-1.0385245
0.61862683,-0.68956274,0.8783135
-0.22303921,0.95016974,-0.25075033
-0.25522733,-0.7566327,-0.37436634
-0.663151,0.5666597,-1.0293914
0.8494977,0.10595116,1.5018533
-0.4280638,0.96791583,-0.47571012
-0.9307759,0.79312146,-1.1189516
-0.6406094,0.53053397,-1.0235803
-0.61359334,-0.5692535,-0.96843034
0.8496785,-0.7632653,1.0862759
-0.34621486,0.6443201,-0.53736824
0.6253279,-0.8347751,0.7847882
0.91065,0.5450197,1.3485168
0.6033075,0.21585235,1.0932634
-0.013254194,0.54013765,-0.01058233
0.9705295,0.24821234,1.6055663
0.9544697,-0.6970582,1.2403169
0.76446867,-0.43325076,1.2670703
0.6720297,0.14303431,1.224872
0.3171424,0.048507594,0.6299544
-0.51992834,-0.50871074,-0.8602249
0.013568599,-0.26712844,0.036155716
0.103401214,-0.1843471,0.18777922
-0.29313,0.5053224,-0.49799302
0.87935704,-0.9337582,0.9247407
0.3920935,0.62941486,0.60772383
0.38891098,-0.8287428,0.5061519
-0.7176649,-0.07062806,-1.3080493
-0.45877278,0.69344324,-0.67324066
0.07257573,0.2578913,0.14321928
-0.8434811,-0.5064714,-1.3147724
0.08432584,0.052651882,0.17179729
0.74297965,0.92051387,0.80789894
-0.38460326,-0.38711,-0.68631476
0.71692854,-0.8795154,0.8312535
-0.9649632,0.11825466,-1.6275089
-0.8957519,-0.0331706,-1.5711942
0.28159508,-0.824721,0.38500464
0.7502588,0.19243401,1.3351526
-0.04005294,0.33955804,-0.09166005
-0.51321876,0.20329279,-0.9556671
0.98134106,-0.35057634,1.5610019
0.87084013,-0.32838002,1.4581026
0.09200866,0.2137222,0.1686744
0.55768025,-0.44527015,0.9636595
0.49977,0.44448167,0.86388224
0.4837951,-0.09871363,0.92972964
0.55567586,0.0740808,1.0375559
0.627802,0.8031265,0.8133744
0.95645976,0.85933995,1.0681391
0.48159683,-0.22669311,0.8985946
-0.13468675,-0.106768884,-0.25463268
-0.23604254,-0.7995437,-0.31860748
0.13234816,-0.43905482,0.24318613
0.4170674,0.1640748,0.7973842
0.28283244,-0.8826243,0.36848292
0.5442647,0.7132115,0.7851216
0.35617897,0.61738575,0.55234915
0.58144313,-0.4677184,0.9860657
0.86589444,0.7904327,1.0706912
0.98478514,-0.02882801,1.6583912
0.16832998,0.23876087,0.3292034
0.21706212,0.8473509,0.29443055
-0.36748445,-0.80668515,-0.49926367
-0.24600951,0.18698615,-0.47973463
-0.8830299,0.5598643,-1.3092694
-0.30046877,0.30486345,-0.5698246
0.65384215,0.13963011,1.2169048
-0.6284612,0.11117714,-1.1630825
0.16495536,0.35420683,0.30904663
0.840104,0.78507113,1.0240302
-0.62030643,0.548485,-0.99917215
0.47340858,-0.60890853,0.7469071
-0.35556385,-0.31947055,-0.65905815
0.7990973,0.24164137,1.3737332
-0.62288284,-0.13553303,-1.1524264
-0.9602624,0.6790575,-1.2852771
0.1821858,-0.6700566,0.27615228
0.47067633,-0.2045232,0.8713014
-0.19623818,0.29535505,-0.37820306
0.5479366,-0.1587542,1.0327519
0.7521888,-0.85340637,0.9062881
0.008306124,-0.8493168,0.00092344277
0.8112654,-0.72519153,1.0797819
0.66977537,0.7671339,0.8980979
0.6427342,0.8295643,0.8169628
0.48245203,-0.69069415,0.7277049
0.02449171,0.48877603,0.05983207
0.49432978,0.8788515,0.5966272
-0.8351655,-0.8972581,-0.9016886
0.07729786,0.8758124,0.09437083
-0.9899211,0.06529604,-1.6862838
0.46017265,0.76371676,0.6581149
-0.6142791,-0.35519308,-1.0905045
0.80866694,0.07570427,1.4574656
-0.01530502,0.1908123,-0.028241392
0.6387214,-0.75637615,0.8712203
-0.705671,-0.07859324,-1.2872858
0.56311107,0.54900116,0.92671436
0.8692605,-0.8433876,1.0262568
0.051356774,-0.69507813,0.085475236
0.90600866,0.046263263,1.564306
-0.78456813,0.46440646,-1.2614187
0.4719457,0.48401356,0.80787
-0.92350876,0.49774182,-1.4036953
-0.99172664,0.53983295,-1.4416741
-0.26850575,-0.2631842,-0.5203039
0.72550714,0.7593322,0.9497796
-0.8548119,0.36820686,-1.406161
0.69267136,-0.7802558,0.88358986
0.09948394,0.6424394,0.14876217
-0.18362415,0.47405696,-0.33179376
-0.09400141,-0.8832434,-0.10020927
0.23272237,0.5268619,0.39563698
-0.23536171,0.4405556,-0.43878382
-0.91132265,-0.50644433,-1.3727267
-0.2703201,-0.6908714,-0.41374746
0.5761177,0.3146509,1.0433028
-0.8555985,0.22654842,-1.4686824
-0.34059218,-0.4329527,-0.5902429
-0.47549027,0.46868342,-0.80127925
0.44569775,0.9750539,0.4853115
-0.5038809,-0.6477224,-0.7728568
-0.5492223,0.26794684,-1.0082104
-0.5282828,-0.22317405,-0.98971593
-0.8826469,0.21390796,-1.5060571
-0.63076013,-0.6976614,-0.9178915
0.5708058,-0.96381027,0.6135999
-0.5935484,-0.7134643,-0.8470415
-0.5743793,0.20956482,-1.0447589
0.063184105,0.748901,0.09226876
-0.66819507,0.37731704,-1.1450009
0.5474172,-0.63264275,0.815516
-0.60217637,-0.23795305,-1.1102785
-0.056707636,0.07659342,-0.10808465
0.90370935,0.16039868,1.5424844
-0.5496888,0.4021583,-0.9686491
-0.18574288,0.3210248,-0.35441175
-0.36353433,-0.65186393,-0.5711584
0.9774441,0.3128923,1.5730072
0.26166,0.17298104,0.50522524
0.79714817,-0.19399759,1.4056851
-0.765365,-0.14514638,-1.3805059
-0.24754295,0.23312776,-0.47816303
0.80580217,0.5928807,1.2144397
0.6431809,0.5124738,1.0475624
0.5809373,0.7831393,0.76781124
-0.61170393,0.26842335,-1.1307887
-0.47144985,-0.51768696,-0.7718909
-0.50393105,0.36970738,-0.9195648
0.05377532,0.8701217,0.08346394
0.44346657,0.25331092,0.83320665
0.6576072,-0.5208416,1.070937
0.29700166,0.25971615,0.5719203
-0.6676018,-0.13027379,-1.2341856
0.62002826,0.77366954,0.83931565
0.6672795,-0.6473052,1.0019615
-0.62154293,-0.5296851,-1.0122819
-0.22731437,-0.07978758,-0.4526612
0.24481033,-0.5124126,0.41398275
0.7150814,0.636905,1.0354966
-0.5502549,0.6072743,-0.84476864
-0.22742093,0.37975606,-0.4043777
-0.13688727,-0.6652327,-0.2106124
-0.4962234,-0.988694,-0.51987284
-0.85928226,-0.6948096,-1.1673485
0.79777735,-0.22673936,1.3944644
0.70701736,0.10245811,1.2815589
-0.57990944,0.13115895,-1.0957483
0.97644675,0.09375844,1.6480365
0.22703007,0.9613597,0.27236274
-0.72466606,0.65755105,-1.0437695
0.07513286,-0.82568145,0.07536934
-0.7687814,0.0035169509,-1.3711984
-0.49320087,0.7975563,-0.67857677
0.21188839,-0.45947593,0.3930202
-0.13167505,-0.1042347,-0.25875977
-0.9798982,-0.7433477,-1.2341595
-0.7626716,0.52781993,-1.1911427
0.81783074,-0.37964386,1.3689969
-0.09831014,0.82914513,-0.13453436
-0.9654725,-0.5896746,-1.3571197
-0.31219596,-0.8766928,-0.41079918
-0.9930332,-0.37040225,-1.5518031
0.7742498,0.6982751,1.0632012
0.25175127,-0.14846519,0.48415405
-0.33918622,0.92514616,-0.4088174
-0.093034655,0.12559068,-0.18603948
0.57372826,0.9915946,0.57997215
-0.5098441,0.653011,-0.7615412
-0.4057302,0.5175002,-0.6886693
-0.20816177,0.7630157,-0.30508238
0.9690643,0.022186317,1.6460586
-0.5554638,-0.21499176,-1.0385582
-0.46985918,-0.053488016,-0.91175693
0.4331559,-0.80935246,0.5937678
0.104837224,-0.9007073,0.13413528
0.6570305,-0.99241173,0.646346
-0.36450273,-0.17295945,-0.7030039
-0.43722406,-0.32705894,-0.80401903
-0.026895374,0.72104657,-0.045581225
0.97952276,0.851225,1.0857018
-0.89868003,0.9118681,-0.96351254
-0.2240581,-0.3905938,-0.41207814
-0.86407274,0.8877331,-0.9519055
-0.40286618,-0.33678854,-0.73243886
-0.46319586,-0.5694016,-0.7529231
0.6392775,0.5341099,1.0369273
-0.056124263,-0.96109515,-0.07139364
0.21599017,0.29864866,0.4104719
-0.52028525,-0.09930963,-0.9908698
-0.53089553,0.17206731,-1.0157286
-0.23237507,0.6491139,-0.3663637
-0.5392181,0.27887437,-0.9833171
0.92355096,0.6980407,1.2236323
-0.6671356,0.31597257,-1.1692581
0.59396684,-0.27348477,1.0860953
0.5690812,0.45100126,0.9695144
-0.6182022,-0.09329615,-1.1587453
-0.045904133,-0.94840974,-0.05344189
0.21676876,-0.36492637,0.3938514
-0.9867768,-0.34552523,-1.5858411
-0.9720342,-0.07389054,-1.6406174
0.36762485,0.68662065,0.5653871
-0.8616963,0.660603,-1.2011214
-0.9047517,-0.2199917,-1.5340674
-0.13105758,0.5208248,-0.23305993
0.27195716,-0.5155306,0.4745909
-0.66817176,-0.20777375,-1.2241338
0.7070801,-0.45251775,1.1650797
-0.2303441,0.43325248,-0.41696563
0.81673145,-0.24806768,1.430679
-0.7484056,-0.13634464,-1.337558
0.8092296,0.22534171,1.419415
-0.43326017,0.34766352,-0.78897893
0.23056653,-0.10536971,0.4511091
-0.80629116,0.8611189,-0.9302147
-0.17484663,0.29502368,-0.34308642
0.41440132,-0.91283274,0.49567762
0.83458495,-0.54434425,1.2746236
0.51157486,-0.29396856,0.937397
0.6550969,-0.42072302,1.11304
-0.14984111,0.79736054,-0.21914294
0.6295456,-0.40262255,1.0729553
-0.54471624,-0.42692658,-0.94143045
-0.07209837,0.27971497,-0.14961477
-0.6712779,-0.4179807,-1.128444
0.81834203,0.95676994,0.836909
0.45882976,-0.65747154,0.69632906
0.2544964,-0.99548244,0.28142768
0.2168,0.94492126,0.24807043
0.7467648,0.23749943,1.3081636
-0.7351988,-0.83768153,-0.90157163
-0.53267515,0.38199347,-0.946616
-0.6803255,0.75527096,-0.91804093
-0.31166875,0.42117596,-0.56141293
0.95941705,0.50487787,1.4281234
-0.6962391,0.06031978,-1.2938682
-0.36681056,-0.4468952,-0.6444891
-0.48439175,-0.56345165,-0.7954671
0.678225,0.7140766,0.94816756
0.7177701,-0.9323497,0.78843826
0.34844926,0.3437455,0.63438696
0.38465476,-0.4316647,0.68118167
-0.615766,0.050642755,-1.1633861
0.013012667,0.40208805,0.0063867234
-0.2550971,-0.7738775,-0.3793822
-0.5340727,-0.58451456,-0.8472568
-0.41764998,0.58941305,-0.6633358
-0.42753983,-0.45091742,-0.7526922
-0.52635837,0.39850703,-0.9106134
-0.5423445,0.17042802,-1.0177516
0.36849666,0.13575462,0.7143997
0.8855234,-0.77556825,1.1239024
0.63906145,0.04827465,1.1978164
-0.5357511,-0.26707178,-0.9807789
0.76944995,0.32361963,1.3155355
-0.255358,-0.4805143,-0.4578443
0.9191119,0.34602618,1.5019338
0.95563304,-0.24370563,1.5712849
-0.6797718,0.24676256,-1.2022673
-0.64868575,-0.587757,-1.0131716
-0.6598833,-0.30735895,-1.1820713
-0.4103175,-0.6312622,-0.6510604
-0.0031862077,-0.713437,-0.0044849166
0.17256437,0.8179113,0.22731957
-0.08008658,0.57820624,-0.15817848
-0.10660979,-0.78250355,-0.15115824
0.23560935,-0.81985605,0.31106493
0.2287902,-0.2016005,0.43568197
-0.26352844,0.52666116,-0.46214986
-0.44687006,0.8720582,-0.54287905
0.27631947,0.15033649,0.54493684
0.702028,0.3017788,1.2583091
-0.95388865,-0.46278682,-1.4357085
-0.24105434,0.8089216,-0.32190555
0.34581727,-0.6113085,0.5570019
0.7779946,0.12624036,1.3991373
-0.61392766,0.45316884,-1.0469937
-0.9128171,0.031496875,-1.5903469
-0.6273396,0.5343457,-1.0178974
-0.8319084,0.6527264,-1.1858085
0.18627118,0.372121,0.3515084
0.81479645,-0.16609281,1.4194971
-0.6139611,0.8288304,-0.78394437
-0.14078993,-0.6853548,-0.22516997
0.17609599,-0.98601013,0.1846535
-0.2239988,-0.42390397,-0.39114875
-0.08014319,-0.7708103,-0.12756573
0.1965928,0.19448067,0.38243848
0.54735106,0.92609924,0.6111395
-0.35486427,-0.005791715,-0.7079588
0.5921179,0.7785913,0.81216216
0.37435338,0.36743084,0.6672619
-0.3103527,-0.176771,-0.5988212
0.65640134,-0.47469893,1.0914477
-0.14038767,0.84767777,-0.18441717
0.47916496,-0.39178234,0.8579338
-0.20842488,-0.46660432,-0.37290323
-0.1634003,-0.4074147,-0.3018236
-0.90831345,0.715763,-1.1964821
0.60283446,0.74599075,0.8182872
-0.0028350952,-0.034825847,0.011947476
-0.7182259,-0.046215195,-1.3309604
-0.30028257,0.7907234,-0.4203851
-0.71635693,-0.5415987,-1.1060845
-0.44070953,-0.61040616,-0.7061733
0.19667725,-0.0033554195,0.3782462
0.21201436,0.42944223,0.39692646
0.24193852,-0.5581602,0.39888415
-0.23977442,-0.78207195,-0.35550043
0.6436458,-0.29297358,1.1552422
0.50474095,0.040080458,0.973641
0.5772937,0.58884764,0.90017277
0.38355073,0.1667412,0.73813546
-0.052150954,0.2291619,-0.09964317
-0.3394401,0.49303544,-0.575512
0.011920609,0.40082312,0.022344599
0.7717373,-0.7090012,1.0520282
0.21240366,0.19591674,0.41152832
-0.685845,-0.45185623,-1.1462399
-0.88107497,-0.3534108,-1.4388402
-0.4396173,0.56352234,-0.7083225
0.3340399,-0.65545267,0.5253648
-0.46045762,0.4778176,-0.77872866
0.56032497,0.3389929,1.007172
0.22774464,-0.7750486,0.33413213
-0.16247769,-0.44748747,-0.28430498
-0.11684802,0.92201644,-0.15486555
0.5295079,0.14357153,0.9940408
-0.42099065,0.15424901,-0.8179107
-0.5988354,-0.11354632,-1.1296407
0.7664698,0.8127529,0.9689813
-0.07986531,0.058706764,-0.16407835
0.5538064,0.6916612,0.8167934
-0.35460964,-0.48023733,-0.6195979
-0.25222465,0.94306827,-0.29448208
0.4515702,-0.4082563,0.79569334
-0.43037418,0.15934286,-0.8194214
-0.20167263,0.112047784,-0.38688368
0.21300016,-0.6619306,0.33304578
-0.023357043,0.9226538,-0.031407606
-0.8616858,0.10893001,-1.5002779
0.9771939,-0.47455928,1.4779521
-0.5877015,-0.80008894,-0.7599467
0.0073918686,0.7045284,0.0047929594
-0.6262646,0.8422187,-0.7752791
0.8076763,0.622251,1.1750121
-0.7503739,0.34889993,-1.2953757
0.36026335,0.44539994,0.6534874
0.9282498,0.7939141,1.1177554
-0.26411936,0.4255954,-0.46947432
0.12431597,-0.36934438,0.24998437
0.76603866,0.52516615,1.1937159
-0.7735508,-0.061675314,-1.375194
0.99830765,0.52917564,1.4853425
-0.09726835,0.7367994,-0.14340867
-0.49020186,0.7304518,-0.7057009
-0.19426869,-0.81510735,-0.2779836
-0.90124863,-0.48151898,-1.3913412
0.87530977,0.8757071,0.9901141
-0.67051584,-0.6466717,-1.0011138
-0.61629134,0.8746149,-0.7359819
-0.39276293,0.32184747,-0.7289749
-0.51825047,0.023496842,-0.99882144
0.6908164,0.5808827,1.0615156
-0.4616463,0.6112851,-0.72597784
-0.3459378,-0.8241288,-0.47075644
-0.2260772,0.67359257,-0.3488118
-0.8905655,0.17009181,-1.5384953
-0.18171036,0.25938147,-0.3263352
0.707821,0.73400146,0.95175505
0.58164877,-0.6265191,0.89536566
-0.7931833,0.04998271,-1.4204402
-0.877192,0.9008827,-0.9533043
-0.32734433,0.38862085,-0.60521746
0.600168,-0.05886376,1.1251603
0.85776156,0.45454612,1.3573508
-0.18411888,0.70749557,-0.27746496
0.5434881,0.30294174,0.97702616
0.7244786,0.47209144,1.1914194
-0.40344036,-0.75556415,-0.5711275
0.33446953,0.18412417,0.6474624
0.6864991,0.41225907,1.147221
0.6954185,-0.6353319,1.039847
-0.84239435,-0.3355546,-1.4014939
0.5495935,-0.7158614,0.80314106
0.79245925,0.7513642,1.04066
0.8366796,0.8340732,0.98327875
-0.20826139,-0.26257032,-0.3904711
-0.7030398,0.95684683,-0.7487869
0.12938778,-0.85155815,0.18598442
0.20881914,-0.05026237,0.4129218
-0.2758228,-0.44302025,-0.49581754
0.9659968,0.37425485,1.5144
0.16194324,-0.2976898,0.30826783
-0.46070695,-0.42830884,-0.80132324
0.7194087,0.26476106,1.2594944
0.17189693,-0.21858726,0.3186786
0.26498735,0.0012576265,0.5198053
0.53585386,-0.29662976,0.96619123
-0.8173081,0.30468163,-1.4022514
0.8106805,-0.97622323,0.81973684
0.95295256,-0.17279729,1.5961802
-0.5444143,-0.5048447,-0.9019933
0.40032312,0.83102304,0.5230362
-0.49617657,-0.36251667,-0.8743233
-0.053940646,-0.25095174,-0.12208165
0.7583349,-0.23824763,1.3499349
-0.66936386,-0.7548224,-0.91512346
0.39920396,0.35040298,0.7324402
-0.8641966,0.83217496,-1.0486411
-0.836162,-0.076459944,-1.4739417
-0.29847324,0.38058418,-0.5418273
-0.8431357,0.9008237,-0.9267096
-0.2690844,-0.34918,-0.49866232
-0.7737397,-0.33723015,-1.3136721
0.5511971,-0.13632855,1.0479149
-0.46479666,-0.3336885,-0.847531
-0.20638922,-0.75202215,-0.29830936
0.9596822,0.69127864,1.2664251
-0.7950326,-0.31566042,-1.3499837
0.5526613,0.9885685,0.5751717
-0.24983856,-0.75195557,-0.36779034
0.0011614317,-0.039621595,0.023170922
0.35291415,-0.70505375,0.51807886
0.12297492,-0.39358956,0.23400399
0.19807959,-0.7552972,0.2910183
-0.65827644,-0.5959737,-1.0084662
0.98831147,0.33570722,1.5632881
-0.6792341,-0.14446028,-1.2406796
0.9632519,-0.11347576,1.6418743
-0.4814995,-0.0075650727,-0.9358152
-0.028139269,-0.5953135,-0.053156283
0.93644255,0.45227775,1.4464166
-0.87100506,-0.7550996,-1.1295712
-0.7800648,-0.6481525,-1.1308922
0.54315853,-0.03129102,1.0236269
0.77097356,-0.7688556,0.99045026
0.38592985,-0.039597858,0.733684
-0.29141483,-0.8846742,-0.3666582
-0.90843594,-0.33480796,-1.5005436
-0.9934127,0.6609302,-1.3201208
0.34896117,0.9598091,0.4211601
0.28438374,0.8115588,0.38125455
-0.5732402,0.6330866,-0.8792678
-0.789133,0.40764928,-1.3036379
0.47386992,-0.5884135,0.7638891
0.3753075,0.14943062,0.7292894
0.9078824,0.009549254,1.5775231
0.1737708,-0.710197,0.25709873
-0.75546056,-0.34103164,-1.2927213
-0.16254003,-0.88930213,-0.20003642
0.5053509,0.41148794,0.8927031
0.320026,0.11117781,0.6344429
0.23218192,0.6735564,0.35784352
0.06801552,0.86577517,0.09441972
-0.80811405,-0.009428021,-1.4503676
-0.18715006,0.80462134,-0.2953131
0.45155218,-0.8874166,0.54519695
0.64442855,0.97292316,0.6690593
-0.61763513,0.31638503,-1.0856358
-0.60052115,-0.8940513,-0.7086105
-0.6559291,-0.318706,-1.1390561
-0.18639243,-0.86985874,-0.24012628
0.9438398,-0.53782326,1.3888626
-0.23976707,-0.6910585,-0.37905997
-0.7426007,-0.31235963,-1.2865813
-0.789763,-0.64627606,-1.1283884
0.5297298,0.53539,0.88413846
-0.22951649,0.090325214,-0.46026212
-0.029480325,0.802367,-0.035459217
-0.8903184,0.5687571,-1.3087025
0.17999594,-0.097377256,0.35226926
-0.46917003,-0.3520091,-0.8455373
-0.81897295,0.5816052,-1.2199041
-0.373031,0.6354925,-0.58064806
-0.75850016,0.2327795,-1.3467714
0.29766783,-0.9920412,0.32704413
0.7310415,-0.89175653,0.8400622
0.5659026,0.9838995,0.60476226
0.17016436,-0.27459773,0.32523578
0.28469428,0.5169884,0.4724779
-0.35753635,0.1610493,-0.6848351
-0.6064492,0.25582194,-1.095973
0.2957797,0.21157376,0.5770381
0.6652855,-0.7859314,0.87231374
0.33287376,-0.83548963,0.43182716
0.9342569,0.45027253,1.4499098
-0.096800186,0.9346356,-0.100785084
0.5929069,-0.6561554,0.8555928
-0.90992695,-0.8463927,-1.0437591
-0.012441031,-0.7970977,-0.0143197635
-0.07723714,0.71059364,-0.12288908
0.20075743,0.10352947,0.4022724
-0.891306,-0.5270899,-1.3547535
-0.11227273,-0.63764256,-0.15983899
-0.037365608,-0.7703481,-0.048019256
-0.7729253,0.13019985,-1.3760461
-0.41939,-0.9065475,-0.4973466
0.3333496,-0.44823343,0.5986272
-0.49363697,-0.07144406,-0.95535964
-0.026597537,0.034338996,-0.042113204
0.6038792,0.052384228,1.1198498
-0.7341212,-0.3606844,-1.2548509
0.9495808,-0.76140326,1.1781486
0.25614083,-0.751622,0.3662886
0.40886864,0.07566903,0.797828
0.2296541,0.46710005,0.39851254
-0.35226247,-0.23468313,-0.68289363
0.011946269,-0.7198002,0.006322763
0.34435642,0.83059376,0.44932595
0.23784626,-0.08969366,0.47872356
0.61783135,0.028818058,1.1585476
0.3366121,0.3539276,0.62405485
-0.6886844,-0.55309516,-1.0880796
0.21456525,-0.035258222,0.41821402
-0.49968547,-0.5378258,-0.8281706
-0.21333472,-0.64853805,-0.34180754
0.7153227,0.19589056,1.2805086
0.90934104,-0.7822929,1.1088046
-0.7072543,-0.060901403,-1.2977145
-0.0075717866,-0.5851764,0.008413963
0.73224175,0.9360063,0.7951129
0.00091675867,-0.8476646,0.0045628455
0.20025861,-0.29975805,0.392134
0.1828842,0.540652,0.3147487
-0.7010846,-0.93159604,-0.75592166
0.77988917,-0.23890628,1.3665816
0.82272905,-0.4572902,1.3139235
-0.95737684,0.97757304,-0.91629106
0.6230424,-0.56721365,0.9745397
-0.9044745,-0.8845128,-1.0119373
-0.7489669,-0.32731885,-1.2890173
-0.53889257,-0.55108976,-0.8609659
0.75266975,0.87174076,0.88254756
-0.018246125,-0.89712334,-0.0027115566
0.94754416,0.5194765,1.4104189
-0.4700056,0.24800186,-0.89011085
-0.037917845,-0.20549825,-0.08363539
0.8778633,0.6569813,1.2068713
0.6652681,-0.69886756,0.9359447
0.10305364,0.7644429,0.14669526
0.034406204,0.7885639,0.06501915
-0.08203217,-0.37714553,-0.14577956
-0.47641063,-0.859088,-0.6113309
0.95589006,-0.2958107,1.5762204
0.88946307,-0.95485306,0.9262547
0.37548944,0.6992476,0.5769172
-0.38896754,0.8955061,-0.46700853
-0.9360635,0.17383207,-1.596923
-0.39421722,-0.06807777,-0.75433767
-0.09462381,0.7300588,-0.13725126
-0.5018659,0.22272411,-0.9333384
-0.51675886,-0.5435532,-0.8584826
0.089543566,0.47349778,0.16336259
-0.26925677,-0.97213954,-0.3004987
-0.32556003,0.862261,-0.43437436
0.6439316,-0.320529,1.1290429
0.36249867,-0.094409294,0.7006195
-0.047065087,0.059518415,-0.08389009
0.44504425,0.74828637,0.6291624
0.5288427,0.9939174,0.54693305
0.6916437,-0.8746778,0.81497717
-0.39510858,-0.3109625,-0.73169667
-0.64835757,0.10505431,-1.1952279
0.84395695,0.22782676,1.4528108
0.043008745,0.3845472,0.08502048
0.85492194,0.25405625,1.4626169
0.8392073,-0.5465837,1.2641748
0.13739873,-0.9052745,0.18458517
0.5750471,-0.88786423,0.6941946
-0.29252487,0.9803553,-0.33372307
-0.2942145,0.7826786,-0.41709015
0.45458105,0.7151127,0.65597546
0.98845625,0.35494512,1.5732361
0.64951414,-0.3795031,1.1099274
0.91630584,0.31787938,1.5093172
0.73232806,0.39269438,1.2275022
0.9660654,0.6527693,1.2912607
-0.74175847,-0.45714378,-1.2134452
0.6572971,-0.95225745,0.71516216
-0.9237547,0.017800111,-1.5824839
0.7524666,0.8652062,0.8851786
0.55172306,0.9579123,0.60912526
-0.113831036,-0.14149016,-0.23403318
-0.19962579,0.8497196,-0.26489994
0.34703824,-0.8791575,0.45460203
0.31910288,0.7547915,0.45525542
-0.1866974,0.13826765,-0.3601031
0.5916479,0.6117063,0.91689324
0.7416746,-0.051115133,1.3383706
-0.89099085,0.2786813,-1.4849498
-0.35125723,0.19950882,-0.68273956
0.9857878,0.9428293,0.9932017
0.40896153,0.7457496,0.5852886
0.5593795,0.71351296,0.8024726
-0.033494554,0.2821255,-0.062094968
0.3253513,0.94618237,0.3746346
0.81420034,-0.7412404,1.0685968
0.22401245,0.041104097,0.4456038
0.24204768,-0.7604776,0.3573487
0.61312133,0.9923569,0.6341528
-0.7653467,-0.9001511,-0.87318456
0.67202806,0.672908,0.9724961
0.50566864,0.8517752,0.6249966
-0.40515813,-0.3207487,-0.7418684
0.39766476,-0.72600824,0.5737409
-0.59046316,-0.66818506,-0.87703687
-0.15683545,-0.2801741,-0.30435494
-0.3979501,0.85868365,-0.52057767
0.11061569,0.49706143,0.18637107
-0.9016849,0.78438234,-1.1135269
0.016976366,0.3510878,0.01428932
0.18223594,-0.6553414,0.2770482
-0.20658092,-0.5966721,-0.3436268
0.94575953,0.26663178,1.5598062
0.326758,-0.71872294,0.48706183
0.7380639,-0.38760975,1.2438146
0.692061,0.7522705,0.9332438
-0.10897907,-0.38663167,-0.22364783
-0.49292102,0.90255004,-0.5727087
0.031765867,-0.10110646,0.078924194
-0.13472433,0.19489765,-0.25609204
0.47788906,-0.90051657,0.57577026
-0.021504827,-0.47657463,-0.039800406
-0.425063,-0.74425644,-0.61047447
-0.16557412,-0.79140514,-0.22865014
0.77769154,0.60582554,1.1497371
-0.8362613,0.78010607,-1.0599079
0.16262971,0.75590295,0.21214162
0.72485566,0.05504814,1.3275436
0.038143743,-0.95147264,0.038980965
0.5690041,0.8559839,0.707311
0.23000714,-0.57302654,0.3906726
0.18247277,-0.5054471,0.32065836
-0.11288573,0.1720563,-0.21859835
0.11049094,0.6609334,0.17214254
-0.6581368,-0.026555337,-1.2225872
0.44555712,0.67355126,0.6671494
-0.07969327,-0.6322731,-0.1374336
0.42359635,-0.80551493,0.55822736
-0.6011195,0.18838233,-1.114514
-0.5702653,-0.38518518,-1.0139861
0.32406917,-0.71809244,0.48484924
0.8800986,0.15634307,1.5279682
0.6435215,-0.054785073,1.1959193
0.5318265,-0.9453853,0.59591585
-0.9364862,-0.8047075,-1.132413
-0.53563553,0.8281367,-0.70841944
-0.44241115,-0.94623846,-0.50401825
-0.8712546,0.027307928,-1.5566161
0.55528754,-0.89172506,0.66816413
0.49481115,-0.6795535,0.7386603
0.43124223,0.035024546,0.83250177
-0.9743121,-0.82641196,-1.1125958
-0.5591885,0.8651336,-0.68275976
-0.23218599,0.32580325,-0.42724657
-0.6678276,0.80618745,-0.8647917
0.74956316,-0.14591911,1.34105
0.4037616,0.5607648,0.6595495
-0.6174536,0.6703237,-0.8954897
0.37389466,0.7331685,0.54865646
-0.8867206,0.9731232,-0.88027626
0.54916203,0.13227975,1.0167079
0.64671254,-0.3298395,1.1336466
0.69355935,0.9950725,0.69211614
0.019444777,-0.12345191,0.029288381
-0.20625696,-0.79619414,-0.2998296
0.8248995,0.94884086,0.83824503
0.5156008,-0.064600706,0.9807946
0.67795414,-0.6354788,1.0030899
-0.52865976,0.45386264,-0.9216846
0.93261474,-0.052372266,1.5918223
0.58096427,-0.005296681,1.0933957
0.64107525,-0.72250193,0.89457285
-0.00802692,0.8714512,-0.008878334
0.19486895,0.95420367,0.22093363
-0.682089,-0.1047023,-1.251744
-0.5868386,-0.5502853,-0.91542584
0.32327864,0.050282724,0.62941694
0.27210075,0.7273228,0.40539977
-0.8566332,0.77794874,-1.0710887
0.57079405,-0.9788834,0.6158294
0.9101346,0.74182254,1.1519696
-0.21665594,0.37852255,-0.41293618
-0.5350894,-0.65064144,-0.8071041
-0.7528331,0.26445705,-1.3162748
-0.27389795,0.47425675,-0.47517517
0.16334455,-0.5184009,0.28173605
0.5686964,-0.87827545,0.70679283
0.32649952,-0.88505673,0.4012326
0.24414875,0.29754725,0.45918036
0.23399563,0.1501867,0.45500308
-0.8157862,-0.5199897,-1.269415
0.6225944,0.33446872,1.1144592
0.7801996,-0.5911666,1.1825505
-0.26772156,-0.3509402,-0.49667892
0.42837337,-0.6629523,0.6706061
0.33192384,-0.4507987,0.5979817
0.30079603,-0.5722606,0.5009396
0.6858338,0.031890538,1.26961
-0.49274132,0.482117,-0.8388043
-0.7026163,-0.50201243,-1.1199163
0.92024165,0.8516951,1.0370713
0.6663129,0.09773464,1.229346
0.17963836,-0.25914806,0.33828732
-0.7484447,0.5898963,-1.1354886
-0.55172527,-0.9787355,-0.572093
0.6728447,-0.42866623,1.1386832
0.23351878,0.026947118,0.44285613
0.47289875,-0.3322659,0.8304847
-0.5757315,0.023457265,-1.095682
-0.8271029,0.37618902,-1.3728656
0.39357698,0.2318006,0.7388346
0.72022873,-0.10869234,1.3123168
0.63772696,0.17108512,1.1636631
0.1407959,-0.30115002,0.2781148
0.07184074,0.072156735,0.16340403
0.9110903,-0.42690733,1.4319985
0.22164376,0.8128937,0.30964252
0.56288695,0.8836145,0.6806606
0.9858185,-0.711035,1.2734601
0.109344594,0.5024996,0.17486988
-0.4517032,-0.75481015,-0.6184812
0.45825368,0.34451976,0.85523695
0.8295047,-0.48704275,1.3032478
0.99770105,0.37845945,1.5669502
0.66228783,0.8930604,0.757418
0.4651106,-0.12558912,0.9052115
0.010141595,-0.16600037,0.013115252
0.3735469,-0.2584848,0.71306616
-0.60187787,-0.21453597,-1.1255009
0.82085145,-0.8475914,0.96034825
0.46462238,0.054210454,0.88454753
-0.98804253,-0.81747836,-1.1585766
-0.09008412,-0.27778465,-0.19889691
0.43622026,0.21600723,0.8125378
0.80181414,-0.54232293,1.2337302
-0.3291769,0.27019793,-0.6429087
0.8956159,0.4074996,1.4317371
0.2782372,-0.45634058,0.4903781
-0.798024,-0.9565567,-0.82912713
0.45995176,0.3488271,0.8318028
-0.24345829,0.30101597,-0.4588943
-0.061499137,0.09312428,-0.13722269
-0.5256665,-0.8955325,-0.626783
-0.23429318,0.7333514,-0.3345396
-0.21723747,0.75959957,-0.2976749
-0.5440008,-0.97606236,-0.5864523
-0.09443358,-0.8719978,-0.13578708
0.8426095,0.7219812,1.137441
-0.71068746,-0.6726321,-1.0159687
-0.2681724,0.23514022,-0.5220346
-0.9152923,-0.8464086,-1.0412507
0.02573462,-0.62947863,0.056484193
-0.32448468,-0.46398115,-0.5632566
-0.35329574,0.4636761,-0.62583077
-0.8611025,0.9545413,-0.85937107
0.0783368,0.8426117,0.120068334
0.92497456,0.17193563,1.5728674
0.7297166,0.7318677,0.9779796
0.9445263,-0.86885023,1.0405372
0.36176288,0.64557105,0.57890177
0.07899693,-0.5833834,0.14258842
-0.6292236,0.11091856,-1.1778655
0.24278508,0.08684339,0.4651499
0.19941936,-0.66881716,0.30615044
-0.14672312,0.30889755,-0.27285275
0.6543969,-0.43459985,1.0981711
0.6009936,0.5880062,0.94129
-0.70690745,0.3146089,-1.2413701
-0.0002985703,0.50285774,-0.00715206
-0.8252852,-0.3301692,-1.3772546
-0.13707891,0.7498176,-0.20231731
0.36693874,-0.79670143,0.4920733
-0.13691613,0.4561826,-0.24123225
0.49589473,0.18341693,0.9413124
0.9798912,0.44440913,1.4885459
0.83452684,-0.11923484,1.4794456
0.0054235687,0.009307244,0.022892311
0.5378775,0.029622614,1.0326347
-0.2806809,0.24636517,-0.5518805
-0.52502227,0.9670786,-0.5830466
0.3866224,0.038555972,0.74584115
0.91897,0.8198712,1.0960212
-0.46168444,0.4282536,-0.80666095
-0.91878974,0.09434333,-1.5869277
-0.74093544,-0.6772038,-1.05109
-0.47848552,0.41480717,-0.852669
-0.38446906,-0.63411975,-0.5932144
-0.7985889,-0.20201698,-1.4041061
0.6408914,0.32584998,1.1332064
0.5354315,0.72813016,0.7623752
-0.94714487,-0.4535748,-1.4512304
-0.6237405,-0.88317376,-0.72886693
0.06399362,-0.6692827,0.10280174
-0.8785309,-0.501633,-1.3482357
0.62918663,0.5592905,1.0044292
-0.7296461,0.34149596,-1.2589961
-0.7516797,-0.39174244,-1.2566402
0.5682877,0.734246,0.81072456
0.29470047,-0.028580746,0.58473945
-0.3312137,0.3939854,-0.57474375
0.5101129,0.31422925,0.9147668
0.83586675,0.041840263,1.4862007
0.05055387,0.25888476,0.10533828
-0.34619996,-0.00047798478,-0.66852814
-0.06285035,-0.45242536,-0.12584135
-0.8370593,0.22081617,-1.4355698
0.11849493,-0.11288443,0.24491684
0.3121731,-0.9242474,0.36465836
0.30050045,-0.4753977,0.52849764
0.08153958,0.70036834,0.12385775
0.6602251,-0.4310085,1.0950587
0.39647704,-0.09911167,0.77443653
-0.5808891,0.14175165,-1.086082
-0.9173018,0.6678839,-1.236674
0.08699676,0.54551196,0.14170268
0.6425227,0.5639397,1.0184792
-0.5116624,0.7414129,-0.7174172
0.10328179,-0.500883,0.1920843
-0.92587507,0.17677891,-1.5744742
-0.40824723,-0.14234442,-0.7808632
-0.9559609,-0.7977742,-1.1506082
0.24244668,0.73935723,0.36347938
-0.74919415,0.37115592,-1.2753216
0.1776423,0.74291575,0.2584955
0.30404857,0.7522571,0.44139257
-0.4801791,-0.8082593,-0.6304654
0.60853267,0.52149606,0.99546903
0.522666,-0.04757976,0.976407
-0.41909832,-0.560645,-0.6817522
0.90118086,0.9877689,0.8518682
0.22644272,-0.6874078,0.34678864
0.9190008,0.97184837,0.8841585
-0.8635567,-0.85205245,-0.98973817
0.44263563,0.5353889,0.7386243
0.78177065,0.5818144,1.1764592
0.6808816,-0.07284338,1.2531215
-0.6874872,0.6995621,-0.96873534
0.07052294,0.65263873,0.10358637
0.68715966,-0.2615617,1.2194164
-0.8562902,-0.93277824,-0.90390974
0.2297954,-0.64158213,0.3603348
0.26929748,-0.17135356,0.5294166
-0.38333303,-0.2993974,-0.70878464
-0.07439836,-0.79083693,-0.09174113
0.15805402,-0.9374511,0.19897735
-0.2573671,-0.89547294,-0.31086937
-0.78719693,-0.8618966,-0.9340746
-0.05104195,0.66573864,-0.071540296
0.2862593,-0.6304945,0.45718777
0.31828108,-0.7864438,0.44998863
0.5752761,0.21107017,1.0622815
-0.30593076,0.61356604,-0.48785535
0.31505108,0.3611314,0.5745039
0.72078717,-0.7706158,0.95291734
-0.5982086,-0.80125594,-0.7895181
0.9379786,-0.8724402,1.0362405
-0.70014,0.3483921,-1.2235438
0.96713537,0.7228221,1.2131213
-0.23964821,-0.14384697,-0.4751683
-0.8600195,0.7013767,-1.1674132
-0.24661846,0.84911597,-0.30832562
-0.08790559,0.529036,-0.1464233
0.26964244,-0.7653042,0.3784827
0.59589374,-0.32408804,1.0440769
-0.23213762,0.60250217,-0.37868538
0.94303006,-0.5447301,1.3784465
0.29581589,0.68757725,0.44590595
-0.7326777,0.16501373,-1.3213518
-0.80644786,-0.27078864,-1.3928127
-0.50694424,0.76313835,-0.72293377
-0.1785684,-0.4247113,-0.33692634
0.5347043,-0.26365492,0.972842
-0.7243009,-0.7571723,-0.96638167
0.011935446,0.625729,0.005681474
-0.39806527,0.99300927,-0.41865605
0.42447484,0.12792268,0.804905
0.8092533,0.13480698,1.420541
-0.5462309,0.49693343,-0.9129097
0.33290988,0.68300194,0.50750077
0.5748202,0.11252364,1.0924045
0.67131096,0.39001134,1.1572948
-0.13610463,-0.92445135,-0.17308548
-0.7945419,0.37742212,-1.3208574
0.5521126,0.7794446,0.7697128
0.89189166,-0.96010387,0.8714603
0.34934363,-0.27469677,0.6540522
-0.35035118,-0.80149764,-0.49520868
0.38743603,-0.21345732,0.7515661
0.3693141,-0.4644502,0.64549553
0.65191966,-0.19753732,1.2036911
0.49650484,-0.5342725,0.8177933
-0.8704349,-0.17874081,-1.4988915
0.2764611,-0.22931932,0.5236822
0.32970682,0.39582765,0.58636904
-0.89041346,-0.3594802,-1.455161
0.9547168,0.2482112,1.5842136
-0.9901054,0.21057612,-1.635541
0.20851386,0.60320926,0.3506349
-0.9400942,0.2467842,-1.5788836
-0.08358541,-0.87428385,-0.08668067
0.61830014,0.3932398,1.0660129
-0.08281802,-0.51463866,-0.118768
-0.61037445,-0.53887856,-0.97801447
0.19711111,-0.38682428,0.3759649
0.9464179,0.010266385,1.6295054
0.5435482,0.046391588,1.0349618
0.64062285,0.20597954,1.1629913
0.30586413,0.5138676,0.5187488
0.41195446,0.14346433,0.7875857
0.35030463,0.61947334,0.5636453
0.654836,0.8521848,0.79513615
-0.67306495,-0.5948303,-1.0394813
-0.18838896,0.24130549,-0.3664698
0.7052956,-0.55004436,1.089509
0.29506072,0.4844439,0.5051193
0.39191473,0.6979132,0.5796
-0.14505172,0.996306,-0.15351775
0.35797754,-0.06677525,0.7128776
0.050234273,0.7684673,0.06903181
0.73228776,0.8138779,0.9025026
0.6886087,-0.11168059,1.2758181
-0.0892016,-0.730788,-0.11604816
-0.8935084,0.24854492,-1.5128062
0.6391217,-0.53416353,1.0315881
-0.42631513,-0.3879429,-0.7562171
-0.11991957,-0.32292023,-0.22510959
0.94025767,0.4192023,1.4834199
0.67397106,0.5353176,1.0607564
0.41978344,-0.31038758,0.77550316
-0.97255826,-0.9225086,-0.99303627
-0.22024406,-0.60190773,-0.36664763
-0.24538884,0.57130045,-0.3955263
0.9959828,0.05631055,1.6788939
-0.9641485,-0.5567711,-1.4046127
-0.7668968,0.3590908,-1.2859478
-0.031168643,0.22804606,-0.05062504
-0.4778893,0.048649967,-0.9175332
-0.7070449,0.51380205,-1.1351265
0.7681634,-0.53933,1.2118629
0.20345004,0.5164492,0.36285084
-0.16994992,0.6101733,-0.25828522
-0.28456873,-0.7608389,-0.39438567
0.10965601,-0.6841331,0.16766347
0.7261238,-0.6985309,1.0314531
-0.6773165,-0.3842454,-1.1580939
-0.75543326,0.4144607,-1.2597998
0.9487053,-0.9102109,1.0022805
0.36398137,0.51376814,0.6056806
-0.055390377,0.055539276,-0.102620475
-0.65848726,-0.7510134,-0.87453026
-0.09184593,-0.07776838,-0.17964555
-0.1260888,0.22437495,-0.24061644
-0.33880264,-0.7356914,-0.49844325
-0.57894444,0.808132,-0.767162
0.67899305,0.09474683,1.2290949
-0.4356647,-0.007663243,-0.85818005
0.9964498,0.62639344,1.3574431
-0.9142651,-0.3450864,-1.5020932
-0.23262808,0.45722502,-0.39234695
-0.58697504,0.69313604,-0.8497492
0.66433054,0.80160266,0.8548656
-0.4696794,-0.7169985,-0.6858021
0.120556936,0.789506,0.17163019
0.025580252,-0.3190422,0.058614593
-0.71263874,-0.8024175,-0.92113006
-0.5440673,-0.82244813,-0.72657895
-0.31855378,-0.35088152,-0.5931591
-0.5881344,-0.48677146,-0.98463947
-0.8801729,0.070966706,-1.5359572
0.50871414,0.72756964,0.7223414
0.7000372,0.5713549,1.0874321
0.39594886,-0.77899134,0.5429561
-0.42997587,-0.8551057,-0.55777997
-0.31938317,-0.19427069,-0.61549324
0.040470507,0.98940974,0.036423028
0.40543583,0.81650996,0.54694086
0.17073795,-0.78148633,0.25268412
-0.6483402,-0.70213073,-0.9167543
-0.3084423,0.7233019,-0.4540827
0.2225962,0.9568161,0.25752372
-0.205852,-0.8219546,-0.27536115
0.8657921,0.51808894,1.3189666
-0.37765443,-0.4391011,-0.6778732
0.3875133,-0.33376712,0.7228508
-0.98422253,-0.40515524,-1.5109227
0.21378805,0.6307184,0.35170662
-0.39807242,-0.60480547,-0.6527886
0.78329146,0.40466428,1.3035895
0.5031676,0.706748,0.7309453
0.99046797,-0.65103906,1.3448523
-0.6845368,0.5431474,-1.083553
-0.76313484,0.7603231,-0.9995333
0.83682275,0.047585964,1.4813498
0.025503159,-0.09893084,0.042199854
-0.10760773,0.21385622,-0.21165408
-0.86892015,-0.8305022,-1.0303718
0.7385365,-0.24480642,1.2829942
-0.36080244,0.15280925,-0.68828624
0.1480574,-0.4698688,0.27334622
-0.32666898,-0.26002035,-0.60504156
0.7561109,0.14061731,1.3650322
0.9657762,0.19943,1.6164958
-0.97020376,0.16984601,-1.6406208
0.0021521568,0.39378732,0.0046803365
0.68143207,-0.43543848,1.1592182
0.68368423,0.30837855,1.1990918
-0.66865736,0.815479,-0.8543758
0.32398924,0.17296208,0.6272312
0.7439242,-0.9852649,0.75926787
0.17857406,-0.7767395,0.2582818
-0.39807576,-0.142476,-0.77021587
-0.29470453,0.74806243,-0.42430034
-0.76905864,0.83645165,-0.912298
-0.21209617,0.38951796,-0.39750147
0.7325187,-0.24635158,1.2932696
-0.38940045,-0.2912559,-0.7297372
0.063721165,0.8598888,0.09822749
-0.6762075,0.8206185,-0.85848814
-0.17178337,-0.5137952,-0.3047594
-0.073574625,-0.93565816,-0.08384844
0.24088098,-0.048846215,0.4856624
0.9414846,-0.22422288,1.5835974
-0.4623787,0.29395613,-0.8667337
-0.11775178,0.76739246,-0.16242754
-0.4959258,0.34914652,-0.89061546
0.20430179,0.75404036,0.30909163
0.17764379,0.2914524,0.33852157
-0.80095774,-0.49366555,-1.2707748
0.41910326,-0.4228562,0.7236878
-0.263287,-0.24106205,-0.48871604
-0.8661808,-0.8131936,-1.0282027
-0.7382878,-0.85898346,-0.8864643
0.4302667,-0.09188189,0.8263467
0.49297756,-0.40923485,0.86155
0.91951597,0.8011814,1.1141868
-0.95179623,0.11465597,-1.6234136
-0.9177079,-0.42340234,-1.4488589
0.37906158,0.4720835,0.6616332
0.08109668,-0.8876454,0.09323079
0.5884252,0.32063192,1.0614706
-0.41748768,-0.59971035,-0.6581791
0.034424573,0.94602984,0.065404125
-0.29294905,0.08066985,-0.57247514
0.37244326,0.7701872,0.50617653
-0.35187274,-0.9430142,-0.41233566
-0.13946582,-0.406094,-0.2627985
0.6299663,-0.3663338,1.1025001
0.7888155,-0.0656985,1.421245
-0.59511685,-0.44096407,-1.0142413
0.7339609,-0.22761992,1.3066022
-0.4778631,0.7630419,-0.6601636
0.068840206,0.69880396,0.10728452
0.74848884,-0.403801,1.2546692
-0.7110542,0.57079506,-1.1236963
0.95597595,0.95924455,0.94727165
0.5423021,0.14006902,1.0303742
0.6290832,-0.98185945,0.6556424
0.92070735,-0.35143244,1.5171068
0.5541736,0.39661327,0.9758199
-0.5413176,-0.9201419,-0.63399774
-0.88150996,0.715511,-1.1593915
0.60732013,0.34501544,1.0745937
0.8441427,-0.43486804,1.3481741
-0.8139473,0.47661072,-1.268376
0.26999673,0.94996387,0.30434707
-0.6482969,-0.7186735,-0.8953796
0.9528859,-0.017728072,1.6218159
0.17880963,0.9902454,0.19028956
0.93412197,0.87285817,1.023626
0.9032183,0.6377144,1.2562957
0.97752684,-0.9395344,0.9777039
0.09713336,-0.4923078,0.1763524
0.3573517,-0.25805166,0.67118925
0.112136886,-0.32876974,0.22392689
0.1655534,-0.39178023,0.3058454
-0.68805975,0.57010293,-1.0763794
-0.37050492,0.39847547,-0.67329454
0.5845951,-0.6693998,0.8770167
0.1569494,0.34617457,0.27794906
0.719253,0.25312352,1.2880841
0.7742182,0.46234834,1.2697264
-0.40314636,0.9130487,-0.49272552
-0.9488807,0.5700813,-1.369356
-0.7257362,-0.7576272,-0.95224565
-0.8630118,-0.553709,-1.296919
-0.7752675,0.032200277,-1.3999368
0.3066202,-0.636198,0.48526648
-0.48563963,0.029689368,-0.9219078
0.71138906,0.6300826,1.0581359
0.04285045,-0.24652316,0.076308936
-0.31731546,0.35895547,-0.56199276
0.018407034,0.64784753,0.026468033
0.04904725,0.94956076,0.052794687
-0.8596969,-0.18505816,-1.496323
0.35483697,0.78443176,0.48623642
-0.55326045,-0.9043272,-0.6638096
0.1286604,-0.28390908,0.23763993
0.4406857,-0.7795474,0.60293424
-0.3080891,0.7118151,-0.44871625
0.059682593,-0.85196525,0.08634503
-0.17419687,0.80962324,-0.22847855
-0.4297062,0.1980865,-0.81250274
0.5963873,0.016889919,1.1371608
-0.33801857,-0.15316328,-0.65636164
0.47692806,-0.69094646,0.7209066
-0.50698215,-0.6043946,-0.7942724
0.27623644,-0.07334163,0.55187935
0.74073994,0.079189874,1.350819
0.77737385,0.82127774,0.95546347
0.5024733,0.56444246,0.8084752
-0.16775893,0.8945234,-0.20729476
0.64327604,0.20065522,1.1754389
0.99699706,-0.19760549,1.6577067
-0.44916555,0.41543823,-0.8057571
0.8639589,-0.4824055,1.3648598
0.9570135,-0.7803911,1.1527363
-0.21785577,-0.42890388,-0.38833103
-0.2805982,0.033938814,-0.56671405
0.07122711,-0.95359033,0.06122012
0.4817335,0.43200353,0.8302141
-0.6889058,-0.23434795,-1.2420905
0.34235007,-0.25300333,0.6292309
-0.122653805,0.028524859,-0.22320843
0.14409584,0.3611745,0.26744422
0.9514178,0.054668244,1.5998869
0.6036411,-0.70722914,0.86522174
0.58360624,-0.678457,0.86487913
-0.0674803,-0.5617243,-0.10521102
-0.20624702,0.7567065,-0.2838439
-0.74334294,-0.023227837,-1.3652036
-0.26566175,0.64655674,-0.4057732
-0.61481255,0.3323649,-1.087107
0.7884486,-0.64617133,1.132358
0.83861244,-0.5726293,1.2484125
-0.021431943,-0.48542717,-0.04829405
-0.8316571,-0.89588886,-0.93451065
-0.47986987,0.96672696,-0.534568
-0.48384246,-0.017614596,-0.9284998
0.16124897,-0.929687,0.18926984
-0.3516173,-0.92462885,-0.42210224
-0.6214217,-0.4503541,-1.0420794
-0.38456488,-0.82419246,-0.5222773
0.48748752,-0.5235384,0.8052058
0.19734654,-0.60316354,0.33708575
0.62697214,-0.15370697,1.1503476
0.2971364,0.25014248,0.58848697
-0.31009474,0.7222036,-0.43785703
0.58931845,-0.16334368,1.0920762
0.5472825,-0.4861553,0.9046096
-0.3508147,-0.96882915,-0.3820467
0.8721709,-0.51105815,1.3307214
0.8256154,-0.621501,1.1966982
-0.08488191,0.36329812,-0.15118602
-0.6960143,0.13067034,-1.2739024
0.9408745,-0.73932225,1.1897798
-0.6248691,-0.062043026,-1.182364
-0.25535128,-0.83820564,-0.36014935
0.72502065,0.8402605,0.89698225
0.97710925,0.4064896,1.5215702
0.40419245,0.5706092,0.66322464
0.3861515,-0.5653441,0.6277057
0.089993104,-0.48094928,0.14180066
-0.7095752,-0.9712724,-0.7547299
-0.65103805,-0.8317779,-0.81836534
-0.45222288,-0.9628972,-0.4878249
-0.009268693,-0.058883816,0.009039657
0.7234228,-0.8022212,0.9353712
0.6963347,-0.06837003,1.2872261
-0.75316787,-0.93329525,-0.82412785
-0.15167464,0.32248092,-0.28644082
-0.041070364,0.4363939,-0.05395783
-0.93367887,-0.43798077,-1.4481037
-0.12791802,-0.11259673,-0.26861542
0.76687384,0.48105386,1.238504
-0.3048595,0.66514224,-0.476546
0.86067677,0.6227209,1.2412179
-0.90846187,0.30577055,-1.5074385
0.43683228,0.23382737,0.8195338
-0.042071458,0.7421571,-0.057482805
0.33163112,0.89569086,0.41839626
-0.23604894,-0.54444647,-0.4026956
0.9715423,-0.79518706,1.1481056
0.2972358,0.35959366,0.5507504
-0.047153126,0.18135293,-0.098358415
0.63277626,-0.53887457,1.0199933
-0.2482178,0.62911034,-0.38791856
0.06955714,-0.45022172,0.11700491
-0.49081522,-0.5689085,-0.79776484
0.100572735,0.89627403,0.12422052
-0.45847508,-0.1149024,-0.86270285
0.56396574,-0.37892136,0.98784584
-0.33294302,-0.4767335,-0.56562126
0.39888206,0.41768277,0.69870305
0.19988245,-0.7772544,0.27436686
0.54434067,0.47567448,0.924707
-0.2836532,-0.7536776,-0.39376414
-0.8271088,-0.7973306,-1.028825
0.0399409,0.10245063,0.08304769
0.43890455,0.19010352,0.85108614
-0.5197506,0.47553104,-0.8880186
-0.28170955,-0.15012826,-0.5299844
0.70019644,0.36781475,1.2085745
-0.78474253,-0.84392476,-0.94065523
0.069031835,0.55333775,0.11038385
-0.56026995,-0.55409443,-0.90492404
-0.5764687,0.24372175,-1.0668548
0.1513072,-0.6633248,0.2500731
-0.94230556,-0.51320153,-1.4045908
0.1198059,0.45456985,0.22493476
0.47900456,-0.96003103,0.50059164
0.71025985,-0.41330516,1.2122692
0.8408186,0.18919839,1.4603853
-0.89120233,0.94459426,-0.90798557
0.042469848,-0.22782435,0.08384293
0.13438345,0.0131369615,0.2531672
0.5462901,0.7220224,0.7865358
-0.4667348,-0.530032,-0.7793591
-0.8884082,0.75090265,-1.1252637
-0.12372964,-0.29584455,-0.23394403
-0.034425195,0.9492047,-0.03159608
0.3915429,0.8864803,0.48374343
0.12761165,-0.16339333,0.25786564
-0.7956583,0.35236478,-1.3305577
-0.04191784,-0.8414278,-0.053594545
-0.006720588,-0.008380369,-0.003330196
0.4074574,0.77728045,0.55980563
0.3621106,-0.10293007,0.70789295
0.76198626,0.20807984,1.3629841
0.108461566,0.6383642,0.17104366
-0.6598256,0.92938745,-0.7159811
-0.02103578,0.1768509,-0.04724503
0.68383247,0.10125532,1.2714802
-0.51083964,0.91146606,-0.60799
0.14515714,0.59109914,0.24610837
-0.7087667,-0.43924794,-1.1920017
-0.07263363,-0.30682054,-0.13799812
-0.5324636,-0.22915268,-0.9795369
0.113047875,-0.56153136,0.20593902
0.8531677,0.18322407,1.491213
-0.7382852,-0.81861293,-0.91651356
-0.09480119,-0.12344207,-0.19635925
0.18177283,0.24760488,0.36702797
-0.37797928,-0.53539574,-0.64942044
-0.032818217,0.7896699,-0.054337204
-0.22538313,-0.25430363,-0.42858237
-0.5080444,-0.31159678,-0.9099706
-0.2263602,0.88240975,-0.29360354
-0.2651784,0.8882719,-0.32674974
-0.4079659,-0.86564755,-0.5180348
-0.72225934,-0.2542779,-1.2827625
0.29861218,-0.12860702,0.5906443
0.030613642,-0.07058789,0.069119595
-0.40587482,-0.9545523,-0.4640802
0.11072569,0.96587926,0.1208425
0.33057174,0.0367285,0.6485128
0.014407237,0.880992,0.0239896
0.12463556,-0.42739946,0.22139153
0.13825664,0.8685864,0.16284934
-0.6226856,-0.96331775,-0.67506844
0.08960561,-0.57483953,0.13947415
-0.025612053,-0.55792075,-0.042654414
-0.6425895,0.10073344,-1.1826122
-0.6491433,0.69113886,-0.93281937
-0.39548787,-0.062378097,-0.7802495
0.42049903,0.33300266,0.76693195
0.12822628,0.32319263,0.23890501
0.10183707,0.30608273,0.18491279
-0.0530463,0.63210046,-0.08240562
-0.122144386,0.14556797,-0.21986358
-0.79975426,-0.31855094,-1.364414
0.2428829,0.14986257,0.4838055
0.23746686,-0.7608145,0.33478862
0.21806298,-0.4980543,0.38653558
-0.14260054,0.13024887,-0.26312855
-0.55235416,0.9426483,-0.61642027
-0.7099694,-0.8865225,-0.8270945
0.9201504,0.8530494,1.0442044
0.32204217,-0.43718007,0.5739246
0.2947282,0.78286535,0.42171866
0.067278415,-0.3267988,0.14613786
-0.25319585,0.61628234,-0.4369685
-0.77321887,-0.40086928,-1.2771692
0.7375989,0.73765874,0.98884183
-0.75865513,-0.40960348,-1.2688376
-0.52422947,-0.46827102,-0.9027012
-0.43683645,0.8369908,-0.58139604
0.03724568,0.96300304,0.04774662
0.6629084,-0.9617496,0.7044714
-0.8416641,-0.9211541,-0.89544874
-0.40704942,-0.62638474,-0.63872164
0.5846475,0.41728535,1.0012686
-0.29923093,0.43420354,-0.54514545
0.92896324,0.7053522,1.2095476
0.2609352,0.6248952,0.4169182
0.16697843,0.93451583,0.20471245
-0.8464109,-0.60511684,-1.2259445
0.6413738,0.061030835,1.1838591
0.24163188,-0.54955965,0.40310374
0.26699597,0.9509411,0.32634315
-0.9285567,0.5399419,-1.3732622
0.97656924,-0.24726614,1.602735
0.20511886,-0.9916189,0.23127936
-0.5142049,0.3579006,-0.9188464
0.7015534,0.20518704,1.2442912
-0.3563747,-0.4607775,-0.63078386
0.7630041,-0.7739861,0.9825199
0.49925405,0.36584312,0.89160216
0.15126902,0.8202725,0.19849057
-0.48038477,-0.68683374,-0.69917226
0.8683704,0.98801637,0.83814913
0.64275867,-0.21520689,1.1771493
0.5836995,0.7202767,0.8296473
-0.027739964,0.8135018,-0.041560803
0.2128004,-0.44214,0.38943553
0.69358945,-0.5572811,1.08969
0.02686913,-0.6295762,0.03872954
0.5957123,0.5973724,0.94021726
0.99760157,0.9814277,0.93498933
0.8320447,0.7144293,1.1326996
-0.55476993,0.87951404,-0.65766644
-0.64677936,-0.67485213,-0.9525194
0.023413572,-0.5296464,0.06367936
-0.78940797,-0.4985516,-1.2462837
-0.87567806,-0.27437782,-1.4640254
0.72861785,0.76624703,0.9717533
-0.33798245,-0.16557074,-0.6416056
-0.62501854,-0.12507494,-1.1661911
0.69836664,-0.08230508,1.2838103
0.14016311,0.013451192,0.29668897
-0.09628241,0.74039286,-0.14923741
-0.49601617,0.6780784,-0.7339768
-0.09981805,-0.09246842,-0.21255793
-0.15137188,0.82534736,-0.18957746
0.3322904,-0.9426156,0.38001645
0.62297577,-0.9988691,0.6305928
-0.17837997,-0.47294828,-0.32394648
-0.2829507,0.6965474,-0.4269224
-0.5639094,-0.63373315,-0.86710864
0.09562946,-0.6416939,0.16547921
0.41674954,0.59873843,0.6586435
-0.26225173,-0.10335958,-0.52190423
-0.03947896,0.8471276,-0.053323302
-0.28385746,0.6703954,-0.4365679
0.85966504,-0.9348804,0.9102482
-0.36953095,-0.12844591,-0.7271176
0.17027228,0.7849379,0.22603777
-0.7344342,-0.9000606,-0.81740505
-0.1933722,0.32587993,-0.3615413
0.78751975,-0.9921202,0.7715675
0.2889766,-0.024616139,0.575483
0.28816283,-0.6253428,0.47158793
-0.11563324,0.6910684,-0.18042423
0.39289975,-0.94258773,0.44171193
0.31167457,0.05752703,0.6182621
0.82141805,-0.44674087,1.3407197
-0.05429199,0.8910999,-0.07177466
-0.64864385,-0.613893,-0.9891686
-0.861623,-0.0031507814,-1.521463
-0.8998319,-0.7918684,-1.098978
-0.48973835,0.19150013,-0.9033476
0.028900951,0.22178018,0.0585723
-0.6939744,-0.6403565,-1.0270246
-0.24293762,0.12166974,-0.45969635
0.19094494,-0.9350711,0.23644298
0.75950336,0.4325465,1.2471856
0.064617395,-0.50984013,0.09343562
0.35149884,0.9274782,0.4249979
0.17549291,0.4861696,0.30141407
0.7474236,-0.37898153,1.2724429
0.5351565,-0.41936108,0.9242791
0.9548529,0.16937661,1.6038322
-0.06583845,-0.24497993,-0.12361437
-0.010332825,0.4752604,-0.023728041
0.4457431,0.46424007,0.7850526
-0.8188548,-0.84827316,-0.96903145
0.29794145,0.38133937,0.5474182
0.8381104,-0.4901791,1.3105512
-0.04201373,-0.87503546,-0.05307246
-0.15497014,-0.17209603,-0.2940552
0.23546383,-0.88291615,0.29487026
-0.90800047,0.3710966,-1.4704257
-0.21464123,-0.37604612,-0.39260754
-0.69092304,0.92065215,-0.7926761
0.41653538,0.17864,0.79317445
-0.5383657,-0.034988176,-1.0234317
0.8671472,-0.67144847,1.220117
-0.09689835,0.30727488,-0.20935811
0.2379977,0.8312097,0.2981197
-0.63224554,0.5726651,-0.9848623
0.23997009,-0.9420117,0.2764555
0.42844015,-0.52161866,0.7285423
0.8191088,0.09276658,1.4467319
0.853299,-0.44238102,1.3724762
-0.7405072,-0.6447362,-1.0667714
-0.72798973,0.6910347,-1.0445533
-0.954085,-0.7655134,-1.188448
-0.8783141,0.9904421,-0.8429493
0.24676217,-0.46942744,0.43942687
0.6443336,-0.058682393,1.1990569
-0.62774414,0.84753495,-0.78765845
-0.5822402,0.32358384,-1.0420514
0.2132077,-0.43835226,0.39318585
0.7026135,0.69359416,0.979876
0.069011785,0.2553307,0.1551958
0.33342034,0.65078586,0.52149785
-0.4910558,0.5379803,-0.81561536
0.3938518,-0.12653127,0.7492545
0.61977607,-0.107906826,1.1681516
-0.6166472,-0.5981263,-0.9440868
-0.24598768,0.57662964,-0.41710463
-0.60231686,-0.71304107,-0.8465009
-0.7025403,0.56464475,-1.1016406
-0.80350715,0.66774744,-1.1360888
0.8093792,0.20708118,1.4054056
-0.46684912,0.86041737,-0.5846377
-0.9338159,-0.94001305,-0.94639
0.055760935,0.092424884,0.11626961
-0.17104685,0.023409791,-0.33355576
-0.20517634,0.81735766,-0.31210265
0.36533356,-0.80890346,0.48926583
0.8213515,0.3623436,1.3665081
0.4289264,0.11170967,0.83443385
0.46976522,0.00078502484,0.9037702
-0.932946,-0.635478,-1.2970481
0.38607126,0.44305655,0.69783515
0.5456877,0.32742915,0.9822117
0.43951806,-0.844951,0.57198864
0.23228809,-0.19793098,0.4669984
0.23736003,0.0418995,0.47365522
0.0067203464,0.7808045,0.016328152
0.4585452,0.78179574,0.6260772
-0.38939673,0.42218897,-0.69827527
0.8134783,0.78677773,1.0349667
-0.3083121,-0.94825083,-0.34872332
0.77384806,-0.60784423,1.1338762
-0.18341993,0.1501874,-0.37711382
0.2998212,-0.4681816,0.53642243
0.5599502,-0.9534801,0.6184678
-0.42696038,-0.15628454,-0.83075565
0.6692185,0.8971078,0.7786546
0.53959256,-0.20376927,1.0145038
-0.449863,-0.7944453,-0.6226569
0.14606714,-0.44551402,0.26150358
-0.12463546,-0.976871,-0.13563855
-0.50466245,0.61788106,-0.7657395
0.41559651,0.2024035,0.7898048
0.8787868,0.44666722,1.390425
0.14708741,0.6063167,0.23694515
0.45736963,-0.31025666,0.8233802
-0.41538993,0.15870678,-0.79658335
0.04570541,0.58432496,0.06298615
-0.47075826,-0.19839494,-0.9011369
0.7361281,0.5918933,1.0918878
-0.94079614,-0.10607221,-1.6348101
0.35396695,-0.15474713,0.686841
0.6982272,0.61643547,1.031166
0.08429188,0.448843,0.16322178
0.044840768,-0.82459015,0.065982215
0.43162248,0.16315682,0.82146627
0.77566373,-0.7926227,0.98203224
-0.07329784,-0.7084664,-0.09998915
0.77543324,-0.100065894,1.3825191
0.64432985,0.5177166,1.0284967
0.74817574,0.9108794,0.82030123
-0.1411162,-0.3593702,-0.25242826
0.70696497,0.56663215,1.0868129
-0.42984068,0.91767544,-0.5053432
0.55869853,0.049434084,1.061373
-0.71388227,0.98160756,-0.7369097
-0.5339711,0.13761126,-1.0125852
-0.77632856,0.4056712,-1.3046241
-0.41220146,0.08596526,-0.828336
0.43601477,-0.26644492,0.81617606
-0.78858995,0.67626584,-1.1022118
0.5961478,0.8535491,0.7398633
0.50546104,0.23305203,0.94167185
0.6053285,-0.07334094,1.1306849
0.41830865,-0.7680884,0.5801364
0.5310783,0.11073062,0.9891963
0.034845024,-0.24890642,0.059528418
0.8312905,0.60810703,1.2124736
-0.7722945,0.8485797,-0.91351384
0.997079,0.6828727,1.2960271
-0.3889575,0.41565835,-0.68663317
-0.51336426,-0.17685723,-0.95904285
-0.9012223,0.97571754,-0.87762445
-0.59644413,0.6771614,-0.85307246
0.59608436,-0.15646686,1.1164075
-0.40526503,0.04973366,-0.7956341
-0.7487075,0.2155124,-1.3390825
-0.44483027,-0.34706384,-0.8036107
-0.9081146,0.12490952,-1.5680269
0.6833745,-0.52857935,1.0952164
-0.3505748,0.2670719,-0.67884374
0.02247053,-0.18786487,0.035985924
-0.17694,-0.22554299,-0.3418188
0.67693216,-0.41614562,1.1511711
-0.27113512,0.55603707,-0.45450813
-0.52419233,-0.35837892,-0.94559324
-0.9831493,-0.011421887,-1.6491501
0.43899602,-0.28537348,0.81324416
-0.0238233,-0.12824038,-0.052801844
-0.34980732,0.44496295,-0.61492366
0.81154156,0.68284863,1.1256328
-0.11535645,0.44209743,-0.20986006
0.46063665,0.7592496,0.6364725
0.47467357,0.82633805,0.62030256
-0.4498648,0.9345586,-0.5268174
0.046211522,-0.6236209,0.061890792
0.4077621,0.28303117,0.76231575
-0.15893047,0.032222115,-0.32207274
-0.5941222,-0.6393861,-0.9095341
0.06745386,-0.38164258,0.13366525
0.65980947,0.34613562,1.165675
-0.24070404,-0.92184937,-0.29461545
0.7273734,-0.8238969,0.9107642
0.9996318,0.7385556,1.2519767
-0.72436506,0.5019251,-1.1751239
-0.065473095,-0.2932132,-0.12291098
0.052124046,-0.73493296,0.08157368
-0.35529155,0.22505495,-0.6965509
0.42663777,-0.34780663,0.77700907
0.64052165,0.5370144,1.0314093
0.4228162,0.8689563,0.5342384
-0.615798,-0.44437975,-1.0422695
0.23879676,-0.015224309,0.48228675
-0.65023565,-0.25267315,-1.1746284
0.031033792,0.53214043,0.046411682
0.13303545,0.84243506,0.17174622
0.18240315,0.04870892,0.36749998
0.29528663,-0.32269868,0.56511855
0.44997814,-0.4898421,0.7638136
0.1580319,-0.63450605,0.24962476
-0.65521526,0.56491506,-1.0238261
-0.36378604,0.9351907,-0.40917456
0.5705218,-0.31813696,1.0219789
-0.54133475,-0.32730603,-0.9857288
0.5855788,-0.4535584,0.99110466
0.3575539,0.03226134,0.68578255
0.8989557,-0.6392808,1.2545063
0.06486415,-0.97994715,0.06396285
-0.36278126,-0.19209082,-0.7033003
-0.4603168,-0.10203883,-0.8828475
-0.8796942,0.081493676,-1.5547546
0.81185174,-0.00779568,1.4558637
-0.32389924,0.9500685,-0.35633436
0.4177559,-0.42383376,0.73530346
-0.36740234,0.8902578,-0.4372449
0.62165314,-0.047808528,1.1615398
0.0010653795,-0.448532,-0.0022937553
0.3294467,0.77411216,0.45245624
0.26059908,-0.06559852,0.52418363
-0.27427527,0.8867336,-0.35081208
-0.42156404,0.0038487685,-0.81789804
-0.2946881,0.92057586,-0.3516659
-0.59749734,0.1961727,-1.0881969
-0.06877763,-0.2749594,-0.14726911
0.13435864,0.6563944,0.2228922
-0.49638397,0.09222087,-0.9432369
-0.848242,0.19836976,-1.4743023
-0.26733917,0.5314666,-0.44485176
0.7805936,0.15868273,1.3904608
-0.04206416,-0.27835733,-0.06698351
-0.48222083,-0.85100216,-0.60112965
-0.8166802,-0.20124277,-1.4296478
-0.4113055,-0.24712175,-0.7728287
-0.6097034,0.6191804,-0.927449
-0.43058363,0.7565329,-0.60813344
0.5031932,-0.27544734,0.93583524
-0.3329536,-0.4686248,-0.58077496
0.1643661,-0.95359963,0.18377249
0.67715645,0.678912,0.97073454
-0.11660936,-0.14412819,-0.2245028
0.625893,0.413236,1.083732
0.3428132,-0.89170265,0.42313126
-0.36702788,0.77665216,-0.51538426
0.6591538,0.45041892,1.1025678
-0.6645172,-0.040036507,-1.2344505
0.37946996,-0.30649394,0.7139356
0.7984579,-0.18766683,1.401316
0.90681624,0.099412896,1.5836759
0.87029725,0.910898,0.93166876
0.782858,0.9265275,0.8317657
0.27891794,0.77831846,0.38096327
0.06898231,-0.18038462,0.13453421
0.69662565,0.23943594,1.2381898
-0.39766577,0.25402522,-0.7564392
-0.20075965,-0.6319822,-0.32204822
-0.19919305,0.2591268,-0.3872066
0.6407611,-0.807384,0.8266338
-0.50400716,-0.3388533,-0.90879345
0.965848,0.078216664,1.6384096
0.64740604,-0.06679595,1.2055693
-0.18809296,-0.96020055,-0.20704563
0.23921368,-0.7240713,0.36399922
-0.5933314,0.36013234,-1.0572976
0.27871436,0.37303704,0.52030915
-0.974242,0.6976306,-1.2777054
0.18647459,0.15288633,0.36242908
-0.1474397,-0.9103254,-0.18293232
0.650559,0.6943465,0.92614996
0.8477902,0.3768037,1.4004205
0.9289053,-0.04437356,1.6110749
0.5477789,-0.4343991,0.94582856
0.7015296,-0.008834968,1.3013802
-0.78844374,-0.63767034,-1.1270999
-0.75936663,-0.815135,-0.94019544
-0.44259882,-0.86900777,-0.5510978
0.34203672,-0.5798724,0.5507424
0.65427625,-0.88343996,0.7708358
0.9864155,-0.05656666,1.6781231
0.47134763,-0.85525364,0.59967625
-0.46099803,-0.9725119,-0.5154932
0.9118405,-0.06757086,1.5694475
-0.83817077,0.3329472,-1.3969408
-0.54621893,0.2249659,-0.99348265
-0.80098236,-0.5880686,-1.2102708
0.25903553,0.70289445,0.38733557
-0.99539477,-0.7921224,-1.1837977
0.08146293,0.43246126,0.15198928
-0.022614038,0.9837682,-0.023922078
-0.05994698,-0.84959364,-0.088504314
-0.09324098,-0.35353488,-0.16445978
0.36375776,0.6178016,0.57447994
-0.06611551,-0.8837801,-0.0664183
-0.9022858,-0.35578784,-1.4752299
-0.7636778,-0.039852396,-1.3873065
0.65964466,-0.7673097,0.89141643
-0.21798295,-0.40105018,-0.40868208
0.056220327,0.8244972,0.10718613
-0.7402492,-0.49253756,-1.1806414
-0.96178377,-0.14855778,-1.6090535
0.7565462,-0.04245954,1.366921
-0.40808067,0.6535883,-0.64553845
0.15519099,0.7237511,0.23580305
0.91882133,-0.8855694,1.0123647
-0.6003864,0.89215595,-0.69567686
-0.6863815,-0.027313152,-1.2535298
0.25705728,-0.68844354,0.38574326
-0.84048,-0.5989401,-1.2272662
0.16788429,0.1270417,0.34294647
-0.94380903,0.3129956,-1.5435922
0.77554196,0.16417508,1.383428
0.31889033,-0.737725,0.47045234
-0.8890385,-0.43061003,-1.4194826
-0.47611824,0.18346599,-0.89122623
-0.36077663,0.30312,-0.6640494
0.008391424,-0.21948458,0.02540331
0.6549912,-0.50227886,1.0670009
-0.9727814,-0.48784003,-1.455407
-0.25341225,-0.5851125,-0.3941734
-0.111464664,-0.31688595,-0.22723033
-0.2016039,-0.2854842,-0.3934978
-0.57770824,-0.43893808,-0.9828184
-0.8488923,-0.85423696,-0.99326235
0.63700926,-0.21024,1.1634734
0.05968665,-0.102813974,0.13339753
0.97042423,0.64800584,1.322374
0.9600167,-0.5104656,1.4297528
0.14159743,0.2579293,0.2690839
0.25198328,-0.20177522,0.47759983
0.8495015,0.3713222,1.411688
-0.49480945,-0.08311757,-0.9516728
-0.11277992,0.3209506,-0.21772096
-0.7739506,-0.46746805,-1.2445905
-0.8044132,0.5140989,-1.2556771
-0.007260674,-0.52868485,-0.00517877
0.16918068,0.8661664,0.20080753
-0.011017,-0.1811394,-0.034852963
-0.15579247,-0.36754262,-0.29958272
0.13373944,-0.7693537,0.19571571
-0.57500285,-0.6784066,-0.84247327
-0.45328352,0.44269907,-0.78368324
0.6791408,0.96741253,0.7124862
0.95690143,0.006068606,1.6421978
0.45870987,-0.74849224,0.62589884
-0.2247038,0.62270874,-0.36268252
-0.68075097,0.28426528,-1.2048705
0.642639,0.69397277,0.92474717
0.5059923,-0.7256685,0.72282857
0.9924436,-0.00054376334,1.6927458
0.13174635,0.8185074,0.18926181
-0.7872858,-0.27436343,-1.3653233
0.19479133,0.2651574,0.38408327
-0.6206979,0.76742876,-0.82979435
-0.2516587,0.21320204,-0.48558554
0.3756307,0.34352094,0.6902764
-0.5309384,0.24576835,-0.99432546
0.19486159,0.2848456,0.37472302
0.31928977,-0.13102207,0.63291234
-0.6386996,-0.44905192,-1.061058
0.97003233,-0.9030254,1.0214936
0.27090415,0.22709322,0.52086586
0.9386606,0.5827218,1.3440759
0.93333864,0.46149245,1.4629765
0.13532963,-0.9462152,0.16320328
0.7202942,-0.64161634,1.0722156
0.6347686,-0.9446571,0.6900332
-0.16159622,-0.35592407,-0.3018635
0.7561039,0.39433345,1.258114
0.43169975,-0.44324335,0.7608461
-0.11693595,-0.45412385,-0.20996343
0.07932138,-0.48050734,0.15604617
-0.6669458,0.5714547,-1.0462539
0.5168869,0.4320744,0.8966447
-0.84816176,-0.8317389,-1.011661
0.16859336,0.88872534,0.2132696
0.6825451,0.029772105,1.2713255
-0.56638163,0.0588684,-1.0827708
-0.840504,0.24084057,-1.4507167
-0.7044493,0.4332711,-1.17083
-0.4508266,0.32400435,-0.8224228
-0.58492553,0.062921196,-1.1043464
-0.5679128,-0.35319033,-1.0184377
-0.28479436,-0.52921975,-0.4777115
0.849592,-0.94932204,0.88835764
-0.377303,0.4198472,-0.68016726
-0.69774884,0.46844685,-1.1451968
-0.80461735,0.43903393,-1.2799543
-0.51484656,-0.7572038,-0.72151256
0.4816953,0.10038182,0.9168913
-0.15564303,-0.14792147,-0.30966908
0.2712106,0.6271243,0.4532889
0.65006506,-0.4447527,1.090577
0.8564956,0.093259245,1.5214924
-0.37071267,0.49230817,-0.6477484
-0.2385134,0.6037534,-0.39731872
0.79972124,0.9892879,0.76872593
0.8728252,0.21434827,1.4956511
0.3438304,-0.92844975,0.39453506
0.15076658,-0.16404817,0.30631217
-0.5256731,0.057908278,-1.007686
0.6045624,0.9291445,0.68052346
-0.024361374,0.028163657,-0.04427668
0.9650235,0.13506402,1.6408097
-0.5535156,-0.3916671,-0.9513502
-0.32185254,-0.5989257,-0.5307802
0.12207092,0.9795302,0.121505074
0.33893937,-0.7885866,0.45713204
-0.13303989,-0.5480533,-0.22708452
0.67168736,0.3681228,1.1637412
-0.73533255,0.4948787,-1.1767968
0.07966596,0.09100009,0.16240619
-0.98508143,0.7079137,-1.2692591
-0.4781921,0.860869,-0.6073538
0.5469308,-0.9043291,0.64055514
0.10974311,-0.11984296,0.21530168
0.6428324,0.42774832,1.100271
0.3587279,0.599783,0.59523654
0.13427751,-0.55480695,0.24166508
0.6397052,-0.52103204,1.0321478
0.41808912,0.16054842,0.80741286
-0.82562554,-0.69033784,-1.1294333
-0.28008923,-0.085013136,-0.56156105
0.54317415,-0.12525208,1.029466
0.07797571,-0.1294912,0.14637421
0.8316042,0.062552586,1.4817035
0.22681008,0.18954594,0.46149683
-0.30585122,-0.18555747,-0.6003629
-0.77006215,-0.69302344,-1.0499758
0.31529576,0.54742473,0.51655143
-0.03908355,0.5084531,-0.055568974
0.06921332,-0.62129563,0.10574801
-0.1609233,0.64887244,-0.2657183
-0.7123226,-0.3499008,-1.2227913
-0.3543134,0.44211602,-0.63935477
-0.25460687,-0.04325557,-0.50577337
0.25190285,-0.4434077,0.45224172
-0.45899963,-0.367136,-0.80398333
-0.59199625,-0.8233437,-0.7610888
0.6803294,-0.9474025,0.73205125
-0.054286048,0.97439617,-0.05077833
-0.32191008,-0.8280208,-0.453051
0.32561496,0.6840343,0.49451393
0.7951701,-0.121990465,1.4100784
0.44199687,-0.70997626,0.6365769
-0.904879,-0.40897965,-1.4574192
-0.70395523,-0.1268684,-1.263027
0.26346517,0.65385604,0.41283348
0.5750065,0.17143527,1.0635109
0.8331036,0.6861212,1.1421763
-0.63191473,0.71164936,-0.87891567
-0.4720163,-0.46886894,-0.8128752
0.19761114,0.13904119,0.40575173
-0.29759648,-0.71959364,-0.45199966
-0.3468012,0.94055516,-0.38567123
-0.6250561,-0.25785697,-1.1443516
-0.7773903,0.38118553,-1.29441
0.046858847,0.22881408,0.0940723
0.76149225,-0.0871694,1.3532436
-0.18486673,0.8159402,-0.25277293
0.37033582,-0.022423942,0.7265725
-0.8612095,0.5719234,-1.2670138
-0.39879578,-0.47155756,-0.7035969
0.111444674,-0.356857,0.19428411
0.48239422,-0.09977217,0.9341938
0.99868774,-0.48860243,1.4992855
-0.8689793,0.18117258,-1.5237657
0.9119735,0.90908104,0.9664359
0.8620239,-0.45626664,1.355617
0.06519472,-0.91530687,0.097630695
0.009116079,0.6605261,0.020832503
0.17641476,-0.52581906,0.31384766
-0.2437687,0.82312864,-0.32793573
-0.65507203,0.27927575,-1.1885418
0.05414732,-0.606007,0.097236015
-0.65418917,0.079018556,-1.209226
0.48481658,-0.2091085,0.90915763
0.6416738,0.45068353,1.0672432
0.27940387,0.957512,0.3062957
-0.688164,0.29036894,-1.2074991
-0.99766415,0.2958446,-1.6065396
-0.120492294,0.6826108,-0.18564282
0.3668045,-0.51194084,0.615216
-0.5321155,0.97178435,-0.5913771
0.35069555,0.76676244,0.5118916
0.6751322,-0.6807075,0.96958345
-0.49595276,-0.64827085,-0.7644451
0.81754124,0.41517568,1.3474424
0.83889294,-0.22978891,1.4605151
-0.91294426,0.41126394,-1.4358354
0.3507573,0.5249305,0.57308155
0.14866106,0.4456656,0.269921
0.021321498,-0.5929006,0.046731148
-0.027905608,-0.41025132,-0.0448962
-0.20815693,0.4611724,-0.36649284
0.7092644,0.5836781,1.077548
0.685942,0.41932994,1.150323
0.516184,0.4691996,0.87205064
0.54187,0.8314226,0.7057993
0.8244849,0.8382426,0.9843152
0.11371427,0.5746553,0.18990983
-0.5423184,-0.8970181,-0.63105106
0.25719053,0.9081199,0.31512102
0.7148189,-0.036740087,1.2986488
-0.9814962,0.26294443,-1.6100248
0.68833816,-0.38655537,1.1835539
0.5932747,-0.63320816,0.8851977
-0.91763014,-0.9365437,-0.92150784
0.9620195,0.70424265,1.2497541
-0.761909,0.68259305,-1.063918
0.5337599,-0.44150117,0.93177915
-0.5340944,-0.28827238,-0.9780833
-0.1414216,-0.7738272,-0.2223291
0.8908902,0.8520277,1.0403808
0.38687912,-0.18058027,0.7371239
0.76070255,-0.7319311,1.0103962
0.73953587,0.33263543,1.278655
0.6150856,0.84192723,0.7726644
-0.048250247,0.014502903,-0.1032632
-0.49846092,-0.78126466,-0.6868831
-0.42891353,0.80034804,-0.59673643
0.58126056,0.8533834,0.710166
-0.63066727,-0.96619666,-0.66882753
-0.5370843,-0.66930974,-0.7932812
-0.9725565,0.48669606,-1.4564904
0.1819773,0.030348469,0.37544566
0.48267707,0.6384256,0.7463746
-0.10527859,-0.21729723,-0.18253152
0.30255723,0.8164704,0.4020689
0.7761162,0.34642655,1.3060017
0.41309488,0.014985658,0.8086173
0.5502465,0.5469616,0.9030426
0.5734709,-0.25891867,1.0447402
-0.79987866,0.98102546,-0.7975403
0.3069764,0.5027692,0.52847296
-0.10744205,-0.55087227,-0.1897999
0.60661787,0.34989566,1.0815076
0.23515628,-0.29610178,0.44149727
0.3323096,-0.06815577,0.66622204
-0.27828395,0.344227,-0.51038724
0.397179,-0.92498124,0.46561962
0.03846232,0.48618183,0.07411872
-0.45852822,0.23154122,-0.85994726
-0.8053192,0.14204657,-1.446878
-0.07821523,-0.55506134,-0.13549183
0.3958955,0.052701507,0.7672807
0.09492093,-0.9516953,0.099828675
0.25281733,-0.954731,0.2719664
-0.9726948,-0.78190637,-1.1729884
-0.3612648,0.4165099,-0.64491796
-0.72096497,0.9354384,-0.77147484
0.31638345,0.6336699,0.49350858
-0.49444202,0.23523508,-0.9254212
0.5973127,0.047557607,1.1226366
0.7481146,0.031207742,1.3668208
-0.083960265,-0.5853827,-0.12275441
0.8055384,0.31077436,1.3729751
0.09400677,-0.14013974,0.17949815
0.041046254,0.7187222,0.07045005
-0.8362365,-0.1746304,-1.468898
-0.09836078,-0.285257,-0.17963788
0.25096005,-0.28607848,0.48075274
-0.9318884,0.9653788,-0.9151818
-0.45672175,-0.4379108,-0.79978496
0.84512216,-0.556194,1.284389
-0.29616183,0.7356286,-0.4294728
0.92001176,-0.50743055,1.3805827
0.16861838,0.93178755,0.18427403
-0.45600936,0.64414173,-0.7006323
-0.7802046,0.15638863,-1.3909312
-0.67589,0.94311637,-0.7359551
0.503771,0.25784722,0.9519143
0.14212266,0.076771535,0.2887461
0.11330236,0.7910173,0.14936657
-0.35585922,-0.42097247,-0.64040524
0.37849167,0.117531955,0.72233677
-0.34391096,0.4004266,-0.62103325
0.0031310413,-0.014915825,0.0076290616
-0.65502745,-0.70297086,-0.9335889
0.6074665,0.118507996,1.1467729
-0.2111093,0.77432114,-0.30026424
0.65418506,0.49256942,1.067528
-0.04812609,-0.31229746,-0.0907852
-0.24828851,0.71263236,-0.36989617
0.25404897,-0.2700634,0.474932
-0.42541787,3.146149e-05,-0.82824934
0.4374234,0.80563164,0.5903904
0.5546415,-0.31497726,1.0060403
0.6982086,-0.70070726,0.9758051
0.28122342,0.7566356,0.40123376
-0.30327752,-0.51164144,-0.52504945
0.008861728,-0.9060684,0.013660165
-0.29855385,0.024605418,-0.5967372
0.79125035,0.5951744,1.1635182
-0.3242126,0.049606092,-0.67302656
0.9938376,0.2968744,1.6103057
0.40061715,-0.47667262,0.6735989
-0.786407,-0.91630584,-0.85657024
0.66323346,-0.9908002,0.6581235
0.70105785,0.6623812,1.0213041
-0.2549026,-0.5963312,-0.4213424
-0.7034726,-0.624555,-1.0541948
-0.32173407,-0.13226223,-0.6133891
-0.35605228,-0.8820113,-0.44065458
-0.104665115,0.7614668,-0.16056259
0.31684345,-0.91077447,0.3945943
0.72656626,-0.7996371,0.9370213
-0.5300831,-0.7887241,-0.7152183
0.72373503,0.055770155,1.3316576
0.39875433,-0.35239404,0.7264989
0.9551035,-0.24386282,1.5827346
0.6049058,0.014648018,1.1327797
-0.88002944,0.3375738,-1.4440154
0.23319782,0.4414969,0.4253136
0.6483682,0.09944535,1.1921542
-0.9217235,-0.31252775,-1.5087173
-0.9555201,0.111496165,-1.6066778
-0.68478256,0.16323893,-1.2578765
0.9373055,0.7051842,1.2214463
-0.39972565,-0.53336,-0.6686701
0.9389148,0.25585836,1.5581921
0.70887816,-0.9653287,0.7323495
-0.97060585,0.29866046,-1.5848736
-0.35374716,-0.59451973,-0.56882846
0.9655471,-0.18235907,1.6058049
0.6129118,0.8486597,0.76431346
-0.71070796,-0.23313886,-1.2615751
-0.8109672,0.9471867,-0.8357951
0.90074766,0.5389959,1.3509452
-0.108366385,-0.08503473,-0.20705718
0.75605243,-0.32097474,1.2960865
-0.37815148,-0.386428,-0.679836
-0.94081604,0.13883941,-1.6151773
0.19876055,-0.84307176,0.23901786
-0.5357414,-0.11560657,-1.0038989
0.7079543,0.861528,0.84778184
0.121817775,-0.7094687,0.19373302
0.09905328,0.74320316,0.15627356
-0.77431905,-0.34403825,-1.3089575
0.95218384,-0.68312633,1.2726902
0.8881334,-0.67744946,1.2194844
0.35204712,0.15179239,0.6793535
-0.4409486,0.45353168,-0.7595197
-0.9629423,0.08140873,-1.6335859
-0.8883952,0.11891056,-1.5503466
0.2843253,0.6636135,0.45100015
0.009043123,-0.6045057,0.020346811
-0.68060935,0.43700066,-1.1414034
0.9617551,0.2350253,1.5871006
0.9197067,0.13893968,1.582078
0.687415,-0.96158975,0.7072592
0.09263642,0.7501396,0.13422154
0.030819722,-0.39430067,0.06256045
0.9420926,0.21815497,1.575947
-0.5705973,0.55824894,-0.9346266
0.94113344,-0.7910116,1.1153331
0.58879685,-0.2329877,1.0846572
0.983893,0.42525193,1.5017806
-0.25269452,-0.7176153,-0.37374514
-0.7353895,-0.12149099,-1.3309336
0.87231135,-0.1250624,1.5244694
0.43134633,-0.6972981,0.6477264
-0.047329146,-0.5180551,-0.0824742
-0.60379064,0.42638147,-1.0236298
-0.3132118,-0.90229535,-0.37319207
0.14102978,0.28776604,0.27441007
-0.9527863,-0.71226776,-1.252004
-0.32285318,-0.05386878,-0.6399573
-0.93702906,-0.94682693,-0.9290296
-0.37292397,-0.9919357,-0.40174654
0.5194579,0.2812879,0.94299126
0.8873916,-0.52146345,1.3638697
-0.5847316,-0.51967424,-0.96065074
0.040535796,-0.17282483,0.09047598
0.38683233,-0.53326654,0.6635177
-0.38513646,0.35914046,-0.70889276
-0.4154312,-0.25299463,-0.7696478
-0.3269742,0.4682129,-0.57183677
-0.024356471,-0.010414592,-0.061157838
0.35193777,0.29675135,0.6649184
-0.09646052,-0.7981837,-0.12565625
-0.42218414,-0.9445676,-0.48840755
-0.20325887,-0.13834365,-0.38307142
0.8199677,-0.22199163,1.4321144
-0.67787963,-0.35871467,-1.1803778
-0.41984323,0.6232001,-0.6445123
0.44025692,-0.8864887,0.5333463
-0.5281411,-0.26836264,-0.9685074
-0.9706745,-0.355387,-1.5376484
0.6656264,0.14843364,1.223303
0.9290194,0.012647753,1.6217847
0.26620737,0.8952836,0.34616283
0.16377258,-0.70774,0.24354905
0.843971,-0.6131143,1.2181134
-0.76553357,0.8794152,-0.8745797
-0.41821945,0.22092974,-0.8024203
0.34302154,-0.46890363,0.6029846
0.88951695,0.8084237,1.0773933
-0.42211872,0.44864777,-0.73531693
0.5516893,-0.33648938,0.99511945
0.12784123,0.7050449,0.19971883
-0.450003,0.27222565,-0.84496903
-0.06880746,-0.43071523,-0.13306445
-0.13540144,0.8312413,-0.20552726
0.39507076,0.57939315,0.64287823
0.96789527,-0.83245987,1.1132202
0.9856026,-0.4581733,1.4842999
-0.79268676,-0.4905957,-1.2711291
0.39381567,0.0077734487,0.771787
-0.907915,-0.8351826,-1.060237
-0.29249322,-0.05492879,-0.5744392
0.30849752,-0.9552215,0.3579194
-0.773857,-0.03830815,-1.3993629
-0.047803916,-0.70640016,-0.06223842
-0.7075785,0.83462864,-0.8719967
0.44530764,0.5859178,0.71894974
-0.44335502,0.29721454,-0.8503649
0.6850624,-0.85580987,0.82301754
-0.42591524,0.45794132,-0.733851
0.67075133,-0.029326176,1.2316453
-0.05298919,0.6027058,-0.088287435
-0.69413364,-0.045043875,-1.2773641
-0.69352496,-0.53752756,-1.1028064
0.7261376,-0.6327567,1.0637089
-0.65646636,-0.028945865,-1.2222216
0.8867504,-0.36215076,1.4321785
0.011131054,0.4858998,0.023242148
-0.21371561,-0.5859892,-0.3345756
0.86372304,0.4618815,1.372612
0.018366806,-0.18523383,0.022265539
-0.94422925,-0.9170632,-0.9799813
0.18343878,0.34556067,0.33003464
0.18246609,0.9755261,0.21950835
-0.8943324,0.5931881,-1.2755907
0.3375693,0.16642392,0.6588444
-0.9381286,-0.23045705,-1.5719595
-0.32395914,0.8266715,-0.43006256
-0.86121553,-0.04297734,-1.4966049
-0.8635808,0.68091816,-1.1756514
-0.6099172,0.6167861,-0.9366045
-0.27686757,-0.7653654,-0.40415114
0.11318131,0.90903187,0.1488126
-0.28311062,0.122905634,-0.5527784
-0.40053293,-0.40303454,-0.71651095
0.38796988,-0.114652306,0.75385135
-0.7947989,0.061183464,-1.436979
-0.40307477,0.851248,-0.51096565
-0.2521404,-0.6594687,-0.39435226
-0.255528,0.04402772,-0.4858305
0.06363563,0.5743081,0.0992984
0.5340422,0.96989465,0.5516279
0.49137074,0.0394587,0.9604941
-0.2353177,0.053422764,-0.47846192
-0.34209254,-0.49554417,-0.5902797
-0.60668814,0.7969552,-0.81109446
0.6570293,-0.7413579,0.89553964
-0.8879799,-0.40702066,-1.408882
0.8391924,-0.97821134,0.8453541
-0.10168713,0.23863499,-0.19058307
0.13757238,-0.8908587,0.16415814
-0.7808711,0.7923109,-0.9854331
0.06497455,0.9945919,0.07998405
-0.7843412,0.91106796,-0.87725616
0.84540725,0.44248724,1.3600087
-0.69902945,0.94707745,-0.75425744
-0.6342935,0.5057269,-1.043003
0.097220466,0.9293406,0.12956794
-0.0938761,0.56491154,-0.13954148
0.9595269,0.21767427,1.6101801
-0.6747335,-0.08038444,-1.2609695
0.20899048,0.9205058,0.25204152
-0.26063576,-0.4654939,-0.4603697
0.6286792,0.7168754,0.88733584
-0.99839014,-0.6415759,-1.3584731
0.9734807,-0.5957478,1.3682129
-0.32338402,0.16181006,-0.63644755
-0.73738945,-0.22031112,-1.300481
-0.60945004,-0.43502247,-1.0364146
-0.49444827,0.0015088683,-0.9453577
-0.25234175,-0.78780717,-0.35501295
-0.64422977,-0.5662948,-1.015114
-0.1400425,0.68327844,-0.22579531
0.68102187,0.37000275,1.1651406
0.76134837,0.7512447,1.0012494
0.15615797,0.8790889,0.20356792
-0.98391783,-0.029760808,-1.6827009
0.29488316,0.49762553,0.5012724
-0.27517903,-0.31243575,-0.50633067
0.3177935,0.91419935,0.38129753
0.2071966,0.93521506,0.23858123
0.30427667,-0.5377079,0.5008253
0.950824,-0.04291372,1.6282136
-0.42013896,0.80016154,-0.5832079
0.45898652,0.59128064,0.7376947
0.031908616,-0.99752975,0.048531655
0.22256027,0.3670198,0.40076
0.34046715,0.75396824,0.48548442
-0.2166529,0.8900434,-0.26644582
-0.8533255,-0.35238317,-1.4009079
-0.87294924,-0.3498137,-1.4415313
0.0032804103,0.69750226,0.007438211
-0.6820271,-0.17274436,-1.2431828
-0.2520505,-0.9012272,-0.31705552
0.086463034,0.29318142,0.16840181
-0.8523059,-0.95295614,-0.8707263
-0.24829268,-0.7272883,-0.3804148
0.68423057,0.69277143,0.9872304
-0.0029354596,-0.32136166,-0.0106256055
0.74306846,-0.2087831,1.3245159
-0.62708306,0.992571,-0.63370174
-0.7758733,0.8289353,-0.9448624
-0.48704702,-0.44422078,-0.87775797
-0.99321985,-0.7194391,-1.2723491
-0.44816446,0.5816627,-0.7279014
-0.13355099,-0.33758518,-0.26840726
0.50882167,0.48678985,0.8652245
-0.31292406,0.87327594,-0.39156887
-0.9377755,-0.027945952,-1.5976428
-0.15851633,0.4535798,-0.27034244
-0.6000752,0.6072994,-0.9241369
0.21809559,0.78889424,0.31091097
-0.68454766,-0.049972836,-1.2839394
-0.63657504,0.51683766,-1.0312654
-0.7635779,0.45575786,-1.2548015
0.5433863,0.48143587,0.90574795
-0.8105662,-0.38445726,-1.3564042
0.03370604,0.66713846,0.06391266
-0.045901608,-0.8551685,-0.06168786
-0.867589,-0.4872983,-1.352188
-0.58602965,-0.88072085,-0.717038
-0.8540842,-0.063679434,-1.5059042
-0.7652309,-0.36200443,-1.2790064
-0.053295143,0.25654685,-0.10743393
-0.6134829,-0.4225411,-1.0537814
0.917542,-0.7016448,1.2069995
-0.049574066,0.35859552,-0.09709305
-0.95429873,-0.6527741,-1.2894909
0.6224099,-0.74121326,0.8598105
-0.4244866,-0.5067522,-0.72080415
-0.49043503,0.95325184,-0.55185306
0.32522503,-0.8692673,0.41752478
-0.70112187,0.49954084,-1.1369723
-0.87625766,0.29870787,-1.4745697
0.6993043,-0.37197447,1.2076278
-0.7234168,-0.08812723,-1.2995763
0.33910385,-0.4821183,0.57939196
0.1311641,-0.8212561,0.15272059
-0.017602328,0.5284139,-0.030430315
0.9107513,-0.09941599,1.5761555
-0.015123745,0.8615932,-0.020921899
0.5971036,-0.66134864,0.8632712
0.045621354,-0.336889,0.08395023
0.14869961,0.3171921,0.29830688
0.64342535,0.71403,0.8971039
-0.13072768,0.25201043,-0.26516858
0.015564274,-0.7705134,0.022505453
0.6185681,-0.67380786,0.92998785
0.5703816,-0.55219775,0.92372924
-0.4022317,-0.42590153,-0.70997703
-0.3643876,-0.9553641,-0.40824756
-0.5001447,0.55094534,-0.8204081
0.028930206,-0.4501168,0.055011675
-0.9146772,-0.29209745,-1.5231513
0.59768504,0.21705356,1.0953728
0.60479987,-0.51751953,0.96805215
0.29629445,-0.13513175,0.5670465
-0.056362234,-0.7872805,-0.088637024
0.45008472,-0.4784108,0.7790001
0.57945234,0.73864293,0.8248113
-0.7466319,0.04612856,-1.3562639
-0.7277765,-0.2053217,-1.3043346
-0.52625215,0.7164534,-0.7691457
0.9274669,-0.9210574,0.9696936
-0.3533422,-0.75563467,-0.51947105
-0.23146969,-0.3037895,-0.42673165
-0.6875125,-0.40201443,-1.1621506
0.43693233,-0.36696008,0.7937622
-0.15207379,0.70321333,-0.2438011
-0.72306025,-0.47089508,-1.1821938
0.5178,-0.5276388,0.84978783
-0.6463138,0.65981764,-0.93754774
-0.20645547,-0.30926868,-0.40567565
0.29861742,-0.0665994,0.58105564
0.1839754,-0.7526454,0.2613368
0.96992064,0.36277527,1.5464734
0.70061034,-0.9138352,0.7981153
-0.018475542,-0.2777459,-0.04831034
-0.46917573,-0.92323273,-0.54538435
0.9702431,0.95410514,0.94573486
0.5609781,-0.90963167,0.66105336
0.70215994,0.614311,1.0727676
0.23411079,-0.037202206,0.46629712
-0.7717759,0.9326365,-0.8213809
-0.50204194,-0.2776268,-0.9211159
-0.5316509,0.55145,-0.86392885
0.6404363,-0.088213995,1.1934534
-0.4191564,-0.1016459,-0.79604435
-0.28043476,0.8473339,-0.36368847
0.50268793,-0.6254673,0.78405434
0.9673166,-0.39246598,1.5174357
0.7868242,0.9180014,0.87778854
0.04822452,-0.94749284,0.049566966
-0.72800636,-0.30467924,-1.2575401
-0.68537396,-0.618375,-1.0417695
0.47878447,-0.26169208,0.8892164
0.4049556,-0.15922129,0.79841304
-0.41605806,0.78261095,-0.56886256
0.6139055,-0.9222825,0.7009923
-0.47404015,-0.7708596,-0.6625252
0.6960693,0.9338104,0.7468469
-0.97434294,0.31062475,-1.58342
0.7913669,0.15162872,1.4159465
-0.14117393,0.2840639,-0.2655562
-0.5373712,0.96670234,-0.5988913
-0.49589154,-0.26467955,-0.92344445
0.2055019,-0.6850859,0.3308914
0.3335351,-0.9313806,0.39923146
-0.67235774,0.9608924,-0.7225821
0.39111212,0.92874926,0.45313478
0.290414,0.4759223,0.5100646
-0.022182774,0.76839834,-0.038275525
-0.52043456,-0.28665814,-0.9546912
-0.008390342,-0.9349181,-0.02389208
-0.41373843,-0.6840766,-0.62869567
0.7632432,-0.9530565,0.8010449
-0.24061158,-0.50856483,-0.41477302
-0.6557002,0.5965371,-1.003855
0.17497782,0.65816784,0.26312923
0.65665495,0.28101692,1.1630714
0.22103766,-0.7679379,0.3350961
-0.49359196,0.61832136,-0.76285255
0.9996957,0.6297246,1.3678446
-0.9920381,0.9445092,-0.9852969
-0.114211716,-0.14158003,-0.22516868
-0.29033235,-0.73481876,-0.43265542
0.45915702,0.4123548,0.82144487
0.69340444,0.7062477,0.96218544
0.5339192,-0.62156093,0.8270993
0.9945311,-0.23609774,1.6025382
-0.6228021,-0.017776888,-1.1812787
0.66448945,0.31125042,1.16372
0.24433172,0.18598595,0.46438625
0.47652024,-0.43416336,0.821763
-0.43513033,-0.15267673,-0.837744
-0.49949467,0.93890136,-0.56118006
0.03254624,-0.24899669,0.060751386
-0.32189003,0.60188305,-0.5217283
0.79204243,0.66846293,1.1080071
-0.6693306,0.24933004,-1.1830424
-0.20020272,0.54541504,-0.3255877
-0.95859176,0.7816988,-1.1543225
0.35048088,-0.6252527,0.5486764
0.23015128,0.9636596,0.26763874
0.8084432,-0.16591942,1.4142244
0.7323116,-0.5644415,1.1371888
-0.08289619,-0.8171352,-0.119793855
0.0016285666,-0.46063772,0.013000069
-0.93589824,0.07310318,-1.6111828
0.9908111,0.2271572,1.6402998
0.58536243,-0.4080619,1.0049739
-0.23520279,-0.73656386,-0.34474447
-0.6198393,0.85940206,-0.76411074
-0.7806948,0.4241171,-1.2983356
0.632058,-0.69570434,0.90094906
0.39948204,-0.6152087,0.62322664
0.6466783,0.47212097,1.0663936
0.80702823,-0.23893976,1.4031131
-0.8666776,-0.86163384,-0.988294
0.6763213,-0.9400721,0.7566866
-0.9020016,0.0986591,-1.5564405
-0.5234986,-0.90275395,-0.61469823
0.76737505,0.8142618,0.9456097
-0.7968152,0.17321156,-1.4067956
0.51786524,0.7463803,0.7323206
0.2084238,-0.92033523,0.2625617
0.81007653,-0.19831216,1.4138194
0.8296826,0.22178334,1.4420887
0.20389736,-0.012490904,0.41862085
-0.585701,0.9819675,-0.60648584
-0.9622882,-0.3537656,-1.5407771
-0.27646753,0.38890833,-0.5115645
-0.30282697,0.78567886,-0.4109507
-0.77865696,0.7269278,-1.0558548
-0.789573,0.8737458,-0.9180409
-0.9721979,0.05615747,-1.6496186
-0.56488913,0.14562231,-1.0570022
-0.61332864,-0.5797404,-0.94852996
-0.40543324,-0.086251445,-0.7952918
-0.20461799,-0.883738,-0.27133024
-0.48598984,-0.7043945,-0.7161192
0.68706906,0.08778019,1.2461817
0.5111567,0.63206923,0.7756112
-0.00048868044,0.35725823,0.008139575
0.12538753,0.80304295,0.15725227
-0.99688107,-0.51209545,-1.4457747
-0.990087,0.8550283,-1.1043546
0.10571687,-0.60611355,0.16321164
-0.6934732,0.13715415,-1.2512636
0.08722068,-0.66618246,0.15585957
0.9052303,0.70536166,1.1972013
0.45311064,-0.37248087,0.8187511
-0.89747036,0.18774407,-1.5368724
-0.47678554,0.3399087,-0.8635334
0.42367443,0.22896081,0.80350757
-0.8887514,0.08345154,-1.53907
-0.72093207,0.7049681,-1.0046076
0.973916,-0.42508978,1.5053544
0.41717592,0.3695058,0.77442366
-0.7414198,-0.57091314,-1.1310086
-0.7323766,0.07691085,-1.3354343
0.0935188,0.4075468,0.1892473
-0.14455529,-0.09197555,-0.2945182
0.03151378,-0.09237082,0.061912075
-0.8514564,0.56509894,-1.2757543
-0.33202553,-0.12238189,-0.6517838
0.49874103,-0.56078994,0.8000912
0.09103485,0.6780822,0.13195115
0.1539645,-0.3038444,0.28156096
0.20144065,-0.062371917,0.3881385
0.1311207,-0.72701436,0.20464371
0.58585906,-0.41129684,1.0133787
-0.37806413,-0.8983672,-0.4704348
-0.25845656,0.036000513,-0.505504
0.51289713,0.49084052,0.8561721
0.7045205,-0.33338836,1.2125485
0.9362392,-0.9986153,0.8874699
-0.5777573,-0.13561699,-1.0689903
-0.28527585,-0.9849934,-0.30213106
0.11551085,-0.23652641,0.24273218
0.6773311,-0.9673047,0.7088034
-0.09662885,-0.39864388,-0.18309627
-0.85157096,-0.038050614,-1.4974322
-0.30514604,-0.099812485,-0.5916209
0.7550837,-0.35907158,1.2892603
0.017019276,-0.6676866,0.0433284
0.55690944,0.754352,0.75823957
-0.7556161,-0.15433355,-1.3475412
0.026742844,-0.047555245,0.051355373
-0.18148464,-0.33945227,-0.33698517
-0.7806441,-0.27407467,-1.3647403
-0.86341685,-0.7272519,-1.1334969
0.2871942,0.5404518,0.4863226
-0.62661594,-0.25754017,-1.1306206
0.39222962,-0.8233673,0.51872456
-0.26862028,0.12925677,-0.527596
-0.5260373,0.101632476,-1.0085962
0.6549906,-0.94999576,0.7093279
0.31412515,0.3386883,0.58654964
-0.07197763,-0.98732024,-0.06385934
0.24072257,-0.99258316,0.2565864
-0.06134161,0.7903492,-0.09107113
-0.48960602,-0.69158834,-0.71843666
0.40069148,-0.9299861,0.47279176
-0.75276524,0.15961434,-1.3546797
0.7573642,0.12967263,1.3531879
0.1406323,0.035069298,0.27234104
0.68005985,-0.31738338,1.182427
0.21450295,-0.64409554,0.3409768
0.018855102,0.7166463,0.006786533
-0.44379836,-0.30004132,-0.82494557
0.64507854,-0.19309224,1.177386
-0.06386779,-0.46550602,-0.12032417
-0.99951595,-0.49313942,-1.497704
-0.5620916,0.03088111,-1.0690937
0.290375,0.67411876,0.45670092
0.42511228,0.24347219,0.80345416
0.53699005,0.23832574,0.991901
0.17407575,-0.7728125,0.2432946
-0.36381406,0.03474902,-0.6845202
0.1430083,0.50693184,0.2646927
0.66910803,-0.47045854,1.1120301
0.5586846,0.46051714,0.9274516
-0.96501714,-0.24822688,-1.5941149
0.077826425,0.27663705,0.14196333
0.90072066,0.7082189,1.1936975
0.07319469,-0.96496654,0.080905095
-0.438852,0.044777382,-0.8507114
-0.9746989,0.99768215,-0.9165724
-0.73378223,-0.9365152,-0.7964153
0.03983993,-0.5980033,0.06089585
-0.0040170387,0.2109025,0.0105959885
-0.70564234,-0.42147014,-1.1962417
0.121544376,0.99531746,0.12740211
-0.8362339,0.5925501,-1.210853
0.8466124,0.7714764,1.0638437
0.11571018,0.25823987,0.23546962
-0.53584784,-0.22137363,-1.0137267
-0.8265455,-0.61309755,-1.2017108
0.39404902,0.35112467,0.71681195
-0.8905067,0.14480588,-1.543529
0.3734864,0.72046244,0.5557538
0.020326717,-0.5142786,0.015224232
0.9836261,0.71060264,1.254131
-0.10360832,0.8048084,-0.13240027
-0.40425837,-0.11951214,-0.7944358
-0.3839945,-0.76972187,-0.5394654
0.50130713,-0.13541709,0.957088
-0.35172305,-0.09684919,-0.69733745
-0.7135229,0.13181983,-1.2906553
-0.9299196,0.0071343896,-1.6074705
0.96015155,-0.43840587,1.4895314
-0.13796356,-0.04740387,-0.276657
0.5117453,-0.20432408,0.95489013
-0.42027146,-0.88467693,-0.53355217
0.23361322,0.24904877,0.43826762
0.69511825,0.83121896,0.87322426
-0.110263154,-0.9122163,-0.123326555
-0.6124783,0.51421475,-1.0024729
0.39324293,-0.89240277,0.4917959
0.62337494,-0.34686893,1.1019938
0.669393,0.52023923,1.0814906
0.41631585,0.4718964,0.7146077
-0.62713975,0.9102656,-0.7136038
-0.7310707,0.4605404,-1.1994926
-0.33121556,0.4027963,-0.5891149
0.22442757,-0.7841086,0.31321058
0.54876715,0.522762,0.9048179
-0.6399267,-0.98309094,-0.6438657
-0.012222149,0.5314101,-0.02552646
0.5985749,0.29378256,1.0497527
-0.029906686,-0.8111188,-0.0541381
0.6328995,-0.3187656,1.1127255
-0.12431411,0.6486008,-0.20173673
0.15852408,0.8725723,0.21006925
0.62664497,-0.9899577,0.6531459
-0.94540364,0.26536822,-1.5530267
0.39261752,0.35890406,0.7070425
0.019423923,0.8426551,0.007492807
0.5470746,0.31194517,0.98833144
0.20946363,0.68493557,0.32178253
0.8390444,0.8995127,0.9288694
-0.19031386,-0.7083199,-0.28742382
-0.22624518,0.30718085,-0.44086474
0.74698794,0.9622578,0.761378
-0.054919433,0.6130888,-0.082561776
-0.23044541,-0.033018637,-0.46406043
-0.38386717,0.98496467,-0.4124071
0.7814419,0.34474692,1.3151736
-0.45510873,-0.2667486,-0.8436943
0.5345645,0.49955234,0.8924771
0.956458,0.80636716,1.1493827
-0.059026983,0.78374755,-0.090674475
0.28517786,0.7644394,0.4097886
0.5159635,0.007536525,0.9851238
-0.28279763,-0.7991719,-0.3777267
-0.8342088,0.2170801,-1.443474
0.5615264,0.423657,0.97658557
0.034104414,0.9624281,0.022999108
0.37256584,0.58449614,0.6194861
-0.20738722,0.7227036,-0.29014403
0.23171449,0.23212616,0.44117624
-0.8150577,0.07676009,-1.442092
0.13213421,-0.82544744,0.17218658
-0.49882734,-0.4483188,-0.87560064
0.2634812,-0.09140491,0.49004477
-0.9540946,0.987973,-0.89551204
-0.5906222,-0.8117871,-0.77018976
0.59791243,0.884212,0.71502537
0.950993,0.5702786,1.3615776
0.8256457,0.55415,1.2515891
-0.53900754,0.26242423,-0.9968315
0.03960595,-0.86476576,0.0676453
-0.6790896,0.31009194,-1.2018278
-0.14798036,0.89436126,-0.19623245
-0.6550556,-0.8244128,-0.8321174
0.5871247,0.41650608,1.0258027
-0.6567455,-0.855777,-0.79502827
0.420914,0.18524277,0.81003594
0.6760784,0.7242341,0.93254155
0.49100524,-0.39872319,0.8763807
-0.26058996,-0.7881753,-0.35812145
0.06472246,0.92164934,0.08894528
0.8300191,0.42647853,1.3369454
0.10624506,0.98665214,0.09918058
0.5809801,0.23480706,1.0704032
0.47737688,0.9822692,0.51146954
0.8074654,-0.8935593,0.9073193
-0.7824455,-0.14414537,-1.3940709
0.99669135,-0.5822095,1.3953938
-0.4116608,-0.99048674,-0.43129504
0.589961,0.44146913,1.0042567
0.7499378,0.6491239,1.0618778
0.31621525,-0.30620244,0.6033552
-0.13505153,-0.8645494,-0.16405517
0.28367975,-0.51207125,0.47354534
0.9801912,0.13186395,1.6619073
-0.48075846,-0.48573425,-0.8153358
0.014006111,0.25452745,0.041844524
-0.09903678,0.41577932,-0.1708849
0.036976267,-0.8511934,0.031138165
-0.5514059,-0.8022681,-0.7358346
0.19834295,-0.119907744,0.39613622
0.97092474,-0.34841168,1.5315604
-0.9443735,0.92349696,-0.97088295
0.23374735,-0.01394827,0.46925437
0.58994746,-0.55865,0.94926506
-0.47137827,0.821711,-0.6291079
-0.2600631,0.9994331,-0.27424905
-0.4590329,0.5376389,-0.7577433
-0.95679367,-0.8375553,-1.0834186
-0.36178556,0.013272963,-0.69808435
-0.2824776,0.6373745,-0.45975178
0.23817565,0.9638853,0.2604172
0.4485581,-0.491499,0.7693011
0.25930747,0.17040633,0.49783838
0.51342386,0.014061795,0.9676976
-0.16907364,0.7055409,-0.25510094
0.06262058,-0.15022911,0.1286073
0.7066479,-0.5689407,1.0992976
0.7690802,0.69906116,1.0735211
-0.62598807,-0.49101612,-1.0247267
-0.12979726,0.07724111,-0.2481005
0.86035097,-0.7793277,1.1048747
-0.2087993,-0.10155545,-0.41108614
-0.7533943,0.05334225,-1.3472366
-0.2746835,-0.57435566,-0.44803318
0.84902006,0.26641208,1.4476882
0.43299606,0.22116667,0.8146935
-0.8307017,0.7134551,-1.1228267
0.45426515,-0.70860094,0.67894006
0.9715749,-0.44253615,1.487597
0.39775285,-0.9186687,0.4753439
-0.49019256,-0.71345824,-0.7154626
0.9668145,0.9040679,1.0076526
0.9429084,-0.59797263,1.3313761
-0.95490223,0.24079524,-1.5742317
0.020522745,0.7978605,0.021612685
-0.3468155,0.13577472,-0.68904835
0.32601678,-0.01361298,0.6428664
0.49955973,-0.3512172,0.8908917
0.44570372,0.51755846,0.74421984
-0.14057001,0.03252851,-0.27154347
-0.5830877,0.09503994,-1.0871179
-0.5978173,-0.4124963,-1.0283364
0.39122814,-0.8919876,0.47115347
0.11382446,0.3745241,0.22042827
-0.77742153,-0.44349602,-1.2645762
0.9295783,0.8257354,1.0829924
-0.62009364,-0.9522712,-0.68245906
0.1561806,0.519579,0.28294644
-0.044540912,0.17536989,-0.078627616
-0.35050976,0.62892777,-0.5615796
0.8415233,-0.25703204,1.4404963
-0.8288133,0.30030817,-1.4055303
0.61351866,0.86728084,0.7310359
-0.8700204,0.28648457,-1.4816234
0.034367353,0.37255815,0.052798793
0.89593613,0.65926576,1.251631
0.31621283,0.7292525,0.4555327
0.79815924,-0.4344836,1.3151158
-0.80167377,-0.27899173,-1.37045
-0.9713796,-0.23447041,-1.589837
-0.4167029,0.21151213,-0.78937054
0.112199,-0.28169498,0.21893162
-0.7508789,0.9239659,-0.8278676
0.9365268,-0.6731035,1.2633547
-0.28342003,-0.08784537,-0.5678339
0.108324334,-0.29948977,0.20842457
0.7467724,-0.15771359,1.3501598
-0.71894854,-0.14123698,-1.3124713
0.8598087,-0.51693374,1.3318863
0.38395205,0.74665976,0.57010317
-0.44847786,-0.4452749,-0.798508
-0.5452025,0.7016207,-0.79277676
0.67824674,-0.5726778,1.0520707
-0.15200056,-0.9336178,-0.19492997
-0.40842623,-0.5911247,-0.6411344
-0.052471053,0.40112346,-0.09071199
0.6728611,0.5760677,1.0564792
0.16250314,0.7515535,0.24510443
0.7939965,0.12014499,1.4061763
0.122870326,-0.08893082,0.25134355
0.6785726,-0.21475524,1.2312436
0.29752675,-0.57153285,0.4958214
0.25233665,0.71518904,0.37221065
0.15313457,-0.56768024,0.24603614
0.22709596,0.29949248,0.41886473
-0.8097503,-0.484883,-1.2845867
0.5294903,-0.7887293,0.71240413
0.27608317,0.9680282,0.32429418
-0.10395602,-0.18659426,-0.20317148
-0.043873694,0.31652942,-0.0808975
0.25902733,-0.3458187,0.49274197
0.072324984,0.13455012,0.13194723
-0.36790663,0.084199,-0.7167717
-0.43355012,0.71930665,-0.6140009
-0.5136672,-0.11934184,-0.98555624
0.3630741,-0.50762486,0.6292073
-0.8360718,0.5617065,-1.2526555
0.62218505,0.60698605,0.95708203
-0.13249116,-0.8374024,-0.18368809
-0.53692555,0.99770814,-0.56258667
-0.7953558,-0.04294229,-1.4323674
-0.056992337,0.6918069,-0.09492706
-0.840062,-0.115217514,-1.4795504
-0.8949066,0.7439327,-1.1440058
-0.38721097,0.41502303,-0.7013615
0.41072467,-0.88177675,0.5078434
-0.1733869,-0.47247478,-0.3010869
0.35592213,0.12832282,0.7019373
-0.070455216,0.16605942,-0.12978382
-0.9382876,0.79470164,-1.1275698
0.9669751,0.5291993,1.4312623
0.76272076,0.20754528,1.3500544
0.8781395,0.034734443,1.5477217
-0.09503628,-0.34418646,-0.1775283
-0.20239718,-0.4011634,-0.34999642
-0.92414904,-0.632385,-1.2895193
-0.08714164,-0.11784825,-0.19143859
0.35811117,-0.9258736,0.424313
0.1759408,0.4698127,0.31321117
-0.60163707,0.84152657,-0.7525592
-0.18421893,-0.3907187,-0.32690135
-0.09624379,0.57660675,-0.15936184
-0.0011346794,-0.6327932,0.0054358053
0.4955149,0.1390111,0.93505585
0.59011585,0.4898691,0.9688893
0.92734146,0.44601953,1.438423
-0.84664863,0.9890698,-0.8275123
-0.03664154,-0.043653034,-0.06366095
0.62061244,-0.49567345,1.045076
0.69081545,0.30871978,1.2138537
-0.8323173,0.96941316,-0.84190756
0.71983516,0.48312628,1.1628033
0.45243996,0.523289,0.76219237
-0.82350445,-0.25107202,-1.424814
0.98939997,0.3644957,1.5568026
0.11571876,-0.54795474,0.19864315
0.36463735,0.7612034,0.52431077
0.513622,0.6597911,0.7755255
-0.9459032,-0.46855378,-1.4625393
0.89474446,0.6829219,1.2089887
-0.9449937,-0.6443463,-1.2909919
-0.3037326,0.6584827,-0.46083167
-0.8894161,0.3386916,-1.4798174
-0.5150563,0.5787513,-0.8141428
-0.22617124,-0.65273255,-0.35288787
-0.30032924,0.956191,-0.33909082
0.468333,0.95201075,0.53354174
-0.8182165,-0.6139571,-1.1851087
-0.36259127,0.1363631,-0.7036437
0.70095235,0.8042302,0.9083672
-0.08518474,-0.8709702,-0.10598347
-0.7415512,-0.11070714,-1.3477222
-0.17125836,-0.79298455,-0.23590048
0.440989,0.43734586,0.78832114
0.16727464,-0.9148769,0.20982547
-0.50073254,0.94241965,-0.5515349
0.11925535,-0.4911591,0.21492545
-0.28375268,-0.93626744,-0.3247691
0.03018547,0.40016308,0.0564711
-0.7495929,0.13417839,-1.3311249
-0.39393917,0.012163234,-0.7689461
0.8579829,0.1902342,1.4810286
0.81676936,0.10270384,1.4543128
-0.09165453,-0.5780462,-0.1526962
-0.41232777,0.5667461,-0.67785805
0.51840717,0.35091078,0.93756443
-0.92083484,0.88348556,-0.99400234
-0.19855101,-0.7373492,-0.30094218
0.7416211,0.87169516,0.8646993
-0.23027356,-0.60675275,-0.3681601
-0.7044186,0.7369374,-0.99403703
-0.5351844,-0.7697376,-0.72481644
-0.15594013,0.9467908,-0.18055224
-0.52722,0.86406255,-0.65379405
0.7476206,0.5748846,1.1607732
0.8483542,-0.3683112,1.3940785
0.5846167,-0.40473154,1.0336326
0.57744634,-0.8661187,0.6983997
0.65170455,0.8877326,0.76757395
-0.59701383,-0.5992693,-0.92965114
0.489564,-0.94596964,0.5435643
-0.7898496,-0.2394279,-1.3756274
-0.935985,0.23248422,-1.568476
0.7167561,-0.9540537,0.76434666
-0.39013514,0.19938622,-0.74057
-0.36525542,-0.5998852,-0.58510494
0.07425282,-0.9364488,0.10192206
0.64261824,-0.7676822,0.8625738
-0.55327106,-0.884334,-0.6784531
-0.07445,0.35608742,-0.14973196
0.37543768,0.99971324,0.41022822
0.465652,-0.3386534,0.8552377
0.38003984,-0.29719326,0.70359236
0.17137703,0.9231679,0.20037025
-0.04102812,0.14628649,-0.09292421
0.9503734,-0.6900377,1.2608106
0.95810866,0.625615,1.3328497
-0.09062763,-0.037086166,-0.16186492
-0.82170343,-0.34428072,-1.3674039
0.6461895,-0.29753217,1.1421335
-0.7583514,0.36976078,-1.2854844
0.21503451,0.6460446,0.34474137
-0.4313658,0.49237618,-0.7238108
-0.9398171,-0.20830517,-1.567685
0.38579443,0.07944546,0.756503
0.36576027,-0.40479425,0.653645
-0.5460163,0.7644112,-0.7607729
-0.57924575,0.26777878,-1.0535655
-0.6400888,0.3230009,-1.0987843
-0.63447315,-0.91841626,-0.71640366
0.8699871,-0.9815164,0.8300544
-0.26347834,0.0011128322,-0.52975327
-0.9956304,-0.14971322,-1.6538664
-0.8904666,0.51471543,-1.3549557
0.6566426,-0.74304575,0.9027653
-0.7063687,0.19062844,-1.2736565
0.9417588,0.66509944,1.2617444
-0.98151153,-0.060865797,-1.6736665
0.6983404,0.52702844,1.0959773
0.24817425,0.89892054,0.2915332
0.5108963,-0.20269205,0.95275897
0.5028635,-0.30353785,0.9090261
-0.21918547,-0.995636,-0.24712163
-0.07061488,-0.1531944,-0.1335635
0.6657857,-0.23115456,1.2029375
0.47851625,-0.5311952,0.7989044
0.9727837,0.07861711,1.6486584
-0.36342376,-0.87354314,-0.4600639
-0.775319,0.67518437,-1.0967616
0.61165154,-0.2587679,1.1097873
-0.66605854,0.34782895,-1.1741208
-0.7810167,0.6255529,-1.1219726
0.7163148,-0.75607055,0.9606055
0.06383874,0.54931927,0.12296531
-0.8498523,0.00723784,-1.5195339
-0.82547086,0.37515926,-1.3584374
-0.9417092,0.46472663,-1.4412704
-0.39164847,-0.26488817,-0.7371062
-0.8354497,0.2817661,-1.4337481
0.4079367,0.33051983,0.7462756
0.4104859,-0.52704805,0.6839586
0.29472598,0.35179847,0.537625
-0.19877303,0.3847132,-0.36801687
-0.4692372,0.030179251,-0.9101424
0.19823427,0.7314561,0.27141798
-0.23161037,-0.97741073,-0.24999472
-0.7329351,0.34803095,-1.2608068
-0.6975533,-0.2328803,-1.2465645
0.080990724,-0.59505415,0.1264736
-0.6217213,0.42695147,-1.0359155
0.64307004,0.55869746,1.0125247
0.64401156,-0.83319366,0.803516
0.3519971,-0.99960995,0.38225895
-0.1906656,-0.31237936,-0.36616594
0.34903127,0.33127773,0.6390133
0.22796458,0.8449464,0.29427493
-0.8647198,-0.3489003,-1.4377282
0.35564858,-0.3667451,0.65992373
-0.8097377,-0.22406808,-1.4218355
0.044249915,-0.6376067,0.07230139
-0.695693,0.15804924,-1.2661409
-0.15210307,-0.52170885,-0.27638665
0.34732893,0.41638252,0.6049227
0.5054596,-0.77114344,0.68894833
0.6859365,0.7878749,0.88629276
0.5086862,-0.6073556,0.78644377
0.67669827,-0.2469223,1.2140712
-0.6427774,-0.017344782,-1.1980257
-0.18542838,-0.26297846,-0.36201796
-0.42073962,0.2946995,-0.7807566
-0.91242343,-0.54177356,-1.3610337
0.58034605,-0.119282976,1.1063136
-0.45119315,0.46845174,-0.78083944
0.29309374,-0.4156457,0.53395575
0.86916983,-0.8524973,0.9956364
-0.027189685,0.19482861,-0.04858071
0.40019834,-0.37531543,0.7194323
0.963924,0.3223012,1.5744551
-0.39120722,0.5265277,-0.64542526
-0.8992688,0.56637824,-1.3251824
0.8407755,-0.6084641,1.1984091
0.74340713,-0.5345395,1.1685345
0.91959083,-0.41011488,1.4644037
0.84546936,0.8078201,1.0319765
-0.69412464,-0.75817484,-0.93542033
0.9097296,0.46372914,1.4104595
0.8828925,0.73590326,1.149964
0.34229434,-0.009016423,0.68326885
0.17032306,-0.2355883,0.32665855
-0.7526772,-0.12179777,-1.3406925
-0.23532628,0.8037098,-0.33350015
0.45229438,0.3893912,0.83259946
-0.5733198,-0.10788614,-1.0953529
-0.10476478,0.4662243,-0.19173789
-0.44297215,-0.44324172,-0.76897556
0.32974193,0.086283125,0.65619373
-0.30331156,0.22041617,-0.5891242
0.45714775,0.7491791,0.6566126
-0.5254201,0.04869176,-0.9970548
0.3742496,0.09029351,0.72815317
-0.7255799,-0.6411119,-1.0563576
-0.78532064,-0.16125235,-1.4096488
-0.050333876,-0.6208413,-0.06916094
-0.721378,-0.3797826,-1.2306097
-0.91891843,0.96039635,-0.9135046
0.9161865,-0.3890334,1.4665123
0.59263414,0.5089281,0.98732066
0.029978072,-0.262691,0.062782966
0.084779896,0.7879024,0.12240903
0.6197735,-0.17420727,1.1424828
0.5582705,0.592308,0.8786952
-0.36197886,0.8060612,-0.49731106
-0.59451103,0.6211612,-0.9033766
0.22354378,0.04933027,0.43619302
0.40886617,0.6531767,0.6387693
0.17980447,-0.30619138,0.32943997
-0.9927023,-0.5009525,-1.4682013
-0.31342748,-0.22946578,-0.60181
-0.9078547,-0.42899364,-1.4227347
0.049520552,0.37480327,0.09515949
0.7416951,0.2586164,1.3045728
0.9359058,0.6263525,1.300133
-0.055358212,0.3434982,-0.09308879
0.51792425,0.76915807,0.70633817
-0.44367626,0.94265795,-0.49806625
-0.28165546,0.8349739,-0.38316172
0.732089,0.07747645,1.3357993
-0.75548327,0.94691783,-0.8279515
0.52218354,-0.45493668,0.88710606
0.5726449,-0.6625116,0.8515333
0.75320166,-0.20957555,1.3251683
0.8916775,-0.1914003,1.5414068
-0.7150428,-0.14571808,-1.2834662
-0.85353464,0.27444297,-1.4338979
-0.5053598,0.984673,-0.54770863
0.7972376,0.9004043,0.8947622
-0.3509074,-0.37009412,-0.64834744
0.56493413,-0.59093636,0.86480343
-0.7510279,-0.25213993,-1.3189785
0.91416246,0.044944823,1.5634171
0.5140163,0.83977515,0.6437893
-0.4646767,0.15106677,-0.9143639
0.2595895,-0.57105255,0.42416015
-0.3474297,-0.61063015,-0.5486913
-0.073786125,0.3046634,-0.14239095
0.77689546,0.103390045,1.3902644
-0.35679317,-0.29469058,-0.6686139
0.95249337,0.9330474,0.96615577
0.5083326,0.19917694,0.95170397
0.28340092,0.95479935,0.33312213
0.18211907,0.58317995,0.29715034
0.56495374,-0.7219793,0.81011933
0.5112607,-0.7699331,0.7052667
-0.15522605,-0.99228394,-0.17762959
0.67247915,-0.91683865,0.7580248
0.27477226,0.63890535,0.42973638
0.10548261,-0.558929,0.19627835
0.5023971,-0.8165853,0.66392064
0.39329988,-0.9788136,0.4306925
0.2158166,0.7655216,0.30750707
-0.7945937,-0.85399574,-0.9475787
0.43723938,-0.738538,0.62165844
-0.5565733,0.009006272,-1.0428281
0.28103992,0.93336946,0.31914562
-0.39047185,0.5550971,-0.6250544
-0.4616213,0.6116153,-0.73897064
-0.4254186,0.6729584,-0.6355921
-0.7133539,-0.06810497,-1.2972528
-0.17865196,0.8396579,-0.22101696
0.76060003,-0.25463125,1.3294593
-0.861646,-0.330187,-1.4350548
-0.46712425,0.04532347,-0.91906327
0.79256976,-0.5789034,1.1993872
-0.7653593,-0.62135917,-1.1246939
0.94288677,0.6330266,1.2937827
0.94952774,-0.6313299,1.30566
0.27134198,-0.22894502,0.51849216
-0.47018662,0.013782257,-0.89505816
0.89770526,0.9036913,0.9575032
0.62027675,-0.3307058,1.1026208
-0.1658152,-0.33832622,-0.30899638
-0.63336706,0.71001476,-0.8920623
0.14006303,-0.23590073,0.28941932
0.9283905,-0.83660644,1.0709424
0.47923434,-0.69522953,0.7171265
-0.9838389,0.1413214,-1.6339082
-0.95440406,0.8391796,-1.1078554
0.5167736,-0.99621236,0.53503835
-0.4459539,-0.87784714,-0.5672992
0.700235,-0.12452189,1.283639
0.9399547,0.25349745,1.5513544
0.7744988,0.9768332,0.7815161
-0.06231323,0.36408108,-0.11085998
0.4107675,-0.6232519,0.64521503
-0.86823916,-0.8129201,-1.0351925
-0.09909111,-0.10160756,-0.18574324
0.17509022,0.5570465,0.30091912
-0.61971784,-0.1663974,-1.1491392
-0.36302805,0.59957516,-0.5894394
0.5192922,0.2888183,0.9561384
-0.6354977,0.97694504,-0.665998
-0.829533,0.7461171,-1.0755985
-0.12402374,-0.026041968,-0.2391085
0.049992424,0.4791533,0.0727166
-0.13246058,-0.8006005,-0.19180109
-0.31546792,-0.24199836,-0.58242625
0.9461953,0.6634885,1.2602261
-0.1198495,0.60252285,-0.1909514
-0.45595095,0.56614757,-0.7399561
-0.063535884,0.57002276,-0.095481604
-0.5809387,0.09053137,-1.0885499
-0.17896862,0.26273423,-0.35837188
-0.3969487,-0.03252074,-0.78935826
0.5282944,-0.028456246,0.9983126
-0.29867712,-0.86798114,-0.39229947
0.26177767,0.059376605,0.51077867
0.6432555,-0.22973287,1.1565776
-0.1078894,0.5285377,-0.17477264
-0.6955401,0.7916467,-0.9035345
-0.16625123,0.060523063,-0.32878
0.92901963,-0.8682805,1.0421008
0.8754397,0.48247212,1.3521396
-0.94839543,0.84115106,-1.1024256
0.24772236,0.78426635,0.36576664
0.6022413,-0.07532217,1.1411512
0.7774475,0.41888013,1.298475
0.33399373,0.06605044,0.65142363
-0.18272981,-0.4995741,-0.30343756
-0.8119202,-0.5562662,-1.2553474
-0.22290422,0.346651,-0.4109131
0.69100434,-0.28112385,1.2294904
-0.27298424,-0.11603414,-0.5329413
-0.4752551,-0.39011964,-0.84484494
0.78910863,0.58294404,1.1794275
-0.6959424,0.096872084,-1.2767346
0.86414397,0.0514542,1.5207084
0.60089505,0.62040794,0.92807394
0.25491345,-0.09781436,0.49852273
0.348242,0.3575774,0.6363859
0.22457355,0.6208075,0.36958402
-0.53981286,0.57036924,-0.86024725
-0.57448864,-0.85672057,-0.7117153
-0.14709345,-0.5703691,-0.25616166
-0.9971895,-0.7612916,-1.2182769
-0.12741388,0.7845119,-0.17157358
-0.8987488,-0.23322122,-1.5221614
-0.44342944,0.8623493,-0.56666666
0.7013585,-0.98658717,0.7325519
-0.28253546,-0.72227144,-0.40013623
-0.36874226,0.88959885,-0.44513077
0.14078146,-0.7319635,0.21486184
0.025176201,-0.80708003,0.035023864
-0.9936304,0.4657,-1.4830244
-0.9565613,0.21147563,-1.6085489
-0.86840963,0.7645154,-1.109355
-0.27589613,-0.4579639,-0.48112905
0.62238073,-0.55569434,1.0037003
0.5653835,-0.6684756,0.8375775
0.65569735,-0.16400096,1.189261
0.16968653,0.057391517,0.3365515
-0.5562035,-0.46109685,-0.9423771
0.36534265,0.5983325,0.60368514
-0.20965508,-0.91574144,-0.2591892
0.8498098,-0.8429926,0.99607956
0.24333715,0.664784,0.39043957
-0.61991817,0.3525663,-1.0772183
-0.8068287,0.19514021,-1.4205769
-0.2902294,-0.40792838,-0.53268045
0.27897847,-0.26207834,0.5343988
-0.8319165,0.5426298,-1.2724888
0.28497335,-0.80830616,0.3951001
0.48453343,-0.58898675,0.7682176
-0.5869282,-0.33212143,-1.043256
-0.22307977,0.03238794,-0.440837
-0.9642473,-0.97219956,-0.9264861
-0.63777167,0.63573456,-0.95924735
-0.11010129,-0.6284355,-0.16564481
-0.8533878,-0.6966755,-1.1621023
-0.5446605,0.81836843,-0.718885
-0.9990089,-0.32657,-1.5976346
-0.71392167,0.91149086,-0.8007668
0.74138856,0.73530275,0.99133986
-0.5659345,-0.09270674,-1.0544986
-0.16944452,0.0927248,-0.32992402
0.964806,-0.87267697,1.0617795
-0.765162,0.738357,-1.0358163
0.86400306,0.29131973,1.4471799
0.30162522,0.31513086,0.57011867
-0.20088759,0.6832684,-0.31002823
0.7962479,0.33112633,1.3489027
0.7842409,0.44215602,1.2578132
0.7641934,-0.13649347,1.363043
0.8686649,0.9323641,0.90991634
-0.8913069,-0.43235344,-1.4133052
0.13540901,-0.15620612,0.2771387
0.180204,-0.81894237,0.25065643
0.7561686,0.6307228,1.1103919
0.76336205,0.1485234,1.382948
0.74784356,0.60666436,1.1199028
-0.33533284,0.8222314,-0.44575235
-0.56866205,-0.39641234,-0.98857415
-0.37383923,0.4552569,-0.6468808
0.37380028,0.33860883,0.70583063
-0.6664668,0.08434261,-1.2220446
-0.7987577,-0.40277055,-1.3189878
0.89367014,-0.4481536,1.3988583
-0.77287537,-0.8619352,-0.9185155
0.98796374,0.86697143,1.0722845
0.6492313,-0.89695346,0.74537605
0.36586875,0.41248542,0.659292
0.56325185,-0.10333672,1.0578436
0.8812669,0.6950122,1.1873138
0.15968928,-0.6982462,0.24435209
0.33695406,-0.19265713,0.64940715
0.5597844,-0.14646716,1.0488186
0.0024265104,0.79121846,0.012871642
0.9955533,-0.2653868,1.6143126
0.39791295,0.5769624,0.6451643
-0.20885551,-0.48131588,-0.36919737
-0.34907958,-0.18756448,-0.66660327
0.6834545,-0.046455927,1.2815096
0.14064738,-0.7280098,0.2342891
-0.6902667,-0.5427751,-1.0943483
-0.45279282,0.8574124,-0.55487406
0.1523245,0.20495304,0.28422117
0.93190086,-0.4268062,1.4450254
0.15591496,0.68898946,0.24645846
-0.06827594,0.24590094,-0.136709
0.07382704,-0.931659,0.08691626
-0.51688,0.82341737,-0.6660324
-0.9039774,-0.12566376,-1.5619481
0.99655,-0.13528924,1.6578357
-0.95110154,-0.11792084,-1.612775
0.9678807,-0.54061,1.4033725
-0.7604559,0.4662619,-1.2309237
-0.78242195,-0.39993632,-1.2996994
-0.8149777,-0.7781002,-1.031267
0.25973448,0.70335376,0.38556117
0.7070766,0.3609756,1.2129859
0.5668249,-0.63446146,0.87357557
-0.5609539,-0.5708407,-0.90527225
0.7512935,-0.28983235,1.3326815
-0.62283605,-0.8845375,-0.7440468
0.95950526,-0.13603435,1.628025
-0.93701357,-0.6095301,-1.3098125
-0.3279484,-0.6099986,-0.5362376
0.19328088,-0.5864909,0.329795
-0.4554059,0.11111418,-0.8899037
0.95214313,0.5148804,1.4233794
-0.2416787,-0.58215404,-0.397962
-0.12923329,-0.36357358,-0.23771077
0.85605276,-0.486345,1.3253686
0.24854666,-0.11250078,0.48951
-0.8755259,0.6160115,-1.235055
-0.5539958,-0.7130693,-0.80538565
-0.92472583,-0.1511327,-1.5758271
0.79164356,0.70387524,1.0966996
-0.16875659,-0.19276649,-0.33000028
0.70535153,0.31678927,1.2228662
0.73941964,0.2712095,1.2983243
0.43069425,-0.32777584,0.7864056
0.2513723,0.20879608,0.4852881
0.2467494,-0.7970516,0.33414325
0.8844848,0.6639841,1.2145709
-0.31727773,0.49004132,-0.53303754
-0.25995907,0.7754095,-0.36987382
0.5583836,-0.40272242,0.9802785
-0.073300384,-0.11666712,-0.13478823
0.9322879,0.8671621,1.0466923
0.76773226,0.66781706,1.0882044
0.46312907,-0.85695136,0.59061235
0.8773026,-0.6336238,1.2383832
0.23388186,-0.16029224,0.4688553
-0.20004174,-0.40467665,-0.3666929
-0.34544307,0.3402089,-0.64843285
-0.911368,0.24771322,-1.5284028
0.10444927,0.80242705,0.14538322
-0.0042775674,-0.26224512,-0.018820848
-0.43105584,0.63247615,-0.66894066
-0.5449697,-0.7201465,-0.78146225
0.7591236,-0.71758777,1.0396769
-0.1293601,0.27497828,-0.24108526
-0.12350689,0.6113218,-0.19968347
-0.5672737,0.21123792,-1.0509238
-0.47354314,0.9289995,-0.55359983
0.21993065,0.30611786,0.41383943
0.6484044,0.4781408,1.0912162
-0.37802354,0.28945294,-0.7015102
0.98499,-0.96044636,0.95397156
0.60134697,0.24178213,1.0836523
-0.24415717,0.70761544,-0.3572003
-0.10066024,0.8142481,-0.12853369
-0.42915738,-0.11485254,-0.8293887
0.143,-0.16733147,0.28201005
-0.3998629,0.97740334,-0.4419693
0.49618065,-0.6801798,0.73871475
0.66824615,0.4626706,1.1118342
0.9717552,-0.9514599,0.95792174
-0.013134615,0.37794644,-0.014214301
-0.5325347,-0.898916,-0.6285518
-0.97855884,-0.43636805,-1.5070422
0.3930849,0.9224279,0.47635078
0.5796031,0.062150445,1.113917
-0.6534864,0.38240877,-1.1492784
-0.16670017,-0.17515627,-0.31171346
-0.1348522,0.96338737,-0.15787624
0.8421024,0.96745163,0.8431542
0.89517385,-0.29950878,1.5032037
-0.2896036,-0.7520326,-0.42706996
0.2458804,-0.7819964,0.32888505
0.23639353,-0.53721654,0.38078868
0.58278453,-0.90021867,0.6817298
-0.6190468,0.31376114,-1.1027958
0.49539897,0.012956364,0.9486797
-0.48631907,0.83734256,-0.6313696
0.6325698,-0.17512533,1.1765212
0.75171757,-0.52721244,1.175896
-0.8127499,0.29683572,-1.3979901
0.18098599,-0.7447899,0.27696612
-0.74118286,-0.5609374,-1.1323521
-0.10171759,0.7272996,-0.14511178
0.48284283,0.2703968,0.8881156
0.9634461,-0.1118432,1.6241912
-0.42764348,-0.07543173,-0.8184589
0.8289019,0.2912372,1.4302882
0.5817379,0.60791177,0.90488356
-0.9756232,0.431608,-1.5093056
-0.6095507,-0.54722613,-0.9724915
-0.6515993,0.0511617,-1.2224143
0.094217,-0.690561,0.13847251
-0.03589737,-0.53066134,-0.049466204
0.59877294,0.89079744,0.717143
0.91076833,-0.63875145,1.2824508
-0.66858816,-0.43001342,-1.1197176
0.86131215,-0.2075938,1.4887902
-0.88807833,0.23796345,-1.5079128
-0.91743296,-0.20870829,-1.5680323
-0.38941693,0.7090335,-0.5720702
0.4046942,-0.42789468,0.7175795
-0.8971853,-0.37595922,-1.4446638
-0.7756862,-0.87067616,-0.89421344
-0.56965023,-0.44250563,-0.9873134
-0.4700452,0.7671072,-0.6516352
0.041120466,-0.4429799,0.083562605
0.16714764,-0.50543797,0.2747572
0.09556745,0.25091523,0.1851939
-0.0024685396,0.21646701,-0.0025918845
0.12732409,0.30036962,0.22493623
-0.09974691,0.7146332,-0.15354879
-0.24479085,-0.63118553,-0.38501272
-0.7052911,-0.45880806,-1.1751481
-0.5802555,-0.48663196,-0.9611037
0.55723065,-0.65288377,0.85158134
0.37352297,0.21043447,0.72155666
0.6257531,-0.7579165,0.8556221
-0.4336485,0.59032726,-0.7015209
-0.45301887,-0.30255434,-0.8210291
-0.18810953,-0.34129128,-0.34073278
-0.5625359,-0.89428407,-0.68847233
-0.06866074,0.5599041,-0.11989401
-0.9792332,0.21245459,-1.6220472
-0.046540067,0.5955806,-0.06674978
-0.9431515,0.04000396,-1.6145066
0.12372195,0.27769825,0.24014847
0.14150645,0.84190714,0.19754672
-0.24903852,0.2252283,-0.4766235
-0.34120005,0.5719716,-0.5476077
-0.67616594,0.7382392,-0.9203211
-0.73298043,-0.7141521,-0.9921739
0.68896073,-0.095686264,1.2718999
0.502236,0.63624275,0.7642992
0.80799675,-0.21206908,1.4183757
0.35180902,0.60210496,0.57283795
0.119014286,-0.872154,0.1540951
-0.850466,0.72704154,-1.1191025
0.26346257,-0.2708574,0.49589893
0.11698361,-0.78315425,0.17275596
0.70053756,0.9588224,0.73300123
-0.3397498,0.053489596,-0.6692551
0.8644961,-0.79311836,1.0601959
-0.3596984,0.97042733,-0.40221146
0.6057253,0.42753872,1.0374994
-0.62502074,0.2773749,-1.1151855
-0.36746255,-0.27179632,-0.69211525
-0.70436305,-0.6623323,-1.0254626
0.27944458,0.98103255,0.2890652
0.21769647,-0.65600234,0.3290462
0.49611676,-0.083319366,0.95752317
-0.7942532,0.16941288,-1.4051151
-0.13304591,0.7760723,-0.18604389
0.2341761,0.919425,0.272067
-0.20154433,-0.54948884,-0.35619035
0.35782176,0.97394305,0.3985895
-0.9603633,-0.5865796,-1.3493873
0.6396242,-0.04286592,1.1824254
-0.47509736,0.45889205,-0.8399757
-0.12880526,-0.51599246,-0.20809223
-0.9719831,-0.2513203,-1.6090064
0.49847904,0.30621585,0.92753994
0.76575077,0.26939675,1.3466176
-0.970278,0.7116321,-1.2382418
0.7928303,0.96500885,0.80387604
0.74673617,-0.43881541,1.2281798
0.41944954,-0.5758142,0.6909607
0.26925656,-0.95603126,0.31346214
0.26737568,-0.036265258,0.5250245
0.1351006,0.506627,0.24184494
-0.84688395,-0.42426816,-1.3582076
0.2657109,-0.28535756,0.5058256
0.3039599,-0.8958292,0.37216136
0.17013197,-0.93958247,0.21839495
0.040339783,-0.09593012,0.062364854
0.9727217,0.8260088,1.1106701
0.24777421,0.053154167,0.5025236
-0.44706306,-0.13083015,-0.8550535
0.027517436,0.22104709,0.050818294
-0.3003913,0.6791488,-0.4573566
0.7371093,0.34429187,1.2582965
0.70685905,0.33406729,1.2330979
-0.19305672,0.45444626,-0.34393644
0.38131306,0.17224191,0.7397812
-0.38235193,-0.8589709,-0.4924116
-0.594357,-0.07522975,-1.1122433
0.41901955,-0.5112771,0.7123021
0.90203947,0.09643492,1.5597451
0.46473694,-0.47062147,0.80969304
-0.1766472,-0.43173587,-0.31557283
-0.87199825,-0.892637,-0.9647551
-0.5099886,0.1001581,-0.9711736
-0.54723734,-0.31800628,-0.9905893
-0.3899938,0.8730211,-0.48496413
-0.8676202,-0.844966,-0.98982763
0.6901705,0.019210828,1.2730292
-0.65391207,-0.5446386,-1.0216113
0.88564616,0.8989582,0.9801769
0.6969897,-0.53169215,1.105923
0.92667544,-0.53629637,1.3750813
0.056673627,0.54836124,0.10613212
-0.9773672,0.34679344,-1.560303
-0.26119614,-0.8665409,-0.35383648
0.3181727,-0.69984293,0.47969168
-0.20225644,0.24407957,-0.38887247
0.792439,-0.7396363,1.0551192
0.75828975,0.80030006,0.96354216
-0.3368248,0.52182645,-0.58158714
0.22427441,-0.27559817,0.42639673
0.06302041,0.42099833,0.10779408
-0.89281404,-0.19107626,-1.5323708
-0.7109257,-0.7277399,-0.9836881
-0.93708014,0.21487191,-1.5661583
-0.5842053,0.89042765,-0.7106467
0.7314496,-0.58905315,1.1156933
0.17222326,0.62520224,0.28100386
0.37789276,0.24070626,0.7063244
-0.60876656,-0.7317001,-0.8470435
0.5636669,0.12543692,1.0669783
0.72155476,-0.1982287,1.3009958
-0.12975101,-0.16507429,-0.26402482
0.11307495,-0.898729,0.12327739
0.085138276,0.7751092,0.12770334
0.71211576,0.79042804,0.9061056
0.53939235,0.5686655,0.85824615
0.80629975,0.83566254,0.9553572
0.4317186,0.8529835,0.5472249
-0.69645387,-0.64447916,-1.0277545
0.20151868,0.06864853,0.37625915
-0.72061443,0.5397451,-1.125074
-0.8556446,-0.36352462,-1.4106255
0.40800995,-0.6959865,0.61090165
0.26314065,-0.916119,0.31590986
0.8801961,0.7233032,1.1591595
-0.4864141,-0.85623145,-0.6091962
-0.06665214,0.42210615,-0.12470929
0.24976316,-0.10394604,0.50512433
-0.2748954,-0.6079684,-0.44782022
-0.9978116,0.5932781,-1.401414
-0.56973034,0.5703574,-0.9025154
-0.3961316,0.9544933,-0.42567924
-0.20609519,0.7103212,-0.31445912
-0.39858294,0.30187562,-0.7480753
0.3433642,0.15647058,0.65094227
-0.23601472,0.57457286,-0.3946481
-0.96782136,-0.77761877,-1.1851085
0.57823753,-0.16687517,1.0810102
-0.22785792,-0.1443382,-0.4505445
-0.39717165,0.37238064,-0.7387672
-0.3602136,-0.7004573,-0.54191893
-0.5261645,0.97992826,-0.56754875
0.62269455,-0.6333232,0.9460966
0.5429132,0.055434674,1.0288849
-0.44782194,-0.27617517,-0.83999074
0.26075062,0.6747131,0.41181636
-0.84948796,-0.8255427,-1.0273395
0.93398166,0.31602558,1.5249453
-0.76248693,0.7658797,-1.0018213
0.25862285,-0.7896508,0.37528977
0.7117926,0.06676755,1.2939366
-0.23687497,-0.1799207,-0.45870325
0.44447225,-0.922706,0.5089588
-0.641524,-0.23671435,-1.1814436
0.9731188,-0.73700005,1.2026322
-0.9200427,-0.56205064,-1.3639587
-0.8275275,0.55847824,-1.2516906
0.34919775,0.6075021,0.5624884
0.6973592,0.061494384,1.2878345
0.1352858,-0.65232456,0.21198782
0.14284338,0.47270226,0.24995573
0.9871121,-0.81794477,1.1604258
-0.4951405,-0.42798215,-0.87778604
-0.40920615,-0.74228454,-0.5888248
0.18492444,-0.6334618,0.29942057
-0.55336684,-0.9791931,-0.5696056
-0.90407777,0.18934861,-1.5500588
-0.20395358,0.44154137,-0.37326625
0.39024022,0.10920645,0.75123835
0.6784452,0.13685766,1.2445232
-0.92647594,-0.8100488,-1.0869731
0.121923745,-0.47784352,0.21567242
-0.5059938,-0.8997173,-0.6079328
0.8350745,0.26980513,1.4235508
0.12689231,-0.24192369,0.24702203
0.072338335,-0.3190065,0.14669178
-0.66600597,-0.7219377,-0.93408495
0.34532478,0.6043433,0.55988556
0.13592634,0.7546946,0.20055437
-0.9202038,0.5036971,-1.3893952
-0.293558,-0.82581323,-0.40089044
-0.8101627,0.5439003,-1.2220078
0.58054346,-0.6874861,0.85846746
0.3644688,0.343724,0.6738251
-0.044236097,0.40541935,-0.078934684
0.15508854,-0.7668797,0.22352046
-0.44215646,0.79697317,-0.5867909
-0.26799592,-0.27981722,-0.49019885
-0.75832677,0.8914906,-0.8549161
-0.43623737,0.016013209,-0.8403452
-0.6885795,-0.036868338,-1.2733006
0.003650318,0.5201899,0.011626825
0.5068835,0.5399713,0.81140935
-0.38590086,0.5126866,-0.6722518
0.06095954,-0.8545559,0.082478195
0.046806995,0.0121308,0.091769226
-0.08806284,-0.27026305,-0.17156555
0.15494913,-0.7419993,0.23317954
0.49031273,-0.6701448,0.7291692
0.74755967,-0.59141684,1.1143905
0.12699318,-0.7250233,0.19243994
0.04278895,-0.62552536,0.06425315
0.49354565,-0.16962543,0.9368152
0.830602,-0.29934135,1.4077883
0.7207345,-0.9248105,0.78363514
0.0147435,-0.9117267,0.013523223
0.0087974975,-0.97997683,0.0039800047
-0.25162226,-0.16089638,-0.48290372
0.3612938,0.7173398,0.53185135
-0.4857555,0.73877174,-0.68384206
-0.35713196,0.5393838,-0.59109205
0.15184337,-0.9164233,0.17247348
0.6372167,-0.40752706,1.0945818
-0.4860274,-0.35460508,-0.8683171
-0.39285058,0.93863726,-0.45540288
0.060509138,-0.2866594,0.11649728
-0.9619173,-0.19988891,-1.6213616
-0.41560856,0.08405127,-0.80291325
0.49891567,-0.119318485,0.9382846
0.12851001,0.76905113,0.18031111
-0.36051852,-0.57850647,-0.59297526
-0.49896348,-0.7697802,-0.67903197
0.6823932,-0.47840652,1.1202238
-0.876642,-0.04732034,-1.527943
-0.9438219,0.23459624,-1.5680933
-0.6756469,0.4944036,-1.1062894
-0.87455195,-0.83075523,-1.0205495
-0.7682474,-0.14516713,-1.3799201
-0.4841674,0.08523511,-0.9318924
0.6870755,-0.28398213,1.2118859
-0.10100615,-0.66738045,-0.18046097
0.57403356,0.5940526,0.908413
0.5015468,-0.821834,0.64671475
0.30893567,0.87672794,0.37685725
0.90573406,-0.5169166,1.3515654
0.08022272,-0.91646165,0.085162856
-0.6368435,-0.49149644,-1.0426096
-0.7054873,0.45757884,-1.1709826
0.986566,0.68182385,1.3023528
-0.78038293,-0.6435213,-1.1281612
-0.46336833,-0.43173817,-0.80307215
-0.6268416,0.9289306,-0.6942206
0.16295734,-0.59489363,0.26372296
0.58782816,0.23258157,1.0877664
0.56958354,-0.31172836,1.0242174
0.13482197,0.75134706,0.18097773
-0.64488584,0.64918894,-0.9542462
0.8934653,-0.4099336,1.4207921
0.015642105,-0.44342083,0.009105174
0.9061788,0.7632665,1.1462891
-0.24041258,-0.15482348,-0.474147
0.93934673,0.22013158,1.5662365
-0.19401924,-0.6415063,-0.32179794
-0.31823072,-0.5485351,-0.5340762
-0.5656434,-0.34985292,-0.99907756
-0.059529744,0.88074434,-0.07512684
0.55426735,-0.11313728,1.052808
0.45010355,-0.4667583,0.7624562
-0.39667657,-0.9861742,-0.43099007
0.25023,-0.2501863,0.47065523
-0.73609304,0.4119065,-1.2453315
0.5794805,0.4594554,0.9723503
0.35756359,-0.5952306,0.57914764
0.09910538,0.8597841,0.12130473
-0.86716133,0.5182667,-1.333263
0.8017696,0.16095987,1.4220182
-0.8025497,-0.26770887,-1.3678838
-0.22943008,0.82253927,-0.31907383
0.8896536,-0.2720657,1.5023582
-0.15666807,0.7699587,-0.23077446
0.68823236,-0.78896546,0.91824275
-0.7963556,-0.7260932,-1.064054
0.23414096,-0.89779025,0.2771538
-0.28311655,-0.26388997,-0.52575827
-0.25268778,-0.08470637,-0.48827246
-0.70016575,0.7385942,-0.9470161
0.722667,0.76275575,0.95946413
0.9638929,-0.41963378,1.5083178
-0.87302583,-0.9920013,-0.84542453
0.042268883,0.46786505,0.06901365
0.38054672,-0.12454921,0.72965986
0.6140515,0.32212657,1.1006012
-0.93552035,-0.4493005,-1.4535667
0.7781511,0.65219676,1.1019485
-0.35163456,-0.16288154,-0.6719238
0.3658803,-0.33336937,0.67902225
0.74389523,0.816913,0.92156595
-0.02792122,0.5297699,-0.04522311
0.94668627,0.23176792,1.597623
0.33501223,-0.07478854,0.6654131
0.04630941,-0.08351487,0.08804108
0.59718525,0.78630584,0.7759506
0.48125434,-0.98547846,0.5111942
0.13491622,0.2724779,0.2601803
0.1671563,-0.7153296,0.23346353
-0.28620663,0.5877261,-0.47941127
0.6341556,-0.8043542,0.8120943
-0.030045362,-0.65389585,-0.05575346
0.48264515,-0.5798962,0.7900595
0.61885965,0.9418365,0.6604046
0.950631,0.036541462,1.6323478
-0.47778806,-0.46038482,-0.81940824
0.06704907,0.8921913,0.10164392
-0.6158786,-0.83192694,-0.756658
0.6395846,-0.600741,0.9804402
0.940734,0.7167521,1.2178286
-0.8361784,0.51649666,-1.2813385
0.62969255,0.025809204,1.1766204
-0.034566026,-0.6558917,-0.064491004
-0.6630893,0.36066246,-1.1312026
0.79236746,-0.08044101,1.4134815
0.16273177,-0.42683533,0.2933427
0.76093507,0.41801536,1.2756062
0.41868335,0.2219275,0.78526825
-0.6215602,0.54148006,-0.9965888
-0.19725665,-0.035609663,-0.38725922
-0.54460657,0.49356046,-0.9015494
0.9157131,0.13266318,1.5751736
0.9551768,0.2268974,1.5753869
0.5676053,-0.45760772,0.9679272
-0.86736566,0.3745035,-1.4317492
-0.8252089,0.19303526,-1.4428344
0.085775934,-0.61401325,0.13244769
0.82891583,-0.54193527,1.2591875
0.3241287,0.8912066,0.40998605
0.044280626,-0.07739538,0.076573215
0.6761854,-0.25286418,1.2303388
0.27705714,-0.12902832,0.5484183
-0.69090044,-0.37345344,-1.1787825
0.7764736,-0.29262498,1.3307592
-0.06364614,0.054193288,-0.13746628
0.002705239,0.34838414,0.0026673058
-0.11245851,0.9381797,-0.12699261
0.021330444,0.81421727,0.015310143
0.37287286,-0.8974894,0.44394672
0.36638755,-0.9786679,0.41097084
0.3476025,0.689049,0.53803307
-0.77693635,0.50494874,-1.2315242
0.3817938,-0.21002844,0.73039347
-0.5980413,0.38091233,-1.0619923
-0.91427726,0.18805662,-1.5609403
0.044440255,0.7469166,0.047579594
-0.91949743,0.7042727,-1.215799
-0.31616193,0.5329851,-0.52427137
-0.0991675,-0.75673985,-0.13452582
-0.47173023,0.47978142,-0.8141795
0.6386246,0.31805074,1.1265229
-0.3415968,-0.2714488,-0.6350213
0.56027377,0.6926598,0.80779576
-0.58380747,0.2916358,-1.0698627
-0.93387276,0.2638483,-1.562779
0.5360013,0.40771514,0.9508912
0.978708,0.25952634,1.5971704
0.28147277,0.67669046,0.43699396
0.6063062,0.6140241,0.932935
-0.67362916,0.8944026,-0.76178485
-0.02463111,-0.009529304,-0.045758512
0.21272172,0.27459937,0.4124741
-0.13173369,0.3173273,-0.25072592
0.7957948,0.07882926,1.4112749
-0.46945488,0.46332747,-0.8150211
-0.85930896,0.7035402,-1.1680914
-0.37925696,-0.99339783,-0.39417523
-0.75087863,-0.2629349,-1.3176999
0.8936325,-0.7955276,1.079157
-0.45978406,-0.52057636,-0.7821988
-0.5399341,-0.8085796,-0.6985821
-0.120694734,0.024056308,-0.23250553
-0.32165754,0.25293064,-0.6064437
-0.053819906,-0.511165,-0.10839233
-0.32764885,0.97607386,-0.37137157
-0.9990721,-0.62469476,-1.3598365
-0.40373006,0.10834576,-0.7789685
-0.7262417,-0.52527505,-1.138303
0.4176946,-0.3760734,0.74021864
-0.544753,-0.58596295,-0.87504756
-0.30509838,0.999101,-0.33897895
-0.002337573,0.96621376,-0.0092633525
0.97246426,-0.2998633,1.5942421
0.8646466,0.34965003,1.433722
-0.4343837,-0.9763203,-0.48577332
0.9739913,0.14493904,1.6223214
-0.5016786,0.35030693,-0.9092382
-0.8203807,-0.9066002,-0.90991384
0.98891145,-0.36465472,1.5705073
-0.9756273,0.2073792,-1.6158832
-0.10525631,-0.42570382,-0.18891421
-0.61974,-0.9393313,-0.69539565
-0.76543736,-0.22380261,-1.3495172
0.9007905,-0.92600346,0.9454127
-0.71436644,0.66910625,-1.020726
0.8195843,-0.6195958,1.2175221
-0.7282065,-0.93105334,-0.78808373
-0.53767693,0.69032174,-0.80392975
-0.024888592,-0.6432695,-0.030624967
-0.94321567,0.6976811,-1.242746
0.5810219,-0.8652577,0.71238774
0.5535637,0.475051,0.9460938
0.9729611,-0.82538044,1.135839
-0.49658528,0.21893395,-0.9204885
-0.4563994,-0.8439495,-0.58973503
0.21612409,0.29051584,0.4060478
0.7560727,-0.6509374,1.1070962
-0.37906078,0.09361459,-0.76138943
0.85780996,0.06318201,1.5114676
0.30589065,0.84573394,0.38163528
-0.13710113,0.37422568,-0.2473884
-0.90557796,-0.7770924,-1.1138858
-0.23803826,0.61142224,-0.36801142
0.62559575,-0.8890496,0.7419219
-0.75931895,-0.2808767,-1.3288507
-0.58327615,-0.7091098,-0.8222803
-0.885606,0.04724318,-1.5539016
0.9741499,-0.68505377,1.2843233
-0.36858025,-0.8576127,-0.44056305
0.33989865,-0.41496834,0.6042143
0.7823481,-0.70775086,1.0805974
-0.39910752,-0.47070977,-0.69978154
-0.7900353,0.5857483,-1.195583
0.41345587,0.0053503923,0.8063519
-0.025488399,-0.13337874,-0.052673526
0.8908822,0.53945184,1.325936
0.8938455,-0.80954295,1.069332
-0.74373907,0.0431387,-1.3384333
0.04769801,-0.83022577,0.06410709
-0.5624846,0.33983335,-0.99964476
0.21240164,0.1522078,0.42343152
0.11739501,0.66723555,0.19823645
0.46403825,-0.110743165,0.88418025
0.5592623,0.47820494,0.9514778
-0.6837865,0.54277915,-1.0949829
0.1842287,0.901688,0.2322208
-0.75774074,0.032977425,-1.3708391
0.5761317,0.37897378,1.0073618
0.8749027,-0.20172453,1.4982773
0.3109167,0.8006794,0.43908808
0.08676572,-0.20874697,0.1754359
-0.28504854,0.7305294,-0.43275717
0.6882598,0.63782376,1.0384701
-0.8880686,-0.3717238,-1.4366983
0.35986674,-0.056516804,0.71753275
0.5166542,0.25606304,0.9570268
-0.0485723,-0.14062846,-0.07878779
-0.75321496,0.1903961,-1.3263277
-0.34265083,0.99346894,-0.36005032
0.94470805,-0.86779946,1.0599855
-0.0984367,-0.09045189,-0.18695639
-0.6478556,-0.7457145,-0.8874748
-0.32576117,0.013556488,-0.6520306
0.3544493,0.27406606,0.6626746
-0.42632362,-0.43217927,-0.72971284
0.6522279,0.44861254,1.1082512
0.24389523,0.542098,0.41177222
-0.3312897,-0.64194083,-0.5156447
0.8450209,-0.4022199,1.3799132
-0.5512158,-0.65503377,-0.82771534
-0.75962216,0.23676819,-1.33172
-0.082166515,-0.8317393,-0.10846553
-0.7710418,0.56180584,-1.1822506
-0.5429993,0.85191715,-0.66932434
0.30643263,-0.06252516,0.60299367
0.36861813,0.38920704,0.65175915
0.34584045,0.33038035,0.63170534
-0.19432832,0.79768175,-0.2695961
0.9898975,0.89585197,1.0483496
0.29115596,-0.485971,0.5074014
0.6611809,-0.92704314,0.7546039
0.48426032,-0.28338024,0.8995687
0.044151958,0.9745867,0.047581796
0.35174495,-0.68660223,0.52192336
-0.5594055,-0.25391847,-1.0409527
-0.59218246,-0.08717579,-1.1088442
-0.38668084,-0.97257715,-0.4328265
-0.080741264,0.85152483,-0.10067111
0.26952186,-0.7125244,0.40258774
0.46472105,-0.4559516,0.80579954
-0.8660762,0.8851278,-0.97304845
0.71187484,-0.40948522,1.1863306
0.53960943,0.6266564,0.8460761
-0.18354559,0.1024501,-0.3680452
0.920566,0.8178983,1.0852796
0.35666415,0.58603793,0.59428036
0.58174956,-0.36489183,1.0324831
-0.775813,0.25172573,-1.3512641
0.1094258,-0.1508615,0.23738392
-0.9535939,-0.39976987,-1.5111424
-0.6296286,-0.15858212,-1.1685787
0.9396988,-0.52746606,1.3980659
-0.90886027,-0.9238619,-0.9550454
-0.35289973,-0.977333,-0.38038418
-0.38992953,0.14561354,-0.7379908
0.084257394,-0.16317052,0.15814139
-0.3435013,0.9388616,-0.41212267
-0.91686875,-0.088317186,-1.5790861
0.49734727,-0.17328647,0.9417746
-0.103915446,-0.41925123,-0.19355512
-0.4495594,-0.44454443,-0.7922423
0.5430684,0.57005256,0.8831374
0.09755082,0.20021859,0.19556358
-0.44773394,0.121957496,-0.8643956
-0.84847665,-0.03549654,-1.5097153
0.35527027,-0.06715091,0.6810548
0.84133136,0.7212292,1.1150801
0.5522297,-0.43096814,0.96698976
0.3955374,0.357433,0.7237605
0.09185804,0.57968616,0.14547005
-0.5404642,-0.48173356,-0.90744406
0.9113862,-0.60373837,1.3040242
0.9256034,-0.59839785,1.3141955
-0.15643433,-0.79175174,-0.22292623
-0.23420407,-0.83712465,-0.3013357
0.8456937,-0.4077222,1.3682545
-0.7504307,-0.059053134,-1.3507017
0.6060007,0.38895944,1.0392618
-0.91603595,-0.3424363,-1.4956206
-0.62928164,-0.9956428,-0.6498097
-0.03293647,-0.056750778,-0.054598678
0.008237893,0.044820525,0.029583266
-0.8257253,0.8669285,-0.9641785
-0.9053413,-0.17167562,-1.5474482
0.8923886,-0.630364,1.2652565
-0.6027478,0.8249454,-0.800898
0.66770786,0.9237354,0.7514185
-0.5236217,0.8460474,-0.66259396
0.3989976,-0.24816021,0.75197667
0.97311616,0.56883454,1.3939146
0.7367036,0.56989413,1.1318008
-0.77392554,-0.3084974,-1.3273993
-0.7497444,0.29581824,-1.304733
0.6811644,0.31358317,1.2013124
-0.6666948,0.45119962,-1.1173443
0.86908436,-0.079506435,1.5340955
0.20051998,0.19779001,0.3992041
-0.80778474,0.20408043,-1.4173021
0.15775707,-0.8852442,0.2003992
0.25773957,0.54127204,0.44050214
0.53694487,-0.8382049,0.68299425
-0.8545501,-0.6058834,-1.2396445
0.51336515,0.55942196,0.84674966
0.36759034,-0.47761616,0.6346807
-0.15303028,0.4169247,-0.28315717
0.3660707,-0.9511515,0.41059646
0.07179619,-0.9148962,0.09300863
0.33198196,0.39278218,0.6016942
-0.90486306,0.35828507,-1.4846903
-0.33894807,-0.06599298,-0.6787163
-0.9035096,-0.56924546,-1.3194
0.51279175,0.4571987,0.8852972
-0.07288832,0.03272062,-0.13573466
-0.89077234,0.8157281,-1.06785
-0.07298727,0.7454957,-0.11023075
0.6331081,0.9801545,0.6515142
-0.6988239,-0.014541974,-1.2819091
-0.8451579,-0.7059827,-1.1203022
0.35531795,-0.39648464,0.66104096
0.09451951,0.243189,0.19312629
0.12384337,0.6138752,0.21461317
-0.034856953,0.52300036,-0.06931505
-0.4954688,0.718611,-0.7126701
0.9813243,-0.037334904,1.6639767
0.23110557,-0.24559954,0.42759258
-0.8814431,-0.77605695,-1.0946989
0.5127505,0.38465694,0.9016819
0.4954092,0.0042522126,0.9478162
0.7104639,0.48077112,1.1447134
0.7581439,0.487681,1.2081312
0.15175343,-0.023765316,0.30287462
0.89148986,-0.2692148,1.5181458
-0.67592925,-0.11539487,-1.2500689
0.022969695,0.5990059,0.029246252
0.6126982,-0.86293876,0.7446024
-0.25696835,-0.46768257,-0.45446748
0.85080147,0.8735974,0.95555043
-0.015724303,0.52962816,-0.028034447
-0.0699328,-0.92257625,-0.10349288
0.0771261,0.01330572,0.17070982
-0.1480258,-0.31010583,-0.27916083
-0.4147626,0.27766988,-0.78200895
0.20017166,0.09611675,0.41301453
-0.9551919,-0.67840075,-1.2667913
0.34170315,0.0027693876,0.66415113
0.7799619,-0.089460306,1.4215726
0.89943886,0.08243239,1.5841352
-0.21786557,0.4505037,-0.38601676
0.1479263,-0.025331983,0.29185247
-0.40131927,0.33917096,-0.73346424
-0.25756624,-0.034829173,-0.5207381
0.98392695,-0.38738167,1.5444001
0.15792032,-0.42665425,0.28605896
-0.21657106,-0.59626454,-0.37460667
0.63323444,-0.35906214,1.1026211
-0.122231066,0.45857388,-0.21150652
-0.10243734,0.1069319,-0.20680349
-0.6294891,0.047422837,-1.1641903
0.1281124,-0.5914144,0.22002146
-0.5880449,0.49217132,-0.9790706
-0.49736783,0.13948192,-0.9431704
-0.21583574,0.83246905,-0.27578637
-0.80256945,-0.5439473,-1.2252319
-0.30415386,0.094311826,-0.60199326
-0.6890443,-0.5757639,-1.0552078
0.6305949,0.32368815,1.1064168
-0.7354457,-0.5310951,-1.1617858
0.1434511,-0.099091426,0.29415342
-0.56926286,0.94952625,-0.6168096
0.06127754,0.003982675,0.117538616
-0.34174633,0.27809936,-0.62682885
0.7356883,0.8421042,0.8867594
-0.28748113,0.6011672,-0.46802092
0.7886538,0.5845304,1.1879337
0.8463654,-0.63008016,1.2162154
-0.3431625,-0.6430918,-0.5265664
-0.983814,0.4570385,-1.4842542
-0.32411325,0.69008446,-0.47894624
-0.048405174,0.3351769,-0.08081373
0.9646142,-0.7970899,1.1473361
-0.5202499,-0.5929524,-0.8203507
-0.9182698,0.6369627,-1.2808037
0.032903545,-0.9777669,0.038544178
0.6572608,0.13233139,1.217575
-0.73131776,-0.6924805,-1.0177715
-0.51668054,-0.5954963,-0.82339174
0.37130773,0.084717974,0.73464525
0.7651997,0.62978023,1.1325783
0.9804556,0.16299935,1.6433133
0.5233224,0.97303665,0.5745251
-0.83167416,0.5155939,-1.2747512
0.9594496,-0.3281309,1.5455358
-0.030230775,-0.4875906,-0.04723375
-0.57996225,0.97255796,-0.6046876
0.36813277,-0.061980445,0.7256267
0.56874514,0.41625217,0.972125
-0.74155265,0.4164619,-1.2375004
-0.113478445,-0.7461367,-0.15599939
0.18618184,-0.11211352,0.3632936
0.31284767,-0.2304229,0.6028094
-0.846373,-0.24485523,-1.4537737
0.9998216,0.80046225,1.1685674
0.23250371,0.75627774,0.322431
-0.18367733,-0.7592453,-0.2675878
-0.8906981,0.4263893,-1.4218863
-0.9167432,-0.8105245,-1.0824956
-0.4135951,0.96979004,-0.4387619
-0.8398001,-0.06801257,-1.49011
-0.19616416,0.06726918,-0.404659
0.37925133,0.7805008,0.5171914
-0.95361805,-0.2595701,-1.5785352
0.4658146,0.3770434,0.8321126
-0.68368036,0.23672092,-1.2238274
-0.61379176,0.6902052,-0.8911035
0.064138286,0.7342666,0.10985775
0.68075454,0.9022082,0.7820892
0.06558632,0.6606732,0.1154566
0.22479744,-0.99457014,0.22930932
-0.15778862,0.53060055,-0.2765336
-0.72360075,0.7297539,-0.99109113
0.3167054,-0.7836128,0.4427676
-0.9561207,0.24748284,-1.5778307
-0.1734607,0.56766826,-0.3007648
0.1357926,-0.8115818,0.18059509
-0.24198411,-0.7354055,-0.36374673
0.48824936,0.042377025,0.9459501
-0.78238285,0.9770547,-0.80634415
0.20858894,-0.5947311,0.33101806
-0.6929907,0.53999925,-1.1081585
0.2970584,0.43944663,0.5273932
0.6874952,0.800943,0.8781566
-0.9670792,-0.5171176,-1.4422153
0.7691468,0.83396703,0.94637734
-0.5700858,-0.38331842,-1.0110023
-0.6796417,0.7661006,-0.9032225
-0.35064328,0.44340146,-0.61228544
0.8616081,-0.12723787,1.5131422
-0.7855232,0.3247201,-1.3514525
0.39324284,0.48251015,0.6677623
-0.6897692,0.31860763,-1.1942824
0.3370407,0.17253655,0.62922865
0.8853799,0.85265857,1.0253327
-0.61719495,-0.30641422,-1.1053284
0.2258231,-0.9518756,0.26885355
-0.29474387,-0.17313723,-0.5762571
-0.10696188,-0.13995065,-0.21261095
0.7175337,0.79781324,0.90876526
-0.4356582,-0.21629423,-0.83285254
-0.026405957,-0.95639604,-0.020743348
-0.3873812,-0.9918,-0.3888366
0.09647935,0.15994771,0.16877842
-0.06585881,0.7077177,-0.076786056
-0.69699144,0.9343131,-0.7608369
-0.7924324,0.18468365,-1.3823788
0.057343848,-0.9460465,0.06804452
-0.17960072,0.23707978,-0.3369444
0.76167196,0.24601747,1.3444197
-0.27629334,-0.4941573,-0.45968416
-0.9250953,0.4109869,-1.47056
0.6892503,0.89341533,0.7911746
0.49264595,0.10783363,0.9310108
-0.84213376,0.4484101,-1.3266973
0.7394634,-0.40280068,1.2329085
0.78379977,-0.3056181,1.3311545
0.5158934,0.53174835,0.86462146
0.4116774,0.8199183,0.5394627
0.96605724,-0.42549178,1.5021485
0.36765084,-0.039714117,0.71606946
0.4800181,0.93832666,0.5500286
0.1358187,-0.67437494,0.20850201
0.3839918,0.35101315,0.70830435
0.020105029,0.017891312,0.03938064
0.036544796,-0.3835312,0.056992617
-0.7229729,-0.53139603,-1.1479707
-0.30444953,-0.49743423,-0.51329947
-0.651139,0.75462794,-0.883635
0.6034112,0.6791135,0.8699116
-0.9779462,0.93981797,-0.9862629
0.453345,0.9758647,0.50085604
-0.18314815,0.20403284,-0.35241053
-0.67474234,0.112192124,-1.249613
-0.58492315,-0.0028634008,-1.095881
0.050124094,-0.091995135,0.11110999
0.5806921,-0.18260053,1.0697948
0.8833242,0.6513491,1.2092097
0.7100287,0.52390397,1.1293852
0.5461987,-0.9432549,0.601198
-0.7414583,0.7274693,-1.0120025
0.78452724,0.18406862,1.3933035
0.742945,0.75483173,0.98517096
-0.6707235,-0.80070156,-0.8680503
0.8358434,-0.056031834,1.4879682
0.5273753,0.54801923,0.8768138
-0.2797236,0.70321167,-0.43206784
-0.8758845,-0.0057540406,-1.5471003
0.96072096,-0.09266708,1.6287768
-0.2520208,-0.4417609,-0.4489793
0.29071298,-0.92279476,0.3500291
-0.64923984,-0.24533221,-1.1555227
0.53856975,-0.19634813,1.0201992
-0.44116524,-0.33261657,-0.79991615
0.007974232,0.6921837,0.0035894334
-0.2955885,0.9681782,-0.32954273
0.698343,0.80537367,0.8816357
-0.4083073,0.09296441,-0.7935651
-0.96667045,-0.98593706,-0.9035343
-0.6353449,0.6290394,-0.97854596
-0.9750976,0.17614613,-1.6645257
0.35117468,0.11056612,0.69208205
0.43529737,-0.32807168,0.81839895
-0.5067276,0.26706383,-0.9446474
0.11521461,-0.7188269,0.16081057
-0.05251442,-0.5175197,-0.10104621
-0.9045588,0.20209673,-1.5496187
0.94617194,-0.8267007,1.101808
-0.8245017,0.556767,-1.2319279
0.91272664,-0.16114248,1.55971
-0.035660923,-0.8644534,-0.05743471
-0.2087275,-0.2483735,-0.40055978
-0.7373649,-0.55072707,-1.1684896
-0.48533547,0.5513031,-0.8023561
-0.8532034,-0.9216518,-0.9210675
0.25371698,-0.19928233,0.47051784
-0.38845497,-0.90937483,-0.4763163
0.56463087,-0.20935486,1.0345939
0.3314904,0.67388225,0.5053726
-0.812641,-0.7676207,-1.040374
0.42826802,0.6691996,0.6455359
-0.46754867,-0.64964217,-0.7200631
-0.6968354,-0.7863623,-0.93329495
-0.09883803,0.3133563,-0.16792223
-0.4190272,0.5066464,-0.69230044
-0.39567336,0.25658587,-0.7440997
-0.54745334,-0.11427802,-1.0305254
-0.7835373,0.57615954,-1.1933614
-0.90182304,-0.66061866,-1.2394005
0.042077087,-0.557574,0.05908721
-0.12352162,-0.41401008,-0.23190261
-0.58862257,-0.451187,-1.0017465
-0.820536,-0.9418766,-0.85369015
-0.35962528,-0.87682027,-0.4608549
-0.40414765,0.7146714,-0.5890285
-0.91006494,0.059106763,-1.566496
-0.08648939,0.17770089,-0.15669398
-0.50849444,0.16242617,-0.96205884
-0.52664703,-0.34949413,-0.92408836
0.5277336,0.8379824,0.6705362
-0.23299529,0.5626678,-0.39229214
-0.7881987,-0.9644756,-0.80937606
-0.76577204,0.7620176,-1.0022087
0.5278518,-0.87216634,0.6440961
0.6566761,-0.34386623,1.1517334
-0.509996,-0.7898081,-0.6794593
-0.7800163,0.24708024,-1.3674252
0.862327,0.67223567,1.1799976
0.046742424,0.18271264,0.104322165
0.0052770227,0.6301881,0.00628408
-0.6397418,0.33018637,-1.146329
-0.0012901775,-0.79988676,0.0030224659
-0.77718586,0.6142071,-1.1472156
0.15377054,-0.8201069,0.20159645
0.35658577,0.83628285,0.47228727
0.45080626,-0.8483087,0.57595766
-0.99555784,0.4472258,-1.4983648
0.5271694,-0.5833979,0.8412799
0.09569733,-0.03260015,0.19177566
0.72118694,0.8018281,0.93140423
0.22277586,-0.45154673,0.388297
-0.8797885,0.6993449,-1.1948378
0.94553846,0.3561292,1.4965197
-0.57060695,0.6150562,-0.89383376
0.058332272,-0.75028056,0.08251352
-0.10462051,-0.91901433,-0.11660823
-0.98376924,-0.33527333,-1.5577644
0.007356111,-0.6677067,0.012387744
-0.84412396,-0.20514362,-1.453797
0.88358635,0.54427546,1.3299797
-0.88717717,0.96306586,-0.8907364
0.7402429,-0.95901537,0.75436556
0.36681628,0.20367195,0.70119953
0.4633875,-0.06360576,0.9057267
-0.9749328,-0.23348173,-1.6267414
0.9804201,0.19869283,1.6220237
0.2503003,0.22272205,0.48129755
-0.48691842,-0.2758536,-0.9020327
0.5237546,-0.7316137,0.7513593
0.40979102,0.089769006,0.7984309
0.42511654,-0.79175735,0.5675666
0.20364507,-0.4778785,0.3742168
0.8748619,-0.821842,1.0455705
-0.43088928,0.2532874,-0.8160068
-0.11823275,0.17969048,-0.25118172
0.3442595,0.27394325,0.6687306
0.86972195,-0.13566129,1.4974014
-0.3548407,-0.33377668,-0.66363126
-0.5905809,0.96786046,-0.64930916
0.6400649,0.2453486,1.155827
0.9330482,-0.97406167,0.89982516
0.71640193,-0.5131181,1.1458489
0.72010255,0.9116841,0.8137298
-0.3566625,0.20759888,-0.66405344
-0.75330454,0.98822695,-0.7379155
0.011973573,-0.31792602,0.0032439576
-0.9727557,0.93897265,-0.9818604
0.9066372,0.6465425,1.275753
0.8557602,-0.8545982,1.0050539
-0.81381464,0.19357917,-1.4237473
0.003950478,-0.06021473,0.021312434
-0.74614906,-0.98491776,-0.730012
-0.1387658,-0.6731758,-0.22159371
-0.4912983,-0.7783478,-0.68130493
0.11535331,0.42349666,0.20102108
-0.43868822,0.7283189,-0.629708
-0.16252562,0.72167784,-0.24078044
-0.81789815,0.8007224,-1.0210263
-0.876204,-0.479171,-1.3693385
-0.21171518,-0.9585205,-0.2530017
0.67852366,-0.24494478,1.1981142
-0.40500632,0.82624245,-0.53286064
0.28896645,-0.46880054,0.496285
-0.49820298,0.26052484,-0.9139039
0.04381101,0.31100252,0.09894781
0.028339818,-0.2345518,0.079206266
0.35689718,0.00879056,0.7149383
0.5936421,0.9910307,0.6221863
-0.15751316,0.43369308,-0.2780649
0.16683225,0.8707469,0.20794275
-0.3324626,0.64740103,-0.5246209
-0.01234054,-0.07757551,-0.027242368
0.07929185,0.16816537,0.16378091
0.55873543,0.70541704,0.80718005
0.6394592,-0.5190075,1.0426323
-0.98058945,-0.03557614,-1.6488558
0.69838953,0.02181799,1.2881849
0.20354538,-0.05544636,0.40151832
-0.63283145,-0.40713906,-1.0752622
0.86799777,0.4759383,1.3590562
0.96483266,-0.33009136,1.5535254
-0.14003536,0.63872415,-0.22627427
-0.4783711,0.2615609,-0.87365365
0.3903217,0.7067421,0.58462495
-0.8113798,0.6543826,-1.1355944
0.29741642,0.99711263,0.31752366
-0.89766896,0.5651299,-1.3006823
0.4846491,0.5847406,0.75278336
-0.30143788,-0.07116981,-0.5790359
-0.4436199,0.3695165,-0.7928895
0.48861933,-0.33320513,0.89351326
-0.61063564,-0.04358918,-1.1414365
-0.62198037,-0.1383775,-1.1402984
0.29077178,0.28683043,0.5477922
0.946421,0.5503688,1.3643918
0.76425785,-0.5456642,1.1858999
-0.2551506,-0.8004883,-0.34489328
-0.22573419,-0.14451714,-0.4446556
0.86757106,0.14385822,1.4950101
-0.32431656,-0.29965082,-0.6128046
-0.9369071,0.0069473265,-1.6181816
0.46548286,-0.43017593,0.821262
0.7749989,0.88188493,0.8832139
0.08671411,0.5463529,0.15449281
0.35818085,0.14878,0.70139
0.58889985,-0.04949393,1.1187431
-0.42891285,0.68967515,-0.6531209
0.059325237,-0.8721511,0.07453549
-0.7046426,-0.11399673,-1.2914314
0.38839647,0.04828591,0.7604096
-0.7531325,-0.57117385,-1.1481627
0.55399126,-0.41938978,0.9595252
0.7095894,0.36020684,1.2243941
-0.7700641,-0.60300356,-1.1430384
0.52556175,-0.74374473,0.7439328
-0.47903708,-0.89092296,-0.57459354
0.60460055,0.2600952,1.0841846
0.64642125,-0.18951422,1.1860346
-0.56483555,0.49949756,-0.9361208
0.4824581,-0.09767807,0.92465526
-0.50562316,-0.07419444,-0.95491004
-0.67675877,-0.654713,-1.0036886
0.2733922,-0.50106937,0.4706985
0.6205095,-0.26457357,1.133553
0.8129723,0.41698498,1.3345429
-0.8154094,0.24616088,-1.3939372
-0.77717435,-0.578209,-1.1705416
0.6661508,-0.37890676,1.1471018
0.8437432,0.34854335,1.4051372
0.11933871,0.25776652,0.22625452
0.4287704,-0.93339866,0.49858093
0.92027277,-0.00549625,1.5918771
-0.8304528,0.25338462,-1.4315413
0.94186485,-0.60361046,1.3298233
0.44356602,-0.62086856,0.6779066
0.6254062,-0.3631001,1.0952504
-0.44914523,-0.7099417,-0.63907295
0.54589224,-0.18153718,1.0219072
0.69850725,0.13824338,1.2832773
-0.15151638,-0.9070004,-0.1766545
-0.44327784,-0.090266846,-0.8424991
-0.11325652,-0.20833224,-0.22820137
-0.56387943,0.09269636,-1.0563948
0.52186024,-0.419201,0.9125127
-0.5651402,0.4311511,-0.971645
-0.86439943,-0.8578395,-1.0020065
0.94788224,0.2517907,1.5758655
-0.77565974,0.027684089,-1.3937905
-0.9593947,0.30847302,-1.5714206
0.7417002,-0.6654713,1.0551816
-0.4082541,-0.8002571,-0.55744
0.17467576,-0.8798387,0.20403087
0.380324,-0.66896147,0.5785651
-0.1652177,-0.9117537,-0.19191216
0.26502058,-0.9773826,0.2931838
-0.39342254,-0.44432098,-0.68601257
0.88287187,0.45747152,1.3870524
-0.28688616,-0.024232967,-0.5766182
0.6349103,-0.3880767,1.1002542
-0.14445233,-0.9177894,-0.17265339
0.28628415,0.27947062,0.53023547
0.5881166,0.18218327,1.0982637
0.078679495,-0.39295405,0.14175244
0.25084642,0.36545423,0.46556893
-0.26215598,-0.76259273,-0.3637395
0.10630099,-0.08629593,0.1887888
-0.1762933,0.43940142,-0.29966033
0.6465854,-0.40047324,1.1035022
-0.13930789,-0.29254344,-0.27634272
0.67292905,0.74509466,0.92478967
-0.26553676,-0.51291656,-0.45376685
-0.15223368,0.9802151,-0.17255859
0.12629905,-0.13648556,0.2621924
0.13991407,-0.4014218,0.25113517
-0.7213326,-0.09626243,-1.3166244
-0.5210915,0.8177933,-0.6915378
-0.18785946,-0.73015606,-0.28093627
-0.4106491,-0.62782204,-0.63272756
-0.09154392,0.12425376,-0.17722775
-0.47741857,0.25505492,-0.8819986
-0.59737873,0.78744644,-0.7938711
0.043816004,0.4539612,0.07390731
0.9750106,-0.76115674,1.1957695
0.98617774,0.45891213,1.490077
0.101315804,0.9670015,0.10539523
0.58273804,-0.69763374,0.85214436
0.55366176,0.58529365,0.8726557
0.5663307,0.91608506,0.6456699
-0.08944982,0.80123204,-0.13020182
0.121298105,-0.8585845,0.16579007
-0.70312995,0.48398826,-1.1485887
-0.34923357,0.45693624,-0.6161587
0.4073301,0.16682272,0.7699303
-0.90836847,-0.70436907,-1.2076124
-0.56160367,-0.56478775,-0.9025208
-0.9403645,0.7346516,-1.2085953
-0.17594102,-0.15666726,-0.3387868
0.5069513,0.2515626,0.95722276
-0.46182227,-0.86664915,-0.57836974
0.8269506,-0.052340418,1.4752039
-0.45625034,0.3558641,-0.82137793
-0.026183018,0.14541888,-0.04161219
-0.66754323,0.23435196,-1.1839086
-0.6569811,0.5755311,-1.0414993
0.463098,-0.98058385,0.49686292
0.85469216,0.071721554,1.5156968
-0.3310635,0.042111877,-0.6584332
0.52184075,-0.46816704,0.8828566
0.57133764,0.04943774,1.0794379
-0.5064144,0.5919258,-0.8037186
-0.39116013,-0.17217396,-0.73583055
0.6823625,0.392244,1.1627452
0.35402384,0.48451886,0.61915517
0.91061145,0.37085077,1.4853754
0.1462534,-0.9145733,0.18262973
0.94253665,-0.28405875,1.5630816
-0.95145154,-0.5030619,-1.4275875
-0.7428407,0.8740503,-0.8678143
0.8119531,0.2612909,1.4246556
-0.8578046,-0.39160043,-1.3913119
0.6526263,0.49963713,1.0631453
-0.5646646,0.21681695,-1.0386899
-0.9371662,0.8086165,-1.121889
-0.40038797,0.70988005,-0.59094673
0.972052,-0.8568458,1.0686673
0.7616703,-0.96474093,0.7852513
-0.03537981,0.26260856,-0.06587535
0.15410556,0.7149788,0.24374677
-0.92153454,-0.7853079,-1.126533
-0.7339873,-0.7330262,-1.0107435
0.44843215,0.9720157,0.47615486
-0.98948085,-0.15786366,-1.6534197
-0.911468,-0.19604431,-1.5646791
-0.008010831,0.5100932,-0.03878807
-0.8238005,-0.05231571,-1.4773132
-0.2891143,0.15236214,-0.57467765
0.9247703,0.9177579,0.9633731
0.4222306,-0.19769706,0.80588025
0.6072604,0.6946304,0.8672172
-0.34573337,-0.014630342,-0.6792252
-0.7675568,-0.87805414,-0.8764458
0.8593404,0.2752803,1.4546391
-0.59936965,-0.04336281,-1.1216749
0.2517117,-0.079805605,0.48235092
-0.25913477,0.2518398,-0.49352282
0.05258674,-0.0761562,0.11196722
-0.5563147,-0.7808628,-0.7433385
-0.102859825,0.78022325,-0.15689416
-0.8169695,0.35131165,-1.3696532
0.5554898,-0.36942005,0.99068624
-0.39623356,-0.428593,-0.7075679
0.25874636,-0.68603414,0.3796286
0.7073455,-0.13446218,1.3031727
0.11610852,0.7678421,0.17286661
0.122699544,0.29401752,0.2233927
-0.22107011,-0.5084735,-0.37124673
-0.75509363,0.2989373,-1.3023192
0.58704275,-0.08865541,1.1156595
-0.8167998,0.1265649,-1.4552535
-0.20153044,0.9035082,-0.2588745
0.24358666,-0.31356826,0.46676642
-0.8955676,0.95246583,-0.9079486
-0.9305848,-0.17670618,-1.5768081
0.18661942,0.6473849,0.29667777
-0.41917813,0.22241962,-0.7833302
-0.5671237,-0.048858635,-1.0614833
-0.71324456,0.32655686,-1.2445143
-0.19787404,0.47141892,-0.35086054
0.25524512,0.9057526,0.31330454
-0.12166324,-0.9043517,-0.15068083
0.30626574,0.41427433,0.5444846
0.2680323,-0.60978556,0.42972487
-0.8571273,-0.46362296,-1.3589985
0.9190226,0.6018671,1.3052601
-0.9670505,-0.005685065,-1.6458328
0.026287025,-0.18371473,0.04052291
-0.8404347,-0.14078125,-1.4741508
-0.69100195,0.7371933,-0.94773555
-0.81032765,0.9308924,-0.8631532
-0.13979574,0.43068847,-0.26203272
-0.90855175,-0.30004346,-1.5074252
0.111834005,-0.8495952,0.14621809
0.9736807,0.08662587,1.6671835
0.7662562,-0.9382489,0.7927001
0.82974,-0.49669427,1.2963935
0.0006833334,0.59246355,0.0017911702
0.10954187,0.19332387,0.2122883
-0.090086326,0.80563766,-0.13271455
-0.5445486,-0.6501432,-0.81922656
0.047677863,-0.7681144,0.08621906
-0.66499984,-0.9757476,-0.6885486
-0.86813116,-0.5987825,-1.2638354
-0.45162946,0.10560882,-0.8761785
0.14592077,-0.840363,0.19797406
-0.09229705,0.81392294,-0.13080879
-0.94009185,-0.23950441,-1.5574619
-0.8505343,0.4162441,-1.3582937
0.38687438,-0.93648,0.45956853
0.62951934,-0.07439774,1.1643196
0.8565981,-0.32401428,1.4357947
0.27806222,-0.91717154,0.3371913
-0.3923585,-0.6937799,-0.5816436
0.65554285,-0.012302558,1.2115163
0.9011873,0.9363706,0.9313651
-0.3684208,0.67901635,-0.5520467
-0.17994295,0.7865986,-0.25839734
0.2278125,-0.50454366,0.40514538
0.14331624,0.45380104,0.24193321
-0.09779223,-0.59389967,-0.15795757
0.9020047,0.3612847,1.4588397
-0.09455588,0.10814342,-0.19281782
0.8565121,-0.63746065,1.2167436
0.33185285,-0.086270966,0.6581618
-0.6995016,0.48363352,-1.1523049
0.5182994,0.5620367,0.83694786
0.84600586,0.08272976,1.4765521
-0.011565428,0.718411,-0.028019913
-0.8973218,0.106693834,-1.5442617
-0.80119836,-0.37056994,-1.3610591
0.8029327,-0.73968375,1.0647553
0.020334898,-0.6997641,0.036748722
-0.7529339,-0.12788221,-1.3410496
-0.24532484,0.19556421,-0.47971722
-0.89252996,0.046967663,-1.5515958
0.62570864,0.54298174,0.9943074
0.15313762,-0.8968103,0.18733823
0.81106025,-0.49058864,1.265803
-0.86801535,-0.52536255,-1.3203781
-0.09677918,-0.7584647,-0.14412099
-0.18836752,-0.9363868,-0.20746118
-0.7743355,0.41390038,-1.2829725
-0.98483497,-0.5287542,-1.4331185
0.6711667,0.30041623,1.1789435
-0.3874533,-0.67064655,-0.5831298
0.5531068,0.44715577,0.9323104
0.8403335,-0.5900817,1.2439288
-0.7968748,0.87916344,-0.9023024
0.0029887583,-0.080843404,-0.008375572
-0.6831907,-0.8833864,-0.8065314
-0.7418778,-0.44313258,-1.2349004
0.6486037,0.21668242,1.1870946
-0.20025018,-0.5807289,-0.34629622
0.5708503,0.76880056,0.78511673
0.5539391,0.5551748,0.8989294
0.27733532,-0.11248505,0.5465391
0.8976784,-0.7356728,1.1513755
0.3541008,0.084060684,0.68033516
-0.35680547,0.45640677,-0.6103403
-0.6061519,0.06898033,-1.1471392
-0.13506083,-0.09549588,-0.26863483
0.41239646,-0.930805,0.488361
0.09311003,-0.02815041,0.17683966
-0.94651985,0.9019819,-1.0183662
0.5147599,0.78093135,0.7119464
0.13941227,0.15730806,0.27544937
0.8983034,-0.5630059,1.3247167
0.105537206,-0.68640393,0.16375467
0.7099258,0.608067,1.0646776
-0.3444704,0.4841413,-0.5875186
0.6515995,-0.19289127,1.1929829
-0.7444749,-0.79451615,-0.95135546
0.46825,-0.9036465,0.54646254
0.15915614,0.5050467,0.27809408
-0.057584755,0.77578366,-0.07772252
0.9849458,0.5516453,1.4132863
0.42330638,0.16953866,0.7878198
0.24969813,0.47836024,0.4355335
-0.120662354,0.78576225,-0.15351146
0.91825527,-0.012574158,1.5876316
0.15768203,-0.3867807,0.28961784
-0.7551037,0.36398524,-1.2623032
-0.47429222,0.5407591,-0.78836995
0.18465406,0.6895401,0.29330277
0.06873136,0.852505,0.09112109
0.3952028,0.20293036,0.75757104
-0.94136965,0.16885732,-1.5911204
0.33189836,0.051211763,0.64281076
0.30797586,-0.3090905,0.5856184
0.61883444,-0.9809987,0.6497389
-0.19927973,-0.716572,-0.30701414
0.019602995,0.068910636,0.022355495
-0.14130707,0.33295986,-0.26710907
0.008223707,0.8647114,0.012762819
-0.014513422,0.07331778,-0.031423543
0.20990413,0.9822196,0.22858533
0.9038831,0.8561981,1.0294696
0.8363474,-0.9832558,0.83081615
-0.4238564,-0.83736414,-0.5558875
-0.573668,0.19076948,-1.0731665
-0.6639236,-0.09088482,-1.2202655
-0.5284565,0.5542739,-0.8672369
0.63762504,0.8037455,0.80758554
-0.7589745,-0.40720573,-1.2617117
0.8762488,0.78746283,1.0979134
0.92438924,-0.46492958,1.3964173
-0.15353936,0.7759819,-0.22624275
0.60019475,0.95089114,0.6613413
-0.18946171,0.18458538,-0.36102542
0.1370234,-0.14170861,0.2625658
-0.6902993,-0.31478718,-1.2168137
-0.16074821,0.46013325,-0.27847868
0.33753875,-0.24094453,0.65003645
0.038974013,-0.81440604,0.03151203
0.5489174,-0.04602104,1.0443116
0.6015453,0.1214751,1.132328
-0.935701,-0.31824398,-1.5347787
-0.6095278,-0.24923046,-1.1128092
0.41288558,0.6528294,0.6428983
0.71109885,-0.12315044,1.2830508
-0.043199632,0.9147483,-0.04067123
0.24698053,0.7842778,0.341808
-0.4780157,0.5329,-0.7954635
-0.49052903,0.06063466,-0.9382443
-0.7069523,0.11403033,-1.2788633
0.61747324,0.09691099,1.1664541
0.054516386,-0.08534833,0.114837
0.80344844,-0.79578424,1.0172774
0.88504547,0.2596728,1.4930309
0.32287633,-0.06310935,0.61386687
0.22847797,0.2127963,0.45278984
-0.99569786,0.015099129,-1.6817986
-0.96645814,0.18640603,-1.6140462
-0.22804269,0.18608554,-0.44932476
-0.122041926,-0.6091465,-0.21280476
0.55048007,-0.027026659,1.0288281
0.6928786,0.54505455,1.0979362
0.015900422,-0.4428244,0.025059516
-0.11825355,-0.83220273,-0.1696285
-0.011862994,0.39111465,-0.019928075
-0.40684816,0.4977155,-0.6793431
0.5910147,0.07410356,1.1123497
-0.5108378,0.16379817,-0.9564439
-0.14674939,-0.39937615,-0.2895888
-0.20892186,-0.6565824,-0.32433847
-0.40996498,-0.26960215,-0.7758068
-0.7838128,0.9803175,-0.7939704
0.83687633,-0.636501,1.1822426
0.97254395,0.086405426,1.6523503
-0.2841227,0.5594714,-0.47569326
-0.20485112,0.088819414,-0.39391252
-0.3386404,0.24991357,-0.63819516
0.8383962,0.697813,1.1562065
-0.9641876,-0.6621004,-1.2999183
-0.35928968,-0.7573581,-0.51754904
-0.9947761,-0.5029854,-1.4659309
0.7425633,0.77396846,0.9895541
0.91159934,0.36819583,1.44862
-0.13084635,-0.5712877,-0.22828498
0.18630332,0.56179696,0.31305054
-0.12916937,-0.06869005,-0.24870123
-0.517632,0.4780036,-0.87669396
-0.6632013,0.7319231,-0.9035524
0.46157908,0.573248,0.7491957
-0.26037723,0.09474357,-0.5177735
0.24664032,0.8272562,0.34386432
0.7078012,-0.26523843,1.2610633
0.2968259,-0.39853388,0.54313594
0.98782134,-0.037481587,1.6626526
0.49399626,-0.49408156,0.845924
-0.15697016,0.43097147,-0.30219927
0.7448055,0.5261946,1.1646876
-0.6504269,-0.8958258,-0.76925206
0.1119469,-0.39381465,0.18655854
0.7797161,0.7505097,1.01039
0.012314501,0.14076495,0.022337144
-0.53298354,-0.34144875,-0.9653638
-0.781186,0.010801346,-1.4145796
0.84787303,-0.5314533,1.3014839
-0.67931813,-0.48475686,-1.1253448
-0.48831004,-0.69853294,-0.7111407
-0.41959092,-0.37418795,-0.76465863
0.6690466,0.8149309,0.8299061
-0.70620453,-0.585513,-1.075153
-0.55708385,-0.055426687,-1.0548244
0.99913365,-0.7942419,1.1722451
0.5561823,0.009629395,1.0516615
0.56925267,-0.8982911,0.6819675
-0.95547324,-0.46028727,-1.4483731
-0.61988354,0.8671634,-0.753992
-0.39512494,0.57917285,-0.6566998
0.49782747,-0.6772,0.7351132
0.18456452,0.15934221,0.36826915
-0.6537084,0.1404372,-1.2095478
-0.25164708,0.28363213,-0.45951602
0.676298,0.5819894,1.0380515
-0.087053984,-0.737371,-0.12088251
-0.84461117,-0.06312151,-1.4994197
0.10397021,-0.002427231,0.22132991
0.45026726,-0.97125083,0.49328873
-0.9251997,0.68144023,-1.2538316
0.6367795,0.45674852,1.0684847
0.40260962,-0.03696351,0.7839139
0.61847275,0.79171014,0.81183994
0.9030827,-0.53203624,1.3725508
-0.49502897,-0.28836262,-0.8880609
-0.09670608,-0.86604536,-0.12282609
-0.62069595,-0.5125128,-1.0076884
-0.2969091,-0.6653264,-0.4665287
0.71859396,-0.043864645,1.2985524
0.99939466,-0.5854889,1.4022894
0.50052506,-0.18090983,0.9470986
-0.24744584,-0.8501158,-0.3198113
0.7530176,0.097114004,1.3738291
0.9706481,0.1725664,1.6218388
0.94650847,-0.84088165,1.0837716
0.28607914,0.6875491,0.4505025
-0.7960453,-0.37362573,-1.3283627
0.7261388,0.087433815,1.3165307
-0.6338437,-0.9919988,-0.65032434
0.84838843,0.13483118,1.4818699
0.81535125,-0.46736053,1.2967484
0.5222045,0.76293373,0.70899343
0.7387129,-0.4119236,1.2329669
0.5879653,0.0519047,1.1073185
-0.742316,0.95715755,-0.76912355
0.37162367,0.70111,0.5515339
0.61209553,0.5087816,1.0068817
-0.46441096,0.911332,-0.55590886
0.26748252,0.3144118,0.4996497
-0.08390804,0.13937202,-0.1684314
0.039846987,-0.07686762,0.08559719
-0.5089029,0.36041567,-0.92968625
0.9162202,0.52293134,1.3591026
0.54724866,0.6568349,0.84089845
0.8817067,-0.2290106,1.5129105
-0.03649959,-0.89931226,-0.052768115
0.7757336,0.3311275,1.3337833
0.4170807,0.77708215,0.5735772
0.6446883,-0.8763999,0.78958005
0.8830976,-0.93404084,0.90114254
-0.45893484,-0.7255674,-0.6833212
0.15691124,-0.5166355,0.27062553
-0.46778038,0.4896644,-0.778607
-0.017603485,0.8581211,-0.014279938
-0.8323941,0.4663295,-1.3133649
-0.30917817,0.072574414,-0.59580326
0.09594289,0.3943199,0.17236423
-0.49282447,0.5265979,-0.82181185
-0.944916,0.8000887,-1.1100506
0.4702997,-0.6544983,0.72671205
0.031993896,-0.54400724,0.05723354
-0.4792427,-0.74741846,-0.67718494
0.45106113,-0.7848346,0.6044552
0.826605,0.6549759,1.1639396
0.53892374,0.32556266,0.97330344
-0.21127872,-0.45276222,-0.37301168
0.5818993,-0.13979924,1.1059849
0.6981311,-0.6506274,1.0175015
-0.6637964,-0.60336435,-1.0027089
0.10188115,0.4023874,0.18742257
-0.35589445,-0.68467927,-0.5228418
-0.70605385,0.07936193,-1.2737077
0.9554424,-0.25951913,1.5723653
0.28805405,-0.50861967,0.488453
-0.5310642,0.6047839,-0.84193355
-0.30838943,0.2681645,-0.59056807
0.1208399,-0.24863818,0.24438679
-0.50923777,-0.9954366,-0.51871663
-0.049276017,0.25406793,-0.09894661
-0.046170518,-0.03626663,-0.08635267
0.48431808,0.50541216,0.80826443
-0.028795004,0.19273381,-0.040005468
0.11226958,0.31448355,0.2128747
-0.89885294,-0.58587873,-1.3126783
0.70179236,0.35147727,1.2094975
-0.6120612,-0.27583706,-1.1279182
0.016874727,-0.56179565,0.028523847
-0.93595994,-0.7059759,-1.2092259
0.47822282,-0.33838356,0.8725678
-0.7582594,0.39115906,-1.2832595
0.7628997,0.69934684,1.0615366
-0.45833367,0.7863757,-0.64173377
0.36901754,-0.60178626,0.5873076
0.5622201,0.71284914,0.8097132
0.12934554,0.77370274,0.18440294
-0.30117115,-0.13501956,-0.594464
-0.2302557,0.2977202,-0.43059394
0.8542773,-0.78563744,1.0669581
-0.4672446,-0.8317818,-0.6203388
-0.20923863,-0.961864,-0.2502728
-0.56569165,-0.41730738,-0.9949489
-0.6293635,-0.71769965,-0.87071145
-0.7698098,-0.7963107,-0.9866984
-0.18814765,-0.616639,-0.2940028
0.9002756,0.051373206,1.5536804
0.33923468,0.5555726,0.54780895
0.37334156,0.4468174,0.6506122
0.05789791,0.6888401,0.09396336
0.3826986,0.54302144,0.66182566
0.6607549,-0.9170563,0.75022763
0.21924223,0.74661165,0.3226701
0.3455369,-0.933821,0.4137187
0.8020672,0.8894905,0.9065415
-0.7219645,0.068708524,-1.3217247
0.15639566,-0.7726278,0.23150982
0.13032012,-0.94965696,0.15943284
0.5122688,-0.7692405,0.70185983
0.9404262,-0.86524844,1.0412859
0.17010836,-0.73423094,0.24691318
-0.62840784,0.7375023,-0.86900824
-0.4571247,0.73641044,-0.6686372
-0.3182467,-0.91609514,-0.38076207
-0.7843263,0.09461793,-1.3877959
0.66814166,0.4115741,1.1331683
0.2649029,-0.29338112,0.49587572
-0.41177487,-0.6033141,-0.6591911
-0.023885762,-0.24626128,-0.037575822
0.10205711,0.34143004,0.19232008
0.8872917,0.93477046,0.9364276
0.9921827,0.2914786,1.6082392
0.07994359,-0.2615138,0.16589472
-0.18283428,0.5844347,-0.30410653
-0.17735557,0.46006742,-0.30978987
0.11753212,-0.41110304,0.23697446
0.74852645,0.9170697,0.8300225
-0.6995679,-0.038292293,-1.293816
-0.27634424,-0.54773045,-0.47349846
0.2378045,0.22671728,0.45747298
0.045160387,0.045661192,0.088333815
-0.10242075,0.71309435,-0.14662583
0.2975054,-0.3735117,0.5495642
0.84570926,-0.8412375,1.0022424
-0.41213104,0.23477596,-0.78444546
0.49460644,0.9700901,0.5253279
-0.5369458,0.022740746,-1.0205419
-0.14532144,0.19934209,-0.293065
-0.9126004,-0.7921297,-1.103863
0.7166352,0.09635749,1.3102472
0.88363963,0.763892,1.1093599
0.82410854,-0.61772895,1.1882644
0.30538458,-0.2907574,0.5902604
-0.738666,-0.17944582,-1.3369257
0.3149249,-0.43585292,0.5594776
-0.82124466,-0.66214603,-1.1523712
-0.15476482,0.9667516,-0.16254538
-0.6953837,-0.1098856,-1.2676446
-0.43839198,0.043423384,-0.8438088
0.24716572,0.07111967,0.4750813
0.90924054,-0.6693235,1.2389147
0.5598073,0.28681555,1.0174202
-0.3653044,-0.16271241,-0.68431586
-0.445661,0.7312959,-0.6281057
0.72859,-0.87837,0.85334027
0.4324888,-0.17225821,0.8187543
0.6954019,0.8014997,0.88598335
-0.39703748,-0.93641406,-0.46625182
0.5632956,0.16369705,1.0593759
-0.55248207,-0.124043934,-1.0482109
0.69547075,0.19928741,1.2483516
0.0050116437,-0.5441902,0.012628324
0.6185623,0.8442183,0.7690365
-0.9432226,-0.48393285,-1.4319757
0.30210412,-0.91690415,0.35760033
-0.52435195,-0.9729112,-0.56011784
-0.18972093,-0.8486037,-0.24134476
0.22976904,-0.93118757,0.27412227
-0.70117074,-0.055968314,-1.2696915
0.4170767,0.7204648,0.5986675
0.6258824,-0.5358412,1.0164642
0.046604387,0.55831254,0.08359229
-0.70954645,-0.38264787,-1.2123104
0.047705486,-0.1330193,0.09824303
0.89778495,-0.8013449,1.0877644
-0.8428883,-0.14144881,-1.4787883
0.9321784,0.6138334,1.3080646
0.2706828,0.57061404,0.46824217
-0.7327054,0.36190116,-1.2529207
0.07012823,-0.24652746,0.13022292
0.98999417,0.30234465,1.5901538
-0.5291668,-0.45079756,-0.90690804
-0.5536177,0.16115661,-1.0266856
-0.9606596,0.7545359,-1.1971523
0.10634654,-0.5971636,0.16554795
0.39594233,0.47843775,0.69204116
-0.6258173,0.9313292,-0.6987264
-0.23322718,-0.7266299,-0.34431928
-0.41181177,0.052715838,-0.79822797
0.52377397,-0.5031227,0.8824412
-0.71203935,-0.11756918,-1.2919685
-0.5842617,-0.729002,-0.8238044
-0.30272287,0.46854845,-0.54034716
-0.33590963,0.8659237,-0.444758
-0.5761917,0.44320616,-0.9811091
-0.52394974,-0.22238228,-0.9690647
0.30549034,0.26144356,0.5771272
0.6588913,0.9032944,0.7711309
0.5918342,0.19462627,1.1042837
-0.45590097,-0.47384208,-0.78532237
0.03816822,-0.447668,0.09296516
-0.6253128,0.3745947,-1.0952624
0.95996374,0.019398918,1.6351075
0.77016556,-0.50376564,1.2332578
0.34728402,0.019935215,0.6770736
-0.39443272,-0.29761767,-0.74053365
-0.24748643,0.21516074,-0.49441415
0.9074437,-0.05690698,1.5698066
0.15717424,-0.12445708,0.2925472
-0.28422505,0.21149835,-0.53664047
0.5773339,0.021057565,1.0704525
-0.8195214,-0.82298213,-1.0018768
-0.65466356,-0.9600999,-0.6940137
0.729297,-0.7372865,0.982825
0.9673583,0.64050883,1.3190876
0.10070303,0.48924598,0.17349668
-0.26477906,-0.047688592,-0.5440501
0.95929873,-0.2743271,1.574576
-0.48762116,-0.5670052,-0.788944
-0.68207985,-0.79327494,-0.87981486
0.37589622,-0.8320681,0.49975643
0.33739847,-0.053257316,0.6726887
-0.65075564,0.7287743,-0.8969917
-0.14719339,-0.0054999874,-0.27965423
-0.22481185,0.90677273,-0.28106767
-0.9852541,-0.65312386,-1.3186533
-0.79484904,0.93654513,-0.8527605
-0.8207212,-0.2398628,-1.4285744
-0.38190955,0.81834435,-0.5227537
0.49313515,-0.5045838,0.8495136
0.13275965,-0.2339181,0.24944015
0.4106171,0.7934256,0.56338537
0.25198448,-0.29154077,0.46715063
0.09005501,0.6212709,0.15578705
-0.7084743,0.7891034,-0.9147115
-0.91543376,-0.30306393,-1.5286994
0.58723396,-0.48094928,0.9881449
-0.08630138,0.6442449,-0.145449
0.3844551,0.7848694,0.520704
-0.20994131,-0.01198998,-0.4051942
0.87624884,0.22231105,1.4923166
0.90721744,-0.13522884,1.5601264
0.5424213,0.7949319,0.72562253
0.32349253,-0.90532416,0.40075988
0.79490197,-0.99472934,0.78740084
-0.42735818,0.037161455,-0.8356185
-0.6356086,-0.5944225,-0.983546
-0.9726254,0.089818165,-1.6630071
0.9419936,0.38662148,1.4997786
-0.63335305,0.06361125,-1.1668472
-0.09951322,-0.50099784,-0.17266695
-0.24540785,-0.78142923,-0.33555108
0.5368043,-0.027653312,1.0304748
-0.15132785,-0.32463318,-0.27545846
0.86612666,-0.7720134,1.089835
-0.5767053,0.054011013,-1.0865346
0.94175994,0.9675294,0.9091878
0.2514456,-0.2799215,0.48551974
-0.98686635,-0.4744131,-1.4791981
0.01166969,0.7012629,0.019300705
-0.9388535,0.5433813,-1.3888869
-0.6196329,0.75514275,-0.8275114
-0.45013615,0.61618596,-0.7129921
0.2981945,0.82096577,0.4073711
-0.55967486,-0.7890518,-0.7638064
-0.9068045,0.166743,-1.5490253
-0.46952313,-0.89940673,-0.5641342
-0.59554243,-0.9759825,-0.6298362
0.22508,-0.5526988,0.3690665
0.72858506,0.62380624,1.0850251
-0.30176014,-0.06538566,-0.5911464
-0.5807645,-0.41911882,-0.9963754
-0.028844075,-0.7970417,-0.042209078
-0.17295696,0.1631899,-0.3605056
-0.33575037,0.5774657,-0.5604044
0.29430035,0.34836784,0.5439388
0.73378795,-0.7213662,1.0155605
-0.3979172,-0.8601203,-0.4996788
-0.7581399,0.30139542,-1.2958016
0.6164309,0.25201464,1.1349651
-0.37094793,0.7304218,-0.54299605
0.83352953,-0.7268809,1.1027445
0.16130866,-0.6824509,0.23412073
-0.7384538,0.27901825,-1.2942587
0.14446771,-0.6496436,0.23370345
-0.63360316,0.55891067,-1.0074148
-0.66677874,0.1089128,-1.2266912
0.9454266,-0.56443554,1.3610793
0.44380355,0.36695158,0.8061151
0.24635088,0.59317315,0.3889036
0.07402485,0.35984513,0.14075345
0.058919966,0.28933853,0.10343441
-0.64885265,-0.4936648,-1.0825952
0.06892321,0.19971673,0.12808537
-0.77021253,-0.88667274,-0.87057877
0.70728457,-0.71092695,0.982417
0.8148387,0.5337425,1.2672824
0.6912707,-0.52899045,1.113708
0.16872619,0.5209433,0.29336408
-0.7358414,0.6086005,-1.1202694
0.6154904,0.657423,0.92307085
0.48757717,-0.003044177,0.9322268
-0.54026663,0.24584113,-0.99670047
0.5326406,0.29397553,0.9840524
-0.6428126,-0.7587098,-0.84941876
-0.40790462,-0.82214475,-0.5519658
0.71952355,-0.40170598,1.2049519
-0.64149535,-0.6265139,-0.97186786
-0.1284059,-0.13101493,-0.25225496
0.5299808,-0.9473936,0.5918667
0.8271261,0.38740364,1.3752137
0.6691736,0.32793868,1.1663254
0.47583115,-0.45069835,0.8192849
-0.8073077,-0.18388705,-1.4025474
-0.511026,0.41652158,-0.8834791
-0.80848306,0.78705126,-1.0188057
0.3930536,-0.8484077,0.4952707
-0.85423136,-0.2884059,-1.437734
0.48594832,0.7302814,0.6706553
-0.10384596,-0.16637202,-0.21526593
0.7531663,-0.3327624,1.2939596
0.9622675,0.58240503,1.3722447
0.40183434,0.5614757,0.6557357
-0.24434221,0.5396505,-0.41724673
-0.185796,-0.39780152,-0.35256103
0.80491567,0.9453958,0.8370228
-0.62141556,-0.95051926,-0.6790407
0.1758057,0.9602108,0.20193255
0.2791376,-0.75821155,0.39036188
0.97651374,-0.08492393,1.6431339
0.60093385,0.53290933,0.96370876
-0.3805006,-0.02961328,-0.74969214
0.05678471,0.24424963,0.10417789
-0.84243095,-0.4646171,-1.3444256
-0.942406,-0.59782034,-1.358188
-0.20484246,-0.27973592,-0.39661938
-0.59124494,0.68340254,-0.86591035
-0.94238573,0.50113,-1.4267707
-0.6138199,-0.12028781,-1.1423156
-0.6821563,0.51635104,-1.0981137
0.50008756,-0.13831131,0.9592011
-0.49755737,-0.22462697,-0.9173903
0.28692377,-0.669614,0.43807247
0.7576082,0.76423454,0.97627413
0.54545873,-0.836396,0.69452536
-0.918874,0.34766063,-1.4840188
0.2527141,-0.38151205,0.47746447
0.65411407,0.8725657,0.7742917
-0.67864764,0.1036718,-1.2677451
0.06614294,0.44208258,0.11769099
0.7852673,0.9422303,0.8427116
-0.843601,-0.17834547,-1.467753
0.5969649,-0.6802771,0.8709079
0.68842864,0.7982028,0.8829081
-0.7719824,-0.95628434,-0.7955394
0.82956153,-0.40855363,1.3414146
-0.8902989,0.2628241,-1.5100455
-0.20241643,0.26625326,-0.38467905
0.669537,0.6424185,0.9801544
0.6602244,0.6324761,1.0023446
-0.09964024,0.81091213,-0.1407159
-0.46642354,-0.361857,-0.8377393
0.6613173,0.54046977,1.0478184
-0.15940776,0.46558502,-0.27488202
0.4098669,-0.7416614,0.58792424
-0.88634247,-0.8306367,-1.0285764
-0.09757305,-0.35414067,-0.17924553
0.13372855,-0.6269825,0.23103325
-0.6467293,-0.5763483,-1.0309042
-0.12540303,-0.90585923,-0.11828881
0.6688615,0.052126884,1.2223194
-0.67721266,-0.4013304,-1.1471294
-0.763267,0.029096995,-1.3728179
0.3985641,0.059504185,0.7847951
0.22377884,-0.3537356,0.40586773
0.4540293,0.62844473,0.70207953
0.7400584,0.41599455,1.2302736
0.7023932,0.5556167,1.1046005
-0.89903504,-0.44549164,-1.4019978
-0.18003903,0.6159423,-0.29589313
0.053953607,0.2248817,0.1107475
-0.708079,-0.27661029,-1.2527492
0.51111084,0.38771135,0.8998684
0.4235464,-0.5244085,0.7236908
-0.6606091,0.847143,-0.81835705
-0.81427085,0.28387043,-1.3920795
-0.20420937,0.65930146,-0.31004113
0.08014981,-0.36185536,0.1636963
-0.9722862,0.07544193,-1.6610569
0.830669,0.114743926,1.4747572
-0.94055045,-0.7312817,-1.2074631
-0.99423397,0.5064525,-1.468589
-0.43550876,0.034932025,-0.8553353
0.5368733,0.26361415,1.0065726
0.03560519,-0.5003384,0.05713178
-0.42808005,0.64737546,-0.6699818
-0.9023734,0.94926745,-0.9216603
-0.09519785,0.074522346,-0.19897859
-0.72273856,-0.6895337,-1.0177819
-0.2516811,-0.08369087,-0.4938146
0.92356825,-0.19425502,1.5662342
0.6592925,0.78378665,0.86637425
0.27250856,0.91736126,0.33091882
-0.6136827,-0.11456801,-1.145625
0.92340165,-0.10645888,1.586218
0.8451949,0.7194049,1.126325
-0.046889763,0.33605328,-0.108230665
-0.100895934,-0.030594554,-0.20650162
0.19864428,-0.05777963,0.385394
0.7086157,-0.33371022,1.2484716
-0.60900843,-0.042017344,-1.147247
0.63358504,0.8630092,0.7619812
0.2500745,-0.4791182,0.43219814
-0.53384984,0.37311485,-0.95563793
-0.16505004,0.03032806,-0.32262948
0.96074665,-0.29179877,1.5863049
0.93776715,-0.5968592,1.3321465
0.89104915,-0.1700234,1.5423409
-0.4884985,0.9668238,-0.5400821
0.15043478,-0.27150017,0.27717668
-0.60829604,-0.10021697,-1.1220465
0.9690983,-0.44726166,1.4789912
-0.3176768,-0.65460765,-0.49867472
0.06203948,0.39877898,0.11179249
0.41579524,-0.6654443,0.6327183
0.3078665,0.7151969,0.46728265
-0.45885113,-0.4196243,-0.8098461
0.05911579,-0.23350874,0.11907702
-0.8507478,-0.986677,-0.8193474
-0.71078306,-0.26054743,-1.2579625
-0.52238303,0.64890754,-0.78089046
0.101045325,-0.39339954,0.18440017
-0.33152655,-0.54820913,-0.5679883
0.9698632,-0.32204276,1.5660032
-0.3877443,-0.88690037,-0.47146255
-0.15584818,-0.31249487,-0.28155515
0.09741727,-0.8558235,0.09881064
-0.7887095,-0.2499472,-1.3735186
0.018379766,0.19257708,0.034136586
0.21572581,-0.2424084,0.4114033
0.26795107,0.37506425,0.49120846
0.9373601,0.15286951,1.5825328
-0.14968242,-0.93022466,-0.17724049
0.9741666,0.83262783,1.107083
0.88835734,-0.2261698,1.4909258
-0.41345304,-0.04536214,-0.80409205
-0.62232584,0.18631016,-1.1480217
-0.63552856,0.12094192,-1.1825287
0.4049603,0.31290042,0.7475772
0.7777246,-0.2818929,1.3369887
0.0889802,0.24070677,0.18466176
-0.844378,-0.37151244,-1.4083636
0.36708274,0.74465644,0.5163452
-0.89883435,0.92934316,-0.94052136
-0.6775356,0.05398201,-1.2530665
-0.6942647,0.7126045,-0.9960213
-0.51623553,0.8451397,-0.65405756
0.12730788,0.34057418,0.26152512
-0.78229475,-0.36522186,-1.3184037
-0.0011958828,0.0493733,-0.011799631
-0.4463827,-0.22599874,-0.812194
-0.29591355,-0.4500069,-0.52860004
-0.31902307,-0.7813097,-0.45386276
0.2808822,0.630213,0.45968825
-0.29254225,0.7086688,-0.4498882
0.7986027,-0.020167304,1.4381719
-0.2022076,0.74242675,-0.3046821
-0.14731719,0.25257784,-0.2771454
-0.6050385,-0.947418,-0.6833697
-0.14885929,0.4798772,-0.2721011
-0.66603637,-0.895737,-0.7645539
0.5569709,0.8566665,0.70590216
-0.46025914,-0.43390325,-0.80107737
-0.5619769,0.92060953,-0.6345753
0.7061516,-0.28839973,1.2308987
0.27079043,0.554546,0.45892718
-0.54693335,-0.6914822,-0.791551
0.19714193,-0.040187255,0.3968971
-0.89726126,-0.8833439,-0.99120337
-0.2500287,0.9876103,-0.28112838
-0.9129382,-0.9694655,-0.87549573
0.7280572,0.60614437,1.0899687
-0.83164835,0.4715089,-1.3233911
0.8798402,-0.31711388,1.4570577
0.05219401,0.74888265,0.07763396
-0.25411457,-0.24692537,-0.49160457
0.97670156,-0.92422414,1.0079865
-0.9986445,-0.64470667,-1.3560145
0.60163695,0.7227804,0.86900985
-0.23281945,-0.5880984,-0.363306
-0.8745999,0.86045593,-0.9892566
0.76862335,-0.8679761,0.8894321
0.43006298,0.8740933,0.53751063
0.17687728,0.3128959,0.3411997
0.3398691,-0.31143442,0.6423137
-0.2230336,-0.26495752,-0.44492584
-0.36148164,-0.4053284,-0.65426606
0.39964482,0.771286,0.5473084
0.38305104,0.0018515053,0.75767106
0.112118594,-0.16208346,0.2245537
0.0033406531,0.32636496,0.011070741
0.68536365,-0.7799031,0.87849957
-0.6196684,0.11080026,-1.1621444
0.9537731,-0.97972864,0.9114313
0.6166664,-0.43318868,1.054984
-0.8229219,0.90935737,-0.90045774
-0.4999348,-0.82872915,-0.64923704
-0.40631613,0.5093585,-0.6867673
-0.61849636,-0.503117,-1.016398
-0.9172183,-0.9686334,-0.8931756
-0.8341637,-0.35852793,-1.3659755
-0.043777335,0.5385901,-0.060832962
-0.9555006,-0.047248118,-1.6308337
0.066696845,-0.014957541,0.13534053
0.3474261,-0.36742747,0.62792885
-0.550992,-0.18413423,-1.0280722
-0.24503417,0.92165154,-0.28496167
0.6343803,0.16215688,1.1722367
-0.47275952,-0.36496738,-0.8397065
0.8215691,-0.5371689,1.2488831
0.74984634,0.49610162,1.1995875
0.5597852,0.081318185,1.0705538
0.037523247,-0.6495382,0.06915117
-0.9393844,0.72979933,-1.2015324
0.29442957,-0.18530016,0.5654444
0.62250906,-0.9130246,0.71405774
-0.05290059,-0.25943008,-0.112043224
-0.18384705,-0.5673668,-0.31765184
-0.36661747,-0.5015836,-0.61945516
-0.9994983,0.5416009,-1.4339093
0.20883085,0.5250106,0.35432276
0.61710274,0.3949008,1.0764242
0.4837038,0.87402695,0.5995254
0.7275437,-0.4679326,1.1927418
-0.98614466,-0.54822874,-1.4160755
-0.90691274,-0.61998576,-1.2810941
0.39993,-0.9795904,0.42842552
-0.20838916,-0.18852489,-0.39308637
-0.9593729,0.4258152,-1.4997656
0.27254796,0.30700913,0.50167185
-0.096237816,-0.61613744,-0.16751148
-0.3997693,-0.24266937,-0.75378346
0.92424333,0.11376928,1.5778823
-0.2115544,0.68470496,-0.31607306
0.71751004,-0.73072666,0.9750105
0.74248,0.22230063,1.312292
-0.9691445,-0.20937821,-1.6027087
0.005149467,-0.81810194,0.025260372
0.4023477,0.94719225,0.46000397
0.3052108,-0.6907534,0.46842697
-0.7736806,-0.662157,-1.1092561
0.46127623,-0.18110569,0.87069994
0.615333,-0.19662592,1.1393509
0.54340374,-0.93487406,0.6294638
-0.80716974,-0.085835755,-1.4379137
-0.73274964,-0.263436,-1.2863145
-0.08930034,-0.0052091093,-0.20421295
-0.2885554,0.07502688,-0.55912596
-0.05623817,-0.9626697,-0.05859305
-0.8620648,-0.40455636,-1.4092491
0.4490262,-0.91137534,0.5189145
-0.38191402,-0.19099069,-0.7257969
-0.9470611,-0.1287892,-1.6087884
0.33026418,0.64344,0.51194596
0.9881306,-0.3846467,1.5517732
-0.33797273,0.9601096,-0.36834455
0.2580205,0.34293765,0.49558535
0.67637163,0.97909755,0.6955019
0.77883697,0.4138301,1.2857516
-0.6780403,0.21696718,-1.219077
-0.08544418,-0.50413525,-0.1660056
0.65049255,0.6856336,0.9478213
0.2783489,-0.8166229,0.3988025
0.7846144,-0.15217456,1.3892618
0.35179943,-0.02823603,0.68650776
0.8092968,-0.8895737,0.927561
0.40086013,0.64418954,0.6361441
-0.2804305,0.6887173,-0.411524
-0.991103,-0.95093656,-0.9737931
0.52995664,0.6267828,0.8012203
0.5283981,-0.09093527,1.0226595
0.3003267,0.32783782,0.5539088
0.5587751,0.6335488,0.84299535
0.99236506,0.73381096,1.2640784
-0.5273502,-0.8654386,-0.6419163
0.25389567,0.45142505,0.44937757
0.34858656,0.4560757,0.63337475
0.06301978,0.26458147,0.11736984
-0.209178,0.5159845,-0.35666183
-0.42532954,0.6031487,-0.6666183
0.75694853,0.20002434,1.3469319
-0.27032652,0.14921045,-0.5352167
-0.5123813,0.32163027,-0.9306892
0.55712575,-0.8837225,0.66066545
-0.3569011,0.06968456,-0.697616
-0.4514773,-0.8629391,-0.5682726
0.121502265,0.800174,0.17866877
0.44723988,-0.31873918,0.8174109
0.6672078,0.5007687,1.0937958
-0.4632098,0.99672675,-0.4717484
0.17748064,-0.9657984,0.2013657
0.5150218,0.2604459,0.95033425
0.351411,0.67381126,0.5440186
-0.664316,0.8176645,-0.84799397
0.3323701,-0.22746375,0.62937045
-0.38214338,-0.8998393,-0.4634633
0.4315311,0.62093896,0.68645966
-0.015995838,-0.21748024,-0.03683129
-0.8774842,-0.28193617,-1.4839109
0.8547805,-0.24358784,1.454949
0.107219405,0.69834596,0.16733241
0.047695793,-0.51280236,0.08170648
-0.013188955,-0.73064566,-0.014830273
0.19813961,0.54834974,0.32626525
-0.54449403,-0.38347042,-0.97829235
0.80512214,0.6678728,1.1297662
-0.9324362,-0.64073515,-1.2902032
-0.9039783,-0.9603633,-0.8928942
0.4254468,0.24609527,0.7977545
0.20908464,-0.49414843,0.36013824
-0.118628174,0.45197,-0.20371361
-0.012560134,-0.83574563,-0.012847753
0.66271055,0.08682701,1.2492894
0.89031595,-0.7095779,1.1849881
-0.95251626,0.67265975,-1.2826478
0.65042233,-0.73229825,0.9075551
0.70427233,0.017538823,1.3100591
-0.56854147,-0.9204943,-0.63817036
-0.61075205,0.68396163,-0.8851687
0.48369887,0.72568953,0.7051919
0.98855877,0.74953663,1.220999
0.8393352,0.8696452,0.9734852
-0.41433957,-0.30472118,-0.772845
0.17805234,-0.5018206,0.320343
-0.48093447,0.46778473,-0.8298717
-0.5154994,0.3457315,-0.9081537
0.8209208,-0.8103938,0.99741066
0.013768463,0.28018972,0.004246269
-0.76026785,-0.69257706,-1.0634947
-0.7930895,0.70352536,-1.0916244
-0.6185903,0.14034583,-1.1404135
0.24636802,0.2684972,0.46381298
0.353019,-0.22110404,0.67416686
-0.49109253,-0.5731984,-0.786569
-0.78370655,0.08878022,-1.4094094
0.40062782,-0.93740946,0.46221405
0.07811645,0.08780917,0.16901332
-0.54068816,0.12568544,-0.9961748
0.35611483,0.86929685,0.45447168
-0.32978034,-0.36379904,-0.60511386
-0.0020651978,-0.2627401,0.0058861882
-0.81656307,-0.14314584,-1.4355279
0.24657261,-0.29921338,0.4766892
-0.34191298,0.983663,-0.37509418
0.74250174,0.39633095,1.2389952
-0.3028899,-0.10824249,-0.6010849
0.89599746,0.20283365,1.5491711
-0.6123265,0.23276995,-1.1124576
-0.37214848,-0.9406162,-0.42516387
-0.4388892,0.9820617,-0.47497758
-0.7585363,-0.7678672,-0.98881763
0.32729498,0.62150127,0.538922
0.34184453,-0.23761055,0.6595875
0.6622661,-0.1486864,1.2206024
-0.39151478,-0.9110114,-0.475498
-0.4378835,0.68510747,-0.64929134
-0.5889388,-0.7868989,-0.79774725
0.42813355,0.6386153,0.6763938
-0.605695,0.22416659,-1.1081761
-0.93307483,0.2958827,-1.5446364
-0.94819987,-0.64945036,-1.317799
-0.35793334,0.3642317,-0.67464656
0.9165862,-0.2541329,1.5276693
0.5374806,-0.02833386,1.0293115
-0.30017507,0.07644414,-0.59930617
0.84961456,-0.42768636,1.3571751
-0.62642324,0.42649418,-1.0570505
-0.9198687,-0.15513514,-1.5610073
-0.29444066,-0.42928138,-0.51824033
0.18999586,-0.047833275,0.3731765
0.29727888,0.6122877,0.47374168
0.94293773,-0.47774354,1.4527085
0.8112169,0.49236444,1.2713704
-0.5957755,-0.6403144,-0.9036915
0.11421396,0.6212477,0.18272221
0.051946923,-0.24370137,0.1037763
0.99142885,-0.59709466,1.3788263
0.3682504,0.13359994,0.7163051
-0.32389614,0.26136276,-0.60925525
0.32463193,0.96731234,0.38852984
0.3633585,-0.6471093,0.57534003
-0.6432944,-0.06893265,-1.1929153
-0.77171755,-0.31512114,-1.3429297
0.8529399,-0.8150806,1.0406631
0.086544186,0.31312943,0.16206221
0.12759751,0.25163832,0.25278768
-0.7359602,-0.95520407,-0.781078
0.52569556,-0.34484,0.9205606
-0.09024091,0.81577003,-0.12966558
0.70222867,0.32476786,1.2233586
-0.25565115,-0.36140758,-0.45308405
-0.024352275,-0.7278541,-0.045927115
0.19084373,0.69457287,0.294397
0.576896,0.051822934,1.0760126
0.22614391,-0.42653957,0.40678847
0.6220506,-0.5754036,0.9743549
0.5461454,-0.056757525,1.0291749
0.035906497,0.5722879,0.045772213
0.5768769,-0.15730958,1.0879831
0.7874044,0.11602457,1.4114128
0.7052716,-0.7106477,0.99295837
-0.54886985,-0.41860223,-0.96018517
0.29728034,-0.98080665,0.31540143
-0.18640667,-0.94325626,-0.20204021
-0.20711526,-0.31486744,-0.36494938
-0.7135745,0.23368919,-1.254134
-0.5596337,-0.60859275,-0.8827531
0.6904827,0.7530787,0.9225354
-0.040801395,-0.8321361,-0.04896094
0.0096115945,-0.17162196,0.026327286
0.5535766,-0.6672996,0.82062685
-0.7902392,-0.48905888,-1.267993
-0.6742012,0.68550086,-0.9800722
-0.4320213,0.35572368,-0.77771634
-0.75846606,0.6537655,-1.0733771
-0.09082273,0.7109323,-0.14133832
-0.4379327,0.09090661,-0.85185885
0.26458278,-0.012759242,0.5345197
-0.48324648,0.55736107,-0.7919115
-0.84056044,-0.7121872,-1.1317064
-0.8399339,-0.40215528,-1.387974
0.94746965,-0.7478429,1.1750834
0.9667232,-0.8919868,1.0243715
0.74713445,0.42187184,1.2624072
-0.045617554,0.7103692,-0.05366118
-0.3885242,-0.09359088,-0.7641902
-0.38723812,0.982972,-0.40434235
0.14453362,0.56547135,0.25826466
-0.3865612,-0.8959365,-0.46582603
0.7769752,-0.2576644,1.35065
0.11058107,-0.043235354,0.21049225
-0.43536565,-0.6615899,-0.6966947
0.7322481,0.8807245,0.8402509
0.78670466,0.038700543,1.4139878
0.27601233,-0.7205895,0.4237507
-0.30183738,-0.9969727,-0.31043383
0.07187795,-0.13834213,0.15157785
0.24545252,-0.41864786,0.43282518
-0.22978982,0.34310374,-0.42898366
-0.6772237,0.22545591,-1.1993515
0.81259793,0.19414891,1.4348123
-0.72327393,-0.9638256,-0.7564582
0.31179333,0.7484889,0.44313177
-0.008644407,-0.8920262,-0.002811365
0.9058184,-0.14785674,1.5620153
0.6435915,-0.55971795,1.0130087
0.4790372,0.1850247,0.8958625
-0.264639,0.06441738,-0.5020029
0.2542568,0.921435,0.2850324
0.4385767,-0.07543543,0.8672605
-0.39221466,-0.60502034,-0.6386087
0.6424718,0.7281301,0.88071364
0.7103214,-0.69193804,1.0080582
0.10349728,0.4275312,0.17738788
0.30964687,-0.4902962,0.5122929
0.68685,-0.8620852,0.8117565
0.63025415,-0.13681804,1.1609519
0.08522089,-0.92989296,0.089044355
0.9500665,0.30613354,1.5573732
0.7227195,-0.33221856,1.2654957
-0.8296651,-0.77068496,-1.0555811
0.8362616,0.2645845,1.4269929
-0.5327081,0.25095177,-0.9793504
0.4780949,0.59886646,0.7511153
-0.94874406,0.58976406,-1.3707135
0.28412527,0.4050978,0.5304389
0.13445188,0.8420521,0.17079602
0.07821544,-0.4251535,0.15222137
0.71041054,0.7036341,0.98104346
0.72317016,-0.13976657,1.2951827
-0.3411886,-0.29187384,-0.6365225
0.64000314,-0.6978067,0.92436796
0.8106901,0.40830383,1.331798
0.7698492,0.15169527,1.3786573
0.76876855,0.2859458,1.3402723
0.255518,0.36540902,0.47514197
-0.41826668,-0.30934733,-0.7735654
0.7352141,0.3184201,1.2622911
-0.39690614,0.27979302,-0.72619456
0.84950054,0.24281646,1.4811301
0.5379608,-0.62211204,0.83025396
-0.6419188,-0.80662626,-0.824958
0.32937953,0.1729181,0.6303778
-0.9727004,-0.6229264,-1.3508426
0.6213343,0.1405434,1.1381379
-0.5746571,-0.46304852,-0.9790223
-0.5261252,0.67858297,-0.79440576
-0.6004865,-0.879752,-0.7122054
0.754794,-0.1564768,1.3345239
-0.8606582,-0.2811852,-1.4657401
-0.08403826,0.23724161,-0.18396412
-0.6702588,0.39789355,-1.1340292
-0.9045059,-0.6279563,-1.2618642
-0.7329909,-0.025545826,-1.3351029
-0.1624734,0.5892795,-0.2599917
-0.29865915,0.6542833,-0.47346127
0.72821814,0.90744066,0.8233677
0.9938778,0.30907795,1.5914785
0.50810766,0.30408353,0.9273252
-0.10833877,-0.8214671,-0.15450764
0.0881461,-0.6122437,0.14221838
-0.09760321,-0.68450946,-0.15835506
-0.9468734,0.4610454,-1.4629151
0.7531109,0.35304502,1.2858545
0.047681537,0.49093282,0.07441677
-0.69870174,-0.8944761,-0.79699194
0.73852706,-0.6290804,1.0835766
-0.29586247,0.46965185,-0.5174305
-0.24519439,-0.63611484,-0.39483663
0.5339031,-0.43061373,0.93590724
0.7594185,-0.19956137,1.3624305
0.84405607,-0.3808775,1.3821958
-0.5511094,0.4609786,-0.9296047
0.6369409,0.99239665,0.6692104
-0.91953784,0.30221418,-1.533106
0.612226,0.766359,0.83735377
-0.038057104,0.89110994,-0.06236369
-0.8360163,0.5596374,-1.2654382
0.59527475,-0.22333154,1.0997051
-0.24351281,-0.7698724,-0.35316196
0.72108424,-0.40836248,1.2156829
0.64339095,-0.8204054,0.8164152
-0.88889813,0.8303054,-1.0420713
0.27331796,0.021399537,0.54857844
0.5457654,-0.14667687,1.0340291
0.7255782,0.62865806,1.0887785
0.27474016,-0.28241557,0.5300168
-0.05258238,0.88228697,-0.06812367
0.76572967,-0.5459053,1.1667107
0.4864022,-0.94934434,0.53549373
0.993035,-0.08536085,1.6656144
-0.15537263,-0.36478055,-0.28924507
-0.6734592,-0.09359689,-1.2405941
0.8521939,-0.15828617,1.4969536
-0.34239325,0.6025525,-0.53481364
0.71643525,0.4133924,1.1956432
-0.41382328,-0.7567302,-0.58079046
-0.5022932,0.68190396,-0.7560768
0.15299389,-0.16452894,0.2989262
0.19183438,-0.35678154,0.36374223
-0.9189259,0.206083,-1.5577662
0.50221395,0.95114267,0.5545033
0.5055775,0.80656105,0.6788961
-0.9929089,0.52385694,-1.4456658
0.3077648,0.9704422,0.32186285
0.19425821,0.02572043,0.3902209
0.09245018,0.30130863,0.16079324
-0.8696057,-0.67072403,-1.1948302
0.06386694,0.08778042,0.12151722
0.3257525,0.3507161,0.6051566
-0.7252208,-0.170949,-1.3086194
-0.2940989,-0.02630747,-0.583289
-0.86509144,-0.8547672,-0.98724246
-0.2731494,-0.76938266,-0.39391166
-0.93333155,-0.056670643,-1.5967004
0.33567724,-0.41454875,0.6029715
0.62514955,-0.9489855,0.673803
0.5994037,-0.061583,1.1197832
0.17940912,0.9695293,0.2143013
-0.27681258,0.005504276,-0.54030305
0.17123346,-0.65390295,0.26929304
0.2794133,-0.79935557,0.40174723
-0.6821372,0.48248392,-1.1108589
-0.8552472,-0.7841254,-1.0597016
0.5998228,0.33291972,1.0634413
-0.3218464,0.5441143,-0.55403095
-0.27857476,0.36230108,-0.5112947
0.025457062,-0.59808826,0.047047213
0.050064147,-0.4871188,0.06605171
0.28203097,-0.7967924,0.37045357
-0.74553233,-0.5590666,-1.1285204
0.2776213,-0.57553464,0.46543935
0.68130404,-0.19537634,1.2386152
-0.936503,0.93733376,-0.9480989
0.9947482,-0.6987623,1.2911026
0.5079208,0.7558046,0.71387196
-0.72717315,0.35169795,-1.2609978
0.8112309,-0.9806557,0.82566166
0.5305732,-0.33327848,0.95556104
-0.09503368,0.9216159,-0.12041502
0.3607704,0.52215904,0.6295525
0.9349351,0.19934312,1.5614523
0.4853956,0.88742137,0.58317435
0.7538721,-0.5427757,1.1742804
0.93341374,-0.8197146,1.1100417
0.35032004,-0.23973277,0.6572399
0.2549913,0.035890758,0.50213754
-0.52050173,-0.9001547,-0.6157211
0.95557964,-0.74730736,1.1875514
-0.42623478,-0.43530822,-0.74317986
-0.34997103,-0.016772892,-0.685847
0.5366391,-0.8836656,0.64469004
0.3814774,0.7578155,0.54534984
-0.59070086,0.5560739,-0.9417096
-0.21862082,-0.95697033,-0.23606935
0.2927114,0.41989216,0.5237659
0.93567413,0.9765954,0.91287005
0.02862617,0.9295475,0.03355176
0.94418347,0.7559132,1.1865977
-0.7675716,0.6983601,-1.0855442
-0.81961244,0.9819353,-0.81590796
0.41613877,-0.3855585,0.7682652
0.0029625325,-0.6876858,0.0070954137
0.9004266,0.48997724,1.3827568
0.030707095,-0.5409432,0.048131924
-0.83108914,-0.35660872,-1.39813
0.53188604,-0.4229752,0.94006497
-0.7873082,-0.8236292,-0.96432114
-0.1241122,-0.35611835,-0.22633658
-0.14597817,-0.071890235,-0.28852594
-0.7542723,-0.6277749,-1.0911732
-0.59287316,-0.18813856,-1.0935388
0.78065485,0.34560215,1.311452
0.13328108,0.5327071,0.24311052
-0.5311236,0.707952,-0.7800528
-0.8732635,-0.7170932,-1.1508232
0.96609664,0.7674378,1.1947662
0.48721066,0.7604615,0.66828096
-0.74056774,-0.33810586,-1.2764572
0.77711517,-0.04421323,1.410295
0.89870363,-0.44561043,1.4221541
0.9452738,-0.0070704324,1.6047577
-0.58540034,0.57512337,-0.92636615
-0.7482628,0.5024572,-1.1927023
-0.072639465,-0.7715123,-0.10119743
0.16480713,-0.23912022,0.3269814
-0.39634627,-0.7340047,-0.5746946
-0.49305022,-0.7434409,-0.7162212
-0.9743739,0.33542278,-1.5605814
-0.32624105,-0.6263339,-0.52596265
-0.09928671,0.45188618,-0.19123039
-0.64773464,-0.20620711,-1.1756661
-0.15948497,-0.94588375,-0.17849815
-0.90400785,-0.58309245,-1.3054495
0.15625796,-0.021298597,0.31712618
-0.40082753,-0.4481467,-0.6994314
-0.80100805,0.684581,-1.1197836
0.2459186,-0.97618264,0.26814017
0.7875858,0.5059274,1.2351037
0.6759498,-0.9336119,0.7479877
-0.30260777,-0.18727411,-0.5829331
-0.59154034,0.6976845,-0.836998
0.65855736,-0.6046164,1.0101603
0.3689512,0.81668806,0.4956982
0.15636857,-0.81103426,0.22045803
0.31253734,-0.425571,0.56353295
0.37195542,0.06874295,0.7244442
0.53266275,-0.9773002,0.58267814
-0.8953241,-0.46191517,-1.3911082
-0.66421115,0.2842446,-1.174348
-0.62191135,0.84138024,-0.7914431
0.38503885,0.20463903,0.72462237
0.9618669,-0.0066059837,1.6451517
0.6398121,-0.29680297,1.1453576
0.28402555,0.008286351,0.55827063
0.4405731,0.12446865,0.8572826
-0.61798394,0.58582675,-0.9637204
-0.07746778,-0.9456055,-0.08457736
0.71850216,0.08123762,1.3076159
-0.6273962,-0.90739095,-0.72112656
-0.5077117,0.47111472,-0.85153884
0.17915635,0.26849476,0.3569087
0.5994882,-0.23843807,1.0860037
-0.7043707,0.86431545,-0.8295327
0.88740665,-0.66827625,1.2320336
-0.69724977,0.03835917,-1.2717761
0.9680841,-0.7994947,1.1458445
-0.34906793,0.23046362,-0.666068
-0.4565691,-0.4376729,-0.7829088
-0.059913486,0.919587,-0.065706015
0.7855946,-0.33174902,1.3201654
0.7723538,-0.8906167,0.87933713
-0.22287625,-0.3306211,-0.40170076
-0.9091891,0.3804738,-1.4721085
-0.6258281,0.7085898,-0.8897277
-0.31421483,-0.13571766,-0.6054307
-0.08712408,-0.888487,-0.11114142
-0.29964662,-0.6866291,-0.45990986
-0.8964023,0.6942656,-1.1922892
-0.5466972,-0.5966182,-0.85601354
-0.37916273,-0.10815709,-0.7402184
-0.3661612,0.13356264,-0.69332606
-0.90746284,0.19294792,-1.5379181
-0.9096925,0.20293973,-1.5610144
-0.46032208,-0.86766475,-0.56725866
-0.9190311,-0.373104,-1.4938886
0.54541284,0.46499804,0.9351546
-0.50421995,0.2965616,-0.9371687
0.4982337,0.18985482,0.9363458
-0.11743944,0.8346773,-0.16120225
-0.8191984,0.15063593,-1.4621953
0.4682651,0.40817735,0.8318639
-0.059752833,-0.7969947,-0.072354354
-0.75433373,0.79958814,-0.96843475
-0.5084537,-0.1994547,-0.95183516
0.6126957,0.15429023,1.1353705
-0.59529835,0.34699735,-1.0628213
-0.37701792,0.3029956,-0.6991927
0.16289543,-0.6309636,0.2606972
-0.08793117,-0.6421583,-0.13611035
-0.80900604,0.31744063,-1.3810422
0.7116143,0.9644789,0.7487288
-0.9661518,-0.7909801,-1.1577564
0.14693737,0.27598503,0.27214104
-0.6467172,0.6995898,-0.92536193
-0.5290975,-0.6569842,-0.8089357
0.106148064,-0.9989428,0.109735444
-0.87334985,0.35800466,-1.4420208
0.28023717,-0.15899403,0.5479993
-0.064671956,-0.25107437,-0.11931569
-0.10820196,-0.90978986,-0.11877233
-0.8824569,0.4996732,-1.359873
-0.8371847,0.3534977,-1.3860947
-0.15904586,0.80205697,-0.22240871
0.6449964,0.9185865,0.7383986
0.31669372,-0.9225019,0.38201326
-0.8383261,0.20842111,-1.4567888
0.8770965,0.4971194,1.3379799
0.13596405,-0.9254924,0.17370556
0.59426504,-0.25103232,1.0868462
0.69097596,-0.38309228,1.1898711
0.8541176,0.47559378,1.3250763
0.24261937,0.5634527,0.41339576
0.10529633,-0.25556237,0.1998317
-0.89352953,0.17359105,-1.532029
-0.18706271,-0.43274868,-0.3292122
-0.88695556,0.9555249,-0.8847577
0.84328794,0.45723522,1.3334717
-0.3591797,0.797284,-0.4875296
-0.7099171,0.9894551,-0.70310646
-0.6815418,-0.43564212,-1.1469889
-0.9239892,-0.77338296,-1.1358259
0.62311584,0.63879913,0.92371935
-0.50773287,-0.9414149,-0.5736893
-0.52338606,-0.76484543,-0.7089709
0.446313,-0.6979191,0.66115165
-0.5502519,-0.7455736,-0.7811961
0.008911969,-0.34127313,0.013301165
-0.2435574,0.88352054,-0.3223228
0.4693567,0.15988766,0.90805995
-0.4018236,0.28101113,-0.7429356
-0.79067105,0.8049213,-0.9894132
0.830978,0.9504988,0.867311
0.78500986,-0.33689764,1.3416077
0.6191824,-0.63640124,0.9291382
-0.3235449,-0.61429054,-0.51519305
-0.05946543,-0.63950443,-0.07780391
-0.3733008,0.65241605,-0.5769479
-0.69525343,0.944073,-0.7525125
0.3383864,-0.114439234,0.66978574
0.3705964,0.6403553,0.5767313
-0.87712705,-0.8634209,-0.99747753
0.48318484,0.12247108,0.9128319
0.036607027,0.30393818,0.079057924
0.2723194,0.16781588,0.5198551
0.84592164,-0.795576,1.0518558
-0.79729563,0.6031531,-1.1776443
-0.36978123,-0.1579857,-0.72326785
0.45079127,-0.6474148,0.68738407
0.8053628,0.5056378,1.257509
-0.9792524,0.41791552,-1.5110576
-0.37444076,-0.9360449,-0.4238341
0.33085516,0.70092523,0.4940868
0.5452493,0.4706567,0.9049929
-0.13562685,-0.48909694,-0.22932324
-0.46820265,-0.65682393,-0.70791
-0.31836167,0.49582404,-0.5582088
-0.5240245,0.64629334,-0.77963734
0.6835314,-0.06456153,1.2738416
-0.04364855,0.47504374,-0.08662579
0.7837002,0.066680536,1.3938577
-0.9140443,-0.059054594,-1.5887067
0.5948236,-0.75377434,0.8209269
-0.63721645,-0.22035812,-1.1653748
0.1869644,-0.69938934,0.2813995
0.5175623,-0.60419315,0.81549174
-0.46194145,0.31174687,-0.85003453
0.5190241,0.5289346,0.8436046
0.812882,0.6611735,1.1510607
-0.1371877,-0.42180842,-0.24172112
0.45125562,-0.4769134,0.7527326
0.11068181,0.31445098,0.22755286
-0.8814642,0.51971555,-1.351515
0.20396738,0.30130398,0.41165975
-0.5678662,0.34663945,-1.0049973
-0.9612213,0.96189547,-0.94570595
0.50540084,0.500821,0.8596361
-0.031630266,0.5715022,-0.05030214
-0.75136936,-0.64488834,-1.0908473
-0.44398537,-0.6366338,-0.7017439
-0.86712545,0.57126683,-1.2904472
0.48921365,0.9121073,0.5697879
0.13442309,-0.5588262,0.22624451
-0.4565651,-0.08144335,-0.86926377
-0.3726819,0.43173152,-0.66650957
0.29608622,0.25033632,0.5416843
-0.17505796,-0.14653489,-0.3437737
0.21944538,-0.7264622,0.32735935
-0.18322241,-0.68157196,-0.31071132
-0.9003016,0.9940741,-0.84302765
-0.4614909,-0.9220866,-0.5336274
-0.40425703,-0.38319403,-0.7263783
-0.16855122,-0.8059432,-0.24143206
-0.80916536,-0.8080054,-1.0099282
0.014527373,0.4680271,0.010295131
0.93943167,-0.34689778,1.5069033
-0.6554066,-0.33545583,-1.1359504
0.76928,-0.32063663,1.3195043
-0.6641432,0.42314485,-1.132845
-0.036420252,-0.8622169,-0.058035303
0.5845528,0.48290104,0.9792723
-0.59726846,-0.2691228,-1.0857413
0.4660974,0.32781884,0.8539156
-0.8939216,-0.68101925,-1.2281189
0.8375051,0.7593543,1.0827527
-0.1802963,-0.05951288,-0.34949237
-0.34539598,-0.6490902,-0.5383922
-0.8886585,0.6040695,-1.2829685
0.3708165,0.96401757,0.3898988
-0.9268485,-0.77129614,-1.1472386
0.39237013,0.6056403,0.61920047
0.1547692,-0.06923482,0.31259355
-0.3180424,0.42311075,-0.5762552
0.40738592,-0.33813086,0.7431781
0.9950157,0.5774878,1.4129096
-0.1753228,-0.31574073,-0.33055276
-0.6933924,0.91281486,-0.77332693
-0.47118396,0.9274705,-0.53040504
0.8868811,0.87775147,1.0012668
-0.006655886,-0.8556865,-0.015050729
-0.5558435,-0.63428503,-0.85960674
0.3853573,-0.3891029,0.6856849
0.48828802,0.44133237,0.85892063
-0.99758816,-0.6004433,-1.3804516
-0.69055796,-0.019118516,-1.2656459
-0.6875875,0.8194283,-0.86471283
0.2935659,-0.90662986,0.3744831
0.68247885,-0.2362088,1.2359936
-0.5230664,0.7436984,-0.73329103
-0.9010688,-0.9503343,-0.9260528
0.92102855,-0.6842962,1.2257696
-0.11648882,-0.5084532,-0.19900735
0.07232701,0.45848715,0.12150296
-0.5428795,0.17907195,-1.0031852
0.25560376,0.7671409,0.3619868
-0.32398182,-0.709284,-0.4706743
0.6787942,-0.2838966,1.1942819
-0.08072787,0.5360393,-0.14273457
-0.4007234,0.4548617,-0.7102467
-0.7931242,-0.20881364,-1.3956057
-0.5993592,0.27832878,-1.0889932
-0.016248874,0.94559836,-0.015678568
0.8933062,-0.6868607,1.2023207
0.37795913,-0.86409205,0.47655874
0.99767244,-0.56018525,1.4083264
0.9714969,0.27920738,1.568686
0.27751067,-0.044904407,0.53984606
0.18076569,-0.48876536,0.31350225
0.12088312,0.68882084,0.17516007
0.35053873,-0.22977309,0.67748684
-0.010401997,-0.31330958,-0.033132903
0.15316343,-0.033804916,0.29906598
-0.41470996,-0.21577045,-0.78147787
0.39959028,-0.54752445,0.67202973
-0.08824421,0.25902513,-0.18212357
-0.43851212,-0.7707872,-0.6036804
-0.9802513,-0.60939944,-1.3595594
-0.42596823,0.61082983,-0.67225194
-0.7534828,0.47461635,-1.2228408
-0.7768524,-0.44107682,-1.2726598
-0.6992764,0.55319834,-1.08969
-0.17475583,0.2512045,-0.33087048
0.62303454,0.5481735,0.9978779
-0.3233207,-0.0057479646,-0.6210231
-0.84957945,-0.2063277,-1.4941851
-0.57153875,-0.79334563,-0.7431498
0.25579783,0.43363976,0.444127
0.07379459,-0.9377695,0.08384139
0.618297,0.360703,1.0684111
0.41798046,0.20619002,0.78412664
-0.12518722,-0.29926306,-0.23877104
0.95813924,0.6101349,1.328345
0.9881184,0.831667,1.1197962
0.42003915,-0.42860356,0.73020685
-0.26578894,-0.5357768,-0.45419312
0.3604094,-0.030306002,0.7034452
0.80505586,0.19254291,1.4041283
0.23733199,-0.16791698,0.4719166
-0.3078877,-0.48989698,-0.53753924
0.6178679,-0.5231554,1.0001496
0.6262544,0.9916419,0.63495314
-0.24775991,0.90337074,-0.31220287
-0.44681132,-0.8439008,-0.57125604
0.40406266,0.5652839,0.64860743
0.6300339,-0.0877271,1.175158
0.13958687,-0.6998376,0.20449658
0.9093746,0.4079064,1.4515218
-0.6809378,-0.73529714,-0.92712057
0.9587847,0.98810107,0.8948676
-0.6779944,0.8280484,-0.85011524
0.20769933,0.2552842,0.39654112
-0.53319746,0.98700744,-0.54600596
0.1618114,-0.1858789,0.32780612
0.16106392,-0.3102934,0.29727635
-0.53089297,0.80734944,-0.69617015
0.7740996,0.23913592,1.3585538
0.22351617,-0.39332622,0.4023444
-0.67200375,0.31221315,-1.191622
-0.5331769,0.46654472,-0.9035752
-0.8302707,-0.24938993,-1.4191331
0.7634923,0.2509925,1.3487958
-0.49573693,-0.3675977,-0.88316
0.8891227,-0.573876,1.3036244
0.92216027,-0.662266,1.246897
-0.798824,-0.63211477,-1.1661571
0.8884405,0.4477185,1.4053307
-0.56686807,-0.23752682,-1.0420063
-0.61190903,0.61080873,-0.95491326
0.36469835,-0.06924056,0.7136715
0.5409757,-0.30551335,0.9947281
-0.017831344,0.6868728,-0.016961062
0.7242815,0.6261887,1.0738876
-0.7664898,0.5359525,-1.2001214
-0.69748753,0.7481756,-0.92346096
-0.9987065,0.73698556,-1.2485598
-0.21819893,0.4624882,-0.38745773
-0.040342033,0.09540363,-0.09339815
-0.86859643,0.17469835,-1.5047625
-0.2116169,0.12796044,-0.40491465
0.3790736,-0.03876377,0.7462606
0.23364604,-0.59651166,0.38395387
-0.9768207,0.1244511,-1.6338382
-0.789786,-0.17257234,-1.4110719
0.9115985,0.80091304,1.0825933
-0.9701428,0.06294333,-1.6220101
-0.30397996,0.5922848,-0.5102324
0.28140736,-0.19295159,0.53927803
0.38221732,-0.15442874,0.73532623
0.5632267,0.04652649,1.0493618
-0.32206324,0.05628775,-0.6293345
0.3307204,0.96490246,0.37078026
-0.10807309,-0.4178071,-0.20115611
-0.46362153,-0.7940068,-0.61842257
-0.29796395,-0.27505797,-0.55702066
0.08337497,-0.3311363,0.14819573
0.8123496,-0.47573772,1.2970737
0.2179649,-0.14695121,0.42515144
-0.9975623,0.41179234,-1.5425587
-0.94727814,0.79572636,-1.1453063
-0.9980963,0.82297343,-1.1417847
-0.42019588,-0.9555519,-0.46082437
0.051956914,-0.8121574,0.07467535
-0.81493723,-0.023640601,-1.4562929
0.32916155,0.37290776,0.6193033
-0.91513604,0.45701545,-1.4137291
0.38381585,-0.265371,0.72551966
-0.8312596,-0.5412476,-1.2648435
0.3030674,-0.7823038,0.42269433
-0.8402027,-0.22629337,-1.4405965
-0.115536764,-0.4480808,-0.1910121
0.7278829,-0.78570735,0.9428808
0.27448672,-0.023132257,0.56009644
-0.17278153,0.6501457,-0.28076917
-0.59248716,0.87584776,-0.72847307
-0.77416825,-0.022252357,-1.3976564
-0.72996575,0.5178354,-1.1629925
-0.90951955,-0.15119433,-1.5582873
-0.36191493,-0.6793756,-0.56884795
-0.6871939,-0.9571366,-0.7176127
0.8124723,-0.69988453,1.1145465
0.5395909,0.19832948,0.98924327
0.06466553,-0.064515114,0.13408244
-0.29695436,-0.4400202,-0.54061365
-0.2284909,0.234652,-0.44512498
-0.45256,-0.2971303,-0.84330124
0.84758997,-0.76783234,1.083286
0.3806218,-0.52924985,0.6291492
-0.7896006,-0.28618953,-1.3584193
0.68670493,0.19646664,1.2518023
0.97935086,-0.70764756,1.2481219
-0.18519974,0.94644517,-0.23401119
0.047229942,0.13678892,0.08188119
-0.1916415,0.4473027,-0.3485534
-0.74998426,0.8589659,-0.88475984
0.54795825,0.4049472,0.9565032
0.9120772,0.6872985,1.1960227
0.35933125,0.98090035,0.3774
0.7486406,-0.0074865003,1.3603402
0.22498772,0.62962806,0.37218934
-0.6561623,0.054611854,-1.235934
-0.56802046,-0.38657323,-0.9976841
-0.14669818,-0.31752717,-0.28516877
0.47346282,0.041473664,0.9161215
-0.9541018,0.00920052,-1.627658
0.84134567,0.28078014,1.4231219
0.5062365,0.3641706,0.9084185
-0.79827195,0.62603766,-1.1728141
0.85476553,-0.4800807,1.3416709
-0.8248293,0.47607735,-1.2925647
-0.7769589,0.026208218,-1.3923626
-0.08306012,0.5393372,-0.13880809
-0.6807006,-0.9271822,-0.75832206
-0.29997694,-0.15307705,-0.58553225
-0.7962289,0.5695758,-1.1915637
0.8113899,0.729368,1.0692066
-0.5554463,-0.87848365,-0.67349195
0.662389,0.44760004,1.1066345
0.27941453,0.11061791,0.5559681
0.5909925,0.46987304,0.97877955
0.61929065,0.32682803,1.0983677
-0.45959902,0.78404516,-0.6260246
0.2712357,0.081663,0.54518265
-0.2622205,0.9852409,-0.2835166
-0.71794873,0.15630215,-1.2943687
-0.33936244,-0.69730973,-0.5091754
-0.6192582,0.96465284,-0.67030996
-0.66036767,-0.32025245,-1.1624641
0.75604373,-0.95133454,0.79420173
-0.18450937,0.9051405,-0.22285372
-0.42965066,-0.8381201,-0.55767477
-0.793353,-0.63648564,-1.1512665
0.14218068,0.63775456,0.22468436
-0.6321844,-0.8148696,-0.7966035
0.5663316,0.26123276,1.0221397
0.2897058,0.82944554,0.39859942
0.7589758,-0.54411376,1.1802241
-0.9273237,0.3701488,-1.5044724
-0.55776614,-0.96896255,-0.590219
-0.42092508,0.86790496,-0.511737
0.35017905,0.86942786,0.43655455
-0.2791934,0.5141139,-0.47507364
-0.21130265,-0.36058965,-0.38828322
-0.9957121,-0.9557043,-0.96189886
0.9488543,-0.63772875,1.3061416
0.7212798,0.020702127,1.314078
0.740204,-0.47508126,1.1857878
-0.8421655,0.058717508,-1.4748467
0.68980527,-0.8495973,0.83719784
0.87844837,-0.5049449,1.3539373
0.658826,0.69824034,0.91742474
-0.69343203,-0.20004946,-1.252231
-0.06727918,-0.7597134,-0.095371604
-0.056057032,-0.7667191,-0.07994178
-0.6472113,-0.40692997,-1.1092328
-0.8414229,0.191194,-1.4758418
0.5814574,0.9350152,0.65521157
-0.6685533,-0.79878044,-0.8574634
-0.6532884,0.8909138,-0.7661168
-0.30209374,0.43079486,-0.52758855
-0.6668513,-0.26733398,-1.1768166
0.45905292,-0.56771946,0.7490028
-0.54344946,-0.4358842,-0.9430492
0.29410002,-0.35319823,0.5723138
-0.8070944,0.23958863,-1.398204
-0.45364642,-0.9068411,-0.5526997
-0.7593725,-0.65939844,-1.0981033
-0.06588915,-0.88493013,-0.06657245
0.8481826,0.008944799,1.5185891
-0.67189896,0.7739393,-0.89018464
-0.36082205,0.08593407,-0.7158987
0.40617442,0.73474205,0.5795219
0.29730275,0.15236199,0.587019
0.15196316,-0.22860275,0.30101636
0.11787176,-0.66682285,0.19142202
-0.40233898,0.40959835,-0.7198117
0.9116008,0.25509846,1.5279299
-0.91452193,0.5138914,-1.3862795
0.559772,-0.5838768,0.89748764
0.87990445,0.5798471,1.2875034
-0.10796195,0.684823,-0.16774566
0.7249572,0.6078241,1.0789996
-0.7320706,-0.15189864,-1.311853
0.51538,-0.42262983,0.90217096
-0.19201227,-0.8749653,-0.25054723
-0.2509672,0.67109793,-0.37648445
-0.5991504,-0.56444716,-0.9526191
0.24138601,-0.571052,0.3886504
0.10625001,-0.62242234,0.17698808
0.09148862,0.88395375,0.113187864
-0.7146096,-0.1651495,-1.2835809
0.4271856,0.3418363,0.777824
-0.569047,0.8591125,-0.7078105
0.66472954,0.51936126,1.0715429
0.7724143,-0.53801984,1.1883588
0.74808544,0.93390244,0.79515386
-0.7438289,-0.39290854,-1.2323092
0.3381691,-0.74581003,0.5088133
-0.10740357,-0.23185645,-0.20857218
0.8722648,-0.6517208,1.2175469
0.4722387,0.43494743,0.8336942
0.91987526,0.5557822,1.3618003
-0.39464685,0.022387234,-0.7871715
-0.7750012,-0.85437477,-0.9074708
-0.26123244,-0.54557836,-0.46479273
-0.4022477,0.044016957,-0.8026823
0.28772917,0.83085513,0.37503392
-0.30792347,-0.22244556,-0.5774845
0.21322243,0.6718985,0.338165
-0.22479218,-0.84631425,-0.29508808
-0.56264085,0.7551139,-0.7763235
0.85031605,0.2597778,1.4468268
-0.84728014,0.8713966,-0.9580001
0.052692786,-0.7531292,0.0868203
-0.8162611,0.84620947,-0.9626368
-0.928772,0.80377257,-1.121885
0.16130012,0.6536486,0.25954348
0.49167407,-0.6099488,0.779576
0.3102317,-0.4707738,0.53852427
0.38300624,-0.5916941,0.632002
0.07157734,0.72686976,0.09197885
0.037935816,-0.76252145,0.054602128
0.82349914,0.5266638,1.2721155
0.34936845,0.56668574,0.5706705
-0.055621848,-0.52097565,-0.09274591
0.14267515,0.07494775,0.28507006
0.04502827,0.6961437,0.07723179
-0.4056556,0.96043605,-0.44597074
0.8972597,0.04517017,1.5620654
0.48624563,-0.34951717,0.8857947
-0.1679363,0.035817187,-0.3415485
0.7777283,0.77041376,1.0064666
0.41397876,-0.7345288,0.58808106
0.18490984,0.7284877,0.27161255
0.49491143,0.56371766,0.79124737
-0.7225228,-0.8369743,-0.8832063
0.81381017,0.16135131,1.4245437
-0.82551485,-0.08763549,-1.4601263
0.16080847,-0.619862,0.24500719
-0.9410956,0.2858455,-1.5602634
0.40472913,0.54873675,0.684833
0.9895247,-0.88507104,1.0633445
0.9341298,0.7591794,1.1741133
0.8061557,-0.26747438,1.39086
0.34352338,-0.5640336,0.5685189
0.49569938,0.23114589,0.91693443
0.86292106,-0.8481145,0.9991278
-0.38428396,0.5390174,-0.656204
-0.7276987,-0.399635,-1.2176495
-0.2777487,0.13133621,-0.52568436
0.06458537,0.8061449,0.07631308
0.8415613,0.3817927,1.3881204
-0.7075063,0.8186036,-0.8792973
0.9293485,-0.040861543,1.5925591
-0.31943604,0.17801112,-0.62097216
0.07944765,0.35962573,0.1530405
-0.9233153,-0.88176215,-1.0168203
0.34324425,0.18351802,0.66880226
-0.1957341,-0.56564516,-0.32305038
0.1547311,0.2503526,0.31016862
-0.19998462,-0.28144255,-0.37985712
-0.8208275,0.44677597,-1.3127899
0.29596898,-0.4793393,0.49855465
-0.08997016,0.6767977,-0.15011342
0.36341652,-0.21140224,0.70613366
-0.8243589,-0.7191842,-1.1039339
0.6145169,-0.65813476,0.9247302
0.25830486,-0.34319702,0.4733856
-0.83690834,0.87612164,-0.94899046
0.99477726,0.4900856,1.4849623
-0.7621587,0.2474803,-1.3226492
0.8977139,0.9641352,0.8936383
-0.946681,-0.7014729,-1.2282484
0.36339837,0.24576135,0.70276684
-0.98698395,0.20592052,-1.6397545
-0.2049753,-0.98370755,-0.23009825
0.5139706,0.9087979,0.6042887
0.5573694,0.6581124,0.8316726
-0.27749822,-0.65879977,-0.44507438
0.15279874,-0.171604,0.31564802
-0.21072157,-0.34882572,-0.3948251
0.044025492,-0.11435435,0.078706004
-0.3854333,0.5506061,-0.640206
-0.5126614,0.30934408,-0.9335822
-0.6184002,0.81657094,-0.8025943
-0.6270049,0.93022734,-0.6987319
-0.67746437,-0.6605153,-0.97241825
0.2502792,-0.33979154,0.4575368
-0.55054724,-0.92445534,-0.6312781
-0.42559624,0.07801007,-0.8285251
-0.27652377,-0.66225266,-0.43181935
0.48185402,-0.39184847,0.84063935
-0.75993556,0.4120616,-1.2567292
-0.7602231,-0.88465416,-0.8821443
0.9690423,-0.9147284,0.9858521
0.42086866,-0.14984727,0.8025266
0.9987982,-0.2701301,1.6222582
0.36020282,0.09683713,0.71535
-0.89185816,-0.35402793,-1.4625944
-0.03995453,-0.45115644,-0.07418321
0.8454004,0.94361836,0.8847621
-0.8944357,-0.53307515,-1.3683289
-0.04837124,0.23926017,-0.09746467
0.58955526,0.28000012,1.0713162
-0.14672074,0.34680763,-0.2802648
-0.072977334,-0.286007,-0.12632526
-0.9832646,0.87305254,-1.0596999
-0.05021908,-0.3433231,-0.09535008
-0.88782936,0.52069366,-1.3676025
-0.90635866,-0.3522644,-1.4550864
-0.4913701,-0.9777456,-0.5367053
-0.5258545,0.19700454,-0.98935753
0.5790471,0.76166105,0.7745699
0.23153217,0.56214994,0.39868695
-0.16013122,0.71596545,-0.2331002
-0.97934777,0.65712756,-1.3015993
-0.9316263,-0.41379714,-1.4767265
0.0025523459,-0.035948936,0.015490474
0.20690101,0.75122386,0.31403676
-0.42440814,-0.044373598,-0.82084
-0.11536637,-0.87448233,-0.15180945
-0.2246422,-0.77931434,-0.3256521
0.45251772,0.15967089,0.86603683
0.18787651,-0.5472211,0.3183417
-0.32465553,-0.6341747,-0.52253115
-0.86349356,-0.7941519,-1.0773987
-0.13740294,-0.50713557,-0.24130324
0.33249074,0.3459033,0.59671265
-0.119713314,-0.09134624,-0.24156258
-0.13674326,0.4217226,-0.2365131
-0.42164275,0.5806066,-0.688989
-0.9731351,-0.6995719,-1.2534732
0.37081057,0.9195344,0.4391015
0.12867312,-0.06770494,0.27185088
0.06491715,-0.85226405,0.09135203
0.88489634,-0.2235224,1.5034713
0.9098757,0.59427243,1.3173879
0.71843874,0.2154862,1.2814745
-0.22465192,0.80713,-0.30954608
0.993289,0.2574398,1.6175284
-0.12501125,0.24055532,-0.25020695
-0.25782907,-0.079257235,-0.50826085
-0.49698672,-0.1617723,-0.93486595
0.38405553,-0.62890285,0.61406994
0.730494,0.5650932,1.1425521
-0.67847246,-0.7689119,-0.9110153
0.87427896,-0.48501283,1.3854623
-0.54611784,0.049492363,-1.0353595
0.72430754,-0.020259889,1.3109195
-0.55341077,-0.3824796,-0.9668018
-0.41707847,-0.5401994,-0.6923159
-0.003918485,-0.13517377,-0.021535816
-0.6203264,-0.5158868,-1.0256057
0.7300695,0.6158295,1.0823386
-0.9175285,0.04089083,-1.591099
0.9324038,-0.5248507,1.3935243
-0.21402147,-0.19156174,-0.42250064
-0.69142807,-0.67011285,-0.9913971
0.6624888,-0.2188292,1.1924131
0.22559284,-0.6627325,0.35085535
-0.17208844,0.5723879,-0.27329525
-0.7898143,0.74025893,-1.0340514
0.634785,0.5949734,0.9766055
0.5792203,0.19901268,1.0705334
-0.3729714,0.899484,-0.4520957
0.2178791,-0.30557603,0.41386566
-0.048750393,0.9069658,-0.06915459
-0.37748364,-0.04314654,-0.7431617
0.4889167,-0.30753678,0.89578193
-0.6280827,-0.21956691,-1.1617273
-0.69507277,0.19726634,-1.2760456
0.43580955,0.44674233,0.7643762
0.75338864,-0.4579535,1.2293376
0.24465251,-0.7842016,0.34408635
-0.8027583,0.6456578,-1.1614648
-0.8278471,-0.4522825,-1.3207217
-0.84977716,0.09210277,-1.5034745
-0.6645615,-0.45773584,-1.1092281
0.69856143,0.045456823,1.2900296
-0.08656728,-0.092752896,-0.17844167
-0.28211522,-0.88373953,-0.35795042
0.60498166,-0.011530842,1.130851
0.13510412,0.77294296,0.19490077
0.20466316,0.76713955,0.3066354
-0.048987087,0.35590583,-0.105776004
-0.31857234,0.97431517,-0.34084532
-0.42133197,0.19960786,-0.77980286
0.270162,0.6193987,0.4375001
-0.8613213,0.041123416,-1.5223074
-0.84915215,0.71362096,-1.1277659
0.35696137,-0.11681862,0.6816336
0.401283,-0.042818807,0.78828436
-0.0119945435,-0.7223345,-0.019245477
-0.10984755,-0.98308593,-0.13180254
-0.58847654,-0.84625846,-0.73922664
-0.45646307,0.30806193,-0.8425342
-0.28392342,-0.4189164,-0.5175873
-0.85463476,-0.79531133,-1.0514749
0.14227656,0.039059095,0.2854755
0.9133388,-0.5427227,1.3502347
-0.7379846,0.5942867,-1.1087248
0.28917348,0.08100258,0.57460564
-0.6762685,-0.28223184,-1.2086498
0.72387505,0.50305504,1.1474645
-0.81634974,0.75201267,-1.0567623
0.21014416,0.044605855,0.41713572
0.40655103,-0.6987499,0.6083852
-0.7177518,-0.34653226,-1.2476602
0.9333595,-0.14770155,1.5987487
0.853729,0.4734901,1.3526192
0.44713542,-0.68917483,0.6713137
-0.6723726,0.98548204,-0.6875156
0.8783786,-0.4004207,1.4134948
0.78728855,0.2671033,1.3326957
0.8225241,-0.99120617,0.8203741
0.7327679,0.31233057,1.2772193
-0.77530956,-0.27798492,-1.3551457
0.17580847,0.980133,0.19314858
0.39859393,-0.56594354,0.6458399
0.09123702,-0.5562099,0.15877695
0.55171394,-0.9399867,0.6068894
-0.38536146,0.5866652,-0.6233679
0.57974935,0.778185,0.78998774
-0.29047137,0.27260008,-0.5414858
-0.17766827,0.1319558,-0.3524388
0.0182674,-0.20100233,0.05186202
0.27323672,-0.40846926,0.49548924
-0.7383232,-0.9076894,-0.8350197
0.3925362,-0.12389473,0.75093985
-0.18095922,-0.592772,-0.30621383
0.9913233,-0.6412692,1.3296312
0.19320281,0.59431785,0.33643237
-0.45806095,-0.21987045,-0.86003375
-0.43764412,-0.57600844,-0.7004717
-0.8244379,0.77217567,-1.051872
0.3480838,-0.31736907,0.6476086
-0.8225381,-0.8237125,-1.0051025
0.6343887,-0.6981605,0.90271807
-0.026896851,0.19299944,-0.044514045
-0.0062222714,0.5508865,-0.013737537
0.85611564,-0.1930442,1.4745449
0.19217417,0.16031256,0.38310954
-0.5101295,-0.5932796,-0.7866578
0.6054654,0.36543357,1.056637
0.6282715,0.37929747,1.0900977
-0.10582065,0.24366328,-0.21362378
0.23317875,0.08851767,0.46209523
0.44228742,-0.4086452,0.79119295
-0.43260622,-0.63327116,-0.6710914
0.6763134,-0.604067,1.0253395
0.3862177,0.97247386,0.4205399
0.1203458,0.7885685,0.16996564
-0.11100364,-0.57843846,-0.1839432
-0.39312816,-0.09124806,-0.7600065
-0.48262978,-0.5586671,-0.78697175
-0.76149106,-0.5114598,-1.1953675
-0.39087027,0.6290836,-0.63262165
-0.8137944,0.85670745,-0.9608003
-0.7362163,-0.15483955,-1.3377668
0.33592626,-0.94475484,0.39149332
0.8404845,0.93355113,0.8824621
-0.25813887,0.043962557,-0.4976773
0.77415824,-0.7060277,1.0810469
0.4212931,0.6479825,0.65012264
0.68589455,-0.30651003,1.2061259
-0.5430098,0.43268082,-0.9448462
0.32201168,-0.6583613,0.5188023
-0.4549485,-0.19772688,-0.8521337
0.989069,0.40542343,1.5447196
-0.87362516,-0.637165,-1.2242068
0.64393646,-0.067446716,1.202915
0.6346298,0.31450945,1.130582
0.050294682,0.32302848,0.10057248
-0.008050842,-0.22267118,-0.0046910234
0.5635265,-0.6359475,0.8574279
-0.8487327,0.80986637,-1.0304518
0.47196114,0.23575076,0.8865749
0.613022,-0.021910723,1.157316
0.20818286,-0.46455434,0.37576938
0.7179624,0.5189037,1.1396163
0.3735011,0.61021256,0.5931847
-0.017395366,0.36495155,-0.03946239
0.6796566,-0.79285276,0.88681614
0.5558482,0.6481148,0.8247306
0.5475674,-0.9105052,0.6437739
-0.88990074,-0.75293237,-1.1232357
-0.1886378,0.08094028,-0.3828747
-0.52994704,0.1915995,-0.9978614
0.8094694,-0.6261088,1.1732717
0.6539151,-0.94952494,0.71278733
-0.530682,-0.88406855,-0.62246263
0.7449433,0.90820813,0.8320719
0.45549315,0.81606984,0.5866899
-0.06736243,0.52941555,-0.11982964
0.7725535,0.20471717,1.3577851
0.13156967,0.68787605,0.21242559
-0.14762318,0.90563184,-0.18635392
-0.39704397,-0.89706147,-0.490696
-0.7667795,0.32719508,-1.3315545
0.23580916,0.05469021,0.4560483
0.65751207,0.5902713,1.0114976
0.7299933,0.4247653,1.2264905
0.88447034,0.06867261,1.5388407
0.9314635,0.97391903,0.91527903
0.24145313,-0.37765712,0.43663555
-0.8271731,-0.5113531,-1.2896634
-0.5658012,-0.35880852,-0.98391724
-0.4467041,-0.5703259,-0.71611416
0.6978807,-0.10327558,1.2771119
-0.54195696,-0.16049752,-1.0207812
-0.8709407,0.8782415,-0.9904879
-0.07827151,-0.3202084,-0.15505518
-0.8397949,0.9455747,-0.8707408
0.08327831,-0.5669131,0.13339218
-0.063168965,-0.35244092,-0.13274412
0.35536614,-0.5136735,0.5972322
0.6285313,0.8496702,0.7758456
0.09661258,-0.7367382,0.13712867
-0.45519033,-0.70224583,-0.6657676
-0.24596484,-0.6748414,-0.37323514
-0.39872962,-0.31846857,-0.74828076
0.48333806,-0.089686185,0.9224009
-0.55166674,-0.54794824,-0.91450375
-0.47672424,-0.873809,-0.5868206
0.2534726,0.018210463,0.48690686
0.094148785,-0.34237775,0.18827072
0.14801139,-0.21862802,0.28307924
-0.38791585,0.98258704,-0.44729096
-0.22936216,-0.026819825,-0.46339545
-0.765044,0.6671123,-1.0666038
0.32269198,0.88937944,0.40263772
0.17444566,-0.08672252,0.33439797
-0.31913868,-0.92360586,-0.3876409
-0.989451,-0.29523733,-1.5883691
-0.27549002,0.114078306,-0.5361546
-0.9968729,-0.34602118,-1.5998946
-0.604032,0.025783978,-1.1271728
-0.92779213,-0.9896321,-0.8772078
0.032285947,-0.45162502,0.051180158
0.9584912,-0.91228956,0.99946296
0.3414914,0.8668023,0.43577042
0.36389107,0.3762402,0.6642243
-0.050002705,-0.99813086,-0.033952627
-0.60964376,-0.6809201,-0.9023499
-0.86189663,0.8782537,-0.9686385
-0.32975227,0.5470863,-0.53755754
0.59792495,0.52547216,0.97034806
0.61288196,-0.051791593,1.1384329
-0.37559327,-0.82459086,-0.50202525
0.6976566,-0.29587454,1.2359433
-0.8325323,0.9389464,-0.87346894
-0.5338048,-0.23593225,-0.9971469
-0.90769607,0.5676365,-1.3067232
0.5578562,0.33813712,1.0043808
-0.7772552,-0.7445648,-1.0269316
-0.3315584,0.8081371,-0.4459023
-0.031844914,0.10847178,-0.07075721
-0.6342963,0.41398478,-1.0986577
0.29727674,-0.021985313,0.58325034
-0.5708522,0.8016476,-0.74196744
-0.61885786,0.90657485,-0.7069843
-0.5433831,0.9051491,-0.6275271
0.780066,0.18664932,1.3869835
0.51062465,-0.396004,0.89965606
0.76036376,0.35213777,1.2928525
-0.45243907,-0.12087946,-0.8717305
0.49454817,0.8921445,0.5912748
-0.85215014,-0.64124864,-1.2151295
-0.8444204,0.3339576,-1.4011105
-0.34314597,-0.72967124,-0.49691343
0.48264292,0.83497405,0.6307585
-0.6517081,-0.68630815,-0.935321
-0.6172474,-0.34427357,-1.0964007
0.13617195,-0.40316442,0.24272333
-0.5736936,-0.87556,-0.68358225
-0.63512707,-0.85319084,-0.7832633
-0.54393643,-0.8031682,-0.7070937
-0.65072596,-0.6948771,-0.9355885
0.10831934,0.0821616,0.22079594
-0.028468426,0.7610913,-0.05570275
0.6479583,0.84278816,0.79898965
-0.009890119,0.6670506,-0.0041095256
0.3563811,0.27142146,0.67946005
0.42730516,0.11775336,0.83001244
0.58573335,0.08746334,1.106624
-0.7490559,-0.43751475,-1.2310704
0.87387997,0.33210257,1.4387529
-0.88738626,0.1765707,-1.5287081
-0.026328672,-0.67088807,-0.03591171
0.8394759,-0.29474083,1.4150661
0.2756514,-0.62811947,0.43478757
0.8695866,0.44911128,1.3683279
0.24294676,-0.19178051,0.46960762
-0.21016121,-0.7555233,-0.31464583
0.42984006,-0.4530269,0.7653595
-0.51927465,-0.5917112,-0.79978114
-0.9989361,0.43535212,-1.5132827
-0.7500867,0.23610768,-1.3305402
0.5126795,-0.4649458,0.87285036
-0.7807517,-0.7666901,-1.0118787
0.52855694,0.7395042,0.7566593
0.30933508,-0.6175619,0.504193
-0.93433404,0.51594526,-1.3985472
-0.69555336,-0.52637434,-1.1088424
0.8845893,-0.93569416,0.9233042
-0.06516335,-0.21173501,-0.13934948
-0.80586964,0.6327306,-1.1543168
0.20817108,0.11081613,0.4161161
0.9210876,-0.717508,1.1950516
-0.3333617,-0.07613079,-0.64494926
0.21156192,0.478133,0.37643132
-0.48762584,-0.90689236,-0.5650362
-0.8870043,0.26052478,-1.5170374
-0.20553684,-0.661915,-0.3225778
0.27334604,0.30517077,0.51730376
0.52559453,-0.18362,0.9990038
-0.5847961,-0.09338662,-1.0944567
-0.89643747,-0.25074717,-1.5279124
-0.5314492,0.23397064,-0.97472477
0.26905015,-0.1296957,0.5336823
-0.67439854,0.64527214,-0.98870784
-0.10497243,-0.17386033,-0.23945576
-0.51797444,-0.62808084,-0.80836517
-0.8130995,-0.47805467,-1.278692
-0.26171616,-0.8282468,-0.34624428
0.5402188,0.18752353,1.0126323
-0.1522873,0.076232634,-0.29967543
0.884955,0.40257066,1.4216775
0.208645,0.5149331,0.3714013
-0.96007913,0.059289373,-1.6488994
-0.6197786,0.1534103,-1.1507008
0.47535038,-0.19313152,0.8936714
-0.588876,-0.89014816,-0.72197247
-0.64073724,-0.48185015,-1.0508194
0.17478266,0.46635452,0.30804512
0.36433062,-0.34984338,0.63989234
-0.27048922,0.72670907,-0.3901841
