x1,y
-0.13177626,-0.24029537
0.19251883,0.4242197
0.73992676,1.6364605
-0.857547,-0.88330024
0.9611444,1.7867155
0.32037476,0.72131747
0.52769697,1.2241105
-0.20414075,-0.3577886
0.88468504,1.7737219
-0.33613405,-0.56390846
0.5473055,1.2678245
0.64335006,1.4689224
0.36847046,0.85638726
0.51765585,1.2068489
-0.7089715,-0.8382754
-0.7734496,-0.8738087
0.11923817,0.25149274
-0.31858963,-0.52943647
0.72001976,1.6092218
-0.55090326,-0.7409205
0.33334583,0.7582326
-0.5121882,-0.7462314
-0.66200423,-0.83331466
-0.61295843,-0.81701386
-0.42251098,-0.65712166
0.6454183,1.4767829
0.99453783,1.7726983
0.039550982,0.077762894
-0.75512475,-0.8662234
0.5909515,1.364611
-0.7602891,-0.86366653
-0.5072869,-0.75600857
0.9056807,1.7720106
-0.5704116,-0.7838505
0.1380312,0.29653823
0.80981404,1.7263291
0.42329708,0.99115855
0.54183155,1.2582989
-0.50057316,-0.7119657
0.6750296,1.5376991
-0.3915552,-0.60619915
0.01651324,0.03756352
-0.044247005,-0.083116926
-0.021425901,-0.028571319
0.6243009,1.4379443
-0.15859213,-0.2856912
0.66987115,1.5112337
0.8246073,1.7321672
0.7393443,1.6302748
0.83209693,1.747821
-0.5910762,-0.79118204
0.5363297,1.2512083
-0.10632162,-0.20324805
0.6110272,1.4025347
-0.22149009,-0.38820168
0.20072089,0.450205
-0.7725234,-0.8818484
0.026030323,0.048021123
-0.43584612,-0.64585185
-0.030053915,-0.0695227
0.5742201,1.340428
-0.429893,-0.6761211
0.6031533,1.3844305
0.6233902,1.4398223
0.721993,1.602663
-0.8243953,-0.8819878
-0.99076027,-0.8625548
0.27324837,0.6016056
-0.8948437,-0.8895328
-0.17401935,-0.32924625
0.80542576,1.721589
-0.48378965,-0.72524875
-0.4655052,-0.69224584
0.16647781,0.35753238
0.970296,1.7565677
-0.7924863,-0.88762283
0.9223025,1.7824637
0.27705738,0.62659687
0.51695514,1.2123966
-0.6442399,-0.8294733
0.19834995,0.42780188
-0.68988687,-0.86707646
-0.029120333,-0.057518322
-0.14730102,-0.2859911
0.5036975,1.1639704
-0.2627912,-0.45566267
-0.8506195,-0.8886859
0.8886443,1.7842484
-0.710011,-0.831447
-0.23369399,-0.39509174
0.040675152,0.09718429
0.7752321,1.6857648
-0.80760556,-0.8678235
0.3533815,0.81433463
-0.13887107,-0.26184645
0.5748671,1.3426164
0.7416317,1.631112
-0.5766219,-0.77510995
0.22827919,0.51170146
0.04762108,0.09566463
0.15546826,0.32202673
0.71048236,1.5977105
-0.40824962,-0.6455112
-0.40188637,-0.62479204
0.4343332,1.0077
0.012033185,0.025595078
0.20369491,0.44762966
0.5539697,1.2818942
-0.25462672,-0.44925544
-0.3645718,-0.5806709
-0.17185512,-0.29284376
-0.9485819,-0.8512251
0.6392606,1.469917
-0.22389083,-0.39949188
-0.16548166,-0.2744342
0.5719091,1.3294749
-0.59126085,-0.7935434
-0.7006483,-0.84495354
0.8195385,1.7177087
0.8488982,1.7529467
0.5885024,1.3681514
-0.6978332,-0.8510028
0.6542769,1.4763044
0.8690093,1.769855
0.70712143,1.5817769
-0.19831249,-0.3429363
-0.8158317,-0.87831163
-0.23550145,-0.42067778
-0.9915172,-0.8433292
0.038721923,0.080134384
-0.97746354,-0.84152913
0.11898729,0.2561119
-0.10065503,-0.19813843
-0.3127001,-0.515198
-0.39964423,-0.6175552
0.65887654,1.4923681
0.022136902,0.0467441
-0.42520863,-0.66517144
0.3639417,0.846738
0.19925489,0.4447481
-0.36344415,-0.58911526
0.9765264,1.7596712
0.5551133,1.2865839
0.38218462,0.8764858
-0.80626065,-0.87933606
-0.7211497,-0.86040825
0.15395261,0.31944582
0.82956344,1.7253058
-0.064771995,-0.13572502
-0.7184409,-0.8570221
0.07287914,0.16168249
0.88474786,1.7909116
0.14004257,0.31454915
0.6871487,1.5428464
0.71861625,1.6145053
-0.5872025,-0.79254144
0.07476392,0.16066661
-0.8591132,-0.86189127
-0.7205036,-0.8469299
-0.19039197,-0.34883434
-0.8640705,-0.8806917
-0.7490292,-0.8686448
-0.5520678,-0.767453
0.43180448,1.0023497
-0.77092284,-0.85725456
0.55307007,1.2813457
0.11877829,0.24729958
0.9676237,1.7703367
-0.8457702,-0.8841038
0.5997335,1.398637
-0.058527775,-0.1247426
-0.91333663,-0.89150685
0.66911227,1.510462
0.039099958,0.05893211
-0.1573058,-0.28544897
0.29481825,0.6504373
-0.22334258,-0.3732134
-0.06434145,-0.12231298
-0.3578191,-0.5810985
-0.44542345,-0.68745744
-0.10245272,-0.19217892
-0.13526016,-0.23385425
-0.802249,-0.8959522
-0.4414733,-0.6632831
-0.7001594,-0.86114764
-0.3596963,-0.5688423
0.01793904,0.028450435
0.13468848,0.30174795
0.6623003,1.5125113
-0.0254157,-0.060371302
-0.60754573,-0.8164869
-0.07835099,-0.15261751
0.90978163,1.7649673
0.719937,1.5884908
0.41336676,0.9655749
-0.19502777,-0.36952388
-0.43973094,-0.6534065
-0.086926006,-0.1703517
0.33297676,0.7608358
0.77039707,1.69817
0.89186305,1.7783006
0.5397833,1.2461826
0.2631587,0.60429704
-0.8680362,-0.89581496
0.2712536,0.6082093
0.49910393,1.1718389
0.68714553,1.5461763
-0.12982939,-0.25262973
-0.94528145,-0.8748027
-0.684889,-0.84771955
-0.24149388,-0.4412421
0.37219176,0.8332986
0.014553885,0.022842905
0.29900405,0.6688123
0.14091852,0.30372915
0.8790994,1.7635986
0.57513785,1.3240529
0.62943065,1.4562825
0.39186642,0.90424216
-0.8358167,-0.8600597
0.9604534,1.7709532
-0.859455,-0.8944319
-0.2874152,-0.49381807
0.61438316,1.4015728
-0.37673286,-0.59921056
0.26270345,0.58696115
0.79014224,1.6859615
0.63179463,1.4460907
0.12521012,0.26969203
0.03068247,0.05237136
-0.57708937,-0.7549448
0.18935403,0.4065087
0.38605446,0.8845205
0.21797973,0.47183385
-0.52302396,-0.760315
0.72666824,1.6070487
0.07399965,0.14780259
-0.8046784,-0.87327904
-0.70399916,-0.8532282
0.71723145,1.588203
-0.38429084,-0.6047501
0.12273886,0.26055703
-0.06504524,-0.11358304
0.029924156,0.08097565
0.41569772,0.96546715
0.5253322,1.226684
0.9407036,1.7679677
0.40341425,0.9275581
-0.37214833,-0.6200015
0.29969946,0.67019486
0.16667826,0.36418214
0.07215256,0.16541396
-0.9807011,-0.85236603
0.61554265,1.4130073
0.867668,1.757319
-0.45031527,-0.6893721
-0.8657518,-0.8871899
-0.6419616,-0.8353896
0.99391824,1.767468
0.27984387,0.624807
-0.25115803,-0.44685042
-0.4575562,-0.697697
0.9764514,1.7453516
-0.6244589,-0.8206245
-0.6187797,-0.82029045
-0.13225617,-0.24471489
-0.26290625,-0.4450224
-0.6686601,-0.8477434
0.4517571,1.044087
0.9598129,1.7818288
-0.5168849,-0.7482698
0.20365027,0.43246487
-0.53459644,-0.7515225
-0.016871898,-0.022045745
0.6080617,1.4113706
-0.022662722,-0.05186472
0.6618058,1.4947969
0.14597593,0.3094513
0.96453846,1.769993
0.070441306,0.1455211
0.47256416,1.0904552
-0.5700112,-0.770559
-0.5558967,-0.75875294
-0.28505343,-0.49723896
-0.5596725,-0.7844525
-0.9714884,-0.8558185
-0.56675047,-0.7811179
-0.017294861,-0.029445792
0.337494,0.7634917
0.11080297,0.23117249
-0.6207401,-0.8384477
-0.7406289,-0.85354394
0.6566555,1.4781827
0.5545643,1.2678876
-0.51430035,-0.75508296
0.04116671,0.07524067
0.3463854,0.7992836
0.38838175,0.90228564
-0.089079715,-0.17547998
-0.038877953,-0.0914058
-0.035356868,-0.06606539
0.1325842,0.2783964
-0.06637589,-0.11988274
-0.032240503,-0.07594417
0.6390891,1.4595307
-0.58870494,-0.78798467
-0.07474691,-0.13441247
0.3777584,0.88015103
0.096742176,0.21666478
-0.40607047,-0.6354253
-0.8001345,-0.86722785
0.33309233,0.76653713
0.42242712,0.9629965
-0.87235576,-0.87095106
0.44659862,1.0317141
0.6479802,1.4861544
0.79006517,1.703026
0.9709453,1.7777832
0.17819811,0.39199504
0.96569806,1.7664
0.09747449,0.20608495
0.3482313,0.78537995
0.37623602,0.8752772
0.4760693,1.1136175
0.541331,1.2434412
0.1283829,0.27576005
0.537612,1.262831
-0.49386725,-0.7138583
0.032425843,0.070424795
-0.64699715,-0.8226939
-0.14480141,-0.2664196
-0.22206838,-0.39945298
-0.94575727,-0.8662169
-0.4380513,-0.6746811
0.40690425,0.94143826
-0.09445548,-0.16700655
0.8466036,1.7601596
-0.18984723,-0.35333425
-0.08153778,-0.16483252
0.55305046,1.2766379
-0.8284097,-0.8764908
0.8489089,1.7416742
-0.010829723,-0.012849185
0.47586232,1.0913389
0.41485158,0.9648059
-0.38669512,-0.60645264
0.99902797,1.7386663
-0.9224757,-0.8695499
0.8591824,1.752013
-0.80491793,-0.8878904
-0.3801659,-0.5979279
0.8005899,1.7121937
-0.57189393,-0.79115653
-0.87262464,-0.85971665
0.4477723,1.034002
-0.42469782,-0.66264
-0.20201567,-0.35954762
-0.103352495,-0.17979746
0.3542642,0.79734254
0.46723798,1.0847346
-0.33181688,-0.54762554
0.8079183,1.7199199
-0.57123154,-0.7923132
0.5186871,1.208769
0.44743127,1.0393007
0.04520902,0.100669794
0.94288236,1.7797438
-0.06402837,-0.11473855
0.7180357,1.6057172
-0.87474465,-0.86718804
-0.2028524,-0.35493317
-0.57031,-0.7777077
0.7138919,1.6009424
-0.1436496,-0.26241028
0.0550081,0.10628053
0.33081847,0.7520599
-0.18895222,-0.34594223
-0.27677715,-0.46688128
-0.32651895,-0.5618737
0.5417192,1.2538826
0.9736584,1.753831
-0.3487789,-0.56714964
0.34789568,0.7837938
0.756171,1.6739349
0.9677215,1.7569717
0.15660791,0.3319596
-0.63398093,-0.8070367
0.08754556,0.19400644
0.31057918,0.7127565
-0.04141236,-0.09734894
-0.38450018,-0.6116448
-0.3744089,-0.6077074
0.6014565,1.3912107
0.93179905,1.7835613
0.3768093,0.8762128
-0.0897933,-0.17076325
-0.36272934,-0.59014624
-0.67652076,-0.8500401
-0.40274185,-0.6301066
-0.9648965,-0.8514175
-0.3295305,-0.5355967
-0.6417656,-0.8238778
-0.94914204,-0.8728638
-0.7613871,-0.8691527
0.80313176,1.7155626
-0.45489356,-0.7086774
0.07611406,0.15986553
-0.50192124,-0.72861177
0.30818534,0.7031476
-0.6796247,-0.8521809
-0.1030609,-0.19606607
-0.5529941,-0.7729816
0.089372225,0.18795
-0.8019812,-0.8857565
0.1740622,0.38447046
0.46140155,1.0550159
-0.1025249,-0.18982092
0.9001169,1.7995671
-0.573322,-0.78665406
-0.80166274,-0.86508507
-0.82820517,-0.8829426
-0.3334729,-0.5323951
-0.70997095,-0.8581297
-0.9815792,-0.8484555
-0.54326034,-0.7614529
-0.52990437,-0.7642723
-0.7474857,-0.8618605
-0.22528633,-0.39759862
0.91766626,1.7747498
0.8319299,1.718144
-0.96219254,-0.84023464
0.6395063,1.4862547
-0.5519433,-0.79463685
0.074655,0.15598895
-0.065770015,-0.12562747
0.966653,1.7868297
0.20431833,0.43937638
0.26032248,0.59399045
0.86976147,1.7543222
-0.67902243,-0.84494257
-0.012890044,-0.015164467
-0.7550115,-0.86409557
-0.7801248,-0.8735776
0.42355573,0.9811293
0.20313865,0.4548081
-0.7764091,-0.87445325
0.04206938,0.08942426
0.8955773,1.7853435
-0.72211516,-0.8593981
-0.6689848,-0.8443504
0.33837816,0.7766789
-0.5455103,-0.7521231
0.5129622,1.2033018
0.84161556,1.7524823
-0.98432,-0.83257514
-0.3571827,-0.5754872
0.16436432,0.34920305
0.02986479,0.046756532
0.09109102,0.18033892
0.38077456,0.87817335
0.61374235,1.4168568
-0.43941724,-0.65475714
0.49983546,1.1672904
-0.8469611,-0.87429076
0.40449494,0.9259804
0.6693536,1.5312693
0.86425865,1.7840128
0.2851093,0.63633794
-0.36935803,-0.5992199
0.3066738,0.68523556
-0.64696604,-0.81272346
0.39448547,0.9146868
0.7530258,1.6534301
0.9071685,1.7807841
-0.6300195,-0.8362115
0.23584789,0.5382124
0.9628905,1.7773532
0.25358105,0.5719123
0.8855716,1.7648796
-0.12268497,-0.24185935
0.5816479,1.3469851
-0.83087534,-0.87332433
-0.58190984,-0.78881246
-0.76514626,-0.8622024
-0.88716304,-0.8839094
-0.11244905,-0.22066203
0.7069944,1.5761341
-0.44255418,-0.68346184
-0.5280822,-0.75467896
0.51773375,1.1988751
-0.47321817,-0.7007963
0.21826243,0.48828265
-0.67995816,-0.8409666
-0.19188756,-0.3594668
0.09107682,0.19820209
0.9943491,1.7434981
0.71050024,1.5687045
-0.9722266,-0.84490144
0.2718078,0.6174239
0.28918296,0.66303337
0.1011307,0.21480282
-0.94553876,-0.84753156
-0.44075674,-0.6867966
-0.5938626,-0.8020404
-0.9296941,-0.85765105
0.7704146,1.6750624
0.17590372,0.3853979
-0.47962007,-0.7036568
0.76796156,1.6809872
0.69957405,1.5912046
-0.5428732,-0.7572773
-0.53261226,-0.74802536
-0.63895243,-0.8340999
-0.6216134,-0.81979555
0.4648869,1.079523
-0.52029765,-0.74569607
0.66035223,1.4914018
0.9351303,1.7863045
-0.8884617,-0.88011354
0.05793552,0.11893697
-0.92939055,-0.8793815
-0.340215,-0.5496388
0.8704216,1.7607546
-0.2676717,-0.45327142
0.37782165,0.838913
0.0737076,0.14509994
0.17452092,0.38587502
0.98863125,1.7575814
0.64099205,1.4877634
0.83885074,1.7465861
0.33547944,0.77123743
-0.19413632,-0.3417964
-0.24163248,-0.42835093
0.9385428,1.773166
-0.40444377,-0.6253054
-0.6279014,-0.8145582
-0.7403659,-0.88300943
0.08806143,0.19365951
0.4137241,0.9556697
-0.020824408,-0.0603326
0.8034586,1.7061265
0.47565845,1.1103565
-0.65506417,-0.83947146
0.9081714,1.769719
0.30974638,0.7068776
-0.65439767,-0.8398262
-0.12185065,-0.22160998
-0.08315573,-0.17134881
0.26249638,0.59287095
0.9080908,1.7866158
-0.22111696,-0.38898087
0.17132598,0.36985627
-0.22245818,-0.40326878
0.80393755,1.7223113
0.9148984,1.777373
0.48039496,1.1262506
-0.47835544,-0.7016522
0.23687236,0.5376413
-0.4944264,-0.7131129
0.14869194,0.3277552
-0.22101977,-0.38771734
0.52797246,1.2226273
0.793057,1.701078
-0.9719927,-0.857266
0.82776,1.7401097
-0.4825825,-0.7264658
0.4469399,1.0382011
-0.5514295,-0.7667428
-0.31052047,-0.51647335
0.22834419,0.49529254
-0.68405277,-0.8592791
-0.5357578,-0.7642412
-0.043072674,-0.08484264
-0.7627874,-0.8717843
-0.7306653,-0.86470157
0.3389706,0.7708262
0.99774796,1.7433593
0.97366256,1.7679737
-0.0031694325,-0.025357632
0.5194132,1.2178273
0.2455222,0.54079956
-0.98768944,-0.8320997
0.8043822,1.7116694
0.56990147,1.3236793
-0.5412434,-0.74391866
0.9398387,1.7789543
-0.24277453,-0.43014655
-0.21744609,-0.37549803
0.33291534,0.75922835
0.30720618,0.6818715
0.3465705,0.775656
-0.9518774,-0.86784846
-0.3315566,-0.5300646
-0.9746855,-0.8507113
-0.32095644,-0.5322708
0.68197507,1.5541992
-0.47539023,-0.68629676
-0.6471915,-0.8287978
0.84676206,1.7559198
-0.5435325,-0.7557616
-0.047931902,-0.08219982
-0.3280057,-0.5417288
-0.8276098,-0.8662179
-0.5455446,-0.7804513
0.25621,0.573498
-0.8341755,-0.88771355
-0.92134005,-0.87417006
-0.6795994,-0.829522
-0.41915572,-0.6516554
0.42406234,0.97940934
-0.025778217,-0.053222563
-0.003639719,-0.0060027163
-0.2553785,-0.4311833
0.57233876,1.3237455
-0.91556,-0.860089
0.1742239,0.38226074
0.9179655,1.7641646
0.14291501,0.3093948
0.47588325,1.1164902
-0.7037325,-0.85353774
0.14971162,0.32305104
-0.3704498,-0.58794075
0.41627774,0.9714265
-0.6398332,-0.8107952
0.15299985,0.33743012
0.02743497,0.057251994
0.45839065,1.0699583
0.3367283,0.7748912
0.48384112,1.113025
0.8463751,1.7253124
0.146495,0.29590985
-0.20124331,-0.36206853
-0.0023270152,-0.0021722743
0.38576847,0.8754913
-0.5243742,-0.7438228
-0.6168231,-0.8113189
-0.82226926,-0.88373977
-0.19741906,-0.3468407
-0.84532833,-0.89252234
-0.77059275,-0.87090945
0.76012504,1.677592
0.20077543,0.4361842
0.90558594,1.7825099
-0.26623037,-0.4498442
-0.27680147,-0.47572723
0.711611,1.5777613
0.15530555,0.32708877
0.13082117,0.2809616
0.118361995,0.26061955
0.6228948,1.4145538
0.34798387,0.78513783
-0.62184995,-0.8152776
0.40595058,0.9268002
0.08605656,0.1936987
-0.76353127,-0.8724462
-0.36508194,-0.5840581
0.527919,1.2173278
0.85774124,1.7633151
-0.054013345,-0.114245884
0.4272746,0.99161065
-0.90206087,-0.8568324
0.02955335,0.068231896
0.0101092905,0.02224531
0.99055964,1.7491772
0.9934004,1.7480881
-0.051493652,-0.095866054
-0.6772649,-0.84207505
0.018879743,0.047196064
0.35675803,0.8141589
0.47965193,1.118436
-0.6328201,-0.8206903
0.5066156,1.1829877
0.9039573,1.7714499
-0.6560176,-0.8483305
-0.04516038,-0.0782981
0.72908944,1.6171099
-0.39107075,-0.60349286
-0.86792624,-0.87632316
0.94735897,1.77487
0.43841892,1.0274864
-0.7008125,-0.8594753
-0.08679802,-0.17022029
0.17558224,0.38401815
0.83679795,1.7334571
-0.41764903,-0.62850803
0.63750017,1.4564139
-0.99754035,-0.84448975
0.7538089,1.6672446
0.5197847,1.2076606
0.8839164,1.7605057
-0.20867226,-0.36179864
0.9347315,1.7849841
0.5922808,1.3564571
-0.7137245,-0.86450016
-0.53673965,-0.7673347
0.6086454,1.3647383
-0.08198021,-0.13594145
0.5220103,1.1980519
-0.08511053,-0.17107444
0.24907628,0.55758005
-0.32385954,-0.53205734
-0.052767172,-0.09612157
0.6946776,1.5665721
-0.0022591078,0.010768561
0.37612858,0.8563301
-0.5887412,-0.77750546
0.3765931,0.8592057
-0.79147065,-0.8883429
0.22250961,0.4855221
0.08673638,0.18585993
-0.16148593,-0.28312078
0.65403825,1.4980383
0.16043004,0.33294594
-0.49291003,-0.72921544
0.021740172,0.038283687
0.5948405,1.3756478
0.7178024,1.611477
-0.38077268,-0.6036988
-0.84169173,-0.89494425
-0.4921482,-0.706305
0.7804449,1.6809001
0.32759774,0.75579983
0.9247149,1.7733457
-0.91737264,-0.87174815
-0.2978716,-0.49761388
-0.18300197,-0.3218898
-0.3357807,-0.5289088
-0.4923437,-0.7240536
-0.08404479,-0.16251898
0.35569835,0.8030433
-0.63633704,-0.83194375
0.5817032,1.3431022
-0.5704584,-0.7725972
0.94048095,1.7700346
0.5622813,1.3127362
-0.35134244,-0.57389164
0.17019735,0.3783142
-0.23403265,-0.43487057
0.99603134,1.7471639
-0.044618204,-0.07704304
0.35856155,0.8236222
0.27364692,0.61050403
-0.39679587,-0.62042993
-0.23106046,-0.40117705
0.0059598666,0.011595189
-0.5037801,-0.73311305
-0.602662,-0.794793
0.9325005,1.7852287
-0.43382373,-0.65301967
-0.31257087,-0.49960366
0.6422822,1.4719858
0.56771404,1.3360473
-0.6889318,-0.8322624
-0.6775487,-0.8271042
-0.6617904,-0.831585
0.13472714,0.29662436
0.6450182,1.4911476
0.4725703,1.0855837
-0.22745235,-0.40057176
0.1646364,0.3573362
0.4089992,0.95474076
-0.97865105,-0.843323
0.6463585,1.4859945
0.56786096,1.3202795
0.47746953,1.1107637
0.9286735,1.7608202
-0.9837074,-0.8527908
0.6491619,1.4909011
-0.06306107,-0.12173265
0.5174979,1.1869494
-0.93945134,-0.8689962
-0.8824838,-0.8556354
-0.7481087,-0.88224137
-0.6299623,-0.84268516
-0.7176236,-0.847464
-0.31944346,-0.5309439
-0.38238648,-0.60133237
-0.56777686,-0.7718185
-0.6938308,-0.8632951
0.3495301,0.80585337
-0.047882836,-0.11435628
0.9037562,1.777871
0.6483624,1.4885643
0.5039858,1.1718904
-0.8285565,-0.8914711
0.81830585,1.7265286
0.94635373,1.7910274
-0.85476357,-0.8727339
0.67632437,1.5259826
-0.15921667,-0.29221877
-0.36300778,-0.5746205
0.35510722,0.826248
-0.3684566,-0.6084107
-0.7791986,-0.8624648
0.3961828,0.9213282
0.31252787,0.6969384
0.5767871,1.3395352
0.12134807,0.25417763
0.59642065,1.3674995
-0.9854214,-0.8492107
0.5377406,1.2340027
-0.12440857,-0.23200494
0.1441329,0.30320922
0.77917784,1.6830354
0.5511657,1.275123
0.30180043,0.67830795
-0.70610243,-0.8622729
-0.49575245,-0.7484178
-0.30357683,-0.4892061
0.8675265,1.7787868
0.5483251,1.279175
0.0011125337,-0.0016849046
0.5179814,1.2107179
-0.4738865,-0.7205608
-0.70035315,-0.84356105
0.17373675,0.3701203
-0.15019044,-0.29019347
-0.082244396,-0.14595251
-0.6600608,-0.83059746
-0.27188435,-0.4700689
0.94993645,1.7735226
-0.84217566,-0.8879101
0.9678701,1.7736766
0.21420056,0.47447866
-0.17469099,-0.31376845
-0.9960698,-0.86472595
-0.12549539,-0.23231286
-0.1029036,-0.2061241
-0.5282724,-0.7417242
0.7150136,1.5962054
-0.24897821,-0.41042918
-0.7777852,-0.87925845
0.685607,1.534164
0.31287473,0.6986135
-0.89649093,-0.87369925
-0.8534181,-0.8891718
0.9496394,1.7502196
0.7351874,1.6338958
0.7641158,1.6879443
-0.8064331,-0.86341864
-0.7536986,-0.87248653
0.9744232,1.7599396
0.9830205,1.7608497
-0.06522085,-0.11468969
0.4616867,1.0644646
0.47280172,1.0947396
0.9800611,1.7853584
0.5597165,1.2985864
-0.35896888,-0.56518567
0.315896,0.71774507
-0.03254419,-0.06449418
-0.11554026,-0.21752973
-0.050090935,-0.1122168
0.80113685,1.714301
-0.3199254,-0.5252907
0.32195586,0.71851873
0.94517297,1.7865318
-0.33723325,-0.5514245
0.3952259,0.9062777
-0.72231895,-0.8451814
0.71578366,1.5834163
0.6664698,1.518695
-0.5798598,-0.78260726
-0.8026422,-0.8741721
-0.7463889,-0.8726187
0.7929407,1.7232356
-0.032230817,-0.056176536
0.49739793,1.1457165
-0.02584387,-0.057360314
0.7444937,1.6226313
-0.06884844,-0.13445522
0.7349775,1.6478556
-0.45934233,-0.7033281
-0.8727549,-0.87382793
-0.426276,-0.659111
0.23348163,0.5185999
0.72618246,1.6178178
-0.45688796,-0.68498
-0.8435823,-0.8929021
-0.13449487,-0.25860623
0.8610584,1.7539536
-0.13132808,-0.24362996
-0.35773212,-0.56434137
0.38638556,0.90893114
-0.16581962,-0.30412427
0.39807722,0.9115458
-0.7598756,-0.86878914
-0.084802836,-0.15944904
-0.8381997,-0.8601003
0.39487004,0.89360917
0.51965326,1.2137958
-0.71676266,-0.84703445
-0.8728979,-0.88606423
-0.18371966,-0.31907958
0.66817874,1.507257
-0.54328597,-0.7773814
0.15152565,0.32223612
-0.6271075,-0.81086683
0.30597937,0.67121994
-0.6134267,-0.8279585
-0.2778542,-0.4628646
0.44735354,1.0342209
0.28844774,0.65138054
-0.12853734,-0.23411143
-0.295734,-0.5129061
0.78164005,1.6827847
-0.70501715,-0.85492134
-0.047418986,-0.10149307
-0.0062235557,-0.016360227
-0.3329468,-0.53780204
0.7250198,1.5917696
-0.98194975,-0.84768504
0.6802896,1.5284728
-0.5089068,-0.73737484
-0.9696604,-0.8566494
0.035417184,0.07316435
-0.4616016,-0.692094
-0.10742205,-0.19993974
-0.37380794,-0.59094036
-0.38684094,-0.6279408
0.49328667,1.1418216
0.62805885,1.4331164
0.4638547,1.0580896
0.060142614,0.11397113
0.25579223,0.57894796
0.9497529,1.77151
-0.42304248,-0.64706117
-0.8183393,-0.8738053
0.47083414,1.0830624
-0.33945048,-0.54993397
-0.31387463,-0.53347766
0.8832155,1.7757589
-0.45275557,-0.6886354
-0.95254517,-0.8734187
-0.8340315,-0.8772228
0.5686233,1.3097124
0.65146726,1.4926537
-0.10652169,-0.19424014
-0.56566143,-0.8090637
0.508455,1.2152307
-0.7022479,-0.866345
-0.73026764,-0.85560566
-0.8335914,-0.8831488
-0.8490963,-0.87516034
-0.08981585,-0.1775976
-0.5756676,-0.77151144
-0.46584377,-0.70979124
0.071900636,0.15917008
-0.10058908,-0.20990117
-0.43644226,-0.66523814
0.94296277,1.761477
-0.71082526,-0.84943575
0.2346369,0.5215674
0.82352465,1.7364116
-0.92996484,-0.86938
0.27596873,0.61472607
0.7006299,1.5722756
-0.9163718,-0.88169795
0.43033934,1.0203307
0.5670547,1.305377
-0.86505854,-0.88160264
-0.9033381,-0.8693971
-0.031283457,-0.06605823
0.41838682,0.9683541
-0.20646727,-0.38662308
0.6460324,1.4756676
0.6575721,1.4884129
-0.6799611,-0.840643
-0.858054,-0.8627822
-0.37780488,-0.5828697
-0.6112634,-0.81381756
0.6016583,1.3622127
0.06571532,0.13892166
0.31966332,0.7199684
0.51584774,1.1885577
0.7307009,1.6234676
0.15024303,0.32373562
0.19709447,0.43672952
0.3505997,0.7944155
0.24998306,0.54878205
0.79320425,1.6953176
-0.848395,-0.885265
-0.41920108,-0.64134425
-0.9449734,-0.8704327
0.7385104,1.6179931
-0.01159183,-0.018139232
0.65501624,1.4975083
0.17035225,0.3867092
-0.77610654,-0.84858096
-0.8456052,-0.8633668
-0.9213589,-0.8621043
-0.430924,-0.66068953
0.84806854,1.7423892
0.5001874,1.1837528
-0.38309893,-0.6040316
-0.28555614,-0.4697743
0.15449385,0.33078593
0.7522673,1.6566722
0.52668625,1.2247875
0.76760364,1.6649005
-0.9694189,-0.84872854
0.95370305,1.7956682
-0.5123681,-0.7427605
-0.34855565,-0.5687711
0.289738,0.63240343
0.63885677,1.4683611
-0.3177093,-0.5215009
0.38559902,0.8909974
0.8492427,1.7480676
0.080595165,0.1635283
0.10423937,0.22080871
0.40946636,0.948948
-0.7435326,-0.8665567
0.42541173,0.9778684
-0.68034273,-0.860691
0.92172176,1.7863245
-0.6392209,-0.823802
-0.08640557,-0.17933635
0.5891045,1.3671362
-0.36458617,-0.5795304
0.04721697,0.091772616
-0.8634258,-0.88813674
0.47210532,1.1056004
-0.7895206,-0.8803245
0.45679215,1.0349355
-0.756871,-0.8703353
-0.7364036,-0.86310303
0.4538853,1.0526059
-0.34881657,-0.5741381
-0.41293883,-0.64077204
-0.41719836,-0.63892025
0.17536816,0.35778776
0.012686545,0.030973481
-0.8423348,-0.87012583
0.3005303,0.673597
0.50942725,1.1696525
-0.68418694,-0.8374423
-0.54006636,-0.747153
0.5892174,1.3499371
-0.05637178,-0.11121432
-0.34657565,-0.574051
-0.34914088,-0.5736125
0.93711954,1.7756394
-0.17565003,-0.30975908
0.45124274,1.05128
-0.5237335,-0.74557394
-0.052158404,-0.07946605
0.84973204,1.7381101
-0.85907614,-0.8836898
-0.82286775,-0.8772847
0.33269617,0.7524751
-0.88416547,-0.8776894
-0.088235736,-0.15983517
-0.09970924,-0.19802777
-0.53185046,-0.7357927
0.14668518,0.30444118
0.2306856,0.50135106
-0.82758844,-0.86712414
0.31544125,0.7255235
0.7264088,1.6112126
-0.20380709,-0.35151997
-0.97689754,-0.86040384
0.020087747,0.021494076
-0.95767057,-0.8484705
0.8151312,1.7085321
-0.10902879,-0.20594266
-0.96345294,-0.83732635
-0.047688197,-0.10252739
0.15278162,0.31445703
0.8133145,1.7124332
-0.5494976,-0.77957326
0.14541316,0.29962707
0.06707474,0.123153806
-0.78479946,-0.8650592
0.9234133,1.7598443
-0.3847681,-0.60334617
0.44819885,1.0212983
0.5701073,1.3215398
0.37972173,0.879814
-0.7637439,-0.871447
-0.24378379,-0.43681866
0.65754557,1.4973025
0.6451369,1.4689418
-0.510962,-0.7381847
0.07639821,0.1455741
0.64093566,1.4698223
0.2255575,0.493796
-0.5732917,-0.77697587
0.59763944,1.3892567
0.66295683,1.5112619
0.8378883,1.7395364
0.67444855,1.5209007
0.26773906,0.58877003
-0.06964644,-0.13101906
0.9959358,1.7587453
0.9632975,1.7688262
-0.042178266,-0.08268725
0.51628,1.1850713
-0.32780388,-0.5391018
-0.61291677,-0.81489706
0.81840503,1.7382444
-0.91641724,-0.8667253
0.48491076,1.1225115
0.6865338,1.5537376
0.44506693,1.0490276
0.76459974,1.6765211
-0.45067015,-0.68631035
0.57094383,1.326938
0.42834598,1.0187398
0.971087,1.7759151
0.8253041,1.7314167
-0.87297523,-0.8644745
-0.73769933,-0.8828397
0.99770814,1.7418562
0.22829027,0.48423243
-0.8117495,-0.893537
-0.34320253,-0.5598724
-0.23508881,-0.42557165
-0.85568494,-0.8882537
0.24186441,0.5182168
0.89454466,1.7768986
0.40513632,0.92090416
0.7170196,1.6087319
0.8482472,1.748746
0.9625986,1.7843709
0.62263,1.426593
0.032640588,0.075008646
-0.8596145,-0.8759144
-0.894015,-0.86812055
0.52576816,1.230249
-0.4935016,-0.7192385
-0.18487436,-0.3301456
0.607297,1.4045845
0.23288238,0.49784854
0.59842104,1.3842299
0.103524625,0.2257054
-0.5920409,-0.7980602
0.56323,1.291417
0.41002536,0.95010227
0.010741145,0.007567404
0.11364353,0.22279981
-0.8878825,-0.86348933
0.42103797,0.9771776
0.49281108,1.1361895
0.33302188,0.7606228
-0.10656107,-0.20340383
-0.95004076,-0.8528279
0.2963119,0.6972617
0.5139295,1.1846365
-0.25229594,-0.44066563
-0.1810167,-0.33953267
-0.6590741,-0.82474345
0.28901762,0.6467033
0.55238795,1.2787212
0.19863038,0.42890248
0.28726357,0.6388955
0.74447995,1.6355658
0.835322,1.7369195
0.35580704,0.8201195
-0.6628046,-0.827676
-0.76806897,-0.8703778
0.6731315,1.5406547
0.30212763,0.6871776
-0.5638254,-0.78416705
-0.58087474,-0.7810604
-0.8928444,-0.8650314
0.0120432265,0.025947379
-0.7607933,-0.873294
-0.2298294,-0.4173698
-0.5999538,-0.80703217
0.45777038,1.04229
-0.9895195,-0.8496634
-0.24298649,-0.42303753
-0.9105318,-0.86033946
-0.9008517,-0.8783398
-0.80861944,-0.87495214
-0.45090756,-0.66943103
0.5664164,1.3005624
0.090298414,0.19412775
-0.72086495,-0.87648803
-0.21918294,-0.39728096
0.8241105,1.723055
-0.15819171,-0.29721886
0.89648694,1.7656142
0.8384046,1.746536
-0.2057093,-0.36901432
0.29711288,0.65833414
0.57543576,1.3163885
-0.63971597,-0.8186246
0.060501955,0.13415883
-0.7937114,-0.87606156
0.0066374578,-0.014663522
-0.7433603,-0.8714813
0.5494458,1.2675749
0.23162486,0.5057966
0.29488602,0.67640394
-0.5085463,-0.72752905
0.21725719,0.4848671
0.49788532,1.166717
-0.37907475,-0.6072282
0.8939676,1.7687169
-0.24725373,-0.42895347
-0.28218085,-0.48532003
-0.22967228,-0.40955472
0.8061107,1.7234246
-0.38578117,-0.6052088
0.22727329,0.47984123
-0.47216293,-0.7033609
0.5516536,1.2910681
0.97692335,1.7723287
0.94761246,1.7756003
-0.76298946,-0.85563713
0.62260365,1.4260399
0.29511374,0.6614363
0.51286864,1.1704218
-0.23643646,-0.4139159
-0.3047526,-0.4916503
-0.13214718,-0.24632484
0.9939475,1.7569782
-0.67479914,-0.8442335
0.8381661,1.7475039
0.076403536,0.1518646
0.3183815,0.738367
-0.8236991,-0.86749655
0.6562722,1.502463
-0.8210233,-0.866537
0.3682775,0.84256244
0.273268,0.6042055
0.97805864,1.7676475
0.7528499,1.6643065
-0.23181447,-0.40970305
0.8114392,1.7172157
-0.84320474,-0.87742543
-0.45289558,-0.70260304
0.8610364,1.7476512
0.06182237,0.12164681
-0.39270517,-0.6071444
-0.6269793,-0.81437874
-0.18283884,-0.3411629
0.85500026,1.7578404
0.8633538,1.7603287
0.23802432,0.5210957
-0.82182103,-0.88444775
-0.14312313,-0.24129587
0.11647197,0.22807442
0.4811824,1.1111665
0.8250339,1.7405982
0.99206257,1.7474066
-0.17743848,-0.32741722
0.7678705,1.6600896
0.6548887,1.4953153
0.16677219,0.3630187
0.13730258,0.28157476
0.9630397,1.7847009
-0.24820212,-0.44082004
-0.1261864,-0.23133342
0.005059294,-0.0026882896
0.4333578,1.0074339
0.048067603,0.103567004
0.20047092,0.43017316
-0.23443054,-0.40702978
-0.8740474,-0.8733385
0.2162778,0.47234148
0.23981681,0.5387716
-0.38478577,-0.6187847
0.23800422,0.53857464
0.23583156,0.5264363
-0.2795245,-0.48867533
0.4608355,1.073761
0.17868346,0.38465485
-0.7966473,-0.8821548
-0.060357045,-0.10931618
0.75634634,1.6674975
0.52990246,1.2069243
-0.71731627,-0.85929877
0.9048226,1.7733502
-0.49803537,-0.7303841
-0.30668533,-0.51099205
-0.5885216,-0.7845291
0.45801473,1.0484611
0.11707623,0.23973744
0.14360431,0.299294
0.38440466,0.8881594
0.17739965,0.3781387
-0.31883818,-0.5212916
0.84972864,1.7602826
0.15414447,0.32838106
0.45914185,1.0659767
-0.6919122,-0.85091877
-0.2767771,-0.45175126
0.5510657,1.2684313
-0.32553783,-0.5526672
0.45164385,1.020057
-0.017509636,-0.03255282
0.59608513,1.3780175
0.48080197,1.1044781
-0.49444094,-0.72951806
-0.7001252,-0.84283185
-0.26267403,-0.44389957
-0.4743571,-0.7059311
-0.29260814,-0.49849746
-0.864806,-0.8825742
-0.09224745,-0.17219117
0.3350657,0.76511705
-0.30423567,-0.501725
0.36736023,0.8473879
0.3370456,0.7584252
-0.85334134,-0.87715715
0.62921405,1.4480454
-0.7818447,-0.8796661
0.01329377,0.026631191
0.78002095,1.6801499
0.83236396,1.7299206
-0.20126529,-0.37241864
-0.9999268,-0.85304743
0.13980298,0.29407012
0.9929185,1.7493057
0.33914807,0.7802634
-0.5803408,-0.796789
0.07817025,0.16069664
0.11666509,0.2483298
0.5126303,1.1820265
0.69466054,1.5598339
0.69024444,1.5291032
0.7236129,1.6209108
0.7874585,1.6982676
-0.25481078,-0.4127622
-0.24201365,-0.42338353
-0.07370748,-0.13539536
0.41751307,0.9729691
-0.9547135,-0.85754853
-0.20298561,-0.37758616
-0.83541864,-0.8573102
0.30906093,0.6956782
-0.39258766,-0.6223355
-0.8712584,-0.87558424
-0.7820602,-0.8576411
0.79282415,1.7097396
0.6998935,1.5814046
0.50371724,1.1676013
-0.4421254,-0.65685225
-0.0043660933,-0.010999615
0.883094,1.7547395
0.74303967,1.6381037
0.3940524,0.905973
0.5903813,1.3537831
-0.9576726,-0.8643302
0.45683017,1.051577
-0.03934575,-0.06454753
-0.62215525,-0.82001007
0.9172488,1.7827221
0.7403466,1.6424217
0.685125,1.5565076
-0.18227027,-0.3231514
-0.55543745,-0.76858747
0.3064823,0.6675646
-0.0006178126,-0.019138483
0.3507048,0.791175
-0.17507896,-0.32402706
0.85137,1.7455162
0.917179,1.7779143
0.5882541,1.3605034
-0.40139496,-0.64355123
-0.67591584,-0.8344426
-0.123256624,-0.22768526
-0.116395645,-0.22166891
0.64873785,1.4813231
-0.95801735,-0.8465034
-0.81871456,-0.87710744
-0.32351527,-0.5292804
-0.7567124,-0.8830886
-0.2374627,-0.41648215
-0.576423,-0.7913185
0.96469104,1.764061
0.039243106,0.07822296
0.2604744,0.58273643
0.6413564,1.4691232
0.024210755,0.052304
-0.102605365,-0.21844697
0.17370497,0.37863806
-0.690322,-0.8432361
0.62362903,1.4205267
0.27187124,0.6136107
0.86964536,1.7730459
0.4981817,1.1584878
-0.4204611,-0.65175736
0.644453,1.4729661
-0.8048459,-0.8870058
-0.76611704,-0.87573165
0.801228,1.7132025
-0.6887213,-0.8340996
-0.8233106,-0.870228
0.9518486,1.7547681
-0.17486249,-0.32763726
0.49077198,1.133811
0.49569595,1.1555454
-0.44035506,-0.6696576
-0.79866827,-0.8480047
-0.6823137,-0.8391193
-0.19806822,-0.35035133
0.91375834,1.781743
-0.23537195,-0.41029286
0.79584074,1.71621
0.6136078,1.4096496
0.07502777,0.14434144
-0.7780619,-0.8691973
0.44463065,1.0398136
0.38740742,0.8914725
-0.07366915,-0.14517285
-0.049063373,-0.06985421
-0.911594,-0.8831851
-0.27547112,-0.47022998
-0.14211282,-0.25623104
-0.6496546,-0.83162355
-0.596625,-0.7992696
-0.46263644,-0.6952241
0.018326413,0.0430483
-0.85235083,-0.87622637
-0.020729285,-0.03757563
-0.28210875,-0.4862106
0.030158611,0.06607122
0.10489004,0.20365801
0.6628853,1.5137067
-0.26438075,-0.42828333
0.6592792,1.5057846
-0.81827086,-0.8783868
-0.9477017,-0.85543615
-0.63485706,-0.8220996
0.116702355,0.26317954
0.57421404,1.341248
0.9276566,1.7747651
-0.46280414,-0.7019277
-0.3383345,-0.5517117
-0.49375716,-0.71912193
-0.37670943,-0.59640944
-0.21041287,-0.3633171
0.22974116,0.5248103
0.112044305,0.23248078
-0.8840449,-0.8893568
0.05353104,0.09960443
0.54484564,1.257261
0.3224622,0.7412099
0.30736268,0.675519
-0.8145915,-0.8764285
0.035234712,0.059562
-0.47369224,-0.70474154
0.536749,1.241013
-0.8910952,-0.89215374
0.21815369,0.4850037
-0.729128,-0.8719785
0.023709472,0.05065491
-0.9274904,-0.84860975
0.01466309,0.019959861
0.31153637,0.7095907
-0.3103979,-0.5252694
0.88487124,1.753515
-0.14188144,-0.24671082
-0.39224786,-0.6166284
0.62336373,1.4354314
-0.5835498,-0.80569786
0.5994295,1.3756151
0.7236409,1.6055359
-0.46265268,-0.693006
0.35932297,0.8294909
-0.10961784,-0.20202422
0.13376372,0.27986223
0.16865675,0.35577786
-0.59929687,-0.8057762
0.71305686,1.5919755
0.9687504,1.7633747
0.03406446,0.0670381
-0.7426381,-0.8547532
0.47114348,1.0874127
-0.67365307,-0.85066324
-0.91796196,-0.86603135
-0.06004935,-0.12399839
0.35877773,0.81730527
-0.0045248494,-0.021845901
-0.6130716,-0.8094857
-0.037335105,-0.07593629
-0.66990703,-0.84925765
0.8247833,1.7265921
-0.13646646,-0.25673735
-0.36610872,-0.56933916
0.5723078,1.3200115
0.09606406,0.21957164
-0.7249555,-0.85813624
-0.7775973,-0.8852582
-0.4645922,-0.6921162
0.52950335,1.2321373
-0.09695406,-0.17295991
-0.62596107,-0.8208889
-0.92205423,-0.85791004
-0.25709698,-0.43459103
-0.52970374,-0.7632136
0.89775765,1.7620714
-0.59789854,-0.81814986
0.40590382,0.94423074
-0.5418686,-0.7744409
-0.87096715,-0.8654702
-0.9786121,-0.8369566
-0.4665453,-0.67447215
0.815043,1.7298411
-0.5283135,-0.74303913
0.105471045,0.2212506
-0.5168629,-0.7561167
0.42701352,0.97491235
0.5348831,1.2361306
-0.58310455,-0.7855517
-0.8962831,-0.8783576
-0.7370532,-0.8702013
-0.017519793,-0.017322294
-0.19210714,-0.35277805
-0.7954699,-0.8879835
-0.76784414,-0.862208
0.11703943,0.25716582
0.98538256,1.7703284
0.85330874,1.7474759
0.7727526,1.6723157
-0.84801227,-0.8634463
-0.77284956,-0.8761398
0.41942662,0.9700598
0.7767918,1.6981407
-0.3982341,-0.6320346
-0.0038841942,-0.014254172
-0.21830568,-0.38922033
-0.7268655,-0.8584555
-0.15968809,-0.30425608
-0.15490977,-0.2967762
0.27390978,0.60782313
0.5032921,1.1756332
0.5721802,1.3289187
-0.6717478,-0.84451616
0.22763929,0.5069586
-0.53817064,-0.7703652
0.5492994,1.2747041
-0.012060071,-0.02413335
-0.2858138,-0.4714169
0.749108,1.6510481
0.73191696,1.6026845
0.8520709,1.740005
0.14792766,0.3202322
0.35135335,0.78193337
-0.14112477,-0.26213738
0.8014726,1.7049674
-0.025860379,-0.051503275
0.4750076,1.0954522
0.6865645,1.5588272
-0.13874574,-0.2613877
0.6772802,1.5382181
0.77365935,1.6834807
-0.97892904,-0.8627476
-0.1253973,-0.23168196
0.9118059,1.7700825
-0.89026976,-0.8708403
-0.11854306,-0.23346734
0.62764037,1.4370447
-0.033303805,-0.0615879
0.45859706,1.0660625
0.719198,1.5942215
-0.59377295,-0.7955248
-0.57726425,-0.7832522
0.4924514,1.1292164
-0.28550422,-0.5010546
-0.40252444,-0.6239247
0.22544645,0.48450163
0.9344384,1.7773371
-0.63532144,-0.82468796
0.42941794,0.98710513
0.34144285,0.79264987
0.5139223,1.1831554
0.07471135,0.14664924
0.543356,1.2672391
-0.9875434,-0.84382653
0.15697074,0.33828917
-0.7341047,-0.86108774
0.23591182,0.51543504
0.49974316,1.1498446
-0.11879249,-0.20736712
0.35065305,0.7882455
0.9331813,1.7565608
0.906389,1.7676713
-0.40310746,-0.6225016
-0.5927976,-0.81790566
0.29090568,0.6451374
-0.036012154,-0.061625317
-0.8091372,-0.89011824
-0.79083294,-0.8737959
-0.39640695,-0.6230625
0.9978617,1.7528625
-0.32567996,-0.5316324
-0.8253968,-0.89105743
-0.2975933,-0.49160948
-0.5693614,-0.7938294
-0.28894132,-0.49377292
0.020162793,0.037195295
0.86776084,1.7658519
-0.94244903,-0.8789568
0.4982544,1.1731591
-0.96822137,-0.8574644
-0.79120386,-0.8677428
-0.17434485,-0.3292213
0.7002003,1.5676042
0.13716337,0.26944968
0.28795284,0.6547794
-0.90388834,-0.88273805
0.66460204,1.4991778
-0.34063065,-0.55139345
-0.66110504,-0.8674807
-0.9134149,-0.87283665
0.7283944,1.6352652
-0.17542267,-0.32873303
0.52319753,1.2059635
0.0726267,0.1596807
0.14971074,0.3085218
0.92391074,1.7909123
0.33367023,0.76889837
0.18359263,0.40334934
0.11155735,0.22534132
0.07501938,0.15452693
0.92739755,1.7739407
-0.31173313,-0.5187397
-0.93511415,-0.86220485
-0.78932256,-0.8807153
0.5894993,1.3563449
0.84345865,1.7540654
-0.8589694,-0.8547917
-0.8109207,-0.8898594
-0.8062888,-0.8697675
-0.6431981,-0.82195425
-0.75721526,-0.8650186
-0.2568033,-0.44131267
-0.1946093,-0.354964
0.04639001,0.096340515
0.5749472,1.3275863
0.16532439,0.36158237
-0.824474,-0.8738145
0.61276984,1.3861016
0.49444735,1.1498742
0.533687,1.2411584
0.14534053,0.3210688
-0.16038732,-0.29385987
-0.65954494,-0.83955145
0.8962411,1.7820776
0.7379567,1.6240631
-0.50165236,-0.7435333
-0.3555609,-0.5690174
-0.8764305,-0.8634923
0.4907044,1.1356653
0.31706306,0.7098442
0.5757482,1.3443347
-0.7921053,-0.8706388
-0.7823533,-0.8771369
0.7015844,1.5777298
0.37521937,0.8500063
-0.3988782,-0.62256944
-0.10827772,-0.22422025
-0.16229303,-0.30572864
-0.032639515,-0.06581381
-0.24770193,-0.42885828
0.913047,1.7719635
-0.30156946,-0.49637917
-0.22148539,-0.38947678
0.6957548,1.5607549
-0.9803687,-0.8520406
0.56267846,1.310161
-0.5322514,-0.74999857
0.173258,0.3711429
-0.47824594,-0.69259554
0.7441339,1.6310012
0.84927464,1.765902
-0.63425356,-0.8368322
0.7665697,1.6578906
-0.7319596,-0.8745598
-0.12108192,-0.21504985
-0.96353525,-0.8621756
-0.2149478,-0.3841984
-0.83621675,-0.89255565
0.3156654,0.708764
0.34634998,0.7866342
-0.76494074,-0.8654486
0.60252386,1.3925848
-0.55996037,-0.7817219
-0.40022534,-0.64089006
-0.77592266,-0.875903
0.6707911,1.5400909
-0.0039858855,-0.0048538693
0.7092982,1.5766511
-0.14948367,-0.2912091
-0.21631189,-0.3932708
-0.08149317,-0.1592634
-0.02818049,-0.043471064
-0.23229559,-0.43413675
-0.075990565,-0.14325632
-0.039258856,-0.08666543
0.98154056,1.7691082
0.26135156,0.5844244
0.71157753,1.6126628
-0.023024017,-0.044208575
0.17195491,0.38718358
-0.93239,-0.8745795
-0.4279387,-0.66032606
0.6030513,1.3705107
-0.3247996,-0.53509706
0.44948822,1.0383273
-0.9420335,-0.85924155
0.115609884,0.24230185
0.9770004,1.7786341
0.42811215,0.9867054
0.39893338,0.923352
-0.034993708,-0.052474115
-0.43510988,-0.6472083
-0.17253564,-0.30996445
0.029600741,0.061486218
0.42879775,0.99497265
-0.6733508,-0.82552856
-0.2613111,-0.44918153
0.71363276,1.5961783
-0.98135763,-0.85791093
0.64224714,1.4609816
-0.89206135,-0.8687936
0.5518234,1.2706699
0.9798521,1.7662584
0.4929325,1.1416314
0.068452284,0.13510461
-0.7369471,-0.8731095
-0.8849662,-0.85141677
-0.19326358,-0.34191144
-0.17643961,-0.33405146
-0.53038883,-0.7274368
-0.19942155,-0.35558984
-0.42103824,-0.6572594
-0.8876943,-0.87715447
-0.10360157,-0.18007442
-0.031871345,-0.069826
0.40146488,0.92002296
0.101077,0.21759032
0.806852,1.7134421
-0.29779768,-0.48727745
-0.55614483,-0.77993137
-0.8638106,-0.88454807
-0.2263654,-0.4023584
-0.8967587,-0.8764302
-0.03466172,-0.0646429
0.78859305,1.6945473
0.074128255,0.14641461
0.31169072,0.7092443
0.75969505,1.6536119
-0.73116446,-0.85462576
0.10231114,0.19545278
-0.27910796,-0.4728774
0.17142372,0.36937958
-0.74081343,-0.8618958
-0.28115985,-0.47314236
0.41048956,0.9465796
0.14423136,0.32884833
0.4862183,1.1350967
-0.10504758,-0.18033902
-0.66142917,-0.83339167
-0.54015416,-0.7661563
0.53762656,1.2270746
-0.29685852,-0.49602425
-0.18496896,-0.3276889
0.6643789,1.4978286
-0.5624907,-0.7764969
0.62841,1.427676
-0.762741,-0.8625728
-0.7084121,-0.84899783
-0.28896368,-0.50734174
0.6401214,1.4499782
0.4488937,1.0189334
0.52820265,1.2300276
-0.6235582,-0.8127045
0.9538062,1.7817788
-0.8091832,-0.8884793
-0.78564656,-0.8794267
-0.28100556,-0.48569587
0.05958448,0.11344318
0.5050616,1.1634697
0.3221973,0.7170097
0.7748245,1.6843748
0.19808368,0.44646594
-0.85447675,-0.8694329
-0.061393287,-0.12302159
0.54328394,1.2594608
-0.03408198,-0.06304441
-0.7450977,-0.8653196
0.39954835,0.9104683
0.4583365,1.0666949
0.52299505,1.219558
-0.3110197,-0.52809864
0.3692337,0.8464348
0.47401524,1.0974653
-0.22614804,-0.39359674
-0.16693598,-0.3113657
-0.014872094,-0.010234841
0.2213298,0.47261557
-0.39486167,-0.6032202
-0.6739416,-0.8503995
-0.50691336,-0.7272881
0.06976623,0.13342434
0.49419367,1.1399075
0.74743235,1.6359344
0.7938744,1.6971401
0.14816566,0.30740675
0.72892046,1.6398537
-0.47739142,-0.69607675
-0.11692184,-0.22261018
-0.5594493,-0.7647694
-0.7262402,-0.8389506
0.3363233,0.77503115
-0.52941376,-0.73641974
0.13039382,0.28944466
-0.85573274,-0.86366177
-0.6695123,-0.8302022
-0.38702524,-0.6227824
-0.20954014,-0.3575356
-0.49043524,-0.7177565
0.4460195,1.0357448
-0.8761866,-0.8972283
0.11150437,0.22720286
-0.9450366,-0.84998304
0.810431,1.7291826
0.25956634,0.5858478
0.367968,0.8277237
0.4022677,0.9285489
0.07386778,0.15254901
-0.7762836,-0.86613744
-0.16066112,-0.2957526
0.49806648,1.1488949
0.96447057,1.7635105
-0.3836161,-0.6339769
0.2755408,0.61356634
0.96576685,1.7676541
0.14871272,0.3042428
0.6095767,1.3986369
0.18213229,0.42122695
-0.13294174,-0.25576124
0.3525011,0.8142855
0.72597075,1.6141483
0.5652287,1.3114952
0.75348824,1.6621846
0.9029908,1.7508333
0.49064475,1.1448854
0.6766087,1.5222484
-0.47359145,-0.69599473
-0.6848144,-0.8429538
-0.2298676,-0.42083636
-0.37920788,-0.58802116
-0.17190489,-0.30559722
-0.7170722,-0.8573394
-0.15891038,-0.26884845
0.6402652,1.4570286
-0.89815694,-0.8756143
-0.49122187,-0.70836943
-0.20929307,-0.3635324
0.16113243,0.3514686
-0.1294549,-0.25017226
-0.93249005,-0.8624435
0.27604118,0.64700836
0.4251119,0.9936226
-0.7704388,-0.8651317
-0.9719441,-0.81935745
0.10799539,0.23851481
0.73365813,1.6314073
0.49724317,1.1518158
0.0037703195,0.0028881447
-0.2995342,-0.5152845
-0.9493107,-0.86182296
0.56674427,1.307026
-0.54595155,-0.76613986
0.97594154,1.7674834
-0.85611814,-0.88370395
0.77727747,1.6929251
-0.50605017,-0.7339121
0.80266255,1.7067819
-0.12780453,-0.23122892
-0.53799367,-0.757355
-0.7856956,-0.885852
-0.74979454,-0.8828945
0.88410217,1.7648638
-0.4329222,-0.64651674
0.94415265,1.7802204
0.66386515,1.5155504
0.4781649,1.107546
0.43662244,1.0134207
0.7806898,1.6957302
-0.5485045,-0.7682067
0.8073695,1.7023315
-0.10219053,-0.20162976
0.5066766,1.1686634
0.57928705,1.3649607
0.6755461,1.5336841
-0.10039749,-0.19285825
-0.49452442,-0.73547846
0.73545396,1.6359859
-0.8747465,-0.87206626
0.15103741,0.324813
0.5331618,1.242225
0.7528377,1.6409265
-0.7592061,-0.8701578
-0.06864244,-0.13137983
0.38453275,0.8904424
0.81554145,1.7339153
0.2615602,0.5552573
-0.5228858,-0.7485469
-0.7255674,-0.8524026
-0.18274273,-0.3136337
-0.6590941,-0.8456411
0.40378168,0.9292729
0.054179206,0.11786843
-0.5101139,-0.7294541
0.23680933,0.5109787
-0.8108465,-0.88868564
0.26048228,0.5587084
0.33524704,0.75729895
-0.9662587,-0.86371094
0.34193045,0.7567962
-0.35437912,-0.5694368
-0.905306,-0.87492996
-0.14918786,-0.26941162
-0.28239766,-0.4762353
0.40486395,0.94069684
0.38823888,0.88862646
-0.1332526,-0.24819559
0.31419325,0.7085135
0.7113432,1.6005822
-0.8847241,-0.86838514
-0.70058656,-0.84801286
-0.06489862,-0.13899313
0.68289095,1.563456
0.01259067,0.020617876
-0.6342748,-0.82546014
0.8944152,1.7889442
-0.5519145,-0.7681495
0.65621495,1.4915473
0.9986679,1.7589641
0.2209622,0.4755716
-0.6135376,-0.82759744
-0.0022618566,-0.011838134
0.3587408,0.837054
-0.7228494,-0.8692821
0.9534307,1.7696095
0.9146147,1.7778294
0.01188629,0.029621148
0.6319531,1.452359
0.98094416,1.7533909
0.33744952,0.78284234
0.1754373,0.37816173
0.2168582,0.48777455
0.06550889,0.12367268
0.8098067,1.7231847
-0.7229725,-0.8545937
-0.037335783,-0.081057616
-0.96981496,-0.84680456
0.7817539,1.67462
-0.37423897,-0.6078606
-0.054233313,-0.098431505
0.27757668,0.60652125
-0.7566873,-0.862448
0.50435245,1.1604755
0.015193283,0.03820282
-0.8670382,-0.8951098
-0.69596994,-0.8542179
0.18647282,0.4101028
-0.13595496,-0.23393726
0.81824195,1.7186408
0.3302558,0.7314383
0.19003092,0.4016094
0.44812903,1.0437952
0.02786572,0.07598982
-0.038189393,-0.081597224
0.9573517,1.7816617
0.7984665,1.7080983
-0.64255786,-0.82241935
-0.59254587,-0.79987806
-0.47088784,-0.71104074
0.4605809,1.0804894
0.87177414,1.7591045
-0.7492907,-0.8756426
0.9900806,1.7592496
-0.35168454,-0.5718029
-0.31190634,-0.49934107
0.06660328,0.13854341
-0.80678177,-0.8772492
0.8464345,1.759087
-0.9612007,-0.85676956
-0.98586994,-0.84116846
0.9410278,1.7791686
-0.19627081,-0.3422452
-0.50430095,-0.7199065
-0.4474328,-0.68608147
-0.012793102,-0.036327913
0.7895399,1.686019
0.4938303,1.1504472
-0.65354776,-0.817869
-0.3156438,-0.54241693
-0.15147783,-0.26048887
0.9781711,1.772818
0.5579739,1.2814418
-0.019853944,-0.042922117
-0.50501746,-0.7404079
-0.6877057,-0.8355524
-0.65766424,-0.82706577
-0.33383873,-0.5515841
0.055248838,0.11329686
-0.65888953,-0.8271465
0.4700905,1.0877235
0.87105113,1.7550715
0.05469483,0.11118442
-0.26928,-0.45847183
0.39792445,0.90507334
0.38110957,0.87130195
0.6323305,1.4489038
0.86618966,1.7610118
-0.31612483,-0.5127397
-0.7398769,-0.8598439
0.811243,1.7248728
-0.6330992,-0.8329424
-0.29163527,-0.49755454
-0.15667476,-0.28507268
0.71953654,1.6032306
0.16859242,0.3721275
0.19567306,0.4328363
0.54100233,1.2348114
0.9963876,1.7556908
0.9288083,1.7814754
-0.738716,-0.88582474
0.96909904,1.7714586
0.44873497,1.066641
0.27251625,0.6039296
-0.20697913,-0.37364328
0.9843321,1.762903
-0.36895755,-0.5810112
0.8966001,1.7819774
-0.28812417,-0.49592426
-0.7159874,-0.85503256
0.25895718,0.57263345
0.7578226,1.6531754
0.8953722,1.781086
0.63840264,1.4855437
-0.20561157,-0.36891717
0.55028355,1.270255
-0.95600563,-0.869875
-0.6325767,-0.8102696
0.14684191,0.33567294
-0.43210176,-0.67671645
0.34690154,0.787076
0.37634408,0.84063816
0.23191385,0.51801914
0.41241148,0.9443338
-0.37797078,-0.61172444
-0.5648648,-0.78482515
-0.9788038,-0.86401874
0.31491497,0.7242215
0.17083931,0.37666214
-0.3350541,-0.5362305
-0.3057453,-0.51694465
-0.57699084,-0.78335655
-0.31183445,-0.51531965
-0.39462075,-0.6160654
0.9439531,1.7704026
0.0035434233,0.013024312
0.16377853,0.36118978
-0.9581197,-0.85581285
0.65483534,1.4951338
0.5102792,1.2030054
0.02678995,0.06210329
0.55458385,1.2778
-0.67258847,-0.8446406
-0.1046372,-0.18147929
-0.5201367,-0.71736467
0.18444325,0.39441705
0.24488279,0.5480646
0.97085416,1.7711924
-0.9617892,-0.85222244
-0.28384978,-0.4900094
0.895285,1.7782665
0.9383749,1.7679902
0.13973476,0.28029385
0.13467902,0.29490972
-0.1519795,-0.26155186
-0.5737926,-0.7889476
-0.8506085,-0.87826806
-0.2327177,-0.41732475
-0.3095232,-0.51480705
0.10717267,0.2241018
-0.3054209,-0.5197761
-0.1392176,-0.26425713
0.21043545,0.44094375
0.41185138,0.93247014
-0.973842,-0.8722865
-0.57772684,-0.7946218
-0.6225226,-0.8190193
-0.16522135,-0.2984868
-0.83970886,-0.8688641
0.8040901,1.6984967
-0.15256211,-0.27084237
0.6641305,1.5067022
0.8442331,1.7538661
-0.59244424,-0.79104656
-0.008552382,-0.014711537
0.9402788,1.7797612
0.6420514,1.475351
-0.91447926,-0.8451453
0.9368869,1.8043088
-0.95364434,-0.86306447
-0.93202215,-0.85190535
0.28851512,0.64837164
0.2674133,0.6029788
0.65388983,1.4839525
-0.39267078,-0.6070311
-0.032664098,-0.058274504
0.70924807,1.5999885
0.5111027,1.1802497
-0.15006956,-0.30379024
0.7039188,1.5992868
-0.03517655,-0.07577813
0.06093266,0.12450405
0.1719302,0.39013347
-0.25471303,-0.4507844
-0.42589176,-0.64943254
0.3577577,0.8379605
-0.6857032,-0.8439142
0.0014775916,0.024166495
-0.3628892,-0.5831823
-0.2388223,-0.40672523
-0.07691708,-0.14897314
-0.5933231,-0.8056958
-0.020846752,-0.039072845
0.46995988,1.0674777
-0.53057724,-0.7620887
0.70594275,1.5805714
-0.13158347,-0.24144347
0.49041474,1.1561805
0.36005244,0.8199729
-0.18563269,-0.342481
0.622902,1.4335657
-0.9401292,-0.87036765
-0.47844946,-0.72377986
-0.9768067,-0.8581687
0.5858082,1.3428476
-0.73076963,-0.8552864
-0.18157355,-0.33582726
0.22147405,0.49448463
0.94055915,1.7688857
0.99962574,1.754316
0.7399433,1.6400658
0.07523276,0.149162
-0.7350552,-0.8741304
-0.2777891,-0.46589488
0.73062485,1.6121548
0.9139556,1.7616361
0.31473303,0.7031185
0.61181414,1.4015142
0.5975732,1.3894658
0.9254694,1.757409
0.61757416,1.4346355
-0.27325642,-0.47513247
-0.04642004,-0.08811489
-0.5107177,-0.72797495
-0.68816704,-0.85039526
-0.2937956,-0.505368
0.34616807,0.8062081
0.18779747,0.40511444
0.50418836,1.1667944
0.7890289,1.7171323
-0.89878136,-0.87797254
-0.50126475,-0.7488821
0.5609836,1.3159984
0.84613395,1.7377906
0.8725218,1.7835561
-0.6302829,-0.81834716
-0.7961429,-0.8768151
0.8629924,1.7459548
-0.86715055,-0.8718085
0.3241683,0.7245091
-0.20241347,-0.3562321
-0.4428108,-0.67160875
-0.45319098,-0.6698612
-0.28214365,-0.48821992
-0.27482277,-0.4822046
0.63071156,1.4400978
0.06338043,0.13415384
0.8830341,1.7829871
0.27891704,0.61972654
-0.18338218,-0.3336398
0.064974554,0.13553709
0.8788325,1.7580115
0.6688509,1.5054433
0.84877634,1.7496885
0.41546205,0.96684027
0.26522645,0.5883573
-0.5088875,-0.7257737
-0.2938404,-0.5115495
-0.88406414,-0.87657404
0.1514228,0.30252108
0.27911127,0.6283196
0.50149745,1.1550661
0.71208364,1.6001166
-0.40945497,-0.66878307
-0.6457608,-0.8180782
-0.7653079,-0.88615465
0.08557186,0.17251694
-0.46519226,-0.70429236
-0.6062914,-0.7990272
0.11315469,0.24078242
0.2026061,0.45077583
-0.7194166,-0.85553336
0.047921363,0.09320803
-0.8121116,-0.8875523
0.5758179,1.3381646
0.17377597,0.38072208
0.19378442,0.4148419
0.4336841,0.99299204
-0.56921655,-0.778609
-0.6257067,-0.80467933
-0.37452844,-0.59785354
0.15915072,0.33956644
0.64940995,1.4797267
0.98002166,1.7484833
0.6432337,1.4824227
-0.0147617385,-0.031582024
0.15192886,0.31676972
-0.43358308,-0.6801086
-0.55402976,-0.76313
-0.7156082,-0.8499975
0.036056206,0.07504731
-0.64696294,-0.8230072
-0.89255,-0.8758039
-0.6399162,-0.83753824
-0.22867067,-0.3894431
-0.547468,-0.75716233
-0.55917287,-0.7833812
-0.50611895,-0.7229825
0.7697318,1.6854641
-0.8345141,-0.8776663
-0.355666,-0.58018386
-0.21032211,-0.36980134
-0.43872076,-0.66766775
-0.2384805,-0.42293787
0.2581395,0.5866523
-0.72056633,-0.85157835
-0.27995023,-0.4736312
-0.7236344,-0.8635038
0.46069726,1.0808998
0.72481585,1.6056632
0.109904215,0.23664875
-0.88137937,-0.881805
-0.110721864,-0.19400953
-0.1608105,-0.29932958
0.5971676,1.3748076
-0.88720024,-0.87732136
0.9462741,1.7660897
-0.57337123,-0.76597047
0.64074665,1.47237
0.58350176,1.3501049
0.5345125,1.2353922
-0.7430731,-0.86072326
-0.83467054,-0.8894791
-0.10596657,-0.21342535
0.47783,1.1009631
0.36218938,0.8358697
0.55164516,1.2878709
-0.76255816,-0.8697929
-0.14697492,-0.27355844
-0.07208385,-0.13925645
-0.5142973,-0.73242676
0.1531695,0.30761516
-0.9182599,-0.86542267
0.551075,1.2856554
-0.56821024,-0.77339894
0.48257744,1.1232142
-0.85304517,-0.8727285
-0.005831214,0.0042211725
-0.55689627,-0.77936894
-0.21904641,-0.3879852
0.77007216,1.6727777
-0.1061297,-0.18884583
-0.45499593,-0.68816525
-0.393007,-0.6280414
0.26967412,0.5951926
0.47645056,1.0901988
-0.91805214,-0.8716879
-0.0040641795,-0.009155108
-0.15819693,-0.30337325
-0.22518823,-0.40293446
-0.18287516,-0.33437172
0.41534656,0.966652
0.99766594,1.7439287
0.95132333,1.7621534
0.41285172,0.9488786
-0.5154119,-0.7326288
-0.98621655,-0.849552
0.5534353,1.2878398
-0.038313694,-0.0825116
-0.4403196,-0.66678107
-0.15843987,-0.28534526
0.49219495,1.1336251
-0.90655935,-0.8795914
0.019011222,0.018126369
-0.24090588,-0.41546875
-0.58623135,-0.80116993
0.7888696,1.6943123
0.44375932,1.025271
0.5086566,1.1860895
0.36973655,0.84069824
-0.3837287,-0.6103325
-0.9418746,-0.85120213
0.19536777,0.44134858
-0.3383696,-0.5484072
-0.44817477,-0.66578436
0.35608122,0.81633836
-0.29056278,-0.49319908
0.95018494,1.7809689
0.81167334,1.7148693
-0.9102226,-0.88092613
-0.7914631,-0.8842925
0.10533388,0.21077058
-0.945496,-0.8599763
-0.10868052,-0.20434512
-0.19073616,-0.3668293
0.30898726,0.695045
-0.11910866,-0.21493995
-0.69983476,-0.83715576
-0.64190286,-0.81659466
-0.23558626,-0.42654556
-0.5054407,-0.7293266
0.6823491,1.5410583
0.9999788,1.7640728
0.5775341,1.3230568
-0.33895653,-0.55081385
-0.070472345,-0.1230417
-0.09474321,-0.19924481
0.8394715,1.740369
0.20136565,0.42853788
0.4303944,1.0012784
-0.37086573,-0.5907716
-0.9098486,-0.862813
-0.5586639,-0.78212243
-0.70528954,-0.8568254
-0.094412945,-0.1823024
0.11562257,0.24726558
-0.63480765,-0.8199745
-0.19407411,-0.36113414
0.039787695,0.08271832
-0.43231496,-0.6805149
-0.1695479,-0.30359492
-0.97105205,-0.869501
-0.1995654,-0.35098782
0.26747918,0.58951086
-0.04706478,-0.08648701
0.13264453,0.2913221
0.55160207,1.2694155
0.995893,1.7660085
-0.16314873,-0.30901518
-0.6571048,-0.83293957
0.9557374,1.7644569
-0.42924276,-0.6757235
-0.4761687,-0.7026618
0.7381673,1.6413974
0.7858213,1.6892403
-0.32566532,-0.5302402
0.29520136,0.65341866
0.3794579,0.87600344
0.046209116,0.0648611
0.19471008,0.43639615
-0.28225547,-0.4854268
0.4135623,0.94191545
0.7815723,1.6828012
0.7302678,1.6390762
0.6295327,1.4484708
-0.6885845,-0.85033077
0.52754736,1.2510495
-0.67025733,-0.8335937
0.5962577,1.3793597
-0.3541551,-0.5624748
-0.7246995,-0.84876376
0.45536858,1.0487813
-0.07017974,-0.14606456
0.101389095,0.20280075
0.7202517,1.6056744
-0.2671379,-0.45927557
-0.44155112,-0.67763823
-0.20448601,-0.37434873
0.26466152,0.602471
-0.5507593,-0.77413905
0.5897817,1.3510381
0.76574576,1.6657541
0.821492,1.7204487
0.2321042,0.5041391
0.8766473,1.7657086
-0.7282761,-0.8565345
0.1200767,0.28376862
-0.10507281,-0.18110313
0.9601423,1.7583183
-0.8193702,-0.88011014
-0.19952141,-0.35243252
-0.67255384,-0.8374683
-0.29107872,-0.49795425
0.7417529,1.6453875
-0.549262,-0.77649117
-0.011715727,-0.02920467
-0.5908301,-0.79987335
0.95848334,1.7653134
-0.84689164,-0.8640304
0.69812626,1.5740618
0.86434215,1.764923
0.55553985,1.2822546
-0.2608982,-0.42354122
-0.20550019,-0.37953514
-0.9398158,-0.85524803
-0.6098017,-0.7888491
0.8605194,1.7619419
0.4555226,1.0574692
0.10114075,0.20886396
0.98042476,1.7691402
0.52166915,1.2109762
0.22787383,0.51860994
0.03595951,0.06752185
-0.06898458,-0.14037533
0.71182334,1.5822536
-0.034858882,-0.05269476
-0.12827492,-0.23439941
-0.5381575,-0.74438554
0.27520508,0.6124133
-0.9384362,-0.8785453
-0.4917625,-0.7089467
0.051010277,0.11358536
-0.3808407,-0.6121768
0.027937828,0.046849336
-0.52682585,-0.7563339
0.71782047,1.5990115
-0.77686256,-0.87234044
-0.5588723,-0.7693932
-0.073751725,-0.1459817
-0.122620165,-0.20904197
0.34336346,0.80214256
0.4135286,0.9566217
0.31320658,0.7113174
0.27616596,0.61182165
-0.100941055,-0.17948695
-0.1070635,-0.20019574
-0.8224881,-0.89220876
-0.9947817,-0.8497856
0.70890427,1.5878499
-0.9791667,-0.8392985
0.8135197,1.6982875
-0.5818125,-0.7867254
0.12176424,0.25752467
0.8618014,1.753355
-0.23690426,-0.4187751
0.60959095,1.4138458
0.15707317,0.3371282
-0.13924652,-0.28281772
-0.6784448,-0.8446246
-0.6593494,-0.8298192
-0.3773904,-0.6079925
0.7907906,1.6814831
-0.63069624,-0.80863994
0.5679567,1.3106612
-0.7812193,-0.8720091
0.62633395,1.4181622
-0.86132294,-0.8660005
-0.55473065,-0.78378606
-0.5385238,-0.74549276
0.6477157,1.4728184
0.17453934,0.381199
0.27570063,0.62522686
0.6385889,1.4491304
0.52480614,1.224351
-0.96621925,-0.84860057
-0.36736864,-0.6078086
-0.43014377,-0.6643839
0.59890515,1.3672496
-0.9805564,-0.8710305
-0.96493995,-0.8581497
-0.60060495,-0.80578566
-0.53548455,-0.763472
-0.66819644,-0.8482095
-0.8284548,-0.8948989
0.32137817,0.7278941
-0.6841807,-0.8403882
0.27230462,0.6120873
-0.082868695,-0.17536095
0.71939147,1.6112014
-0.46173346,-0.6811297
0.9714731,1.7907184
0.11020337,0.22470397
0.9316886,1.7828494
0.29945862,0.6903621
-0.52320766,-0.74053556
-0.3990285,-0.59557277
-0.6832689,-0.8486661
-0.14658505,-0.2754104
-0.3421364,-0.5769899
-0.4994166,-0.726827
-0.59882635,-0.8011592
0.672475,1.528039
0.6780961,1.5404532
0.08413732,0.17336136
0.21291503,0.4698244
-0.1600207,-0.2960097
0.2521411,0.565795
0.57562935,1.3185225
-0.020295842,-0.047116198
0.5827451,1.3506082
0.7850546,1.6998518
0.9807035,1.761187
0.92869353,1.773184
-0.5027272,-0.731449
0.22202364,0.4794987
-0.28624773,-0.48756006
0.39971417,0.93046075
-0.6003781,-0.80365413
-0.4461764,-0.6789048
0.9388695,1.7740788
0.21407056,0.48754087
-0.5996723,-0.79345185
-0.2131897,-0.36993563
-0.28430235,-0.4771665
-0.535761,-0.7510755
-0.8814343,-0.8672939
0.9586478,1.7891688
-0.25765726,-0.44291577
0.09158747,0.1934081
-0.19163615,-0.3308861
0.41868916,0.96777105
0.49318218,1.1554074
0.7998737,1.7051859
-0.35996255,-0.59434587
0.9605326,1.7581853
0.59370166,1.3878516
-0.619043,-0.7855166
0.004912495,0.010363004
-0.3183941,-0.53371805
0.0249346,0.054039307
-0.37920773,-0.6100527
-0.51425225,-0.71906453
0.48396143,1.1156527
0.032431073,0.052830026
0.09957201,0.21005078
-0.15085924,-0.27113304
0.82350796,1.7307417
-0.9056592,-0.85805327
0.5676954,1.3155869
0.61312044,1.407196
-0.21647155,-0.3569793
-0.86290926,-0.873678
0.56594783,1.3043553
-0.09856853,-0.19767636
0.2386438,0.5163767
0.60852253,1.3719232
-0.66678673,-0.826242
-0.26850095,-0.46172518
0.3848848,0.8911013
-0.3148745,-0.52163833
-0.2610354,-0.4738372
0.4854062,1.1243542
0.4909796,1.1383222
0.2012971,0.4536791
-0.17669573,-0.3112254
-0.22350895,-0.39603087
-0.41422978,-0.6431118
-0.8489606,-0.88601446
-0.9086124,-0.8806504
0.8440277,1.7397039
-0.74457175,-0.8687421
0.22523619,0.49693242
-0.4546364,-0.68733966
0.272203,0.6116866
0.39306113,0.8992403
0.56955904,1.3257467
-0.8177103,-0.858413
-0.7934372,-0.8634179
0.61400205,1.4024165
0.8669172,1.7554449
-0.48371315,-0.69962615
-0.3844408,-0.6258258
0.8362689,1.7385794
0.5838257,1.3501018
-0.5242549,-0.7501461
0.16511181,0.3533263
-0.3713951,-0.59102553
-0.115104094,-0.21595724
0.40873998,0.9338354
-0.5017933,-0.7109257
-0.8512346,-0.87850374
0.9862677,1.7632414
-0.14593132,-0.2728047
0.460398,1.0675159
0.9953686,1.7463751
-0.9235976,-0.8807762
-0.11239718,-0.20496303
-0.96132797,-0.86624396
0.29964268,0.6719281
-0.6676445,-0.82139003
0.8805729,1.7803375
0.7498425,1.6405542
0.30714354,0.6974114
-0.6777186,-0.8579703
-0.31031534,-0.50489944
0.9601579,1.7721118
-0.36855522,-0.5792123
0.9867915,1.7620639
0.64642704,1.4726197
0.06345083,0.1280677
0.7019127,1.5718743
0.947565,1.7789669
-0.42144778,-0.65816516
-0.76643825,-0.87152445
-0.8347001,-0.8774516
0.21981372,0.46712607
-0.34926644,-0.5786242
-0.23107283,-0.42254058
-0.68895906,-0.8513198
-0.8286823,-0.8794383
-0.36075592,-0.5742468
-0.65060633,-0.839771
-0.866068,-0.89086014
-0.92184377,-0.87407035
-0.8817437,-0.87207985
0.44054696,1.0364355
0.22153702,0.48806477
0.3852017,0.874014
0.6322519,1.4533328
0.24356715,0.5404912
-0.041477516,-0.080878496
0.634214,1.4397544
0.25217697,0.5640253
0.4005126,0.91717005
-0.1340986,-0.25433016
-0.09971511,-0.18019813
-0.10515471,-0.19310975
-0.4280325,-0.66883636
0.23598458,0.53638667
-0.119906366,-0.21446896
-0.9052976,-0.88066345
0.3994057,0.89727664
0.0063330717,0.016263222
-0.6210718,-0.8124084
-0.88589156,-0.88470745
-0.61680615,-0.7943605
0.021213181,0.04178341
-0.8698097,-0.877556
0.23174717,0.5146672
-0.4564113,-0.67403173
0.929833,1.7795074
0.57859516,1.3392171
-0.77756685,-0.8880988
0.42735726,0.9871354
0.6629351,1.5211706
0.73493814,1.6204584
0.093171865,0.19601966
0.7249642,1.5814302
0.52691287,1.2376341
0.1324242,0.28037423
-0.15570362,-0.2877885
-0.9958185,-0.8381639
0.22948407,0.5088668
-0.5101334,-0.7314151
-0.54487497,-0.77540976
-0.7148537,-0.8446736
0.36688367,0.8510263
0.35776204,0.82043576
-0.16545846,-0.2867797
-0.06311864,-0.1218836
0.52095884,1.2050673
-0.6927581,-0.8471389
-0.5402659,-0.74816954
0.8847989,1.7649692
0.99717313,1.7479168
0.02466135,0.039356366
-0.07530895,-0.14493077
-0.8352669,-0.8765349
0.3432452,0.77112144
-0.063325815,-0.14245272
0.07680549,0.15566051
0.86398035,1.7622385
0.84104806,1.762167
0.83511287,1.748494
-0.80316305,-0.85306054
-0.23248166,-0.41269678
0.32792747,0.74862033
-0.7238928,-0.86191916
0.8806607,1.7925304
0.15206195,0.33182585
0.19323283,0.39707467
-0.74631506,-0.87331027
-0.96481436,-0.870889
0.2865366,0.6560538
-0.5711674,-0.7911897
0.6384421,1.4656558
-0.9003555,-0.8746454
-0.6563296,-0.83784163
0.5599551,1.2881277
-0.9711239,-0.8584466
-0.5171176,-0.7409761
0.45026472,1.0395167
0.39138883,0.9046541
-0.59196794,-0.8145602
0.5836569,1.3347313
-0.16089284,-0.28722703
0.39998505,0.910271
-0.07116693,-0.15275234
-0.9808857,-0.84687096
-0.9900492,-0.84771085
0.9782117,1.772381
-0.59404236,-0.8248029
0.7149059,1.5792979
-0.5435129,-0.7575287
-0.095967546,-0.17709377
0.9684445,1.775988
-0.7317579,-0.8571021
0.107352465,0.22635853
-0.27708074,-0.47854424
0.14045744,0.2807615
0.04903397,0.11980698
-0.73946196,-0.8751075
0.13524933,0.29949552
-0.27554956,-0.4764687
-0.48489743,-0.7156956
-0.7204855,-0.8679773
0.33376607,0.75886774
0.43699476,1.0156074
0.63488525,1.4372088
0.63603014,1.4617379
0.99033564,1.7736259
-0.51805496,-0.7371064
0.13162193,0.2876692
0.14188182,0.30093634
0.072247215,0.14433222
-0.29297477,-0.49201182
-0.6436165,-0.83836824
0.1512378,0.32112867
-0.7018513,-0.8701637
-0.97603184,-0.8631264
0.32230884,0.74191666
-0.1217396,-0.25296283
0.92198956,1.7840781
-0.31576064,-0.50481236
0.9830725,1.7638286
-0.9819716,-0.85890067
-0.8826796,-0.8696661
0.32656634,0.7261785
0.26994467,0.5947808
0.08470151,0.16303036
-0.6142223,-0.82432437
-0.8101192,-0.8687947
-0.88026434,-0.8779406
0.5487927,1.2790997
0.7598367,1.663937
0.6415571,1.4520711
-0.70011795,-0.8556308
0.55964005,1.287508
0.96120656,1.7661062
0.22883837,0.50349724
-0.23275429,-0.41134176
-0.8122307,-0.87566954
-0.3950256,-0.62026584
0.17199042,0.36132494
-0.16346356,-0.29799375
0.026199311,0.07045554
0.36739147,0.8352249
-0.13620268,-0.26779902
-0.61216146,-0.8123306
-0.84518206,-0.87062764
-0.162597,-0.29112026
0.76069874,1.6664798
0.35863262,0.83502513
-0.5301493,-0.73769367
0.00031026118,0.011934612
-0.5651479,-0.78152484
-0.7242499,-0.8328478
0.55894595,1.2888203
-0.14617328,-0.2612011
-0.8882205,-0.88162
0.6358985,1.4641005
0.8723946,1.7697285
-0.31402397,-0.5259226
-0.008747112,-0.038227715
0.51746684,1.2234367
-0.92640775,-0.85149604
0.83361465,1.7543648
0.9962395,1.7388073
0.010474553,0.030994404
0.067618385,0.13823123
0.037892953,0.07302017
0.6484054,1.4722965
0.049578298,0.11611977
0.30872554,0.70020306
0.30084416,0.67793834
0.06158274,0.13057351
0.85154325,1.7542641
0.7055855,1.5918214
-0.85750246,-0.8988976
-0.18305026,-0.33504757
0.17099401,0.35513765
0.56991065,1.3220633
-0.2814215,-0.4942635
0.23016916,0.49520993
-0.12604266,-0.23245838
-0.7522412,-0.8715101
0.989948,1.7609503
0.3578382,0.8052261
-0.4108517,-0.6414767
0.31248292,0.7056403
-0.4526013,-0.69622266
0.43913877,1.0089285
-0.52821416,-0.7488626
0.9388696,1.7722418
0.09032644,0.18005511
0.6097,1.4062406
0.41258207,0.9462757
0.7366316,1.632462
0.6714519,1.5287261
-0.87983,-0.8701675
-0.40874016,-0.63552123
0.115364864,0.24160108
0.665574,1.5121436
0.7522653,1.6647518
-0.20055431,-0.36581743
0.50096506,1.1769543
0.28467342,0.6333999
0.8335766,1.7442491
0.7333322,1.6267601
-0.50674963,-0.72589886
-0.313816,-0.55048645
-0.4510159,-0.67533726
0.03570897,0.070892364
-0.8652718,-0.8712967
-0.27782115,-0.47063938
0.8490789,1.7599308
0.5317307,1.2245426
-0.3375268,-0.57111573
-0.117396995,-0.23673783
0.42175883,0.968669
0.86491734,1.7520589
0.54364836,1.2664928
0.9597158,1.7836441
0.98488003,1.7675747
-0.6159389,-0.8180411
-0.9483082,-0.86242783
0.675563,1.5364984
0.7851087,1.706196
-0.09301868,-0.16648832
-0.8707075,-0.86644024
-0.65980434,-0.8315032
-0.76802963,-0.86071205
-0.64472055,-0.82001936
-0.8368329,-0.8941761
-0.7662757,-0.8684467
0.41329452,0.94456995
-0.9330892,-0.8743926
0.7279294,1.6182982
0.66690147,1.514928
0.2375795,0.5228502
0.83441794,1.7273086
-0.8213893,-0.87990075
-0.48848316,-0.72845036
-0.039477862,-0.07427502
-0.72667813,-0.8620261
0.25310624,0.5685507
0.6666048,1.5045193
0.69844013,1.5818272
-0.39783287,-0.6226587
-0.6999942,-0.8188402
0.55634195,1.2811629
-0.29095966,-0.47532693
0.3076749,0.68674827
-0.8417995,-0.8682452
-0.02169405,-0.03787859
-0.40245262,-0.644799
0.35605663,0.81004274
0.22254726,0.4989586
-0.09296054,-0.1791342
0.8654087,1.7703472
0.09060926,0.19479203
-0.97206783,-0.84222835
0.04909186,0.10573975
-0.87744606,-0.8857862
0.9220738,1.7773311
0.48353693,1.1241754
-0.98489225,-0.8480209
-0.024405954,-0.055592395
0.88655823,1.7673368
0.5966335,1.3826782
-0.4538447,-0.68330985
0.35334882,0.78258216
0.5354972,1.2559235
0.29765278,0.6655302
0.79248625,1.6845131
-0.5317293,-0.7534445
0.4930781,1.1386638
0.20737267,0.444751
0.93203,1.7782695
0.36786434,0.85576916
-0.13337544,-0.24366246
-0.76779747,-0.8855381
0.2733021,0.6082877
0.9164845,1.7720158
-0.3358265,-0.545482
0.31469822,0.6923299
0.5718739,1.3297328
0.750523,1.6399279
0.5309491,1.2269068
-0.1705288,-0.30150044
-0.9832857,-0.84538317
0.17836304,0.39147118
0.10501048,0.23030181
-0.15424909,-0.28650337
0.26703036,0.58584034
-0.91615635,-0.86740446
0.818167,1.7347047
-0.39051202,-0.61577225
-0.75616306,-0.8562389
-0.6070551,-0.8099892
0.19513908,0.42294478
0.5565183,1.2787251
-0.6873248,-0.85718316
0.36306888,0.83221704
-0.69766426,-0.8645848
0.43472776,1.0046359
0.37941656,0.8697915
0.72058344,1.6113957
0.3347042,0.7701126
-0.8660571,-0.87254316
0.68684524,1.5720072
0.30688366,0.6936503
-0.57870585,-0.77095157
0.87945163,1.7429329
0.75805926,1.6628534
-0.15196426,-0.28373465
0.18302073,0.40027213
0.33957204,0.77570057
0.689135,1.5626332
-0.28990763,-0.48295733
0.35597953,0.8144807
0.4202737,0.9583591
-0.26213422,-0.44538987
-0.15112926,-0.2906286
-0.15249856,-0.28948057
-0.18761648,-0.3335622
0.07868026,0.16523364
-0.9097229,-0.8811554
0.9940372,1.7417755
-0.38663518,-0.61079913
0.08203978,0.1684498
-0.42762902,-0.66250795
0.87218595,1.7703546
0.9496883,1.7737659
0.95957077,1.7816126
-0.1295215,-0.23575811
0.21055916,0.44571584
0.6433666,1.452664
-0.6957714,-0.8428035
-0.23608997,-0.40199515
-0.3864751,-0.6058691
-0.024634153,-0.0570772
0.59514356,1.3880435
0.25607347,0.57475746
-0.7674211,-0.86153877
-0.59285426,-0.7908027
-0.73488057,-0.8682195
-0.5652906,-0.7783144
-0.9383949,-0.8663936
0.7654024,1.6887323
0.6884282,1.5566804
0.11021217,0.23768821
0.5392484,1.2517574
0.99982136,1.7383233
0.16372119,0.34327498
0.22771206,0.5011498
0.7278913,1.5987356
0.06030242,0.11814881
-0.8999398,-0.8708642
-0.30865118,-0.51773024
0.43580988,1.0116714
0.40874475,0.9493294
0.9882557,1.7465732
0.48288172,1.1217556
-0.8564211,-0.8821666
0.90968245,1.7671319
-0.93770605,-0.8710003
0.28831628,0.65228045
-0.48751232,-0.7304014
-0.50815237,-0.7422587
0.13660787,0.28695878
-0.9422947,-0.8576357
-0.43887767,-0.6742339
-0.5321411,-0.7617069
-0.18951806,-0.3454237
-0.91096437,-0.85697347
-0.3508502,-0.5502161
-0.64280784,-0.8250623
-0.58670944,-0.81908673
0.6598909,1.5107915
0.98795205,1.7478731
-0.12263266,-0.22547743
-0.8076286,-0.89149886
0.55232066,1.2694464
0.6687618,1.5177258
-0.41342184,-0.6379133
-0.096098825,-0.20756072
-0.2912464,-0.501564
0.9454081,1.7836107
0.69124585,1.5498431
-0.4546262,-0.6955688
0.33748096,0.7631753
0.24465688,0.55814266
-0.035378765,-0.060980037
0.4318083,1.0016521
0.6565436,1.4943564
0.8921468,1.778571
-0.06170854,-0.11204237
0.3037876,0.67858833
0.47672147,1.098151
0.018482644,0.034873165
0.65101415,1.4948992
-0.963686,-0.84752077
0.39444065,0.9034158
-0.64432406,-0.8351603
-0.2014086,-0.3518693
0.64865315,1.478031
0.6097574,1.4144084
-0.087114684,-0.16610079
-0.9376286,-0.85896415
-0.24615599,-0.434556
-0.3169387,-0.5116022
-0.59854543,-0.8124898
-0.7383025,-0.85829186
-0.3664508,-0.5976732
-0.17771661,-0.30881238
0.45486352,1.0413027
0.13538398,0.30637062
0.12594406,0.28481293
0.69520915,1.5734553
0.80292714,1.7197233
-0.20135666,-0.35306326
0.68654794,1.5437876
0.64084625,1.4613322
-0.54860216,-0.7618405
-0.90037465,-0.8596163
0.84370404,1.7542936
0.9700643,1.7506548
0.19530341,0.43292007
-0.31522304,-0.5292492
0.32255572,0.7379252
-0.8955739,-0.87983435
0.5035563,1.1787032
-0.58594614,-0.7860554
-0.8080376,-0.87823296
0.80120486,1.6992012
0.11658123,0.2586603
-0.019619765,-0.036748834
0.2341574,0.5158612
0.989668,1.7595202
-0.6149451,-0.82362705
-0.57832843,-0.78125995
0.41337422,0.95039636
0.6521393,1.4878777
0.8733868,1.7666597
0.5991763,1.365035
0.04819258,0.07863117
0.42844576,0.9732422
0.067364454,0.13143732
0.3118927,0.7023032
-0.8452737,-0.8951657
0.29148343,0.6413473
-0.36349523,-0.5838331
0.077075034,0.14815898
-0.7301474,-0.8694925
0.09788201,0.21653618
0.33009088,0.7524406
-0.5994922,-0.8182382
-0.803805,-0.8759902
-0.24585284,-0.42362037
-0.090967804,-0.16426788
0.2783487,0.6292533
-0.64515793,-0.82324874
-0.059998482,-0.115816124
0.8328897,1.7435392
-0.16840687,-0.2980291
-0.6551506,-0.8346594
0.6831644,1.5365554
-0.15328643,-0.28354308
0.26057532,0.5760812
0.7625185,1.6638556
0.2446807,0.52234674
0.68689734,1.5608954
0.3015071,0.68160826
0.62904036,1.4541452
-0.086729035,-0.1756335
0.9599108,1.7762437
0.0852141,0.17543036
0.36443293,0.8345955
-0.6158197,-0.8059106
-0.17562698,-0.310783
-0.0679423,-0.13628508
0.652646,1.4834906
0.54760283,1.273512
0.08500408,0.14591873
0.6102939,1.4129845
0.6221464,1.4323189
0.31944072,0.7250926
0.8851559,1.7710767
0.71332735,1.5771607
-0.56518054,-0.781229
-0.30987787,-0.5147192
-0.7471379,-0.8652777
-0.15204443,-0.2586861
-0.3203783,-0.5357552
0.56828594,1.3203276
0.608576,1.3869379
-0.08596569,-0.17485376
0.019682882,0.054149024
0.7507281,1.6456622
0.059899095,0.12431913
0.86339855,1.7620937
0.6712479,1.5372659
-0.09491044,-0.18118252
0.8701818,1.7565322
0.56828713,1.3087337
0.9145034,1.7778754
-0.5822101,-0.78273016
0.38144502,0.8687211
0.8417359,1.737993
-0.99594337,-0.8358944
-0.8053553,-0.86683416
-0.75749505,-0.8546127
-0.18781592,-0.337346
0.75016296,1.6530164
-0.041380525,-0.07699167
-0.83745724,-0.89998996
-0.5630903,-0.76549375
-0.30068305,-0.49662572
0.76226133,1.6683452
-0.59858316,-0.7986031
0.40770525,0.94080424
0.69836295,1.5910935
0.025803687,0.03417475
0.23136565,0.5057821
0.079305515,0.1650785
0.52281505,1.2259427
0.04559526,0.096908465
0.8854565,1.7625642
0.7303832,1.6119516
0.4999497,1.1628698
-0.3352464,-0.55355966
0.20619732,0.47179943
-0.7426912,-0.86389816
-0.20709667,-0.3760987
0.08304643,0.19147137
-0.3068025,-0.5226032
-0.81761134,-0.8772411
-0.3746314,-0.6044047
0.845041,1.7408512
0.21886192,0.48405474
-0.60714585,-0.7973296
0.5918608,1.3733884
0.8117566,1.7123923
0.118445866,0.26252472
-0.13466169,-0.24574499
-0.2798313,-0.5004288
-0.67021453,-0.83266324
-0.8894183,-0.86330104
-0.5667929,-0.7785817
-0.032995645,-0.05914466
-0.8966102,-0.85482913
0.95834196,1.7461898
0.3902931,0.90275025
-0.3129529,-0.5303648
-0.14361493,-0.25433785
0.97732157,1.7612435
-0.29285178,-0.490451
-0.6926046,-0.8659146
-0.12998058,-0.23438203
-0.6025546,-0.8161089
0.17546917,0.37607473
-0.23852462,-0.4046175
-0.47157457,-0.69394976
-0.4142755,-0.6456643
0.92428035,1.7620624
-0.24580991,-0.4294137
0.8761692,1.7604443
0.10374289,0.21251513
0.12581176,0.25914538
-0.83161336,-0.88249445
0.9545889,1.7704169
0.049069155,0.11978461
0.7031449,1.5666302
0.37706867,0.8758743
-0.025744881,-0.038508784
0.3811044,0.85153043
-0.780106,-0.8822437
-0.8840907,-0.87672794
-0.28951335,-0.48829865
-0.61804473,-0.82845145
0.7705061,1.6731335
-0.39956367,-0.6224167
0.32341608,0.7179151
0.8224889,1.7296611
-0.87624365,-0.8857321
0.41819775,0.9629439
-0.97897613,-0.8586535
0.71785355,1.5973985
0.96954095,1.7638373
-0.5375163,-0.7413203
-0.67761475,-0.8226429
-0.0023481322,0.016091235
0.9028764,1.7511287
-0.401119,-0.62207574
-0.36479327,-0.5892229
0.24028008,0.5209544
0.42990395,1.0080689
0.084646806,0.17484614
-0.5527653,-0.76051646
0.8053553,1.724418
0.045204513,0.09915877
0.8927391,1.7683932
-0.04624241,-0.09355593
-0.7263769,-0.8606663
-0.26630518,-0.44276786
0.08668155,0.19100222
-0.6131012,-0.8128479
-0.1879387,-0.3397222
-0.7872405,-0.8572725
0.78459924,1.6797006
0.9149525,1.7573982
-0.08782988,-0.17639668
0.78955513,1.7187679
-0.645353,-0.8403131
-0.86163557,-0.8871052
-0.34536612,-0.559636
-0.52268404,-0.74429715
-0.52870744,-0.7394261
0.5568369,1.3034402
0.6295427,1.439711
0.12649938,0.27204385
0.44411957,1.0301021
-0.43321905,-0.67078096
0.3960698,0.9164122
0.5092515,1.1839541
0.88744974,1.7733599
-0.82560617,-0.8846788
0.69410145,1.5752245
-0.67699724,-0.85390353
-0.1425799,-0.27229446
-0.9874881,-0.8267464
0.9061759,1.7707374
0.92667896,1.7774413
0.9147567,1.7743341
-0.8209868,-0.8898193
-0.38123533,-0.61911434
-0.20167314,-0.36541367
0.9573771,1.7685177
0.5723004,1.3163615
0.2944486,0.66652346
-0.2308011,-0.3961187
0.94915175,1.7772759
0.4233364,0.97343326
0.040494915,0.09279256
0.033012766,0.07315309
-0.8470594,-0.8631526
-0.24202307,-0.42844823
-0.72445965,-0.86924595
0.4761813,1.112865
0.7533411,1.6528336
0.8617242,1.7606527
0.9545578,1.796012
-0.56974924,-0.79186654
0.027934514,0.0607302
0.47046825,1.0930247
0.28972933,0.66298246
0.999141,1.730578
-0.49090323,-0.72309077
0.17472246,0.38350803
-0.4582487,-0.68765587
0.3426937,0.781451
-0.4193564,-0.65510386
0.44893986,1.045551
0.2767909,0.63129246
-0.65267026,-0.81530124
-0.55024207,-0.76666087
-0.036917683,-0.07274226
0.40540692,0.9365409
-0.6854211,-0.8550574
-0.42888024,-0.66130614
-0.75208837,-0.8772621
-0.81971675,-0.87413746
-0.1397262,-0.26610422
-0.5531585,-0.76920915
-0.41766644,-0.64557713
0.25761,0.5712981
0.35476395,0.825348
-0.9320552,-0.8574296
-0.31707937,-0.520712
-0.28243157,-0.47096592
0.75443935,1.6491618
-0.09913001,-0.19570167
-0.31394398,-0.51662123
-0.64728796,-0.83819854
0.68630356,1.542922
0.7546225,1.653274
0.9487285,1.7452751
0.7719941,1.6695653
0.54041004,1.2624277
-0.011627613,-0.021855095
0.44669813,1.0401562
0.2019801,0.44813094
0.50167876,1.1560433
0.41212758,0.92986876
-0.088054106,-0.16730228
-0.054093264,-0.10783883
0.3056887,0.68317735
0.73119855,1.6157889
-0.093631625,-0.16745132
-0.24884999,-0.44065464
0.70495933,1.5856191
-0.41997388,-0.64172995
0.8313387,1.7482505
0.07997479,0.15301053
-0.27486947,-0.47184956
-0.19834559,-0.3304631
0.0902605,0.21500756
-0.35687956,-0.5569498
0.5506691,1.2841978
0.9626629,1.77342
0.6423185,1.461251
-0.7560522,-0.88626564
-0.34177396,-0.5488821
0.028732201,0.05405985
0.76601434,1.6552345
-0.07302143,-0.13581707
-0.3574699,-0.54808366
0.55134404,1.2833073
0.4784798,1.105907
-0.71825486,-0.85240585
-0.6717019,-0.8478154
0.015697729,0.027265439
0.716026,1.6030431
-0.44099933,-0.68677706
0.2676317,0.60006136
-0.14325435,-0.26676232
-0.9528197,-0.86091334
-0.059647273,-0.12132005
0.2713733,0.6216665
0.73218673,1.612553
-0.42442068,-0.65775526
0.18102126,0.39579788
0.85261935,1.768048
0.2038813,0.43298057
0.8146854,1.7279782
0.18568484,0.40047002
0.22039838,0.5066106
0.43633434,1.015683
0.50010586,1.1590434
0.016333032,0.01988976
0.29589593,0.6657283
0.39272076,0.901667
-0.6850853,-0.87135965
-0.3924854,-0.61966056
0.7883834,1.7111455
-0.52031094,-0.7385518
0.27507067,0.61477554
-0.8927932,-0.87523675
0.6461146,1.4715647
0.18349957,0.39112765
0.00971369,0.023604669
0.4825633,1.115399
0.52510947,1.221215
-0.5074187,-0.7261103
0.9516341,1.7573439
0.8231059,1.7162368
-0.5755423,-0.79355437
-0.34399188,-0.5653332
-0.24988104,-0.44221717
0.56723326,1.3057116
-0.33196625,-0.55429995
0.33833817,0.7620589
0.3157226,0.7203754
0.13170783,0.2743573
0.24118198,0.54284513
-0.54563653,-0.75304705
-0.6952014,-0.8454766
-0.32783392,-0.55483717
-0.023597261,-0.054509778
0.066797994,0.14471708
-0.6525295,-0.8157005
0.40115675,0.90498114
-0.80581164,-0.8687748
0.9736919,1.7568265
0.58191943,1.3283591
0.804106,1.7200849
-0.07345395,-0.15506713
0.90771705,1.7612121
0.9685826,1.792873
-0.05049892,-0.115271516
0.6739901,1.5157996
0.3414696,0.77635735
-0.59468985,-0.80617404
-0.19388756,-0.34532273
0.4332968,1.0064483
-0.6863686,-0.8574306
-0.35572216,-0.55419916
-0.34305856,-0.5755162
-0.16800246,-0.30954167
-0.99939644,-0.8432992
-0.39579758,-0.62209386
-0.5808375,-0.7826524
0.8790546,1.7742255
0.6691275,1.5183401
0.05266165,0.11882448
-0.81832373,-0.89226997
0.8933044,1.7738538
-0.21714173,-0.37551162
0.53897804,1.2507827
-0.5483403,-0.76932687
0.259233,0.5759313
-0.12219773,-0.22693104
0.01412331,0.03048381
-0.59598535,-0.79213583
0.7449635,1.6487979
0.3763675,0.86035144
-0.18156928,-0.32641318
-0.26720616,-0.4624283
-0.88533884,-0.8927052
-0.21071002,-0.361424
-0.54589295,-0.7487646
0.6831371,1.5460829
-0.40664056,-0.63789475
0.16415846,0.3478061
0.29610074,0.6805663
0.22370356,0.4848354
0.24118538,0.5259691
0.57470626,1.307932
-0.11530129,-0.21060126
-0.6885302,-0.83293146
-0.010348149,-0.015562867
-0.97122043,-0.8588381
0.4542435,1.0337121
-0.807979,-0.8727014
-0.4346864,-0.66116345
-0.29471833,-0.5031884
0.7088074,1.5855675
0.53844345,1.2561216
0.7304856,1.6281649
0.9874388,1.7650102
0.13505735,0.30065888
-0.7097758,-0.8536724
-0.004983099,-0.0032789896
0.70269835,1.5733081
-0.4059674,-0.64356923
0.1525853,0.33204833
-0.68831515,-0.84375876
-0.6909354,-0.85436445
0.20488606,0.45760962
0.88948417,1.7683281
-0.4813837,-0.7295321
0.36608195,0.83890176
0.56753737,1.3007689
-0.48298892,-0.74308294
-0.51819986,-0.74484825
0.60866815,1.4081792
-0.85828036,-0.88225824
-0.34893838,-0.5658858
0.04715822,0.09306321
-0.4617813,-0.69472927
-0.79602957,-0.89295405
0.7950063,1.679744
-0.09562078,-0.18041705
-0.67243576,-0.8472474
0.94251096,1.7616149
0.8107501,1.716768
-0.45008734,-0.69365555
-0.92517537,-0.86898845
-0.35179096,-0.5976922
-0.79477304,-0.86395746
-0.12439356,-0.22296911
0.13013718,0.26673666
-0.8804644,-0.87193215
0.95604897,1.7661357
-0.0054046786,0.011772357
0.30693662,0.6773863
-0.47034264,-0.68855894
0.1989914,0.4431381
-0.04211675,-0.09411549
0.71172005,1.6026067
-0.5672765,-0.7849356
-0.99374294,-0.8522571
-0.6402343,-0.82308865
-0.5490854,-0.76932853
-0.12137451,-0.22635962
-0.24676208,-0.4360688
-0.45055255,-0.68048996
-0.41978177,-0.63852566
-0.5897038,-0.80614734
-0.8467048,-0.8751656
0.5500553,1.2691994
-0.93022776,-0.8733675
0.25245857,0.5849056
0.7238419,1.6259093
-0.2495349,-0.43928623
0.20915085,0.45219508
0.25210723,0.55178446
-0.75878304,-0.8618971
-0.55609655,-0.78576785
-0.5824127,-0.7869794
-0.77713984,-0.8498213
0.3260774,0.74123406
-0.07800445,-0.13944656
-0.2531372,-0.42930976
0.730005,1.6151576
0.89571846,1.7587405
-0.019464236,-0.028300788
0.68733835,1.5613201
0.828834,1.7549086
-0.3789538,-0.60303324
-0.9562787,-0.86895514
0.45091513,1.0454663
-0.40275317,-0.6374739
-0.953235,-0.8513628
-0.19923021,-0.34930682
-0.03606796,-0.064268254
-0.21163197,-0.38272274
-0.44802082,-0.6796911
0.7155715,1.5813121
0.017709034,0.026148776
0.58013403,1.3352115
-0.32576036,-0.5492809
-0.39318398,-0.6244498
0.6019547,1.3897647
0.81663024,1.7137442
0.45703915,1.0488153
-0.32206744,-0.5311246
0.8798656,1.7657236
0.49335822,1.149502
0.22488917,0.50424355
0.038248695,0.08402492
0.26869288,0.60879743
-0.9155142,-0.86487794
0.3027707,0.6514209
-0.42442554,-0.6623142
-0.18625005,-0.35052842
0.15877494,0.34042698
-0.39904976,-0.6299438
-0.6036381,-0.79588735
-0.5784992,-0.8053274
0.94165456,1.7617831
-0.69406587,-0.85592437
0.49332494,1.1503751
0.87071455,1.7592012
0.7884675,1.7026868
0.0777935,0.15956724
-0.25833303,-0.44567597
-0.046880573,-0.08958187
-0.956971,-0.8804148
0.34294572,0.7856932
0.21552393,0.46980017
-0.14297603,-0.25893387
0.9503605,1.7914037
-0.6535158,-0.81957424
0.16367143,0.35119554
0.11723903,0.25387585
-0.7845499,-0.8824527
-0.052003387,-0.11490458
-0.9037769,-0.88265264
-0.15030296,-0.26954314
-0.9639472,-0.86240333
-0.7007058,-0.8530151
-0.07822067,-0.15092374
0.4930459,1.1693712
0.0124499565,0.0098497635
0.061609015,0.12505713
-0.24025728,-0.41394004
0.20868917,0.45959735
0.6409856,1.4631007
0.81560695,1.7183754
0.9875756,1.7685713
0.5041499,1.1591936
-0.77172494,-0.8708543
-0.7070692,-0.86340666
-0.0035534415,-0.014375129
0.35067475,0.7945251
-0.743613,-0.8681867
-0.20372763,-0.3683191
0.16575475,0.3579504
-0.59939444,-0.7955016
0.39817145,0.9209286
-0.3226651,-0.53313494
-0.45726845,-0.6870013
-0.8539816,-0.8769094
0.36504444,0.83510953
-0.5661279,-0.7771
-0.76241654,-0.8863088
-0.39308706,-0.63303703
0.45907843,1.0647494
-0.43420824,-0.6601667
-0.93975645,-0.8825711
0.21690887,0.47968736
0.16082707,0.33757448
0.73694426,1.6345043
-0.66915023,-0.85146564
0.8969896,1.7925273
-0.8997875,-0.86996883
0.13639255,0.30081978
0.56132996,1.2981467
0.52643293,1.2299677
0.31478485,0.7171457
0.92554873,1.7707815
-0.1422238,-0.266193
0.31598517,0.7296212
-0.75611156,-0.85801667
-0.2889108,-0.50303334
-0.76474,-0.8611081
0.1359849,0.2863985
0.76652634,1.6677926
-0.2840669,-0.48568514
0.39191508,0.9094554
-0.49694306,-0.7120089
0.112629935,0.24501124
-0.71054953,-0.85734385
-0.97995627,-0.8493599
0.9813558,1.75909
0.6785965,1.523378
0.26111302,0.5836804
-0.4678379,-0.6848865
0.48995447,1.1473181
-0.7957764,-0.87981457
0.26522708,0.5894745
0.6076742,1.400465
0.34625137,0.7882725
0.52231425,1.2077702
-0.8519583,-0.8741938
-0.9203608,-0.8770974
-0.13686575,-0.25079954
0.58314055,1.3616738
-0.3989841,-0.6319375
0.4775567,1.1094569
-0.8564395,-0.87549037
0.31088096,0.7092855
0.84770554,1.7429613
-0.07952762,-0.16854168
-0.8851366,-0.85578614
0.4419708,1.0298587
0.76744246,1.662939
-0.27440542,-0.48571214
-0.25603274,-0.44790533
-0.33945128,-0.55168873
-0.7874714,-0.88505816
-0.38756427,-0.60993886
-0.1508966,-0.27744249
-0.16312356,-0.29636523
-0.587694,-0.77625376
0.110954426,0.2467007
0.0809913,0.15901858
-0.2363045,-0.42508116
0.8697307,1.7535595
0.93094057,1.7703372
0.35915473,0.82928425
-0.42999294,-0.66243875
0.8765423,1.7625118
0.44247758,1.0379134
-0.11861898,-0.22051771
0.75797427,1.6644098
-0.6916559,-0.86344147
0.33021423,0.7490033
-0.4439995,-0.67882115
0.10243225,0.20232266
-0.4192495,-0.6511587
0.15921544,0.33472613
-0.13998698,-0.25327933
0.16607693,0.3576093
-0.84763116,-0.8791463
-0.9935653,-0.85938233
0.56680864,1.3211958
-0.44980517,-0.6968299
0.3903985,0.8909465
-0.9220641,-0.87177974
0.32318553,0.73703754
0.43152615,0.994314
0.4165537,0.95182556
0.7016003,1.5841283
0.7263483,1.597186
-0.59920007,-0.7948962
0.15731831,0.34257287
-0.95873356,-0.8602668
-0.8227696,-0.87788707
-0.16221863,-0.3012229
-0.92310685,-0.8783573
-0.30819827,-0.52700603
0.27924114,0.6146086
0.6308514,1.4338018
-0.12917985,-0.23168126
-0.0292609,-0.0510998
-0.9878575,-0.84941846
0.7328815,1.6001816
0.9682158,1.7621157
-0.09793109,-0.18010433
-0.39287907,-0.61922836
-0.64822143,-0.8394363
0.4494955,1.0368154
-0.17739746,-0.31416088
-0.32323813,-0.5152494
0.18094714,0.40294343
0.62268174,1.4270976
0.41751328,0.9529848
0.6222372,1.4230483
0.06202291,0.14024292
0.15157998,0.32326487
-0.97373044,-0.87656575
-0.13885786,-0.27734894
0.60644144,1.3869213
0.24145472,0.5053523
0.3830717,0.88781404
-0.7024034,-0.83090794
0.8283215,1.7444078
0.4982879,1.167149
0.7949014,1.7129055
-0.42318156,-0.664774
0.1687297,0.3620545
0.60723233,1.3991022
-0.1684748,-0.2899912
-0.3200399,-0.53738153
-0.1898204,-0.33500475
0.2739226,0.60488814
-0.26146507,-0.46241885
-0.5599302,-0.78630775
0.014158488,0.011950435
-0.8631228,-0.8789219
0.8097042,1.7262039
0.86580527,1.786125
0.96844345,1.7757875
0.513658,1.1844239
0.60494184,1.4046247
0.67761934,1.5424839
-0.6534898,-0.8340662
-0.58927494,-0.8058351
0.6400502,1.4471803
-0.1659925,-0.31148934
0.58365107,1.3501792
-0.7109123,-0.84268135
-0.90233314,-0.88084644
-0.20521127,-0.36482927
-0.45710352,-0.68175715
0.62341046,1.4248054
0.83414525,1.727383
0.30747187,0.6937287
-0.7890807,-0.8860542
-0.9696326,-0.86955947
0.557203,1.3068537
0.7430293,1.6327612
0.895634,1.7773038
0.43520766,1.0091249
-0.936328,-0.8772379
-0.0423512,-0.08038875
-0.019937612,-0.036294293
-0.9144048,-0.86897326
0.821741,1.7298392
0.5277395,1.2305173
-0.5895302,-0.7911046
0.3042946,0.69228566
0.6255497,1.4238623
0.7082193,1.5686051
0.7358365,1.6229184
0.56929517,1.317169
0.23824736,0.5346058
-0.82766885,-0.8588686
-0.47767973,-0.71422195
0.065799296,0.14752875
-0.26492557,-0.45464867
0.42241982,0.96906763
-0.7633705,-0.867163
0.8867834,1.7734823
-0.32195026,-0.53028303
0.03510859,0.08521099
-0.32978436,-0.5488973
0.5970527,1.3812385
-0.6919335,-0.86694616
-0.29080474,-0.5068392
0.23040226,0.5071023
-0.9082291,-0.87961984
0.22137246,0.4990512
0.39239213,0.91016895
0.900967,1.7784286
0.950564,1.7725965
-0.47746292,-0.7166989
0.33778974,0.7381377
-0.832635,-0.8868346
0.44311208,1.0289813
-0.3336207,-0.5594947
-0.57486093,-0.77146983
-0.964156,-0.8549835
0.05162041,0.11254634
-0.6415838,-0.81232166
0.15949541,0.33288693
0.022051753,0.041757375
0.23732907,0.5307518
-0.51139927,-0.7521215
-0.7640787,-0.86752653
0.5657837,1.3224102
0.98255724,1.7674345
-0.24045065,-0.4170058
-0.22533706,-0.41153917
0.73166996,1.621248
-0.6516456,-0.8447584
-0.30853826,-0.51616365
-0.44247434,-0.67208403
-0.7471436,-0.8750429
0.08731181,0.19501746
0.25385353,0.5502179
0.7571038,1.6822625
0.29691568,0.6754045
-0.8993712,-0.8650296
-0.9023386,-0.8719521
-0.88212186,-0.891979
-0.49395993,-0.72836554
-0.4984682,-0.72906506
0.5517438,1.2774986
-0.90139186,-0.88036394
0.220119,0.49983126
0.1929217,0.40994996
0.025319723,0.04807722
-0.9540521,-0.8697763
0.65043294,1.482257
-0.24429168,-0.44522008
-0.10347046,-0.20123492
0.34026498,0.7844501
0.32698286,0.7424272
-0.44729948,-0.69253665
-0.9771347,-0.84875387
0.6107964,1.4109517
0.5127263,1.1933155
0.28230974,0.6359767
0.8697719,1.7779294
-0.5912054,-0.785037
-0.7928082,-0.8834848
0.99774563,1.7464557
0.73683256,1.62169
-0.9168312,-0.8684439
-0.3394751,-0.54903275
0.035474874,0.05779522
0.25646627,0.5727886
-0.16709873,-0.31269947
-0.8248324,-0.8896393
-0.053989485,-0.10398823
0.09356764,0.21403664
-0.370631,-0.5934376
-0.6825913,-0.83602005
0.03600446,0.07502573
-0.44453233,-0.6759287
-0.5218458,-0.74057716
0.44763222,1.0304778
0.11902129,0.23638842
0.48636186,1.1155523
-0.1039787,-0.19850762
-0.8450678,-0.8750823
-0.014998054,-0.027731558
0.1905813,0.40764618
0.55342835,1.2828946
0.16584982,0.35166046
0.59155947,1.3532386
0.025390606,0.032899775
0.22397919,0.4891047
-0.95490235,-0.851814
0.7229715,1.6081262
-0.66894525,-0.85451937
0.4782424,1.1203958
-0.11043907,-0.2162038
0.78445125,1.6681517
-0.39119264,-0.6186946
0.944019,1.7857457
0.47164643,1.095335
0.22917861,0.4939157
0.88177514,1.7575463
0.079722986,0.1763113
-0.27293935,-0.4735428
0.3900332,0.88265234
-0.5117574,-0.74907
0.045157753,0.08830303
0.78876877,1.709379
-0.1195404,-0.218037
-0.15120244,-0.27795282
-0.32560965,-0.51375943
0.313282,0.7131248
-0.466374,-0.66881114
0.6148893,1.4098469
0.26366752,0.587322
0.91607517,1.7683489
0.84526044,1.7488422
-0.36378983,-0.5875939
0.6460096,1.5066854
-0.89400643,-0.87692064
-0.34936512,-0.55679554
0.54311275,1.2596033
-0.8529942,-0.8721974
0.19263501,0.42229497
0.5171591,1.2051523
0.41523862,0.95759666
0.5508666,1.2603592
-0.67218715,-0.8324732
-0.36504012,-0.60570085
0.5172001,1.2153964
0.1744797,0.3822343
-0.8261529,-0.8758938
0.84697694,1.749484
-0.65912724,-0.8222746
0.18388171,0.41204768
-0.58448726,-0.8076703
0.6347811,1.4306606
0.16411427,0.35903996
-0.17820491,-0.32328317
0.4693066,1.0822777
-0.2993556,-0.501992
-0.996249,-0.8531924
-0.8211585,-0.87341446
-0.8804733,-0.8845096
-0.5606518,-0.77726495
0.82051677,1.733205
-0.6233704,-0.8226941
0.16915771,0.36018115
0.5718726,1.3224833
0.4775847,1.1107329
-0.34510788,-0.5488904
-0.04798343,-0.098105885
-0.84781367,-0.8712966
-0.80368197,-0.8715785
-0.506203,-0.72956437
-0.70004755,-0.84410536
-0.8646064,-0.86221164
-0.48077276,-0.708805
0.06952097,0.15053521
-0.57892746,-0.7942061
-0.43776754,-0.6711388
0.64696646,1.4675146
0.5020898,1.1628624
-0.9384988,-0.8616712
-0.8394702,-0.878781
0.8564143,1.7529395
-0.27701518,-0.47488505
-0.95308137,-0.8612459
-0.21941118,-0.38935205
0.52886295,1.243384
0.80473715,1.7132355
0.40130052,0.9134529
-0.45441738,-0.6658427
0.97373766,1.7654364
-0.69638157,-0.85296065
-0.2630307,-0.46172997
-0.28785864,-0.49514136
-0.016163113,-0.01618891
-0.7684665,-0.881073
0.22716041,0.4927548
0.2763599,0.6243003
-0.093584865,-0.19371216
-0.80349225,-0.86688507
0.5221969,1.2186745
0.8562392,1.7538112
-0.2953226,-0.49376857
-0.52694035,-0.73393416
0.90736,1.7831696
-0.7221844,-0.8514723
-0.040966943,-0.074891716
0.38815215,0.8896362
-0.91291237,-0.8718002
0.6203156,1.4276165
0.33950207,0.77853644
0.49314296,1.1407285
-0.5804272,-0.78431094
-0.46057585,-0.69278204
0.9904879,1.759445
-0.28093603,-0.47706875
-0.9511826,-0.85660845
-0.29148096,-0.48879594
-0.23846486,-0.41683906
0.76842946,1.6643995
-0.44395623,-0.66018367
0.58696705,1.3518025
-0.78100246,-0.8624583
0.021543087,0.031778645
-0.1860481,-0.34687784
-0.34653932,-0.5531963
0.55231994,1.2982514
0.20411012,0.45183876
0.9016311,1.7599093
-0.2784927,-0.46311638
-0.75569826,-0.8787079
-0.5263297,-0.7601216
0.36631843,0.839597
0.31285536,0.7020919
0.26033327,0.5877795
0.43766016,1.0174668
-0.78784484,-0.8786042
-0.4232051,-0.64600486
0.14923055,0.34164575
-0.12824608,-0.24222891
0.014828749,0.03338549
-0.5742926,-0.7791698
0.21991926,0.48893905
-0.32875097,-0.52076733
0.5991622,1.393665
0.17430718,0.36689833
0.9948907,1.7447512
0.18337688,0.3965076
-0.8935397,-0.86841494
-0.5641883,-0.7678629
-0.49608496,-0.7131522
-0.9492861,-0.8612839
0.8374065,1.7484181
0.2538019,0.57988536
0.62419266,1.4386427
0.1732211,0.37806037
0.7146082,1.6060784
0.25424203,0.567371
-0.835367,-0.8715845
-0.94136065,-0.8447138
-0.11348281,-0.22516079
0.28510648,0.6378228
0.69380265,1.5563518
0.79038304,1.6919559
0.641699,1.4622107
-0.7880688,-0.896408
0.5112865,1.1831079
-0.30121696,-0.49477714
0.7148274,1.5842806
0.65059143,1.4675326
0.30148587,0.67364067
0.8311654,1.7298532
0.08423674,0.18384555
-0.5170287,-0.723936
0.30605826,0.7127467
-0.6173015,-0.82023734
0.52407205,1.2229117
0.75884295,1.6601225
0.33128452,0.7563273
-0.019166347,-0.032226104
0.90420145,1.7739215
0.5800471,1.3321123
-0.07922299,-0.15969272
0.099488236,0.21059874
0.43463704,1.0087321
-0.119635954,-0.23064286
-0.19368683,-0.35022885
0.7352441,1.6392663
-0.27765548,-0.47317988
0.9854497,1.7647167
-0.32036462,-0.51588994
0.50131446,1.1655678
0.017631175,0.031027308
-0.8825286,-0.88069916
0.5980203,1.3860611
0.66463226,1.4958203
0.4915522,1.1562862
0.84237075,1.7576807
-0.8754913,-0.89004314
-0.38173598,-0.6114385
0.97268164,1.7613724
0.009070291,0.023609925
-0.46210447,-0.69936055
-0.27033672,-0.4868278
0.88472605,1.7813432
0.44439027,1.0057161
-0.7577287,-0.8529252
-0.49202085,-0.7236189
-0.7843312,-0.8748636
0.7243275,1.6086462
-0.26921853,-0.46590266
0.95498514,1.7734741
0.962459,1.767797
0.3215745,0.7199132
0.37987915,0.8774367
-0.012747117,-0.027636021
-0.1648234,-0.28156462
-0.23562603,-0.4214308
0.85231894,1.7577167
-0.20130564,-0.36535648
0.92848027,1.7703936
0.566924,1.3128755
-0.536783,-0.7510093
-0.31554204,-0.51661795
-0.70431364,-0.855872
-0.6875873,-0.8320967
0.10926848,0.23829724
-0.4446152,-0.67165965
0.8920877,1.7784466
-0.2687845,-0.47087985
-0.9061368,-0.8606679
-0.7626176,-0.883849
-0.26378912,-0.44936895
0.052665584,0.107232735
-0.9473302,-0.87606436
-0.3096959,-0.5291461
0.479071,1.1114041
-0.7961991,-0.8772599
-0.7743588,-0.8806031
-0.37001356,-0.59652156
-0.79650265,-0.8909954
-0.2364557,-0.42824396
0.44004753,1.0149469
0.9663094,1.7507657
-0.90941936,-0.8736036
0.15647873,0.34034902
-0.5492636,-0.7691314
-0.11393218,-0.20964943
0.9876521,1.751221
0.986447,1.7393054
0.21389249,0.47428295
-0.6679133,-0.84227663
0.00079822994,-0.009544746
0.672169,1.5207603
0.14699939,0.30621096
0.43523955,1.0141646
0.542327,1.2485731
-0.089150846,-0.17890354
0.34044388,0.77391
-0.7507355,-0.8681652
-0.2347861,-0.41405702
0.019826652,0.019630227
0.45536408,1.0386518
-0.0726358,-0.13853987
0.91625166,1.7647132
-0.43105286,-0.65563434
-0.6434999,-0.8508332
-0.6033095,-0.80956393
-0.25832942,-0.45838457
0.062152065,0.11312645
-0.3753447,-0.6147406
0.73485255,1.6236836
0.4026082,0.9193228
-0.4694432,-0.7054572
0.5276676,1.213085
0.15245825,0.33480448
0.37107953,0.8491744
0.8850369,1.7650307
-0.5089705,-0.72863156
0.8394197,1.7438297
0.407087,0.9297587
-0.58226407,-0.7880412
0.8173372,1.7418311
-0.11916086,-0.22685742
-0.58528244,-0.78854865
-0.46613723,-0.6845952
0.4562839,1.0580628
0.88623714,1.7791505
-0.52361983,-0.7496369
0.8338566,1.7159377
-0.87189615,-0.8907876
-0.750532,-0.8629125
-0.27475187,-0.4521739
0.17556298,0.37167367
0.14742766,0.3306242
-0.91040593,-0.88238937
-0.9275811,-0.8716634
0.31783658,0.71854055
-0.10794531,-0.19957572
-0.037634213,-0.06866255
-0.9400237,-0.86500776
0.99746656,1.7770238
0.177895,0.38783044
0.8283271,1.7285501
-0.26822707,-0.4422799
0.121650875,0.2595456
-0.14916298,-0.2624324
-0.76063216,-0.8868132
-0.12971668,-0.24047703
-0.52877504,-0.7542182
-0.4753805,-0.70982903
0.5060314,1.1769414
-0.31702626,-0.5152836
0.4861218,1.1268787
0.96621,1.7833296
-0.34837696,-0.57880425
-0.5284638,-0.7476691
0.5052553,1.178634
0.14958656,0.29642707
0.59217274,1.3722104
-0.68337333,-0.8486421
0.31008244,0.7043979
0.4412808,1.0329721
-0.7321756,-0.8610348
-0.6922963,-0.8524252
0.88018155,1.7522237
-0.6200072,-0.81527156
0.37353823,0.87021065
0.087206736,0.15084459
0.6546309,1.5039685
-0.89927465,-0.8670339
-0.97121394,-0.8540873
0.50062215,1.1685331
0.75672007,1.6689492
0.26646578,0.5900445
-0.23272252,-0.40734205
-0.11609049,-0.21818992
0.5542195,1.3004609
0.031036392,0.06308123
0.37407747,0.85855204
0.8968509,1.7822664
-0.45104265,-0.67590964
-0.6875832,-0.8456506
0.69950837,1.5585209
0.3914809,0.8955156
-0.03344524,-0.06214843
0.13741374,0.2939147
0.8192303,1.7260007
0.91428685,1.7829943
-0.97716093,-0.82961035
0.44862488,1.0395739
0.9497738,1.7806114
-0.62577593,-0.819773
-0.6414379,-0.837556
-0.7490115,-0.87084746
-0.15102087,-0.2763669
0.56064916,1.298667
0.08208137,0.1716336
-0.22588806,-0.41520044
0.14691003,0.3094334
-0.29822946,-0.5176965
0.015147097,0.03356079
-0.05758567,-0.11196644
0.8319047,1.7362319
0.06699366,0.123246804
0.31840995,0.7190576
-0.40743932,-0.62077904
-0.2754521,-0.47570977
0.95358723,1.7741647
0.21845521,0.48169032
-0.40024278,-0.6426682
-0.8581989,-0.8930848
0.21441324,0.45599905
-0.8336084,-0.8747592
-0.6765287,-0.83089846
-0.5678836,-0.7633144
0.28202417,0.6306502
-0.1935462,-0.33685035
0.46180364,1.0665131
-0.5580991,-0.7857955
0.7684755,1.6640451
-0.5752281,-0.7902701
-0.93360543,-0.8660881
-0.09682419,-0.18474033
-0.75217855,-0.8624151
-0.14852244,-0.27605307
0.9400103,1.7851418
0.6017913,1.3810911
-0.077855624,-0.1535872
0.4572893,1.0761299
-0.14897376,-0.2954586
-0.99787873,-0.8180891
0.60141575,1.3917975
0.5252211,1.2499397
0.83512574,1.7542988
-0.76966953,-0.87440145
0.6257925,1.423797
0.61927843,1.4389472
-0.27292737,-0.48320037
-0.19532265,-0.34584996
-0.15927616,-0.30153704
-0.29107937,-0.48222694
0.16312848,0.33494443
0.029054366,0.066676915
0.15180539,0.33011273
0.20103964,0.44109866
0.38753632,0.89394796
-0.41016322,-0.63619834
-0.6203701,-0.8222349
0.058662184,0.108450636
-0.13680957,-0.25545081
0.4257728,1.0037955
0.13824542,0.300234
0.38558158,0.8781244
-0.611996,-0.8024533
0.9813323,1.7594031
-0.54082215,-0.76920444
-0.20455827,-0.35292858
0.4386833,1.0219619
-0.9493957,-0.8613068
0.653508,1.5051405
0.15818816,0.34470358
0.7615762,1.6661514
0.08467343,0.15843894
-0.9456645,-0.8493296
-0.013146594,-0.04164957
0.79334575,1.7035094
-0.48287722,-0.70837766
-0.3604009,-0.5862007
-0.9349354,-0.8762625
0.7020089,1.5772138
0.734219,1.6322601
-0.67522883,-0.84937173
-0.5729917,-0.790137
0.06731442,0.12764502
-0.56913567,-0.7980278
-0.5757843,-0.7878388
-0.1955826,-0.3583667
0.13077094,0.28436914
-0.9459622,-0.8554337
0.757428,1.6644417
0.44644493,1.026425
-0.82405514,-0.868886
0.15031444,0.31222746
-0.7352233,-0.85596883
0.36914042,0.84994113
-0.6109003,-0.8021966
-0.5294994,-0.7656439
0.6871209,1.5632825
-0.37752643,-0.59979975
0.6704423,1.5211216
0.5168729,1.190791
-0.36072144,-0.5874576
0.3793797,0.8679942
-0.9838392,-0.8505695
0.14724475,0.33148026
0.65639323,1.4949359
0.6884906,1.5501374
0.23892957,0.5260422
-0.2951393,-0.4935709
0.94407403,1.7774638
0.9794333,1.7528112
-0.9501189,-0.84238803
-0.6801351,-0.8471127
0.95218813,1.7603136
0.9871929,1.752556
0.8878356,1.769746
-0.84553105,-0.8618862
0.31057543,0.6990238
-0.8692473,-0.88574445
-0.05320001,-0.10694251
0.95473003,1.771535
0.73301643,1.6228262
-0.74733263,-0.8849646
0.08545283,0.16795571
-0.71694744,-0.8504906
-0.6976321,-0.84782445
-0.7483584,-0.86418957
-0.80572724,-0.88323164
-0.59099627,-0.8115711
0.8337808,1.7405634
-0.2842859,-0.47838998
0.70604825,1.6007993
-0.9235739,-0.87660545
0.17512958,0.3850623
0.15993498,0.3493475
0.84189886,1.7272532
-0.7258026,-0.8583133
0.51380396,1.1845301
0.5778919,1.3425806
0.04846285,0.10661714
-0.5476459,-0.77252764
-0.3138922,-0.51838124
0.07059442,0.1647482
-0.017453862,-0.03128292
0.40000188,0.9174284
-0.487689,-0.71375376
-0.40705955,-0.6406028
0.80983114,1.7102067
0.48288894,1.1307843
-0.2894461,-0.49136156
0.44208434,1.0292735
-0.9481064,-0.8663394
-0.2917038,-0.4836741
-0.71486926,-0.8522475
-0.41919526,-0.6307772
0.12945369,0.2769099
0.2888452,0.6483606
0.9288347,1.7731416
0.21756968,0.48049527
-0.40928078,-0.63765115
0.5676023,1.3188705
-0.222736,-0.4017734
-0.7588691,-0.8669793
0.21362057,0.46820834
0.09033636,0.19166614
-0.9418959,-0.88193494
-0.61574566,-0.8156295
-0.71432084,-0.8441037
-0.13138732,-0.25072443
0.98975843,1.7548604
0.5106506,1.1810412
-0.37940025,-0.6159603
0.90152276,1.7662266
0.062519655,0.123438835
0.68737835,1.5573413
0.9691708,1.7656432
0.61820775,1.429874
0.6563707,1.4972728
0.90046704,1.7662429
-0.5677021,-0.8049068
0.6995362,1.5895844
-0.6564074,-0.82830304
0.111449756,0.22794037
-0.78679186,-0.86179894
-0.3301475,-0.5427597
-0.7067785,-0.8564202
0.66625017,1.5343179
0.22080609,0.49084428
-0.60441446,-0.7905904
0.71003586,1.6032826
0.2846927,0.6345528
-0.846362,-0.88519275
-0.36714515,-0.57953733
-0.73596156,-0.85572183
-0.8165377,-0.8756058
0.3616629,0.83146113
-0.739463,-0.86831003
-0.70529306,-0.8602301
0.5596499,1.289892
0.84486526,1.7615856
-0.4736654,-0.6782872
0.89720154,1.7698525
-0.439406,-0.6647166
-0.27142167,-0.4636493
0.30161384,0.68477666
0.48188964,1.112374
0.97483176,1.7652812
0.5397495,1.2437226
-0.119324245,-0.22450796
-0.7838513,-0.87140125
0.25215724,0.57790035
0.68334365,1.5388247
0.6643212,1.5151411
0.4342911,1.023973
0.5130251,1.191472
-0.7403379,-0.88694525
-0.74766946,-0.8831838
0.15606785,0.33754182
-0.87526727,-0.8797618
-0.6358259,-0.8285209
0.4670982,1.1044195
-0.95020527,-0.85801226
-0.67670256,-0.83836716
0.58290935,1.3535953
0.84899026,1.7449684
-0.49967977,-0.72169954
0.016853811,0.025779083
0.7694101,1.6739511
0.61230344,1.4053457
0.70843434,1.5738888
-0.35515004,-0.5773964
-0.4159557,-0.6468974
0.44617367,1.0263505
0.040799722,0.08292704
0.73873395,1.6185378
0.48711962,1.1034143
-0.30114216,-0.53168315
0.6512733,1.4845239
0.84507304,1.7528903
-0.7647473,-0.86897975
0.075040005,0.16687223
0.13980639,0.30248672
-0.88070494,-0.8797412
-0.97072494,-0.8596386
-0.63974786,-0.81244415
0.6694025,1.5420618
0.2810742,0.63241816
-0.63903123,-0.8183365
0.21439858,0.45790944
0.2557225,0.5524331
-0.06523431,-0.11225366
0.0504291,0.08768528
0.3843342,0.89014083
0.80210483,1.7301197
0.71471584,1.6126348
0.41726786,0.96074533
0.7120648,1.5881119
0.25468582,0.5682196
0.5006954,1.1517187
0.76700634,1.6698232
0.75781494,1.6695662
0.62342757,1.4542636
0.096482895,0.2135982
-0.62017566,-0.80301857
0.6806137,1.5542148
0.5173529,1.1793815
0.54356897,1.26223
-0.7490384,-0.88287264
0.7129207,1.5827117
0.59615064,1.374082
-0.20658,-0.35316902
-0.04196739,-0.08526405
0.908785,1.7696588
-0.91241324,-0.8719965
-0.73515207,-0.8646574
0.6333356,1.4360083
0.22547989,0.50853837
-0.8919857,-0.8762913
0.3976092,0.90644914
-0.22368947,-0.38569993
-0.08465993,-0.17180917
-0.54909366,-0.7599666
-0.64883786,-0.82993567
-0.14530723,-0.28372297
0.16820143,0.36838043
-0.56840813,-0.7962125
-0.09135057,-0.1756683
0.1740904,0.36153755
-0.033634692,-0.058297906
-0.06384611,-0.13222629
-0.42278272,-0.65200055
-0.775468,-0.86461264
0.90019095,1.7611188
0.80571854,1.7053359
0.86023426,1.7452426
0.093891315,0.1852081
-0.47768983,-0.6949788
-0.34049204,-0.5558644
0.20168626,0.43609726
0.4299174,0.9823965
0.28838938,0.6428185
-0.64651436,-0.8328656
0.78033984,1.678525
0.22847806,0.50719917
0.72834605,1.6082989
0.23572385,0.506496
-0.19114612,-0.3564642
-0.8290685,-0.88354
-0.39395627,-0.6068685
-0.61810625,-0.7988694
0.92426026,1.7617457
-0.1990345,-0.3659884
0.80986995,1.6962513
-0.33835712,-0.5559008
-0.75243324,-0.8757262
0.61973965,1.4269446
-0.061631884,-0.12864652
0.7014257,1.5840076
0.13305828,0.28673044
-0.80047613,-0.8788208
-0.936657,-0.87355655
-0.681389,-0.82315266
-0.3585144,-0.57895076
-0.18186648,-0.33217025
0.7292676,1.6209903
0.75861037,1.6404209
-0.08710479,-0.17333817
0.31227425,0.71238697
-0.7398487,-0.8571101
0.9033928,1.7794607
-0.32461673,-0.55817896
0.29663798,0.6656516
0.10511339,0.21204779
0.5325343,1.2408285
0.98481095,1.7618263
-0.12980561,-0.23424579
-0.40630633,-0.63787365
-0.79812974,-0.8756542
0.58403504,1.3645042
-0.37644446,-0.5847691
-0.112080105,-0.20130004
0.91334915,1.7583116
0.8939819,1.7674925
0.38822663,0.9049776
-0.7929241,-0.876278
-0.1029057,-0.20190601
0.81701773,1.7269409
0.007981352,0.009784536
0.9681103,1.7699277
-0.622307,-0.8141757
0.19530982,0.41962788
-0.6215355,-0.81331587
0.5919603,1.3623631
0.8352271,1.7357123
-0.87662345,-0.8735071
-0.14615501,-0.26411867
-0.92390037,-0.86777866
-0.8624019,-0.88860196
-0.26388243,-0.46333516
0.16625498,0.37110385
0.703403,1.5759214
0.8945027,1.7654525
-0.46254247,-0.6725225
-0.55212027,-0.7560982
-0.68361056,-0.83544034
-0.96070457,-0.8572569
0.07019973,0.14289594
0.06259881,0.12685457
-0.8292214,-0.8817319
-0.9656159,-0.8511514
-0.23683041,-0.40578884
-0.84222484,-0.9046854
-0.8874518,-0.8843953
-0.011942162,-0.029945966
0.624823,1.4176322
0.33760443,0.76966596
-0.6928271,-0.8617974
0.3217459,0.74063075
-0.29877096,-0.5038182
-0.8279471,-0.8774913
-0.26049018,-0.44108722
0.73134226,1.6249175
-0.591401,-0.7957385
-0.016835222,-0.03709791
-0.2993432,-0.505143
0.5993845,1.3754828
0.19770113,0.44022465
-0.18047796,-0.32181162
-0.12952332,-0.22119063
0.80705076,1.7211398
-0.49545595,-0.72115004
-0.83313125,-0.8758708
0.7066376,1.5765365
-0.045300797,-0.07650353
-0.9031532,-0.87423915
0.8095012,1.6975647
0.25556403,0.55444974
-0.49617308,-0.7251735
0.39697808,0.89809465
-0.46369284,-0.70322555
-0.21937773,-0.38015613
-0.2935129,-0.4866939
0.4912886,1.1468841
-0.7873047,-0.8673255
-0.4364864,-0.65981084
0.80226624,1.718638
0.768914,1.6770597
0.9413573,1.7814074
-0.9462077,-0.84571236
-0.77039135,-0.8747581
0.93626106,1.7990065
-0.42210189,-0.65481097
0.4548145,1.0489526
0.8933337,1.7749875
0.6577842,1.4941009
-0.22903137,-0.42451346
0.23574027,0.51179713
-0.15396854,-0.28919923
-0.38076508,-0.6092396
0.4861653,1.1108001
0.96179783,1.7634705
-0.09643989,-0.18958429
0.103612974,0.21019483
-0.13048108,-0.24701422
0.951923,1.7818618
0.45154405,1.0549643
0.0053988667,0.01336486
0.52198803,1.2225741
-0.70260876,-0.85309964
-0.93333375,-0.85451156
0.02030444,0.044913333
0.38630754,0.8803766
-0.7921329,-0.8820965
-0.47328252,-0.6969234
0.96317965,1.7778249
-0.6479126,-0.8397444
-0.6775968,-0.82318586
-0.24578263,-0.41857505
0.99850297,1.7477174
-0.38006654,-0.61464775
-0.5929062,-0.8130092
-0.64575905,-0.81468576
0.5876374,1.3658959
0.6715031,1.5236863
0.42937738,0.99576783
0.76458937,1.645506
0.8053773,1.691277
0.5845726,1.3560264
0.29556942,0.6675193
0.54229957,1.259735
0.9186701,1.7917699
0.4300311,1.0009799
0.4796361,1.1080526
-0.31610096,-0.5302986
-0.039141536,-0.070881195
0.9231015,1.7821338
0.77377975,1.6978979
-0.7005735,-0.8599987
-0.8095952,-0.88713855
-0.09150517,-0.17282994
-0.6462341,-0.8283167
0.92121196,1.7880777
0.5078781,1.1809268
0.6779042,1.5392115
0.31368583,0.69176376
0.5792802,1.3525388
-0.5473559,-0.7656583
0.9743536,1.7485613
0.18253127,0.3997402
-0.32277215,-0.54118973
0.97374994,1.7563746
-0.95881265,-0.8549271
0.3808313,0.8633564
0.6559721,1.500242
-0.82682645,-0.8823045
0.62359726,1.4311233
0.40955186,0.9480797
-0.39806902,-0.638357
-0.7693666,-0.8714828
0.5486622,1.2869493
0.84274644,1.7506182
-0.13975914,-0.25268617
0.14364085,0.31176758
-0.19876307,-0.3714376
0.5248305,1.2226998
0.7221763,1.6076616
0.22216687,0.4836595
-0.026138475,-0.032965355
0.41512743,0.930452
-0.14939426,-0.24225315
0.23419516,0.5261719
0.028464686,0.06645962
-0.64458674,-0.8428222
-0.20550781,-0.37007254
-0.48003614,-0.73102254
-0.4444499,-0.68164223
-0.97150105,-0.8571471
0.654844,1.4959792
-0.9434159,-0.86703074
0.53310794,1.2353563
-0.66202646,-0.8360704
0.8676891,1.750998
0.6104525,1.4014722
-0.76889604,-0.8810865
0.6072032,1.392865
-0.28358334,-0.48486724
0.82813865,1.737735
0.017069161,0.031952787
0.46589327,1.0761594
-0.9550483,-0.87126195
-0.88850003,-0.8892255
-0.9980397,-0.84318954
-0.93540484,-0.8689388
0.104904845,0.22422908
0.56755257,1.2978345
-0.89617586,-0.8670097
-0.4535239,-0.6909702
-0.07861013,-0.155078
0.013478186,0.029406365
0.32982892,0.741628
-0.8518382,-0.89323765
0.5348691,1.2383896
-0.7044027,-0.8673415
-0.17287633,-0.3297244
-0.43265435,-0.65581715
-0.014806341,-0.029097106
-0.5825701,-0.78828067
0.42849806,0.9957381
0.22622712,0.5012969
0.2593867,0.5705413
0.43772787,1.0105219
-0.57705843,-0.7948916
0.1332871,0.28669685
0.116160974,0.232113
0.31357306,0.7000903
0.5622337,1.3032806
0.799733,1.7059398
-0.7569956,-0.8802917
-0.76170516,-0.8996884
-0.77212316,-0.87669593
0.7841438,1.6908776
-0.3106419,-0.5124441
0.33477992,0.756776
-0.26893482,-0.45186335
-0.048293866,-0.086237036
0.24366155,0.5375062
-0.1549593,-0.27840543
-0.81894124,-0.8698923
0.1544929,0.32624525
0.770528,1.6699837
0.028242882,0.059380777
0.8164944,1.7211243
0.1592479,0.36111936
0.3423227,0.78622454
-0.36997613,-0.58961856
-0.16468121,-0.30664754
0.21527617,0.489306
0.59001595,1.3582255
0.435702,1.011583
0.31112128,0.7135557
0.9003771,1.7782518
-0.9105046,-0.878214
0.78378665,1.6932261
-0.14385882,-0.26828986
-0.6390498,-0.8308401
-0.7841273,-0.86148477
0.9607892,1.7744616
0.91124886,1.7836082
0.9771782,1.7594234
0.20164816,0.43666923
0.010820114,0.02111313
0.34656417,0.79328406
-0.33984643,-0.5410824
-0.37560937,-0.5996129
0.11592179,0.23334508
0.73696095,1.6363347
0.9227036,1.7717113
-0.31424433,-0.5248323
0.79820174,1.7230622
-0.7396769,-0.8712021
-0.7225565,-0.8656854
0.9085534,1.7681831
0.8664196,1.7513309
-0.76276916,-0.8770469
0.8251985,1.7349988
-0.035062276,-0.09220245
0.6755413,1.5225031
-0.41578987,-0.64748734
0.41120225,0.9577951
0.7581743,1.6791362
0.59755725,1.3691008
-0.2923451,-0.48779634
-0.83630395,-0.873168
0.70337594,1.5774543
-0.25136793,-0.41824684
0.19591416,0.42559355
-0.96974075,-0.84743077
0.9376463,1.7874147
-0.72542524,-0.8632066
0.29607603,0.6552299
0.616851,1.4023445
-0.78234965,-0.8699355
0.14176847,0.30269784
0.9246167,1.7727858
0.81844926,1.7275244
-0.45268705,-0.67205775
0.9225552,1.7842976
0.92777,1.7732414
-0.09012445,-0.17322816
-0.6869946,-0.8367637
-0.8676975,-0.8837661
-0.10025258,-0.19186258
0.07530658,0.16431113
-0.48162982,-0.700768
-0.993125,-0.8455971
-0.72797185,-0.84201425
-0.5181638,-0.74096215
-0.37495786,-0.6114653
-0.16792107,-0.29530844
0.4351099,1.0008457
0.5656803,1.3171614
-0.29953215,-0.5013934
0.84034795,1.7716919
-0.64889,-0.8341814
-0.35439986,-0.57413286
-0.7167093,-0.859201
0.3448971,0.78315455
-0.5628054,-0.7892488
0.36177248,0.81410867
-0.917914,-0.87295955
-0.5854164,-0.7926002
-0.03609936,-0.075152464
0.5525317,1.2773291
-0.68264943,-0.83925956
-0.5726449,-0.7886853
0.21907432,0.46673107
0.6326215,1.4561712
0.12295771,0.2711469
0.23101448,0.515077
0.96090466,1.7667989
0.5878229,1.3566194
-0.082208514,-0.16135056
-0.82676303,-0.8740898
0.76449084,1.6795312
0.62023324,1.4293222
-0.1454358,-0.2692228
0.60260165,1.3898585
0.4551782,1.0586426
-0.6010026,-0.7847877
-0.6486765,-0.82224655
0.5632193,1.2952362
0.120491385,0.24514918
-0.10795438,-0.18590237
-0.25992915,-0.4410255
0.4377419,1.0022224
-0.19329411,-0.35596862
-0.9758925,-0.85204566
-0.37484777,-0.5870179
0.8106186,1.7102739
-0.26194116,-0.44742775
-0.91872853,-0.8555278
0.4598601,1.0584255
-0.44862586,-0.68198705
-0.88263243,-0.85134035
0.5975266,1.3775682
-0.987309,-0.8481374
-0.68036085,-0.8439552
-0.6038906,-0.8059009
0.37732306,0.87288666
-0.77586484,-0.87089056
0.40973294,0.9392879
-0.36590257,-0.593423
0.025465773,0.05469231
0.6327132,1.4382707
-0.11577824,-0.20921397
-0.6926627,-0.82766634
-0.72644407,-0.8595222
-0.23088217,-0.42002067
-0.6916642,-0.85071987
0.26123103,0.5772018
0.19238374,0.41964325
0.42304608,0.9765772
0.20832622,0.4684824
-0.2820907,-0.48438165
0.19342476,0.42048067
0.7295289,1.6099739
-0.9157484,-0.8666853
-0.8163244,-0.8693054
0.95648414,1.7861828
0.5358027,1.2475162
-0.85558033,-0.87560254
0.8797701,1.7594671
0.8845709,1.7477928
0.35630018,0.80789936
0.838242,1.7406268
-0.31667477,-0.527289
-0.19225654,-0.36175168
-0.11769143,-0.22385317
0.8314378,1.7163281
0.88178456,1.75507
0.19056527,0.42525983
0.81101054,1.7329329
0.71253514,1.5914334
-0.15156722,-0.27683026
0.4056288,0.9382892
-0.6312588,-0.8169278
-0.7024052,-0.8625259
0.3577036,0.8184989
-0.12767974,-0.23588856
0.39239073,0.9042412
0.58843577,1.3518525
-0.16125089,-0.30680856
0.90284735,1.7722813
0.8299759,1.7228197
-0.80558264,-0.8852181
-0.72933364,-0.85786223
-0.7360725,-0.85366917
0.056518413,0.12479
-0.0604466,-0.12378949
0.76733756,1.6672808
-0.26222077,-0.45621115
-0.08782351,-0.16576184
0.75951296,1.6525108
0.1044189,0.2197957
0.20133537,0.4383777
-0.7648228,-0.86538815
-0.9371905,-0.8759725
0.57757527,1.3266287
-0.42116073,-0.647172
0.002923635,0.0071184495
0.69388574,1.5508434
-0.18924424,-0.35961518
0.86342436,1.7645754
0.35131526,0.8024347
-0.87998,-0.87861276
-0.7551694,-0.86409944
0.62675077,1.4303051
0.9823479,1.7658764
-0.66383165,-0.8267499
0.11232689,0.24057263
-0.14464295,-0.2809955
-0.28301793,-0.4718628
0.46942177,1.0776275
-0.96447575,-0.85956573
0.3643775,0.83751786
-0.7530057,-0.86132735
-0.20874035,-0.3721409
-0.23331785,-0.38866884
-0.3612057,-0.59407145
0.9044033,1.794973
0.30309185,0.6654483
-0.21116339,-0.37583426
-0.7653558,-0.88684964
-0.796299,-0.8729698
0.39503872,0.8930328
-0.6564368,-0.8293691
0.3683512,0.8368042
0.91281384,1.758507
0.48440158,1.139462
-0.088241525,-0.16163357
0.307756,0.699632
-0.7150868,-0.8397407
-0.20538664,-0.37090534
0.06816297,0.15293452
-0.33553866,-0.5605726
0.12987661,0.2758114
-0.66908956,-0.8561691
0.57689166,1.3533866
-0.2628893,-0.4548056
-0.5557338,-0.7795149
-0.0104682185,-0.0017016573
0.20609668,0.45709464
0.011116251,0.014737515
-0.86869615,-0.8829305
-0.33489448,-0.54749423
-0.57387316,-0.76048636
0.59813404,1.3718244
0.9302783,1.7838157
0.33628914,0.7613928
0.8527639,1.7626293
0.6201837,1.4222046
-0.8908131,-0.8762563
0.6656321,1.496361
0.41682833,0.96020705
-0.49989766,-0.70041966
-0.35710382,-0.58829194
0.52213234,1.2102463
0.8605445,1.7580035
-0.58187383,-0.7803698
0.53948975,1.2523899
0.47658455,1.1185489
0.57075006,1.313003
-0.0040240823,-0.008083062
-0.92593503,-0.8682619
-0.73233557,-0.8692077
-0.15294607,-0.2813755
0.44456446,1.0213097
0.660431,1.5109556
0.584115,1.337279
0.39147535,0.88426256
0.65213346,1.4775856
0.13931201,0.29758102
-0.99736214,-0.8382613
0.26253194,0.5783878
0.7277546,1.6219491
0.004098517,-0.01915594
0.24461883,0.5380842
0.74604875,1.63758
0.7831478,1.6937493
0.47285306,1.1072118
-0.4781165,-0.68025887
-0.8172597,-0.87920105
-0.44084078,-0.7107048
0.9569864,1.7730318
0.010262003,0.01810502
0.6103222,1.4091187
-0.48557457,-0.7093219
0.7060292,1.5765705
-0.37575394,-0.61189157
0.9430544,1.7816445
0.151416,0.33607623
0.76981926,1.6805295
-0.9972333,-0.8374641
-0.3205894,-0.5302467
-0.23044552,-0.39547768
0.3202691,0.7134354
0.08358072,0.17764246
0.35385042,0.79928774
-0.13265838,-0.26150233
-0.47665322,-0.69409156
0.896215,1.765383
-0.5798203,-0.78506976
0.68372387,1.552829
0.8008779,1.7106737
-0.45202836,-0.6905529
0.16601552,0.3727857
0.47664207,1.0895569
0.75034434,1.6510237
0.6659919,1.5331788
0.63486946,1.4703612
-0.8607731,-0.8847619
0.95409024,1.7856514
0.04414829,0.0806564
-0.38194466,-0.61426723
-0.60912114,-0.802247
0.9223274,1.7662843
-0.8833877,-0.8833832
0.86028653,1.754945
-0.57074064,-0.78061473
0.9529367,1.7717139
-0.9184813,-0.87271595
-0.73501116,-0.8736572
-0.97824895,-0.87017447
-0.9739787,-0.8638177
0.8509122,1.7640777
0.5325402,1.2385482
0.79161394,1.7026821
-0.94072,-0.85404706
-0.86896825,-0.8800247
0.9874299,1.766419
-0.018927854,-0.029785294
-0.72932893,-0.87022376
-0.1095759,-0.19900063
-0.79098654,-0.87251455
0.9624188,1.761978
0.43666592,1.0279992
-0.6031647,-0.7955127
0.123481,0.25154912
0.44845438,1.037814
0.47960824,1.1065168
-0.39883697,-0.61085063
-0.84768194,-0.88590795
0.75988024,1.6674591
0.8619259,1.7494775
0.085047,0.19398287
0.7291297,1.6248591
0.08144626,0.17530553
-0.4773559,-0.70352125
0.31507298,0.7131367
0.13219522,0.25857344
0.81297684,1.727397
0.8834551,1.7697302
-0.12146875,-0.24062918
-0.6534383,-0.83033216
0.57309026,1.3146492
-0.5336447,-0.7376289
0.16658321,0.3596192
0.33718064,0.76661235
0.69811255,1.5753449
-0.58533216,-0.79731566
0.67011005,1.5192021
0.021796277,0.040203806
0.062110998,0.120034136
0.87196326,1.7564849
-0.23804258,-0.4164621
-0.9407156,-0.8670352
-0.46930036,-0.6955163
0.5335012,1.2256565
0.6999943,1.5633235
0.0063032703,0.013591286
-0.06581876,-0.120029494
-0.29266867,-0.49670443
0.65771425,1.4953147
-0.16877699,-0.30783626
-0.5050144,-0.73025894
0.44879454,1.0553392
0.03461102,0.07568657
-0.84277904,-0.8849068
0.3587067,0.82184654
-0.17783643,-0.32086033
0.7062117,1.5670097
0.887796,1.7465799
0.93076634,1.7838142
0.97789603,1.7545317
0.7124255,1.604331
-0.2688234,-0.457282
-0.48503265,-0.7142603
-0.594444,-0.7999462
0.4779265,1.1053852
0.28101596,0.61608905
0.15275794,0.3229044
-0.17561994,-0.33323097
0.5405246,1.2631236
-0.18865778,-0.335344
-0.103518255,-0.19803114
-0.32889804,-0.53880477
-0.062375914,-0.11042524
-0.75372916,-0.8907372
0.8359339,1.7392086
0.50276846,1.1650828
0.12474066,0.26432535
0.7313566,1.6159543
-0.7170679,-0.852385
-0.7303303,-0.85358924
0.5432739,1.2588648
-0.2397529,-0.40859634
0.5592693,1.3006977
0.5924473,1.3652735
0.8290784,1.7374672
-0.3658066,-0.59105384
-0.89585066,-0.8686897
-0.0327244,-0.054060332
-0.8355252,-0.8701683
0.03145377,0.06677928
0.7390265,1.6454997
0.07169103,0.14695242
-0.6270965,-0.810852
-0.5477069,-0.7753217
0.73929965,1.6392974
0.6909958,1.5630356
-0.073431574,-0.14421463
0.524504,1.2227817
-0.96710044,-0.8553684
0.7315946,1.6397066
-0.6063806,-0.8037816
-0.5258738,-0.775762
0.08321477,0.1609087
-0.07239404,-0.13943939
-0.7158985,-0.87335944
0.40019053,0.919487
0.15443501,0.33967862
0.81502026,1.7319813
0.9301315,1.783965
-0.2166707,-0.402026
-0.23348626,-0.40090078
0.7075385,1.5872765
-0.76194733,-0.8471268
-0.92990804,-0.8719486
-0.9655641,-0.8481841
0.90619123,1.7690369
-0.119789846,-0.23140527
0.28356144,0.64318
-0.72772706,-0.877064
-0.9173936,-0.88017696
0.7723603,1.6793493
0.47943664,1.1075494
0.51169026,1.1907502
-0.068207175,-0.12996273
0.2514442,0.55586404
0.24350002,0.5186478
0.97721756,1.7659578
-0.06222172,-0.11206499
-0.21059115,-0.36989057
0.41953897,0.95013714
0.37282696,0.8477756
0.19965433,0.44402403
-0.2184981,-0.373118
-0.11163572,-0.21048085
-0.5053964,-0.7484994
-0.53103894,-0.7605947
0.72357446,1.6021422
-0.56429106,-0.7769841
0.6926557,1.5602044
-0.6424804,-0.83184636
0.08671493,0.16113274
-0.048291747,-0.105249256
0.5291951,1.2319674
0.7742926,1.6764795
-0.49170148,-0.7224514
-0.090196826,-0.18458153
-0.6372619,-0.8115002
-0.31516173,-0.54895675
-0.5041889,-0.71482146
0.9325394,1.7808049
-0.12682976,-0.24291074
-0.46056113,-0.6938984
-0.79116076,-0.8778103
-0.3032737,-0.5026226
0.8022392,1.7095299
0.41971248,0.9822725
-0.7214321,-0.87240946
-0.9747395,-0.84493
0.2102842,0.46920112
0.9167197,1.7659718
-0.43214363,-0.65954053
-0.24205217,-0.42192596
0.63743305,1.4642271
-0.24741021,-0.4281523
0.07493406,0.15410529
-0.93335295,-0.8678407
0.3592012,0.8192862
-0.96625197,-0.8628432
-0.2616442,-0.4574564
-0.8316554,-0.88098824
-0.90248346,-0.86577684
-0.9909415,-0.8540675
-0.95803833,-0.8522244
0.17755255,0.36399874
-0.96066487,-0.8648891
-0.85118794,-0.8738764
-0.17793268,-0.3086944
-0.18612559,-0.33056626
-0.47445574,-0.7095084
0.32867873,0.7577815
-0.86601734,-0.8746076
-0.4259411,-0.6572436
0.3897812,0.8933382
-0.7882588,-0.8712627
0.42149892,0.9774535
-0.9680585,-0.8666207
0.40382951,0.92639667
0.57352537,1.3255495
0.3930955,0.8975267
0.51784563,1.2151848
0.6551135,1.49939
-0.060223296,-0.12759756
-0.26727352,-0.44475424
0.3245987,0.7433475
0.16100924,0.33850983
0.41866982,0.95649093
0.6315833,1.4460645
-0.92935264,-0.88138616
0.1910235,0.42676398
0.17225024,0.366516
0.4966077,1.1598165
0.80228305,1.7099005
-0.54153126,-0.76608986
0.7920346,1.703527
0.5067673,1.1782634
-0.5113433,-0.7395354
0.31970963,0.72216517
0.34706563,0.79872257
-0.34598893,-0.5719572
-0.24492522,-0.40748295
-0.825262,-0.8768058
0.052490473,0.10773917
0.9578262,1.7758043
-0.8860605,-0.87773025
0.22012943,0.47439885
-0.9602747,-0.85310715
-0.9111439,-0.87103426
0.16859867,0.37042868
0.4024451,0.9269969
0.22240174,0.482311
0.0038166395,0.0046645757
0.53908473,1.2588422
-0.6592271,-0.8383826
0.8541802,1.765041
0.42870575,0.9844947
0.55535287,1.2867292
-0.9063079,-0.85781944
0.14347671,0.30971694
0.015500332,0.045260776
0.70017403,1.5840613
0.584695,1.3259284
-0.34928462,-0.5744055
-0.71400976,-0.8391956
-0.46116233,-0.69773734
0.79615885,1.7090726
-0.23017347,-0.39384827
0.85916734,1.7713305
-0.2255287,-0.4014761
0.97820026,1.7715383
-0.41757444,-0.6373003
-0.16184475,-0.30784148
-0.36993968,-0.5824924
0.98078895,1.77248
-0.14791071,-0.27193746
0.620478,1.4340713
-0.6845192,-0.8345527
-0.80393463,-0.88296556
0.7949079,1.7161672
-0.20577034,-0.34664753
0.43400767,1.0275016
-0.15614823,-0.28765324
0.62478304,1.4464477
0.22607327,0.4973624
0.44928205,1.0288229
0.5251398,1.21893
-0.65216494,-0.8279278
-0.29063448,-0.4936272
-0.36737707,-0.5989085
0.23092207,0.51473665
-0.8980203,-0.85056216
-0.6802926,-0.84741986
-0.9951201,-0.8408152
-0.22142342,-0.39098734
-0.12206099,-0.22088186
-0.64090633,-0.8257873
-0.6572079,-0.8311079
-0.14389992,-0.25512072
-0.5019818,-0.71674186
-0.85162765,-0.8599019
0.84413743,1.7445345
0.73095226,1.6156018
-0.89477396,-0.8933498
-0.5894831,-0.7980591
0.41301024,0.94623166
-0.8647396,-0.8756037
0.8379972,1.7410892
-0.9701911,-0.8751756
0.07436481,0.13857529
-0.19695976,-0.36086777
-0.045991123,-0.09236157
0.4495229,1.0639455
-0.9446763,-0.86236227
0.2438097,0.5407159
0.6716942,1.5193118
0.40923575,0.9359589
-0.26488936,-0.44892576
-0.6300777,-0.80832684
0.42906073,1.0119425
-0.2753736,-0.46440834
0.5992579,1.3783636
-0.94681025,-0.85869867
-0.9772476,-0.842487
-0.015922837,-0.024212852
-0.7666079,-0.8696195
0.65051305,1.4877712
-0.8331744,-0.87404925
0.8949715,1.7651818
-0.43624488,-0.6864319
0.7505541,1.6498601
-0.44906518,-0.67080975
-0.18263589,-0.34476206
-0.580714,-0.796407
-0.90190583,-0.8957791
0.1925363,0.41254932
0.61122143,1.3925804
0.4598242,1.0399003
0.9410507,1.7661687
0.8152433,1.7187669
-0.7212962,-0.8641963
0.25200662,0.5547779
-0.051091816,-0.10074366
-0.62662506,-0.8013566
0.50401735,1.1644368
-0.03293765,-0.049993884
0.39700392,0.92996776
-0.8778521,-0.88050705
-0.77347827,-0.8858121
-0.114234336,-0.21122366
-0.9616109,-0.8410735
-0.62091756,-0.84077495
0.675261,1.5273917
-0.05856626,-0.11226746
0.4311834,1.013822
-0.67335033,-0.8599544
-0.23473598,-0.40740854
0.6376406,1.4670503
-0.9146433,-0.87890255
-0.36822417,-0.58798605
0.021984277,0.047621094
0.2440775,0.5527623
-0.70606464,-0.84169143
0.85140264,1.7555201
0.47452962,1.1028736
-0.8724882,-0.88973933
-0.10890107,-0.2048757
0.7789172,1.6859894
0.8004362,1.7006272
0.7590397,1.6691707
-0.7620442,-0.86727804
0.0013813738,0.0055579604
-0.09125154,-0.16852462
-0.1572494,-0.2975948
-0.2405259,-0.43456638
0.7176732,1.606855
0.5837348,1.3346682
-0.62401307,-0.7962096
0.5660722,1.3100401
0.35800877,0.81557447
-0.9062034,-0.863015
-0.7905232,-0.87228173
0.8972031,1.7903746
0.06027608,0.13397911
0.99610585,1.7543752
0.93120545,1.7713765
0.53712934,1.2591392
-0.35543618,-0.5863813
-0.6124309,-0.8108262
-0.9777409,-0.85164875
-0.68839186,-0.8519394
0.7579075,1.6847415
0.42646152,1.001943
0.69474655,1.5725534
0.68044394,1.5660005
0.94990736,1.7861496
0.39941624,0.9218882
0.12316185,0.25700632
0.18180835,0.38348413
0.3636999,0.824518
-0.08408492,-0.1601017
0.36473864,0.8219907
0.18701622,0.39071503
-0.67886436,-0.83286554
-0.7754106,-0.887455
-0.56178224,-0.77691275
0.5520536,1.2889848
-0.4854235,-0.7145124
0.7186631,1.5936781
-0.42601997,-0.6468115
0.23749787,0.5147421
0.7332482,1.6351558
0.69500893,1.5607045
0.67009485,1.526825
0.64341754,1.4736809
0.37496087,0.8722131
0.43938422,1.0114241
0.9092454,1.7814081
0.56246334,1.295442
-0.7143801,-0.8689532
-0.5330807,-0.7514563
-0.32827637,-0.5334516
-0.82352734,-0.8722455
0.7654225,1.6735677
-0.16331789,-0.29862472
-0.14174244,-0.25128856
-0.18377784,-0.33971444
-0.05281651,-0.11274456
-0.6045258,-0.79962665
0.46027118,1.0612314
0.7609507,1.6541314
0.4429929,1.0316136
-0.45369273,-0.6736477
-0.9430475,-0.8614912
-0.7190571,-0.8761129
0.35103172,0.82227665
0.52296746,1.2246528
-0.02062538,-0.063137226
-0.94691944,-0.87861073
-0.02976382,-0.056439474
0.7741329,1.6849546
-0.75623,-0.876378
0.8165554,1.7263225
0.9011872,1.781266
0.32697186,0.7483087
-0.8744745,-0.88664925
-0.32891086,-0.5213685
0.72492915,1.6283513
0.43891433,1.0243528
-0.017581439,-0.044141553
-0.67697525,-0.83172923
-0.03222371,-0.07240735
-0.8139002,-0.87074786
0.23028742,0.5114315
0.55812156,1.301954
0.2560426,0.5651588
-0.9722324,-0.83975244
0.33879948,0.7738278
-0.027637554,-0.06195176
-0.14137498,-0.25494376
-0.43428114,-0.6598306
-0.7673084,-0.86302245
0.120324604,0.24868323
0.6665056,1.5117015
0.9717216,1.7690215
0.2672529,0.59039956
-0.3766727,-0.6075677
-0.1722931,-0.32634643
0.44730726,1.035739
-0.04707899,-0.09831941
0.044702988,0.08475754
-0.7210097,-0.86586154
0.07376826,0.13866645
0.94340205,1.7696964
-0.3274663,-0.5383854
-0.6640397,-0.8440289
-0.051081866,-0.1140843
0.038015682,0.08674564
0.99523735,1.7511917
-0.5720025,-0.78518075
0.086223945,0.1705548
-0.25339657,-0.44764927
0.49327108,1.1464696
0.7413113,1.6160829
0.5213196,1.1917638
-0.6201,-0.8101195
0.30153412,0.68265426
-0.53571457,-0.7657325
0.9675208,1.7648854
0.11943874,0.2462627
-0.13888916,-0.2709341
0.29266945,0.6551223
0.19904383,0.43079287
0.8344233,1.7508094
0.025217192,0.03863022
0.51225615,1.2156807
0.9692783,1.7564751
0.26352513,0.5923234
-0.7244212,-0.8605144
0.9919791,1.7815124
0.2868418,0.6515424
0.9785276,1.7703736
0.044490926,0.103449754
-0.90003324,-0.87472564
0.85605216,1.7499362
0.77304757,1.6838031
-0.025624633,-0.05452642
-0.30626047,-0.5136645
-0.7041031,-0.84468883
0.85731345,1.7420268
0.044526383,0.09165097
0.5648898,1.3069308
0.23398851,0.51355433
-0.7657307,-0.86638224
-0.90430677,-0.88756377
-0.24361886,-0.43297595
-0.9850216,-0.8526861
-0.57767814,-0.8009544
0.8342559,1.7516179
0.15928692,0.33571833
0.38874972,0.91300446
0.558888,1.2905257
0.8933691,1.7638911
-0.6933978,-0.84210443
0.1513481,0.31506842
-0.22233711,-0.42144832
-0.23622823,-0.4083327
0.36152548,0.8436122
-0.593813,-0.81476426
0.26821175,0.6028418
-0.2734999,-0.45647612
-0.7628225,-0.86951977
0.6958294,1.5785463
-0.7138037,-0.8593168
0.011843993,0.015542575
-0.44445884,-0.68330485
0.9067518,1.7798072
0.22719519,0.49832854
0.27412164,0.6091168
0.08577334,0.18681447
0.7928473,1.7137613
-0.3945283,-0.62373024
0.13644694,0.27945182
-0.55053246,-0.7565894
-0.60833454,-0.7887626
-0.037096195,-0.08498208
-0.45195192,-0.6875393
0.49673793,1.172613
-0.9149732,-0.8726765
-0.76678765,-0.85142034
0.23965114,0.5286052
-0.84895045,-0.8745925
-0.36358088,-0.5977884
0.25224048,0.5392896
-0.56667423,-0.7824184
0.55626166,1.2918102
0.91992843,1.7830397
0.8727645,1.7787428
-0.82537824,-0.8818272
0.43954906,1.0203027
0.5144496,1.1941135
-0.6464929,-0.83752817
-0.811922,-0.87571037
-0.7925458,-0.85757196
-0.006225325,-0.0032969995
0.7469716,1.648966
-0.33563522,-0.5570592
-0.667587,-0.84397316
0.2057164,0.4517395
-0.24790564,-0.42509085
0.9645265,1.7683668
0.056330357,0.11577934
-0.9690733,-0.8654817
0.52415,1.2139663
0.87242293,1.7661008
0.5003216,1.1639984
-0.44164848,-0.65834767
0.7311299,1.6128259
0.17282751,0.37079832
0.030871749,0.080972105
-0.62162846,-0.82754487
-0.14420526,-0.26882556
0.3883659,0.9084251
0.6550164,1.5102816
0.76680803,1.6703985
0.102807306,0.2068926
0.74653405,1.6412038
0.9208723,1.7770805
0.4090118,0.9425114
0.73491186,1.6416873
0.89959764,1.7673045
-0.2924808,-0.48886645
0.6382038,1.4609766
0.22864985,0.50543207
0.54557705,1.2682892
-0.77545303,-0.878574
0.8168238,1.7353086
0.44080943,1.0258933
-0.49756944,-0.71881324
0.35758135,0.8088147
0.31678963,0.7331749
0.104875445,0.22261244
-0.64455736,-0.83160114
0.042156022,0.07713437
0.2730734,0.60419863
0.102409974,0.21331681
-0.33263025,-0.5778488
0.40586996,0.95165324
0.2785761,0.6306066
-0.53446406,-0.7433061
-0.24311653,-0.4248845
-0.05657829,-0.098844536
0.702186,1.5833844
-0.7910854,-0.87212867
-0.1966273,-0.3556705
-0.8122328,-0.87257737
0.35073295,0.80636334
-0.183861,-0.32495114
-0.41542068,-0.645351
0.6895834,1.5506634
0.98978883,1.7587044
0.4563264,1.0606303
-0.98053896,-0.8404792
0.9470581,1.7644098
-0.7207482,-0.87174124
-0.40776357,-0.63764143
-0.16838364,-0.30928978
-0.7129332,-0.8591834
-0.14758247,-0.25200266
0.8029919,1.7279819
-0.47355664,-0.69641316
-0.46817693,-0.7036166
0.18117963,0.39941168
0.33853033,0.7663198
0.18924221,0.41359594
-0.84432393,-0.87845594
0.759839,1.6548984
0.4674526,1.0656776
0.14524305,0.29409418
-0.107246555,-0.19608729
0.94976676,1.7755451
0.6757157,1.5407332
-0.47865462,-0.7015286
0.2530093,0.58199334
-0.53240114,-0.7519618
0.14200848,0.30187523
0.46421438,1.0660222
-0.06869227,-0.13068865
-0.3969508,-0.61904067
-0.31816012,-0.5303791
0.72258514,1.6127213
-0.85923064,-0.8767628
0.82435054,1.746217
-0.48297796,-0.71120214
0.23118033,0.5101797
0.0040798304,0.01259254
-0.37140334,-0.5766613
0.7984893,1.7075891
0.6556617,1.4890945
0.10350787,0.22015168
-0.18528777,-0.33702955
0.35239273,0.79123014
-0.7627802,-0.86354834
0.8945929,1.7561473
0.77840126,1.675291
0.02241769,0.040654864
0.6695367,1.5292313
0.838628,1.7482744
-0.7370212,-0.8498996
-0.47259074,-0.6969956
-0.5780985,-0.7899825
0.32959342,0.7318218
0.9661803,1.7659441
-0.9353471,-0.8587674
0.9901762,1.745145
-0.7691419,-0.86724865
0.24675287,0.5487222
0.35825625,0.8170142
-0.9255874,-0.869352
-0.3338438,-0.55341476
-0.06502526,-0.13886768
0.8142225,1.6935912
0.4040235,0.94175667
0.25539055,0.5701107
-0.7412223,-0.86039746
-0.42001972,-0.6447864
-0.120756805,-0.22280237
-0.39610738,-0.59927464
-0.12486281,-0.22995985
0.8401392,1.7553972
0.21047829,0.45331708
0.036873527,0.07935485
0.0754572,0.1772609
0.5466549,1.2727487
0.95021,1.7707995
0.9637808,1.7699363
0.31822205,0.7021684
-0.26351804,-0.46205375
0.18129443,0.39848593
-0.8639349,-0.87140787
-0.6763875,-0.83862066
0.781653,1.6816958
0.49634257,1.1548537
-0.51101583,-0.7221651
-0.17610548,-0.33590233
-0.8754425,-0.8792007
0.7289399,1.6144009
-0.39738393,-0.6211689
0.0937496,0.1854545
0.9723469,1.7578275
-0.6390378,-0.8192929
0.7645279,1.663401
-0.4827392,-0.7040076
-0.7705679,-0.868571
-0.9559446,-0.8501812
0.6787745,1.5262079
-0.996186,-0.8293892
0.90440416,1.7779996
-0.6330235,-0.8120261
0.6242663,1.4195406
0.7232718,1.6082395
-0.83016044,-0.87810326
-0.23491055,-0.40677896
-0.44627374,-0.6636431
-0.96929085,-0.85756016
-0.15331948,-0.29627687
-0.029520331,-0.07798092
0.3589302,0.816863
-0.5114013,-0.7297746
0.6930774,1.5659025
-0.040776785,-0.080071904
0.3413525,0.7840223
-0.063664645,-0.10499694
-0.8371195,-0.8605105
0.9979918,1.7649212
0.55718786,1.2989495
0.9623809,1.7641973
0.6444735,1.4929278
-0.08510137,-0.15053655
0.38079408,0.87571687
0.67091197,1.5115907
0.28741336,0.65246236
0.30112812,0.687869
-0.5983608,-0.8007047
-0.7806974,-0.8888708
0.4689837,1.0832131
0.13124232,0.28309318
0.46493635,1.090283
0.16568805,0.3573278
-0.9748001,-0.85951793
0.945531,1.7531364
-0.7542486,-0.8494151
0.42108113,0.9723729
0.2294596,0.49855837
-0.50441235,-0.7490477
0.65554273,1.4891757
-0.47631237,-0.6899098
-0.85915786,-0.89037114
0.38624692,0.89594483
-0.34786716,-0.575017
-0.67380357,-0.84149605
-0.6475295,-0.8203484
-0.9684356,-0.8674528
-0.3910156,-0.608204
-0.44753763,-0.67430645
-0.03630715,-0.06811719
-0.04119682,-0.08111154
0.35865563,0.8254792
0.024278603,0.047571745
0.62748045,1.4246205
0.7488799,1.645969
0.103883885,0.23722023
0.6951206,1.562768
0.9805731,1.7615377
0.32379872,0.72186285
-0.6180614,-0.78673667
0.06673762,0.12012852
-0.87775123,-0.87736744
0.5588609,1.2901006
-0.9151705,-0.874781
-0.035558958,-0.07870484
0.8612378,1.7582716
0.6970075,1.5597793
-0.9003753,-0.88390034
-0.2355489,-0.4382612
-0.3483914,-0.5775451
-0.85783964,-0.8753217
-0.77858394,-0.85968685
0.12956972,0.2663383
-0.34997052,-0.5622263
-0.9135383,-0.8725123
0.7027727,1.571625
0.09021028,0.18451887
0.4063456,0.9262871
0.39193678,0.8923978
-0.8407417,-0.88414264
-0.9913482,-0.84542876
0.689414,1.5431355
0.9430246,1.776607
0.11738456,0.24130403
0.031320106,0.06775016
-0.7610949,-0.8609632
0.11809183,0.25166297
-0.95769554,-0.88209105
0.58122975,1.3386126
0.038465172,0.072376065
0.4334493,1.0016105
-0.045954425,-0.095122725
0.4795569,1.1113417
0.10252602,0.21488944
0.066910565,0.14631692
-0.25765482,-0.4494618
-0.42838758,-0.68045956
0.531739,1.2412139
0.420995,0.9723002
0.8024471,1.7036518
0.57355046,1.3178257
-0.85251164,-0.8772826
0.9082383,1.7707915
0.4991821,1.1778789
-0.30828455,-0.50622773
0.29011303,0.6537792
0.5284629,1.237009
-0.72679824,-0.8601418
0.9322324,1.7709913
0.3012028,0.66812754
-0.9600754,-0.84690297
0.10680524,0.21777955
-0.6116412,-0.79848766
-0.49778697,-0.717937
-0.86217654,-0.8751662
-0.16516812,-0.29724368
-0.47077435,-0.7043268
0.67296493,1.5256606
0.7212607,1.6038892
-0.9462245,-0.86203855
0.54523295,1.254922
-0.92259836,-0.86386967
-0.10583391,-0.18853559
-0.7914684,-0.8741815
0.12174008,0.27270597
0.91215324,1.7875172
-0.5387471,-0.74386346
0.6790458,1.5330485
0.5673126,1.30241
0.5199258,1.2182639
-0.46652707,-0.6856031
0.23920569,0.53176576
-0.82906795,-0.8921724
-0.032765813,-0.06231324
0.8399,1.7409055
0.023394963,0.05647439
-0.93257767,-0.85842186
0.3965871,0.9085007
0.7452061,1.634156
-0.6056222,-0.81493604
-0.68422365,-0.8515891
-0.9437104,-0.8619964
0.524838,1.2165202
0.82346433,1.7140874
-0.022390347,-0.030332953
-0.4443924,-0.68828934
0.85007334,1.7419872
-0.6030915,-0.80775476
-0.15296814,-0.28830096
0.8084858,1.7144023
0.97558117,1.7655913
-0.4707639,-0.7012785
0.90284514,1.7622597
-0.036890052,-0.077422485
0.27195546,0.60279524
0.51971567,1.1943784
-0.25720072,-0.4591861
0.6692182,1.5133282
0.84610367,1.7447482
0.52386004,1.2433227
-0.7666405,-0.8635438
-0.8933227,-0.8656295
-0.39713195,-0.62775445
0.5461258,1.2872609
0.71673054,1.603635
-0.18010981,-0.32136887
-0.7533644,-0.864705
0.49318144,1.1541463
0.6821505,1.5448942
-0.7814993,-0.871803
-0.15053836,-0.2676549
0.28447244,0.63732815
0.50720483,1.1561157
0.9010583,1.7767043
-0.5997815,-0.8228368
0.81857896,1.72334
0.6968741,1.5709224
0.0052128895,0.013751048
0.18371923,0.3924016
0.40014184,0.90386224
0.79314154,1.6899061
0.11050304,0.21036522
-0.5646071,-0.7925786
-0.14532994,-0.27718607
-0.33585683,-0.5524996
0.8985287,1.7788163
-0.7970848,-0.8805338
-0.06942151,-0.13103169
0.97585833,1.7633554
0.009185415,0.039170057
-0.12835048,-0.25387374
0.3267139,0.7617617
-0.54967904,-0.77546716
0.6933648,1.5674065
-0.04804457,-0.10113075
-0.17370652,-0.32235825
-0.15078957,-0.27673432
0.36594397,0.8262605
0.3144613,0.70961934
0.024026925,0.050721005
0.19240683,0.39641628
0.73262644,1.6113341
0.61495495,1.4065539
0.043400627,0.11036605
0.8638197,1.7506555
-0.07909572,-0.14964142
-0.38272032,-0.59721786
-0.68391085,-0.8518377
-0.5509901,-0.77558553
0.35375342,0.80976313
0.15357886,0.32054892
-0.73820335,-0.8581601
-0.043892458,-0.07654123
-0.6927613,-0.8480814
-0.19054124,-0.33264744
-0.5139152,-0.7301017
-0.02269728,-0.053811565
0.7265207,1.5927448
-0.4046101,-0.65689623
0.94548315,1.7809995
-0.002210334,-0.011827751
-0.65160197,-0.83392096
0.33406237,0.7694098
0.7333316,1.620472
-0.042266063,-0.086199805
0.7819557,1.6853501
0.544679,1.2557707
-0.7713215,-0.8774307
0.70995396,1.6010052
-0.77162385,-0.8820399
-0.2288362,-0.39891338
0.8625175,1.7665186
-0.4622371,-0.68024176
-0.98128694,-0.8334396
-0.14561741,-0.2713393
0.88270956,1.7740614
-0.15108405,-0.27542964
-0.7851352,-0.86116844
-0.16053528,-0.2944926
0.9735343,1.7809258
-0.5961641,-0.7915151
0.82732797,1.7302027
-0.7628476,-0.88012135
-0.78499186,-0.879003
-0.90342885,-0.8755949
-0.6785027,-0.855885
0.8839952,1.7694505
0.64271206,1.4687024
-0.3329526,-0.56166565
-0.7214329,-0.87548685
0.1217491,0.26220548
-0.75316864,-0.8650935
0.3486645,0.78950423
0.7664969,1.6613837
0.04636857,0.10276024
-0.5362418,-0.7658573
-0.37074605,-0.58615077
-0.23602842,-0.39855638
0.92038405,1.7856609
0.71995246,1.5918514
0.09140975,0.18256325
0.36670485,0.8341016
-0.8045665,-0.8762249
-0.6345809,-0.8210359
0.101401985,0.20239507
-0.74752676,-0.8576224
-0.9595296,-0.851643
-0.78953606,-0.8768069
-0.792307,-0.8804177
0.48224437,1.1225908
0.69993174,1.5700309
0.6279902,1.4414968
0.9824041,1.7637544
0.77197343,1.6687458
-0.14608438,-0.24850799
-0.10216732,-0.19966272
-0.38431498,-0.6152735
-0.56333745,-0.7885644
0.58348024,1.3466771
0.27580655,0.63187516
-0.71944016,-0.86931753
0.4022218,0.92743856
-0.6125097,-0.8000258
-0.17403015,-0.33014116
0.7843008,1.6934013
-0.87098324,-0.8735052
-0.25681788,-0.43088344
-0.9533522,-0.8585717
-0.10755675,-0.19936752
0.35398653,0.79174787
-0.9990023,-0.83460164
0.31249663,0.72251284
0.29684848,0.6783343
0.81413966,1.7199217
-0.11553613,-0.21862762
-0.68171775,-0.8454468
0.36407003,0.85244393
-0.2291371,-0.38771823
-0.6529663,-0.83984345
0.25534523,0.5589808
-0.77112764,-0.8608501
-0.6839215,-0.8485181
0.46705103,1.0875604
0.37822872,0.8708169
0.1981468,0.44672894
0.5732156,1.3162274
-0.6994971,-0.8481938
-0.8445228,-0.86385083
0.98460746,1.783299
0.030403335,0.06733378
0.93829674,1.7685262
0.18698242,0.40500167
0.42139232,0.9695543
-0.40820485,-0.62491685
0.73502296,1.6329212
-0.22692654,-0.3915655
0.75700784,1.6591907
-0.4304124,-0.6565056
0.18268609,0.39507192
0.5646466,1.3069373
0.56824934,1.300305
0.5781237,1.3383859
0.99216914,1.7642771
0.91430134,1.7827095
-0.5945993,-0.79668
-0.26116315,-0.44993865
0.032389637,0.06019126
0.45463142,1.0505856
0.35348022,0.81807506
0.34852123,0.8004866
-0.43461353,-0.66446126
-0.32502165,-0.5270589
-0.5889712,-0.7800005
0.76051563,1.6691988
-0.1622921,-0.29075682
-0.0641501,-0.13124473
0.91587925,1.783765
0.83298326,1.7390888
-0.441182,-0.6720208
0.7762864,1.6917777
0.09648061,0.19970846
0.3085174,0.6871832
-0.14139836,-0.2505931
0.9687707,1.7703626
0.36826035,0.8358162
-0.29883736,-0.50198734
0.1413213,0.30520752
0.73656654,1.6210845
-0.87109715,-0.87928694
-0.561929,-0.7767564
-0.9857026,-0.86764574
-0.6824239,-0.82841665
0.09561678,0.21656504
-0.2514916,-0.43453354
-0.010870217,-0.019119881
-0.029248342,-0.054851383
-0.6232385,-0.82541883
0.64443445,1.4783626
-0.31388313,-0.5303567
0.6762532,1.5131568
-0.6105572,-0.8094566
-0.31377244,-0.5238987
0.2843423,0.6542612
-0.33444226,-0.5555573
-0.56868404,-0.78346896
0.88190895,1.7645028
-0.09746169,-0.190987
0.83531004,1.7321495
0.9710747,1.7602801
-0.2660604,-0.45452407
-0.30726132,-0.5219887
-0.58287555,-0.7683494
0.021915315,0.04281172
-0.5687549,-0.75728655
-0.5056026,-0.7376315
0.51412815,1.1762346
-0.12522815,-0.22914137
-0.5690736,-0.7879001
-0.40374312,-0.6398349
-0.61263096,-0.8267814
-0.51899225,-0.7461944
0.4946448,1.1614926
0.70725787,1.5862312
0.9088356,1.7741759
0.98111063,1.759451
-0.18555407,-0.32057202
-0.8663933,-0.87959236
0.20575947,0.44053784
-0.86156666,-0.8802802
0.39382303,0.9067843
0.40741408,0.9335418
-0.7039377,-0.8762129
0.524389,1.2145898
-0.4759758,-0.69851846
-0.23901933,-0.42291582
-0.8771444,-0.8816749
-0.13770324,-0.24706057
-0.3920967,-0.610715
0.27628443,0.61490893
-0.4615803,-0.6960745
0.23780489,0.51038456
-0.39825904,-0.6231756
-0.5288885,-0.75470626
0.48448876,1.142827
-0.38336983,-0.6019011
-0.5771486,-0.7758202
0.91622484,1.766921
0.7130472,1.5975975
-0.04117348,-0.08016575
-0.85096425,-0.8836967
0.062861,0.12565887
-0.9296225,-0.88688016
0.6626042,1.5191883
-0.15225334,-0.29728618
-0.57161164,-0.7824487
0.5287101,1.2338734
-0.66954684,-0.82757443
0.39167392,0.91677713
0.27866733,0.6304176
-0.67727286,-0.84011555
0.3286091,0.76116806
0.56433606,1.3032976
0.555003,1.2805067
0.20694451,0.45320928
-0.80743206,-0.88554335
-0.65768224,-0.8421653
-0.4048502,-0.6280077
0.87463987,1.7643498
-0.8082963,-0.883481
0.098927744,0.2080948
0.78472495,1.6960356
-0.1236184,-0.23673347
0.76220983,1.6702809
-0.35413092,-0.5746582
-0.11533165,-0.20936964
0.19180094,0.41942063
0.302229,0.6622429
-0.21467094,-0.37477663
-0.08003343,-0.14726633
0.22508644,0.48398057
0.70292455,1.5732691
-0.28682697,-0.49057734
0.11902973,0.24458787
0.5174909,1.1878784
0.92424804,1.7839544
-0.75758415,-0.86469203
-0.8409622,-0.86977005
-0.9255034,-0.8692615
-0.5747585,-0.77394515
0.058548853,0.10565627
-0.66290367,-0.83288413
-0.50544536,-0.72167665
-0.6721879,-0.85049677
0.7594911,1.6568965
0.7449108,1.6279769
-0.0747623,-0.13614182
-0.3433344,-0.56896377
0.8449773,1.7479117
0.26026404,0.57498485
-0.6744404,-0.8516737
0.6204005,1.4225607
-0.37870917,-0.5996744
0.72403973,1.611837
0.07116673,0.13416292
0.38583916,0.8898142
0.42318627,0.9805916
-0.9049551,-0.8615979
0.47404003,1.0886352
-0.5371877,-0.747292
0.52659076,1.2146655
-0.38342097,-0.6226442
-0.81291527,-0.87186366
0.20944397,0.46468994
0.9783445,1.7725565
-0.9505013,-0.8688561
-0.9664704,-0.8631704
-0.6325259,-0.8270775
-0.72882164,-0.8637998
0.45599204,1.0649997
0.20652367,0.44134003
-0.83516896,-0.8748828
-0.76756334,-0.8690187
0.5226515,1.2090731
-0.57472235,-0.77792066
-0.70762926,-0.8434638
-0.88817227,-0.86400306
0.58539826,1.3513864
0.8823325,1.7730865
0.68422914,1.5431237
-0.9715798,-0.8564612
-0.50260264,-0.731523
0.6162452,1.4065478
0.5497612,1.2633018
-0.6312365,-0.8303943
0.54253614,1.2632225
-0.37418625,-0.58908
0.9765566,1.7488525
0.81971043,1.7203501
0.7532351,1.63734
-0.065164685,-0.12756659
0.06150081,0.12757044
0.36553895,0.8353587
-0.6634896,-0.8223227
0.11381591,0.2277681
0.53374946,1.2246135
-0.8914051,-0.8829785
-0.5504303,-0.77196085
0.665037,1.5253806
-0.17943485,-0.31953079
-0.6817146,-0.8468366
-0.412525,-0.6300658
0.43850568,1.0128876
0.24203715,0.5311237
0.19649921,0.4297435
-0.18700683,-0.3495148
0.4625692,1.0632396
0.50888395,1.1976838
0.4495812,1.0459763
0.5963973,1.383214
-0.44731608,-0.68128175
0.8222606,1.7283115
-0.3202454,-0.51653165
-0.4458757,-0.684819
0.3176162,0.7211192
0.9264696,1.7873211
-0.4875485,-0.72556597
-0.620092,-0.8225553
-0.8975382,-0.88082224
-0.060251027,-0.117171355
0.80940217,1.7167584
0.8006152,1.7028115
0.5444411,1.265301
-0.49764138,-0.7284948
-0.024490766,-0.05141632
-0.7684,-0.86076766
0.15566298,0.33542553
0.924777,1.7820797
0.5013608,1.1659858
-0.11891558,-0.22982125
0.31664428,0.7160233
0.14939614,0.3124118
0.3134736,0.7088782
-0.8826515,-0.8656099
0.26532727,0.5793901
0.13782108,0.2873023
0.9781073,1.7718315
-0.85796005,-0.8811305
-0.258606,-0.45607793
0.6951302,1.5502136
-0.18405129,-0.33670184
0.982434,1.7625111
-0.84784865,-0.8708527
-0.9507524,-0.85012084
0.47013175,1.0871454
0.9012634,1.7783295
-0.8927282,-0.8713755
0.39262804,0.9024419
-0.105294906,-0.18429327
0.006080478,-0.019392628
0.4155163,0.9392366
-0.54977304,-0.77077055
0.04131828,0.088436686
0.3491498,0.81441236
-0.65233356,-0.83220124
-0.21582325,-0.3784321
-0.05496272,-0.107051104
-0.86331,-0.8689462
0.9758579,1.7578583
-0.99276686,-0.8454302
-0.78602713,-0.8871803
0.3366232,0.7592531
-0.90356445,-0.88332665
0.87826204,1.760579
0.93025416,1.7742563
-0.04301491,-0.08151285
0.16732903,0.38035592
0.76412356,1.6775022
-0.54225814,-0.7569603
-0.1631205,-0.31773964
0.77323395,1.6688613
-0.2837085,-0.4810375
0.85584027,1.7671498
0.36861557,0.8414467
0.48155072,1.1224033
0.31092182,0.68933123
0.5076938,1.1701764
0.71374786,1.5922339
0.89067566,1.7507888
-0.59547806,-0.79344684
0.9541334,1.7824669
0.6399738,1.4715843
0.0394777,0.06416633
-0.17589767,-0.32066897
-0.15485609,-0.2933007
0.21018045,0.45380774
0.40456212,0.9048424
0.37414968,0.86423177
-0.5389696,-0.74723655
0.10988263,0.20658235
0.07323972,0.14015624
-0.5941244,-0.7950574
-0.20212641,-0.36266813
0.18704024,0.40583
0.79780054,1.7010032
-0.30862364,-0.5095785
-0.49210885,-0.7325559
-0.81235576,-0.8705245
0.21333453,0.46760657
0.48635173,1.1278791
-0.60249287,-0.7867244
0.23418842,0.5177952
0.93533325,1.7764398
0.3773175,0.8600892
0.20050418,0.4335407
-0.87474555,-0.8612909
0.9721184,1.7802237
-0.06357528,-0.12484503
0.003530658,0.028392019
0.59280217,1.3634562
-0.07155066,-0.1326902
0.011409351,0.026805893
0.6446255,1.4665691
-0.5732121,-0.78056234
-0.6121733,-0.81742996
-0.39006826,-0.60323507
0.085510805,0.1807385
0.25901642,0.5749222
0.6079604,1.39824
-0.29463017,-0.49264175
-0.5761283,-0.8078736
-0.17440341,-0.3096484
-0.65304655,-0.8351941
-0.4589799,-0.69848764
-0.8647292,-0.88420403
-0.8520886,-0.8750705
-0.5813367,-0.7970225
-0.33512935,-0.5536792
0.88712966,1.7872006
-0.028742593,-0.06521364
-0.747758,-0.88384485
-0.62851155,-0.8234588
-0.4819353,-0.7192583
0.80984265,1.7302516
-0.27166608,-0.47310877
0.86913455,1.7501684
-0.8343517,-0.86888427
0.7261296,1.6090987
-0.0881065,-0.15392596
0.7887751,1.6913452
0.48841357,1.1153487
-0.47681713,-0.7177985
-0.2210811,-0.4162886
0.42466763,0.9535725
-0.5338012,-0.75525945
0.3616988,0.83337873
0.13657494,0.3023978
-0.3197881,-0.5282997
0.37831435,0.87686837
0.8551431,1.7492347
0.8116975,1.7254272
0.073128656,0.13227183
0.45104825,1.040112
-0.2148847,-0.36937636
-0.5324624,-0.75966233
0.30581865,0.68766046
-0.43953586,-0.65701205
-0.44337204,-0.66974497
0.46333387,1.059012
0.75902784,1.6709893
0.026422493,0.06582246
-0.9107325,-0.8811297
0.42713988,0.99989665
0.5090423,1.1843674
0.87512153,1.76594
0.099349946,0.19274469
0.15828079,0.34896478
0.42837825,0.9959915
0.011566633,0.031186547
-0.58718497,-0.7879921
0.6271586,1.4410335
0.26882994,0.5944608
-0.43446878,-0.65290934
0.9354742,1.756563
0.65859467,1.513022
-0.30446234,-0.5080247
-0.9692278,-0.8661973
0.9177611,1.7687738
-0.78937316,-0.8797975
-0.340532,-0.5419139
-0.6314076,-0.82300925
0.79031485,1.7048241
-0.33042464,-0.52910334
-0.45211148,-0.67707384
-0.094056055,-0.1846768
0.9895563,1.7557524
0.043278463,0.0782494
-0.9400032,-0.86709136
0.2565445,0.5582793
0.09693486,0.19247217
-0.8449274,-0.8737848
0.6956611,1.5573205
-0.82405746,-0.8783883
-0.87738496,-0.88871217
0.4826736,1.1324663
-0.041905466,-0.080847576
-0.89034927,-0.8617612
0.07817854,0.16059564
-0.21333587,-0.38761255
0.4746112,1.0948198
-0.91059345,-0.8735802
-0.2943438,-0.49322543
-0.022604994,-0.048472404
0.10512465,0.22315837
0.4113868,0.9417705
-0.25631082,-0.44676006
-0.56528616,-0.76453435
-0.16521715,-0.30711648
-0.4353766,-0.67574793
0.42557818,0.99061704
-0.9041363,-0.8995571
0.88885546,1.7866315
0.7696026,1.6724913
-0.35229173,-0.5703334
-0.78953874,-0.8834493
0.31664804,0.7228786
0.8993929,1.7664614
0.85940105,1.7598865
-0.8113724,-0.86899537
-0.15250997,-0.27047446
0.18463299,0.405595
0.663066,1.5050571
-0.06322141,-0.09837377
-0.05417425,-0.111656494
0.14616355,0.31366035
0.9059305,1.7575436
-0.45683518,-0.690059
0.29218566,0.65274924
0.9259873,1.7740649
-0.09348465,-0.18347552
-0.35223076,-0.56955945
-0.4166189,-0.63252133
0.30586386,0.6712572
-0.060025554,-0.09715755
0.6846341,1.5511254
-0.48649576,-0.71225023
0.9963213,1.7451329
0.78689367,1.7010403
-0.27681315,-0.475072
0.7160452,1.6085309
0.9983441,1.7634407
0.9913278,1.7530572
-0.36847457,-0.5993738
0.03666284,0.0664598
0.016082771,0.030381909
0.39398956,0.9142801
-0.8538396,-0.87936664
0.64369833,1.4547783
-0.61102,-0.8248835
-0.07449351,-0.1436483
0.19333558,0.4267424
-0.05075128,-0.10536384
-0.860666,-0.8918035
-0.25973472,-0.4386084
-0.10915489,-0.22732042
-0.020647682,-0.029837215
0.95102066,1.7860894
-0.15668571,-0.27597654
0.22218248,0.4944151
-0.76689786,-0.8655455
-0.5507877,-0.75932837
-0.8730342,-0.87106806
-0.04869665,-0.10659252
0.0037649267,0.007979762
0.84324944,1.7387242
0.37413138,0.86452186
-0.55442363,-0.77264935
-0.8674307,-0.8889079
-0.77191776,-0.8601818
-0.87549686,-0.85489243
0.93081254,1.7683431
0.41194803,0.94031984
-0.84435284,-0.8910101
-0.6837391,-0.86389756
0.4251497,0.9863013
-0.5461797,-0.7616907
0.09158525,0.1826021
-0.69976765,-0.84909827
0.76721305,1.6596342
0.11446123,0.24858736
-0.39561075,-0.6099728
0.8162084,1.7297635
0.04745447,0.10007338
0.08775012,0.18053707
-0.20689057,-0.36183092
-0.74987185,-0.84781766
-0.56413007,-0.7763746
-0.052787565,-0.10902203
0.4217046,0.96807367
-0.5908461,-0.79704714
-0.6890068,-0.840099
0.040775985,0.09597021
-0.7429673,-0.86421114
-0.12674594,-0.23357387
0.11841559,0.2470167
-0.022759862,-0.042251837
0.8014402,1.7095035
-0.8679931,-0.87619823
0.8053875,1.7069787
0.2513071,0.55275977
-0.68747944,-0.8389996
-0.7920286,-0.88958424
0.66291726,1.5102487
-0.9485293,-0.8548413
0.1598514,0.3373084
0.75554216,1.6449845
0.862347,1.7458918
0.2367584,0.5232621
0.9295228,1.7866459
0.31940922,0.7316853
0.87340975,1.7883853
0.71148854,1.5987267
-0.92123383,-0.87771416
-0.18933612,-0.3511678
-0.19463654,-0.3482961
-0.34902954,-0.58005196
0.9977349,1.7394582
-0.70406014,-0.86131865
-0.51880443,-0.7422809
-0.8092303,-0.8838936
0.14407043,0.3096042
0.6692717,1.5156143
-0.5526782,-0.78690785
0.12766404,0.28307655
-0.6084925,-0.7970487
-0.8749964,-0.8598375
-0.7581774,-0.8624272
-0.15690173,-0.2879988
-0.58828574,-0.79746604
-0.818902,-0.86748767
-0.17462808,-0.31810796
0.32647577,0.74564326
0.14749375,0.3092784
0.023507893,0.051652063
-0.07082725,-0.12939195
0.009947962,0.024600044
0.75431275,1.6526748
-0.93787885,-0.86758083
-0.065928146,-0.118698604
0.7537709,1.6575359
0.044109166,0.089610174
-0.5541278,-0.7613438
-0.5284401,-0.76074594
0.27472073,0.6000456
0.5832045,1.3650885
0.7072459,1.5676464
0.015278791,0.04233474
0.64589983,1.4853225
-0.49213552,-0.7104654
0.14272891,0.30971807
0.57817286,1.3403176
0.82360214,1.7283973
0.5686192,1.3272542
0.7372373,1.626731
0.7747484,1.6645074
-0.46044523,-0.69532025
-0.35312018,-0.5771169
0.6033816,1.3973726
0.86049974,1.7610978
0.62319034,1.4134992
-0.5555283,-0.7934301
0.9841289,1.7645645
0.26974964,0.58882725
-0.04305592,-0.07964636
0.9301531,1.7686404
0.79277366,1.6884322
0.18175812,0.41520423
-0.27165645,-0.46783155
-0.06292021,-0.112684876
0.10111819,0.18938994
0.21206841,0.46778142
0.40760434,0.9274938
0.18566006,0.41111067
0.742335,1.6308566
-0.79970783,-0.8883974
0.8963247,1.7606332
-0.6130729,-0.8041918
-0.43855917,-0.68415797
0.6818838,1.533322
-0.17371154,-0.30571425
0.1933704,0.42609328
0.1811495,0.40468338
-0.7361051,-0.86668503
-0.19788337,-0.33935952
0.821706,1.7249929
-0.8836438,-0.86757225
0.40815106,0.9342924
-0.0063490947,-0.02352742
-0.9469824,-0.8643385
-0.037731044,-0.07187909
-0.22127296,-0.40845934
0.2723999,0.61143595
-0.59357285,-0.8038546
-0.2782818,-0.4681244
0.19195141,0.41543037
0.51499426,1.2018266
-0.43374547,-0.6586028
0.43606403,1.0101265
-0.071400344,-0.13912466
0.032860518,0.078174815
0.08345659,0.17295694
-0.6533958,-0.8427516
-0.43466088,-0.67705375
0.5808783,1.3495024
-0.12785476,-0.2354314
-0.28113043,-0.4653143
-0.80850434,-0.8621702
-0.63906246,-0.8205914
0.0959125,0.19349329
-0.03850573,-0.06996129
0.95423853,1.7836038
-0.63872486,-0.83854324
-0.56711227,-0.78379506
0.38278046,0.85025555
-0.20952418,-0.36742064
-0.40279824,-0.6146963
-0.8887822,-0.86739653
0.29818702,0.6546539
0.72365004,1.5995617
0.9607066,1.7723156
-0.08914502,-0.16374733
0.25780585,0.588066
-0.603252,-0.8008569
0.52901363,1.2143179
-0.37274322,-0.598776
0.70826006,1.5821481
0.6806962,1.5416944
-0.80582345,-0.87031555
0.2768418,0.6043518
0.67256033,1.5291442
0.050362993,0.08842387
0.43202525,0.99966407
-0.5651336,-0.76313585
0.25112298,0.5590233
0.2087357,0.4419347
-0.4573931,-0.6784813
0.8472537,1.7395358
-0.14496219,-0.25468072
0.410778,0.9397401
-0.82689756,-0.89090985
-0.99396443,-0.82680637
0.8924212,1.771412
0.43280816,0.99713814
-0.6959642,-0.8494638
0.10092049,0.19829471
-0.79668933,-0.8740396
0.5562849,1.2941022
-0.25473478,-0.4611336
-0.9164433,-0.8590807
-0.94636095,-0.86862516
-0.51355076,-0.73954254
-0.6246411,-0.8216628
0.99152654,1.76834
0.90478534,1.7765003
0.7601113,1.6625845
-0.23248596,-0.40789825
-0.9661456,-0.8524198
-0.22567008,-0.38943577
0.5316116,1.2417734
-0.7952481,-0.8754656
-0.6235592,-0.8095722
-0.4687171,-0.6950162
-0.8634957,-0.8994578
-0.2862573,-0.5027169
-0.30645525,-0.50297356
-0.06938208,-0.13288255
-0.8971358,-0.8757405
-0.5602018,-0.78277105
0.009146021,0.026032995
0.64975935,1.4796741
-0.8200048,-0.9009504
-0.8001703,-0.8980133
-0.8465104,-0.8761385
-0.013467435,-0.035632852
-0.6373952,-0.83621675
-0.2589782,-0.44785646
-0.21931027,-0.38405707
-0.78166556,-0.86218655
0.90824413,1.7753745
0.23433773,0.5246211
0.49583888,1.1366956
0.3301172,0.7618566
-0.10649248,-0.22240847
0.89681816,1.7767476
-0.3277646,-0.54727125
0.889524,1.7680733
0.25306422,0.557544
-0.116635405,-0.22351953
0.3536694,0.80407065
0.6629514,1.5244405
0.8525155,1.7638799
0.23028368,0.5138772
0.35661542,0.81111777
0.9062978,1.7779952
0.028529987,0.051023666
0.75377184,1.6570578
0.07753923,0.15992032
0.6707895,1.5269563
0.1739622,0.37126404
-0.52715147,-0.7399444
-0.61391675,-0.81037885
-0.3648074,-0.5883333
-0.46177334,-0.68392324
-0.19435664,-0.33297756
0.3931396,0.9039875
0.7245595,1.6097872
-0.67845833,-0.8399033
0.13496502,0.28249136
0.32340214,0.721843
0.08046184,0.16053466
-0.8672362,-0.8645779
0.2795948,0.62117
-0.34771195,-0.5631683
-0.5256425,-0.7651618
-0.11099898,-0.22041216
0.42767355,0.99868476
0.09636279,0.20607774
-0.49416405,-0.7202829
-0.6707309,-0.85357684
-0.30331364,-0.5066897
-0.93209094,-0.8649879
0.762687,1.6656687
-0.41675502,-0.6532478
0.7732282,1.6858331
0.43916357,1.0081297
0.8863217,1.7671385
0.15625943,0.31480086
0.5286472,1.2267798
-0.65425575,-0.844513
0.3382964,0.7711223
0.081602186,0.17008121
-0.05123448,-0.09979036
-0.54316735,-0.7741638
0.37641716,0.848114
0.035338845,0.07124937
0.7249178,1.59495
-0.8144574,-0.8655214
-0.8654236,-0.8747574
-0.79602945,-0.86781883
-0.36526427,-0.57738227
0.6169131,1.4219235
0.12289005,0.25934237
0.21523848,0.47107267
0.10435426,0.23191589
0.18129125,0.3872482
-0.9719433,-0.85466206
0.41033357,0.9362272
0.5803175,1.3359249
0.94461846,1.7705827
0.3510159,0.79873383
0.055978447,0.11354459
0.055165574,0.114308864
-0.3468522,-0.56163037
-0.05411025,-0.10378076
-0.91767293,-0.85468435
0.9373831,1.7755655
-0.81600994,-0.8774027
-0.6735982,-0.83511233
0.022470096,0.033833463
-0.14001785,-0.26190287
0.7460127,1.6466492
-0.38904127,-0.61026555
0.43854922,1.0100845
-0.15348658,-0.27991438
-0.23598723,-0.4266296
-0.5793878,-0.77819973
0.6272032,1.4441745
-0.6055861,-0.8059687
-0.98036784,-0.84728694
0.66067415,1.4966199
-0.576903,-0.77396876
-0.6988595,-0.83478004
-0.6024483,-0.8195864
0.87628394,1.7721748
0.34344643,0.78931415
0.38098472,0.87871426
-0.69501287,-0.8599549
0.22852005,0.4980527
0.7233463,1.5875124
0.36022115,0.81193596
-0.84626114,-0.85986817
-0.1337399,-0.26314944
0.42292237,0.9890027
-0.8142548,-0.8735507
-0.2805045,-0.48063543
0.42635667,0.9839145
0.6746273,1.5402123
0.27564523,0.6046602
0.67602587,1.527141
0.3086353,0.70372194
0.8642831,1.7547778
-0.9727998,-0.8360989
-0.30094582,-0.49990967
-0.8709262,-0.88558203
-0.24093361,-0.41495195
-0.50542814,-0.73460335
-0.50827557,-0.7475108
-0.4232654,-0.64000994
-0.42156094,-0.66615146
0.16238958,0.35989994
0.2985846,0.6691425
-0.48194143,-0.694359
-0.7160709,-0.85453194
-0.1664499,-0.29965276
-0.40556335,-0.6330077
0.8384833,1.7377814
0.5961416,1.3824483
0.7699278,1.671901
-0.79305553,-0.8804915
-0.23413998,-0.4141708
0.6974417,1.5671028
-0.6495808,-0.8213481
0.56072193,1.2921543
0.74701416,1.6340681
-0.45215797,-0.6792913
0.9342066,1.7758188
0.6728863,1.5256227
-0.6634155,-0.8275732
0.14797783,0.31267437
-0.5402276,-0.7548133
-0.07590628,-0.13094607
0.019880226,0.041586228
0.3421203,0.7794687
0.22989081,0.4941176
-0.29067045,-0.4793468
0.06398145,0.1254458
-0.8437916,-0.8729785
0.119454674,0.26390314
0.9542823,1.7883419
0.12980372,0.25292304
0.7398748,1.633193
0.73881197,1.6472076
0.9106637,1.7801287
-0.86268896,-0.8820008
0.28300455,0.6299056
0.8360931,1.737899
0.58006054,1.356581
-0.10444049,-0.21634704
-0.4610072,-0.6943271
-0.30805948,-0.5112687
-0.75493985,-0.873492
-0.5798607,-0.7748754
0.4264401,0.9781979
-0.652851,-0.8273412
0.6650331,1.509574
-0.49142823,-0.7267077
-0.18488875,-0.3392968
-0.40069753,-0.62158185
-0.34579647,-0.561245
0.6228256,1.4207281
0.44388357,1.044132
-0.2263641,-0.39571992
-0.2807341,-0.49099374
0.3421373,0.76658285
0.38134515,0.86881596
-0.9078125,-0.8519919
-0.56847185,-0.7846183
0.16440679,0.35308674
0.17589949,0.3771352
-0.61267716,-0.8232894
-0.8680363,-0.8919515
0.95950204,1.7603539
-0.746516,-0.86635536
0.7443631,1.6360575
-0.30049348,-0.50795704
0.70520514,1.587145
0.25103542,0.5679058
-0.9010674,-0.8849716
0.82314956,1.719433
0.5410174,1.2433351
-0.07175974,-0.15374927
0.18896781,0.4158158
-0.34306073,-0.5659367
-0.7085317,-0.8675533
-0.8847882,-0.8800342
0.08160181,0.16580236
-0.64085895,-0.81959623
-0.29042915,-0.48566806
-0.39545557,-0.6319733
-0.24993062,-0.43370944
-0.65982145,-0.8428707
0.5664177,1.3063732
0.4679358,1.0636663
0.6375715,1.44509
-0.025439879,-0.06453372
0.4074088,0.9349362
-0.7309285,-0.8666316
0.18023449,0.393886
0.8682765,1.7651014
-0.38652986,-0.60977423
0.22575955,0.5102747
-0.55867445,-0.7850881
-0.4027541,-0.6368767
0.9064422,1.7876238
-0.8215069,-0.8818686
0.5418216,1.2569821
0.74948096,1.6490567
0.1973031,0.4153353
-0.9661481,-0.8632398
0.51691365,1.1918734
-0.20157194,-0.34680098
0.53461826,1.2278476
-0.74353665,-0.87704664
0.2373963,0.5256492
-0.25412494,-0.45153505
-0.9732353,-0.85367125
0.062240724,0.13742417
0.18535121,0.40064135
0.85203665,1.7528163
0.84535617,1.7481526
0.3983739,0.9053395
-0.24317124,-0.4278097
-0.94143206,-0.86611205
0.43280903,1.0036014
-0.20300607,-0.38319477
-0.38281858,-0.5928203
-0.31743276,-0.51820403
-0.84287035,-0.87486094
-0.619084,-0.81547093
0.42156768,0.95787966
-0.3010908,-0.50649184
-0.89363587,-0.8703045
-0.40727136,-0.6484404
0.77167135,1.6844072
0.791856,1.6824392
0.5094069,1.201039
-0.82500005,-0.8778532
0.84337765,1.7456112
0.7786495,1.6897362
-0.7209459,-0.87256056
-0.16836691,-0.29340908
0.030815192,0.07002341
-0.9969847,-0.82977843
-0.41510442,-0.64432555
-0.44583115,-0.6919489
0.06956472,0.12999983
-0.9858904,-0.83729
-0.10134974,-0.19371268
-0.33966148,-0.5479305
0.11433527,0.25536785
-0.2527495,-0.42767587
-0.65170336,-0.8237065
0.52992034,1.2246611
-0.78405905,-0.85268146
0.13103642,0.2688628
-0.6810682,-0.8369878
0.60101867,1.3893255
-0.05594391,-0.10311164
0.3886651,0.8796622
-0.4793736,-0.68933153
-0.83425856,-0.9018456
-0.29749545,-0.52563846
-0.1467259,-0.2891201
0.5141762,1.2045401
-0.45813948,-0.7068129
0.83246666,1.7296207
0.84332114,1.7464924
-0.32100633,-0.5270574
-0.5387032,-0.76347
0.5296769,1.2454263
-0.0471836,-0.09670744
-0.009418144,-0.009974146
0.58078575,1.3593845
-0.1408073,-0.2630735
-0.0009112365,-0.009744252
0.54944396,1.2618403
-0.54025483,-0.7583811
0.8450035,1.7578728
0.23536108,0.5201097
0.3155711,0.71192616
0.91721016,1.7553998
-0.8600821,-0.87648666
-0.53461987,-0.75896764
0.27035233,0.6030382
-0.7445318,-0.87116015
-0.20276283,-0.34815302
0.21436115,0.4719741
-0.70163095,-0.8522967
-0.26225153,-0.43900725
0.07052269,0.14841026
0.48689678,1.1398416
-0.9075913,-0.8636494
-0.6556491,-0.8282789
-0.28448227,-0.4857238
-0.87447166,-0.87392944
0.018505666,0.040428568
0.67199945,1.5437543
0.16698347,0.35890573
0.8531206,1.7572293
0.07428345,0.15037654
0.07263709,0.1479942
0.64394635,1.4685247
0.9210632,1.7653489
0.79126793,1.7033691
-0.6709305,-0.84599984
0.99023205,1.766742
-0.29228473,-0.4820911
-0.3329041,-0.54849637
0.43814558,1.0204198
-0.026797388,-0.077043384
-0.82266486,-0.879234
0.66895896,1.515609
0.7290373,1.6297092
0.68974954,1.5508561
0.09628159,0.21085335
-0.409636,-0.629437
0.70970035,1.5669935
0.7957663,1.7075356
0.83674794,1.7586716
0.35142544,0.8084058
0.070829436,0.14570914
-0.9942664,-0.85544485
-0.75152934,-0.8775581
-0.027058521,-0.044470638
0.44792536,1.0111601
-0.9005831,-0.8679331
0.079802565,0.16711503
-0.08547307,-0.16523884
-0.7128777,-0.8562575
-0.16510622,-0.31066877
-0.28810623,-0.47878668
0.63528943,1.4548037
-0.6080858,-0.8034991
0.9695163,1.7559329
0.80487627,1.7062737
0.46347728,1.0774271
0.6002078,1.4052117
-0.80608416,-0.8718389
0.5381929,1.266116
-0.598184,-0.77958673
0.76841486,1.6706032
-0.20297086,-0.34980825
0.37431818,0.85787785
0.5454971,1.2583466
0.021313751,0.05600034
-0.15621321,-0.28703982
-0.16042499,-0.29616588
0.738703,1.6434258
0.952492,1.7681994
0.4087038,0.93712395
-0.07033749,-0.12816505
-0.52916485,-0.7448033
0.013141959,0.02995829
-0.7323809,-0.8567854
0.7717998,1.6907153
0.66615725,1.5068461
0.5535287,1.2924007
-0.75816506,-0.86213267
0.04481548,0.122433595
-0.09695583,-0.17023897
-0.541055,-0.76427126
0.32483214,0.7408068
0.8185466,1.7298154
0.1463654,0.3366715
0.8332547,1.7484457
0.68846196,1.5511043
-0.16722102,-0.3065942
-0.89776236,-0.87785447
-0.09154749,-0.17803526
-0.08493733,-0.14538394
-0.24404651,-0.4254143
-0.5556451,-0.75708264
-0.015313945,-0.026526168
0.5164185,1.1893564
0.023185007,0.037379526
-0.33011472,-0.54811317
-0.73803544,-0.85425574
0.34558323,0.79070574
0.73183894,1.6048213
0.010383685,0.015046055
-0.7356537,-0.8635141
-0.54142326,-0.7591764
0.41917172,0.95238125
-0.7282084,-0.8710707
0.018452132,0.036105573
-0.9386821,-0.8756643
-0.40367845,-0.6431527
-0.64317304,-0.830248
-0.13153006,-0.23554166
0.3146532,0.71290874
-0.2504069,-0.44223723
0.3374623,0.7690103
-0.049436983,-0.10236549
0.52852684,1.2320507
-0.7271899,-0.87044245
0.280038,0.6207056
0.74928087,1.6475297
0.811306,1.7268869
0.80530703,1.7223614
0.8306182,1.7434728
0.7730879,1.6993284
0.5535484,1.2867527
-0.60464644,-0.80165607
0.003841243,0.0064311093
-0.4560485,-0.69366115
-0.3143766,-0.523463
0.78182423,1.6887348
0.90821046,1.7733958
-0.78219223,-0.8767508
-0.040035322,-0.06430004
-0.34515047,-0.5735909
-0.35165152,-0.57649153
0.15637429,0.32838362
-0.05572739,-0.09773929
0.9953978,1.7657897
0.41206965,0.9485502
0.9529545,1.7662009
-0.77255964,-0.87448186
0.14565153,0.3275149
0.94588995,1.756311
-0.33771932,-0.55272174
0.042590145,0.08446145
0.48460993,1.1171548
0.5520526,1.2847441
0.72290784,1.6080345
0.4889115,1.1257696
0.9586839,1.7891377
0.48476082,1.11481
-0.88335955,-0.87529016
0.45315567,1.0505453
-0.26280823,-0.44691202
0.0059530116,0.00884857
-0.12841298,-0.24660343
0.14461619,0.32005346
0.7799639,1.6793692
-0.6473285,-0.8491635
0.5751683,1.329242
0.91878605,1.7884213
0.36161584,0.8298645
0.47830084,1.1014479
-0.23184985,-0.40210623
0.019077133,0.036844544
0.47399527,1.0994687
0.07417092,0.14389348
-0.9376834,-0.85984725
0.25459313,0.56873345
0.9088991,1.7669744
0.41842338,0.97609925
0.7849975,1.6939539
-0.5771383,-0.7749692
0.02705609,0.044566143
-0.13246723,-0.23631568
0.2803089,0.6283387
-0.7121522,-0.8550863
-0.12339972,-0.21503286
0.39033827,0.8987766
0.053402092,0.1084602
-0.7515045,-0.86638945
0.0761234,0.16595045
0.47054994,1.0870628
0.32841685,0.73396915
0.5740067,1.321046
-0.30620313,-0.5136233
0.56201696,1.2967925
0.19828786,0.42872778
0.4781607,1.1154423
-0.08819361,-0.16420087
-0.61178607,-0.82443863
0.9816128,1.7640613
0.6213895,1.441904
0.5248804,1.2173022
0.83889365,1.7372682
0.94902897,1.7962614
-0.25509274,-0.43892017
-0.8266244,-0.87908626
0.39443406,0.9137456
0.7264101,1.6094565
0.38331756,0.8753931
0.11086336,0.23287052
0.091950715,0.2035136
-0.7208679,-0.84613043
-0.57381916,-0.7872349
-0.66339475,-0.84782994
-0.1843576,-0.33525065
0.05740606,0.11506306
0.002827857,-0.0014211008
-0.43187615,-0.6549941
-0.6131935,-0.7954738
0.19666295,0.4413855
-0.3444454,-0.5623756
-0.81294066,-0.8872848
0.19332667,0.43079165
0.58019674,1.3356148
-0.88737935,-0.8909504
-0.3324773,-0.5327846
-0.61211264,-0.81800234
0.39126527,0.90837854
0.763382,1.6622006
-0.6389607,-0.83747536
0.85513455,1.7467681
-0.43682525,-0.7019209
-0.61699724,-0.8253526
0.95065695,1.7807168
0.5556735,1.2849257
-0.28828043,-0.48739094
0.14316395,0.31334183
0.09001302,0.20105521
-0.72644013,-0.850581
0.87977666,1.7773086
0.1424575,0.2920926
0.46973285,1.0745497
0.59280235,1.3504989
0.13630797,0.2917352
-0.32114255,-0.52161294
0.081541024,0.17075223
0.95664734,1.7746089
0.60619724,1.4146248
0.9991103,1.7559935
-0.72049314,-0.8642326
-0.8014858,-0.89698
0.4136682,0.96665365
0.32860535,0.7435626
-0.3642381,-0.580172
-0.12948088,-0.2605379
-0.63606906,-0.81694096
-0.24938145,-0.43395504
0.8575474,1.7354974
-0.2742266,-0.4807909
-0.58643425,-0.802705
-0.47127232,-0.7085573
0.006385595,0.000489284
-0.049562667,-0.09872732
-0.8089229,-0.8707364
-0.7807307,-0.86906195
-0.52228194,-0.749528
0.4628896,1.0798515
-0.09861257,-0.16001192
-0.76078075,-0.868833
0.3628105,0.8170018
-0.97417957,-0.85196793
0.19127414,0.41728404
-0.30774868,-0.5296778
-0.9032638,-0.866815
-0.75375324,-0.873872
0.49685583,1.1636304
-0.5067418,-0.7332969
-0.45449826,-0.6851506
-0.02524261,-0.039835326
-0.6877777,-0.8537888
0.9377612,1.7637194
-0.23974863,-0.41916054
-0.10799068,-0.2200786
-0.8546,-0.88720226
0.11528209,0.2541902
0.5958929,1.3695521
-0.157025,-0.28550944
-0.668162,-0.8631537
-0.9491434,-0.85425586
-0.30543214,-0.5200014
0.7221915,1.6019515
-0.79800993,-0.8669718
0.91202706,1.7776859
0.74787134,1.6441548
-0.9170089,-0.8686126
-0.8361027,-0.87281317
-0.10982195,-0.20831533
-0.83992535,-0.8769467
0.9068686,1.761713
-0.9538849,-0.8686402
0.8841807,1.7608372
0.2940671,0.64755297
0.091361515,0.19346002
0.30813935,0.7047912
-0.744656,-0.8637123
0.49984416,1.1665511
-0.4762659,-0.69705397
0.5541923,1.2821335
0.6528702,1.4847562
-0.1304291,-0.23110953
-0.08856857,-0.18175241
-0.5693153,-0.7786271
0.16834676,0.36516938
-0.8330023,-0.8891887
-0.41625822,-0.6324815
-0.66598356,-0.8251029
0.7738575,1.6883101
0.40261382,0.92973053
0.5037847,1.1671776
0.5821347,1.3475636
-0.7288886,-0.8453855
0.7467069,1.6456735
0.30061784,0.6752173
-0.6015555,-0.81404746
0.8705192,1.7580324
-0.12365715,-0.23558633
-0.2813458,-0.47516933
-0.4316649,-0.6469269
0.28256723,0.6406033
-0.09847097,-0.19420394
-0.6538602,-0.8372803
0.5393155,1.2434862
-0.68349797,-0.8370225
-0.21519426,-0.36769482
0.13399215,0.2894042
-0.90652585,-0.87117934
0.40331402,0.9182922
-0.8534442,-0.8840006
-0.9348247,-0.86109906
-0.12627801,-0.2377942
-0.06265618,-0.12598011
-0.35346067,-0.5775734
-0.19236442,-0.34005445
-0.8339863,-0.8758759
0.24266052,0.5206506
0.4947328,1.1439432
-0.57968706,-0.7843554
-0.64102936,-0.8361853
-0.92793196,-0.87678117
-0.06012962,-0.102926955
0.38195574,0.8994442
0.43450356,1.0130562
-0.93432903,-0.8683019
0.9379261,1.7773724
0.96837294,1.7843183
0.6538578,1.4748878
0.37487483,0.8669236
-0.26420784,-0.44337547
-0.21908395,-0.38322446
0.81511974,1.712977
-0.44840696,-0.67416763
0.7508888,1.6668701
-0.6990683,-0.84806895
-0.34887347,-0.5694187
-0.15342294,-0.26575637
0.2381612,0.5246104
0.4883895,1.1260555
-0.7243015,-0.85451216
-0.19984289,-0.36251903
-0.25639102,-0.4627562
-0.39735505,-0.6277364
-0.09755476,-0.18667674
0.4614462,1.0829931
0.11529646,0.2349936
0.0091698235,0.029922193
0.035683226,0.07455021
0.4232453,0.9624392
0.110758744,0.22212227
0.418879,0.9755817
0.005298598,0.005594091
0.38468298,0.87722206
0.69686115,1.5624651
-0.8426633,-0.8695989
0.5052335,1.169368
0.6282491,1.441376
0.49484468,1.1505281
-0.5388949,-0.7755297
-0.76608413,-0.8632626
0.83251333,1.7352592
-0.31760237,-0.5105732
-0.6340443,-0.81965715
0.35249907,0.8072883
0.73604846,1.6295247
0.971273,1.750322
0.08582095,0.17682698
0.75818205,1.657713
-0.032309655,-0.06939374
0.082432084,0.17137678
0.13461226,0.27931142
0.7481565,1.6438048
-0.51841044,-0.74141115
0.49387464,1.1526772
-0.32347795,-0.5329723
-0.8044209,-0.87530667
0.95250994,1.7858403
0.85139716,1.7583023
0.014302372,0.022545142
-0.6921607,-0.8532866
0.7276512,1.5974053
-0.19562405,-0.33832517
0.025917424,0.048989855
0.9789107,1.7547624
-0.06812417,-0.13667817
-0.7049409,-0.8475594
0.32937372,0.7489854
0.10255367,0.20184691
-0.63772374,-0.83893865
-0.6235231,-0.80270946
0.8402447,1.7367073
-0.92049783,-0.87296236
0.24650727,0.55171686
0.58057773,1.3304886
-0.25280476,-0.4452464
-0.72477627,-0.8702597
0.841102,1.7559344
-0.47854382,-0.7062383
-0.6389464,-0.8253776
-0.87365174,-0.88490885
0.7876237,1.7203112
0.07884014,0.15628533
-0.22135393,-0.40443453
0.53781617,1.242883
0.052318044,0.10175263
-0.39057693,-0.6185698
-0.22381943,-0.38615528
0.5180271,1.2207667
-0.4650994,-0.6798736
0.073777914,0.13242108
0.73141134,1.6225362
0.75472116,1.6571702
0.7876637,1.6947149
0.5271704,1.2270266
0.021199193,0.055066288
-0.0010254163,-0.0032621047
0.9155216,1.7675339
0.5399918,1.2535385
-0.57506645,-0.81351584
-0.34145388,-0.54715604
-0.3389725,-0.5595886
0.54854655,1.2813323
-0.067565724,-0.13024598
0.45890635,1.0625733
-0.9120809,-0.86436427
0.3331144,0.76441264
-0.36999863,-0.59926677
-0.5624481,-0.7800483
0.32782805,0.74390787
-0.79339975,-0.8694432
0.32835138,0.74050397
0.98777336,1.7504691
0.8346261,1.7637298
0.5295208,1.2229165
-0.3218723,-0.5344611
-0.39818445,-0.61681104
0.9365789,1.7765224
-0.8020272,-0.8899884
-0.5779182,-0.7736935
0.65626985,1.5026329
-0.006819355,0.0019813927
0.8041132,1.6995963
-0.25762546,-0.45033202
-0.388558,-0.60205346
0.18549761,0.38527834
0.37230945,0.84300977
0.33590606,0.7838313
-0.49104,-0.717306
0.6913653,1.5580484
-0.08223157,-0.16541177
-0.83537745,-0.86520123
0.103164606,0.22496174
-0.4281239,-0.6563045
0.17987098,0.40526554
-0.6290144,-0.8340973
0.651499,1.4895903
-0.654606,-0.840045
-0.15917346,-0.2687878
-0.9295868,-0.8649064
0.29630864,0.6512639
-0.81374085,-0.8807043
0.4464012,1.0225157
0.34077168,0.78156114
-0.16351755,-0.29334983
-0.022485184,-0.053079374
0.6738873,1.5247153
-0.48786315,-0.7248301
0.27485752,0.6170372
0.14722303,0.30704337
0.45001626,1.0405679
-0.19238752,-0.34256032
0.76261914,1.6663163
-0.52805024,-0.7539964
0.6089871,1.4060479
0.20496619,0.42748156
0.59883153,1.3792444
0.9265728,1.769521
-0.9939194,-0.8485253
-0.9430516,-0.85533786
-0.9988332,-0.8295248
-0.37483725,-0.5901424
-0.21245141,-0.36765113
-0.25231117,-0.445172
-0.9018976,-0.8934562
0.8054208,1.717569
-0.7425261,-0.873528
0.07919643,0.15600146
0.8102947,1.7106105
0.079483815,0.15123801
-0.26147765,-0.4444934
0.4091366,0.95104015
0.9915891,1.7409133
0.20337461,0.45478123
0.2903757,0.6488359
-0.6386288,-0.81749445
-0.4731828,-0.7135345
0.5889274,1.3775008
0.5001873,1.152549
-0.5231224,-0.7504024
0.011859145,0.02071789
0.756912,1.6549166
-0.6429885,-0.82206315
0.44995573,1.0223172
-0.3047675,-0.51623756
-0.8681972,-0.8695862
-0.4390969,-0.6741457
-0.16101032,-0.31167966
0.48944673,1.1273675
-0.7453409,-0.8546494
0.7151442,1.597562
-0.3544314,-0.5743645
-0.69895416,-0.86434394
-0.2587237,-0.43739748
0.8554195,1.7591832
0.12745762,0.26683056
-0.2997,-0.49499437
-0.14054513,-0.2717535
0.47600597,1.1120722
-0.9124979,-0.87581676
0.90204763,1.772646
0.66576445,1.5006107
0.77353966,1.6758626
0.3344167,0.74744195
0.18156713,0.38680458
-0.3144925,-0.5337653
-0.39859578,-0.61428624
-0.82212013,-0.8786279
-0.93246275,-0.86401606
-0.8916632,-0.8750372
-0.6418369,-0.82532895
-0.6760853,-0.8473142
0.57065874,1.3363936
-0.7897275,-0.8885444
0.5316128,1.2359911
-0.11989643,-0.22092067
0.9196573,1.7705421
0.20837747,0.46330637
0.115913935,0.24118756
0.28572455,0.62297946
-0.012375097,-0.024975674
0.14184074,0.2981963
0.41216198,0.9433279
0.68746823,1.5653201
0.8438159,1.7344191
0.37652692,0.87019527
0.8350845,1.7599859
0.0882418,0.20940109
-0.52796334,-0.7296144
-0.32254264,-0.53776956
0.7267751,1.6164455
0.28746706,0.63812107
-0.4425658,-0.6604232
0.15484324,0.34927368
0.32802674,0.7358697
0.9966424,1.7660098
0.013202624,0.036069743
0.80267185,1.7236371
-0.32053867,-0.5316048
0.2766405,0.60655254
0.58451515,1.3505493
0.86222595,1.7721967
-0.035356775,-0.06428045
0.710182,1.5892576
0.048443854,0.10725714
0.29640055,0.65710795
-0.51669514,-0.73791087
0.6484168,1.4815356
0.9366997,1.7668008
0.5563204,1.2913204
-0.4603871,-0.6978984
-0.85310197,-0.89384747
-0.88282704,-0.86519784
0.43032962,0.98622686
0.57469285,1.3288864
0.3312524,0.76503754
0.33673456,0.74803454
0.83794385,1.7586882
-0.10998191,-0.21780343
-0.012154681,-0.029496627
-0.5104418,-0.7275857
0.9996796,1.7480353
0.8885972,1.7666982
-0.5305612,-0.73894954
-0.54453516,-0.75841856
0.54574376,1.2705731
-0.62863106,-0.820047
-0.59631664,-0.7990509
0.7103344,1.574058
0.18821456,0.4083939
-0.44021574,-0.6567457
-0.19626093,-0.36584535
-0.6567773,-0.8267982
0.18615185,0.40491596
-0.68826085,-0.8576454
-0.3615407,-0.6033497
0.93801504,1.7854546
0.13612516,0.29960316
-0.305127,-0.52738965
0.8510154,1.7485856
-0.26019454,-0.44167167
0.45027515,1.0579615
-0.34185752,-0.5446727
-0.39389595,-0.62233114
-0.053162,-0.09982852
0.113893114,0.24110277
-0.14067884,-0.25897086
0.66497654,1.524053
0.38461623,0.886234
0.9242642,1.7986416
-0.23396683,-0.39038622
0.08256229,0.16608301
0.7337458,1.6178418
-0.45173025,-0.691164
0.4978444,1.160082
0.18218522,0.3814487
0.1836473,0.3926567
-0.47550702,-0.71100295
-0.46011272,-0.66499215
0.8631198,1.7536709
-0.9186112,-0.88845277
0.08953312,0.18626036
0.3807509,0.86482835
-0.6375699,-0.8186108
0.06552961,0.13380542
0.806776,1.7175838
0.62063503,1.4098986
0.76181406,1.6615988
-0.16770777,-0.2942151
0.23360258,0.5110171
-0.62855875,-0.81866914
0.72850925,1.6211345
-0.6962703,-0.8576008
-0.75857526,-0.8818014
0.62964725,1.4696316
-0.28407946,-0.4757997
0.47324434,1.0966146
0.94683516,1.7880564
-0.31620714,-0.5231296
0.8931403,1.7793442
-0.4780205,-0.7008783
0.5484924,1.2822005
0.11069908,0.22216088
0.5480302,1.2698526
-0.5185373,-0.733381
0.56540275,1.3097111
0.44454187,1.0198318
-0.79105103,-0.8779751
0.24364814,0.5399827
-0.22993423,-0.41941845
0.7469927,1.6601743
-0.33216378,-0.55821246
0.42149004,0.98487586
0.18714988,0.42231157
0.23639825,0.5141487
-0.72455686,-0.85314465
-0.5230774,-0.7394365
0.293337,0.6588
-0.9292365,-0.8524719
0.79540616,1.7104679
0.43786785,1.0170568
-0.84805346,-0.86170036
0.1697112,0.37380975
0.99048626,1.7574022
-0.8242114,-0.88948536
-0.9537246,-0.85971165
-0.28214452,-0.49449852
-0.05650084,-0.09704363
0.11594229,0.24339306
-0.09218003,-0.17950135
0.29572278,0.6749017
0.5534142,1.282042
-0.87901783,-0.8600245
-0.1594175,-0.29874122
-0.7069583,-0.8591059
0.3033416,0.69078064
0.3439227,0.807473
0.6300134,1.4471196
0.70558894,1.5707963
0.99283874,1.733261
-0.8637089,-0.86853105
0.70515645,1.5741782
0.8647499,1.7627343
0.87935126,1.7531282
-0.9271445,-0.84820914
0.31846386,0.70501775
0.7223144,1.5871283
-0.62414914,-0.80903083
0.1524118,0.30930257
-0.07673613,-0.13941887
-0.6331461,-0.8206467
-0.21698563,-0.4057216
-0.39660484,-0.6103553
0.69936687,1.568459
0.46653807,1.0765973
-0.9867795,-0.8448682
0.113925695,0.23999585
-0.9362776,-0.8697351
0.84470433,1.7364864
-0.92322826,-0.8721078
-0.63265854,-0.8324552
-0.5947255,-0.8042568
0.6062,1.4032173
-0.06408275,-0.1358524
-0.665487,-0.8415157
-0.723453,-0.861154
-0.24768569,-0.43301055
0.1357369,0.28272304
0.59102046,1.3677727
0.5504861,1.284936
-0.92055357,-0.8459834
0.29783797,0.67784476
-0.9677746,-0.8696365
0.14037703,0.30581558
-0.6479015,-0.8392535
0.72158575,1.6085441
-0.23294045,-0.41055962
0.6824545,1.5385733
0.8296654,1.7451485
-0.20006435,-0.36499804
0.18768655,0.42471015
0.8633589,1.7531983
-0.5090521,-0.7242463
-0.8219099,-0.8741988
0.035477225,0.083032854
0.101996645,0.21252199
-0.13320313,-0.23993221
0.9379651,1.7820429
-0.15673144,-0.29577872
0.1142808,0.23206103
-0.8820976,-0.8705661
-0.91239357,-0.86674625
0.16488439,0.34885916
0.83411986,1.7456274
0.64488864,1.4667372
0.12779202,0.27708122
0.0029542984,-0.0007271133
0.5290996,1.2207931
-0.9960432,-0.8441245
-0.20386098,-0.3661241
-0.80493575,-0.88272935
-0.02535132,-0.044017617
0.5482828,1.2795209
-0.037280284,-0.08227263
-0.39740255,-0.6306775
-0.06773826,-0.115552075
-0.2945204,-0.50066936
-0.67262,-0.83106667
0.51026535,1.1777956
-0.6008724,-0.8105769
0.6628072,1.500393
0.2916263,0.65001196
0.63004726,1.4522549
-0.724835,-0.8685355
-0.22174175,-0.39327765
-0.7405152,-0.87674445
-0.9991181,-0.8445422
0.512077,1.1782897
0.955594,1.7680669
0.28544888,0.631634
-0.7819189,-0.87227696
0.8305521,1.7340678
0.31204993,0.7074186
0.71037614,1.6054269
0.33456066,0.7567193
-0.014328078,-0.030564046
-0.84843993,-0.8751447
-0.84164166,-0.8659104
0.9470093,1.7730784
-0.7760936,-0.90151423
0.43333426,0.98976725
-0.47373998,-0.7254215
0.9419551,1.781063
0.015937556,0.022156985
-0.38777596,-0.6220626
-0.38007116,-0.6159905
-0.13033436,-0.23966877
-0.97071964,-0.85378313
-0.30032343,-0.51698595
-0.62528676,-0.81943506
0.9694046,1.7567489
-0.3461873,-0.55761975
-0.65788466,-0.83128047
0.9486666,1.779994
-0.7868512,-0.8762651
0.3962628,0.90910465
-0.795641,-0.8687379
-0.97790664,-0.8549915
0.55321306,1.285213
-0.9141332,-0.86828184
-0.16305996,-0.29792473
0.4484924,1.0311396
0.3640059,0.805152
-0.947495,-0.84038836
-0.94413507,-0.85937846
-0.27422377,-0.4711471
0.74851817,1.6447525
0.8026783,1.701324
-0.024346787,-0.06261018
-0.6727629,-0.8359187
0.4846663,1.1345168
-0.3509247,-0.57853895
0.9511284,1.7798812
0.55899954,1.3047731
-0.80595666,-0.87614036
0.5759745,1.315031
0.68559563,1.5391206
-0.21379423,-0.38329697
-0.74414843,-0.87384456
0.04796563,0.10667704
0.51134807,1.2015378
0.99516624,1.7634575
0.81240135,1.7356241
0.8332636,1.7314327
0.4961087,1.1601022
0.5532589,1.2898893
-0.2747398,-0.47075617
-0.7447518,-0.85325485
0.9966549,1.7409365
-0.9512155,-0.8756739
0.045832977,0.07469471
0.31496328,0.70801103
0.0061702076,0.01857883
0.017359186,0.027665444
-0.050627016,-0.10590296
0.17474431,0.37377167
-0.068345405,-0.14697494
0.13675857,0.2892442
-0.8443232,-0.8552382
-0.2137034,-0.39154238
0.90448564,1.7795824
0.0839732,0.18026024
0.93067944,1.774235
-0.29110706,-0.48889685
-0.8650359,-0.8740242
-0.96154606,-0.86103415
0.8071157,1.7159642
-0.415008,-0.6330257
-0.4763437,-0.6992376
0.798562,1.6985795
-0.6684459,-0.83619636
-0.12454151,-0.24081278
0.8987452,1.768247
0.27154437,0.6290805
0.9266604,1.7920675
-0.5169255,-0.7306271
-0.42985538,-0.6678118
0.35238898,0.80528826
0.98636293,1.7551866
0.3567735,0.8262554
0.44714868,1.0345504
-0.6361026,-0.82348293
0.6347327,1.4710177
0.43524566,1.0035305
-0.067209624,-0.14909214
0.13896306,0.3002399
0.24723603,0.555264
-0.838129,-0.87092537
0.9376431,1.7798793
0.22131853,0.49910924
0.114560075,0.24927808
0.08192144,0.17587882
0.95760494,1.7678022
0.8183639,1.701216
-0.5033126,-0.73223263
-0.9305216,-0.84330046
0.5279387,1.2234671
-0.5474382,-0.76205367
-0.71494365,-0.8648089
0.9983298,1.7605811
-0.19410245,-0.3494546
0.4860478,1.1354767
-0.36354306,-0.57913184
-0.94924754,-0.8636399
-0.5406579,-0.75465465
-0.85317117,-0.8697006
-0.7522813,-0.88885593
0.59500456,1.3726641
0.85245025,1.7641542
0.9273049,1.7755816
-0.2033141,-0.33502883
-0.43040818,-0.6678036
0.58892715,1.3668374
-0.06526536,-0.12664802
0.6435889,1.454789
0.6875648,1.5579063
0.92517596,1.7807676
-0.32747456,-0.5416964
-0.44597244,-0.6639635
0.0844584,0.16118154
-0.027094677,-0.059072953
0.9004275,1.7688646
-0.33824044,-0.55457014
0.45140445,1.0562158
-0.28053036,-0.47478426
-0.9686659,-0.8393409
-0.85707015,-0.8923881
-0.7070263,-0.8661794
-0.18508069,-0.35234392
0.37021375,0.8576186
-0.24814649,-0.4533573
0.62584454,1.4233786
0.88267696,1.7668889
0.85277605,1.7281127
-0.94919753,-0.85964423
-0.9630792,-0.84446865
0.5243281,1.2126656
0.24981324,0.55937344
-0.38559264,-0.59293723
0.82967854,1.7402283
-0.9044888,-0.8605746
-0.49029386,-0.7229171
-0.4657085,-0.69949865
-0.79186773,-0.871684
0.12746623,0.27475953
-0.6921978,-0.84310323
0.3207938,0.7366534
0.3677437,0.85242045
0.29525164,0.6802379
0.48933157,1.1542141
0.98895544,1.7556137
0.61255985,1.4116645
-0.081280336,-0.15277609
-0.4190779,-0.6377193
-0.56337565,-0.7769627
0.68519026,1.5392528
0.5668501,1.3169864
-0.7771275,-0.85118145
0.88648736,1.7570237
0.06143954,0.12674953
-0.76470155,-0.8655781
0.9330678,1.7675637
-0.16569215,-0.28969967
-0.05025137,-0.106703095
0.38334483,0.8839571
-0.30959335,-0.5228509
-0.9169987,-0.86425745
0.33116272,0.75015306
-0.28224042,-0.48511574
0.26235694,0.595043
0.5358639,1.2536922
-0.93440115,-0.86911535
0.29357198,0.67819977
0.6548242,1.4939349
-0.97482306,-0.8414279
-0.3545325,-0.58089846
0.3796086,0.8647782
0.6829967,1.5365956
0.38960242,0.899212
0.6590712,1.494314
0.70165753,1.5755713
0.58584553,1.3411723
-0.36104125,-0.58169675
-0.51767814,-0.73559326
-0.03948192,-0.091120794
0.14728256,0.33416983
-0.93969584,-0.8691903
0.8154534,1.7291664
-0.25469592,-0.46251073
-0.67675513,-0.84095234
-0.58080614,-0.7911966
-0.38011852,-0.59290403
-0.27854437,-0.47107217
0.82736415,1.7319978
-0.29142627,-0.48009366
-0.5334693,-0.75328326
-0.2262607,-0.39394194
-0.64430225,-0.8289832
-0.028383132,-0.05356273
0.85796267,1.7572193
0.49591088,1.1582245
0.77895373,1.6701566
0.955973,1.7769794
-0.23268467,-0.41486287
-0.6379336,-0.8206427
0.30517912,0.6661217
0.338415,0.7624716
0.2897636,0.65010065
0.5348937,1.2382349
-0.5956308,-0.81705797
-0.9738689,-0.85194045
0.0011460014,-0.00206459
-0.7058176,-0.86302686
-0.9438222,-0.85622334
-0.08132542,-0.18272197
0.35812727,0.81024724
0.07565107,0.16905655
-0.936771,-0.87470996
-0.6114869,-0.81725335
-0.14105684,-0.25289142
0.632632,1.4499075
-0.4087657,-0.6340224
0.7108765,1.5931332
0.67384887,1.5393063
0.24974099,0.5554994
0.6911751,1.5616876
0.31176633,0.7149947
-0.6217935,-0.8016768
-0.9766631,-0.8477076
0.19234072,0.4071994
-0.5889996,-0.77961314
0.22072059,0.47841135
-0.5643726,-0.76606303
-0.74525064,-0.87457985
-0.15806498,-0.26896372
0.49783492,1.1609404
-0.52843887,-0.7380412
0.6775075,1.5303123
0.78525364,1.6937602
-0.48792553,-0.70580435
-0.48135445,-0.69325095
-0.28676647,-0.48957402
0.4238959,0.9814565
-0.754357,-0.8784787
0.5887394,1.3695393
0.0334757,0.070174076
0.19615567,0.42875338
0.6284374,1.4232183
-0.7986422,-0.8696976
0.73188317,1.6158236
0.88611954,1.7580559
0.37173983,0.8505648
0.53750634,1.2526368
-0.7435357,-0.8724478
0.035219446,0.0712119
-0.50246805,-0.7377851
0.5868652,1.358973
0.58737534,1.3556261
-0.23857987,-0.42324948
0.42602178,0.9790558
0.04151108,0.10419511
0.025748312,0.046614178
0.33561453,0.77319777
0.17204672,0.38509184
-0.6671423,-0.831791
0.24466532,0.5449056
-0.14159073,-0.27104792
-0.09892386,-0.19232929
0.596067,1.3806473
0.503251,1.1505442
0.43689892,1.0178723
0.6737132,1.5382394
-0.60232204,-0.7936251
-0.0011943802,-0.0006406204
0.92102045,1.7696391
-0.7980684,-0.87025404
0.87394345,1.7555844
-0.71064794,-0.8476564
-0.9180787,-0.8676421
-0.613388,-0.816718
-0.09801285,-0.17280023
-0.4578513,-0.6812446
-0.094612375,-0.17434157
-0.056874126,-0.106224194
0.9846227,1.7601532
0.1059507,0.22327851
0.5380442,1.2508296
-0.81332874,-0.8911174
0.2048493,0.44379705
-0.4459162,-0.67703277
-0.47294658,-0.70770586
0.9899062,1.7637284
-0.3732019,-0.58127546
0.7429011,1.6358556
-0.07801416,-0.14653549
-0.23758963,-0.41495562
-0.71808696,-0.855877
0.32598287,0.7422927
0.068878144,0.14886555
0.23854026,0.53518987
0.66694087,1.5293717
0.59107137,1.3693756
-0.7979951,-0.8892495
-0.90502965,-0.8526639
0.051011305,0.13024339
-0.75059277,-0.8523583
0.946412,1.7746415
0.33157194,0.7562933
0.75165683,1.6557195
-0.9456998,-0.8480889
-0.08378746,-0.15019014
-0.07847619,-0.15139617
-0.5129576,-0.72845554
-0.8289856,-0.87409234
-0.4428356,-0.6702225
0.36423847,0.8381828
-0.93135,-0.86222756
-0.0020016918,-0.007450983
-0.11376875,-0.22032548
-0.47332639,-0.7034922
-0.40508592,-0.6229381
-0.5647396,-0.77135867
0.29569468,0.6764167
-0.057975102,-0.11487576
0.5508381,1.2724124
0.40865758,0.94518614
0.10443683,0.2258809
0.9410414,1.7741193
-0.21561624,-0.3859011
0.7509277,1.6528583
-0.04615906,-0.10444152
-0.55559874,-0.78721
0.27488327,0.6141818
-0.011193798,-0.014973197
-0.32137662,-0.54478467
0.6956567,1.5656835
-0.8665527,-0.8865706
-0.3539611,-0.5830089
0.46158707,1.066703
-0.6399543,-0.81432253
-0.007950557,-0.0067788716
-0.2752421,-0.49036276
-0.34220576,-0.58035386
-0.17015082,-0.30182967
0.07970045,0.1861301
-0.38667366,-0.6164313
-0.19369797,-0.35182765
0.24577588,0.5527842
-0.33736065,-0.54958165
0.73857373,1.641185
0.60593367,1.3970547
-0.7158175,-0.8513474
0.6965919,1.5654542
-0.6388551,-0.8233389
-0.7681829,-0.8829958
0.9539733,1.7868681
0.1001348,0.21852852
0.7374146,1.6250854
-0.5066626,-0.7348922
0.88938534,1.7700088
0.8001893,1.7055498
0.075616494,0.1432092
0.684618,1.5484964
-0.231875,-0.4214177
0.20405105,0.4556627
0.33064142,0.76319396
0.6933263,1.5613031
0.30359745,0.6834211
0.9574075,1.7573557
-0.9755664,-0.8551967
0.669404,1.5045046
-0.4025245,-0.62400156
-0.7756692,-0.88056844
-0.5700227,-0.78437126
0.5925536,1.3581961
-0.2012881,-0.3562386
0.32705453,0.7423355
0.31607583,0.6965409
-0.30537292,-0.53546584
0.06228171,0.12519638
0.015080536,0.03342118
-0.13232246,-0.24756798
-0.50539225,-0.72776866
-0.07783079,-0.13330077
-0.85121626,-0.88136965
0.42041636,0.9835892
-0.015155203,-0.035537966
0.5963837,1.3723967
-0.56031996,-0.7791618
-0.20014673,-0.36827108
0.83768356,1.7512702
0.04765892,0.10721676
0.8255055,1.7120714
-0.20512258,-0.3753754
0.857794,1.7687147
-0.0133391665,-0.030969445
-0.6076816,-0.8052877
0.020000612,0.036032204
0.33572128,0.7523005
0.40847045,0.94074994
0.028830523,0.04106617
0.008909519,0.012929045
-0.5268618,-0.7400771
-0.8459241,-0.87964934
-0.88537914,-0.8816777
-0.23567927,-0.42181373
-0.44178307,-0.66759795
0.7902382,1.7100186
-0.9217912,-0.8619498
0.63867927,1.4616759
0.02237671,0.044741623
0.5877716,1.3550979
-0.6958421,-0.8691633
0.7997048,1.7018851
-0.30111983,-0.5137733
0.95574003,1.7657647
0.52992153,1.2364311
0.6958468,1.5670602
-0.93237007,-0.8749621
-0.98361105,-0.83926564
-0.6258096,-0.7998795
0.40014914,0.9273405
0.2214359,0.51281786
0.58548015,1.3537129
0.598961,1.3984784
0.65236545,1.4952943
0.9885164,1.7749883
0.2881368,0.64204985
0.011087072,0.018697027
-0.246263,-0.42200458
0.93363017,1.766955
0.30059275,0.66236687
0.41917837,0.94794416
0.46624985,1.0802087
-0.4338402,-0.64968646
0.4431642,1.0306299
-0.5387076,-0.7687817
0.04302435,0.08262646
-0.7273692,-0.8633677
0.05437362,0.09373554
0.7939942,1.7051406
-0.25973672,-0.44928613
-0.10415077,-0.19362853
0.23187877,0.50795114
0.9981069,1.7473313
0.8447197,1.7298952
-0.18008693,-0.31688684
0.9667911,1.7694157
0.492543,1.1497904
-0.78710586,-0.88667625
0.9692491,1.776463
0.40474457,0.9377592
0.28013235,0.62193424
0.9339678,1.7893338
0.017305654,0.024378069
-0.6231539,-0.8067281
-0.4317903,-0.65680397
0.16604267,0.3568151
-0.552675,-0.76270694
-0.4436364,-0.6643112
0.8351633,1.7454582
-0.18659765,-0.32628778
0.5781278,1.3192004
-0.085117586,-0.164959
0.22176445,0.48550054
0.94789785,1.7655325
-0.9667349,-0.84834474
-0.8566465,-0.8785933
-0.44646263,-0.68155193
0.009806758,0.021083187
0.9252591,1.7905114
-0.24090633,-0.40024248
-0.1521238,-0.2666776
0.30095872,0.669189
0.9631581,1.761973
-0.46853638,-0.69913447
0.26174325,0.5869914
0.54521525,1.2728263
-0.5968139,-0.7982856
-0.5868664,-0.79284716
0.22417314,0.4999517
0.5571486,1.2857193
-0.26344088,-0.44637948
0.71235454,1.5915934
-0.101866044,-0.18504359
-0.035534605,-0.087831385
-0.29441673,-0.49934176
-0.53861815,-0.7578642
-0.50987816,-0.7216755
0.40485954,0.9426801
-0.15392616,-0.28826585
-0.44001156,-0.66020703
0.0142023675,0.036874827
-0.93230075,-0.8604155
0.024022873,0.04309169
0.18964851,0.41902184
0.8763259,1.7751749
0.3794913,0.8762274
-0.087126136,-0.17298284
0.10877479,0.23530962
0.9634342,1.7822012
-0.68654686,-0.84339243
0.32230803,0.73850906
0.46855637,1.1045667
-0.21740553,-0.37603962
-0.46219173,-0.69920284
-0.40612385,-0.6325108
-0.26071018,-0.45263326
-0.5554264,-0.76999867
-0.22016826,-0.3721951
0.51639456,1.1949551
0.19435023,0.41050065
0.49703792,1.1528434
0.9034163,1.765554
-0.50710505,-0.7344768
-0.33749393,-0.55434966
-0.35853633,-0.5726722
0.35063985,0.79016465
-0.18578015,-0.32509533
-0.4395641,-0.68110174
0.26042238,0.5684611
0.8189942,1.7247373
-0.39081767,-0.6086523
0.412424,0.93217695
-0.17391346,-0.31370443
0.7793578,1.6857291
0.1565897,0.33016288
-0.21189423,-0.38255116
0.5963005,1.3728582
0.036927003,0.08785146
0.33931345,0.7911696
0.39568794,0.904928
0.87098485,1.7615281
-0.8627217,-0.87942785
-0.05803874,-0.10798331
0.13219671,0.2976107
0.8268977,1.7296246
-0.78443414,-0.8704679
-0.5255075,-0.74889874
0.8720315,1.7497716
-0.03582989,-0.06021146
0.32370004,0.740214
0.108588934,0.24011765
0.79893273,1.6964775
-0.81755656,-0.87389493
-0.89726686,-0.8648658
-0.08383224,-0.15591058
0.79894066,1.7139484
0.20253418,0.45616233
0.40092748,0.9117434
0.7777552,1.6935133
-0.7092763,-0.8562689
0.24993335,0.5395407
-0.640194,-0.8482342
0.57231975,1.3187596
0.5351779,1.253051
-0.8417635,-0.87758845
0.8874768,1.7689292
-0.20755534,-0.36403736
-0.7587358,-0.8685223
-0.52579415,-0.75594664
0.812078,1.7308285
-0.021973573,-0.060789768
0.35009745,0.81147677
-0.09953855,-0.20507501
-0.80100936,-0.8802981
0.2990469,0.6604097
0.99751276,1.7454088
0.035144564,0.060988214
-0.55699104,-0.76444817
-0.45375586,-0.68559045
-0.505845,-0.72922975
0.88901687,1.7579646
0.904831,1.7688237
-0.42870066,-0.64881724
-0.9860208,-0.84443873
-0.36732364,-0.6005433
0.1366225,0.2871355
0.63781655,1.4622326
-0.16446318,-0.28162023
-0.032051556,-0.05169282
-0.7468745,-0.8455559
0.14554232,0.31612256
0.23028396,0.5047591
-0.72366107,-0.85312283
-0.36571926,-0.5680079
-0.42990747,-0.6692151
0.76805806,1.6547875
0.1441992,0.28730065
0.41532058,0.97510344
-0.17757821,-0.31320602
-0.21670227,-0.3809495
-0.37647507,-0.6059555
-0.500033,-0.72001946
0.9281788,1.780489
-0.13049476,-0.24433677
-0.31292927,-0.5300607
-0.28173044,-0.4847274
-0.27407718,-0.4596268
-0.64361364,-0.8288324
-0.5912672,-0.7822065
0.33165088,0.76290685
-0.9714551,-0.85985804
0.4608329,1.0636829
-0.6549139,-0.8232529
0.5745384,1.3413045
-0.31311744,-0.51913285
-0.7277841,-0.8719985
0.5214265,1.2084352
-0.0863831,-0.1740689
-0.65071064,-0.8160614
0.21995862,0.4847845
0.20699374,0.45040452
0.25069606,0.5501687
-0.44437864,-0.6955512
-0.9927924,-0.8488849
0.5079372,1.1797189
-0.97284245,-0.8617988
-0.38785395,-0.6054869
-0.37421954,-0.6094003
-0.5369625,-0.7558669
-0.2679084,-0.4540154
0.53468895,1.2388543
0.55078155,1.2669046
-0.74594754,-0.8683618
0.60265595,1.3787111
-0.7458732,-0.8682464
0.59381515,1.373625
-0.3550526,-0.57537496
-0.88199323,-0.8836912
0.87792647,1.7606837
0.3478414,0.80814445
-0.12075399,-0.2109758
-0.74169993,-0.868831
-0.885797,-0.88166726
0.4616658,1.0688132
0.8826309,1.7558597
0.76816416,1.6652615
-0.03114961,-0.052981623
-0.40757906,-0.6246809
-0.7151509,-0.84675294
-0.3521015,-0.58543396
0.6264272,1.4410366
0.4481354,1.0407608
0.87684935,1.7600744
-0.6167846,-0.8008746
-0.6687837,-0.81793785
0.18043236,0.3880149
0.39918745,0.9337149
-0.28912434,-0.5005058
0.25579154,0.56665057
0.5365332,1.2467397
0.4263232,1.0014138
-0.575817,-0.8001404
0.16062434,0.3623307
0.09618365,0.185748
0.21626285,0.48416018
-0.10715387,-0.20106561
0.1461163,0.3238776
-0.19098145,-0.3426559
0.6960099,1.5682629
-0.48278,-0.72023904
-0.8119261,-0.8636732
-0.61929005,-0.8167909
0.37972957,0.8869341
-0.3911604,-0.61765456
-0.48107845,-0.7015174
-0.46814123,-0.7119215
-0.8604461,-0.8812697
0.90432066,1.769722
-0.30988652,-0.5172603
0.2891304,0.6340369
0.45397052,1.0537257
-0.24689922,-0.4192926
0.74823403,1.6570054
0.42662483,0.99227035
-0.8808012,-0.88393223
0.6405184,1.4787182
-0.5596388,-0.7806241
-0.2066159,-0.35825372
0.9801281,1.7606705
-0.4795248,-0.68647563
0.86489296,1.7587882
0.5534577,1.282753
0.44979978,1.0381577
0.9820161,1.7572501
0.7918344,1.6969692
0.7013505,1.5730566
-0.8927437,-0.8718604
-0.24110848,-0.43217573
-0.32739788,-0.5134377
-0.8627642,-0.8689445
-0.76846987,-0.8718259
0.36938363,0.832103
0.6181491,1.4085165
0.23310497,0.5260767
0.56112516,1.3041434
0.20533217,0.43301594
0.42865762,0.98559326
0.44768047,1.0251555
0.62052965,1.4371021
-0.37630478,-0.58943427
0.58033025,1.3430784
0.000672226,0.0008868698
0.9236931,1.7876433
-0.67081773,-0.82616585
0.97389036,1.7629597
-0.816889,-0.8725554
0.19638307,0.4296001
0.36465952,0.8267293
0.80049056,1.7040926
0.51965517,1.1983057
-0.808928,-0.87557995
0.23390439,0.5157415
0.40294605,0.93062085
-0.59318095,-0.78620404
0.31512997,0.711649
-0.8171863,-0.8644127
-0.71732,-0.8618859
-0.2763204,-0.47225982
-0.607951,-0.80418426
-0.993053,-0.83492285
0.24218415,0.53792155
-0.07437379,-0.14440747
-0.55391127,-0.7613533
-0.57554585,-0.7954894
0.18619664,0.41109762
-0.7848577,-0.8687199
-0.5032155,-0.722597
-0.9179133,-0.86058015
0.53226984,1.2392284
0.9524301,1.7999465
-0.46836796,-0.694328
-0.07095296,-0.14391841
-0.12569195,-0.23522733
0.08333081,0.16818686
-0.24978396,-0.43832216
-0.7355258,-0.8687199
-0.50348395,-0.72237253
0.59390694,1.3552244
0.19605125,0.41225854
-0.8621228,-0.89035857
-0.56723523,-0.7817727
-0.19979315,-0.3728403
0.2923057,0.6516406
0.56997997,1.3325872
0.16825916,0.364963
0.7987892,1.6966733
0.61003536,1.4078226
-0.04703967,-0.07905941
0.45814735,1.061991
-0.6766816,-0.84923714
-0.30432653,-0.5102912
-0.95732456,-0.87337464
0.48398516,1.1125506
0.86279184,1.7524233
-0.24474066,-0.4326689
-0.38234597,-0.61040705
-0.46949065,-0.7091814
-0.99996847,-0.8341294
-0.38570443,-0.6085353
-0.96658,-0.8584068
0.12222176,0.25872928
0.3688626,0.8401065
-0.28345633,-0.49597067
-0.19425586,-0.3543589
-0.36597237,-0.60152316
-0.46706796,-0.7017765
-0.3521066,-0.57294494
0.12392768,0.25229403
0.12322089,0.26300806
0.47144428,1.1027443
-0.73306185,-0.84454197
0.91771185,1.7829739
0.046049487,0.10580907
0.6932487,1.5596218
-0.8767216,-0.88832104
-0.2779598,-0.48579147
0.4570858,1.0568186
-0.8057932,-0.87874705
-0.663893,-0.82798386
0.14959326,0.31513962
-0.022779677,-0.044440385
-0.20753908,-0.3693685
-0.6700263,-0.85390735
-0.97702307,-0.84720916
-0.9880018,-0.8558885
0.21986927,0.47584075
-0.14230907,-0.26363176
0.565498,1.3030434
-0.32083392,-0.5216742
-0.9998809,-0.83222574
0.016595267,0.029774973
-0.10233028,-0.19132803
-0.60882646,-0.79082143
0.98992574,1.7475638
-0.772811,-0.8725797
-0.22926342,-0.41510385
0.057553943,0.12087626
-0.31469923,-0.54463893
-0.27617055,-0.46964192
0.7990554,1.7146528
-0.18363693,-0.33519542
-0.0843998,-0.16047134
-0.0048489394,-0.020743439
0.19981176,0.43756533
-0.24852288,-0.4226272
0.86220807,1.770788
-0.8403413,-0.88314325
-0.5178288,-0.751722
0.920563,1.7618877
-0.5184005,-0.73040193
0.71384823,1.5891265
0.40514225,0.92776436
0.63693786,1.4360365
0.33905494,0.76796776
-0.16684361,-0.27678698
0.9574671,1.7910233
-0.9853657,-0.84740204
0.09861603,0.22017857
-0.32176134,-0.5393896
0.1441557,0.32314676
0.87289256,1.7663041
0.9311159,1.7834371
-0.3684111,-0.5961158
0.8752404,1.7704018
0.9736926,1.7966248
-0.041074537,-0.07005548
-0.735367,-0.8697377
0.94282275,1.7537221
0.79350764,1.6949307
0.3155732,0.7146632
-0.94426596,-0.8683896
-0.28522173,-0.4825445
-0.6915044,-0.8512174
-0.62071675,-0.80463403
0.3733822,0.8371774
-0.21781808,-0.3867665
-0.32203925,-0.5289916
-0.0662532,-0.15348898
-0.6802886,-0.8550592
-0.123026885,-0.21848996
0.87216026,1.7631059
0.5917698,1.3712369
-0.91656274,-0.8782659
-0.1379833,-0.2678067
0.7181019,1.6015093
-0.49753028,-0.71044284
0.67804223,1.5306567
0.18181619,0.39346012
-0.98166895,-0.8455929
0.7667799,1.679826
0.7936613,1.709341
0.6510225,1.4950451
0.054378334,0.098394595
0.4573109,1.0609943
-0.74121165,-0.867202
0.72145146,1.6013473
0.897815,1.7672095
-0.342791,-0.5473038
-0.47737664,-0.71680844
-0.5065235,-0.7526873
-0.32409465,-0.54276264
-0.8432133,-0.891542
0.5833932,1.356774
-0.3550554,-0.5761655
-0.83939654,-0.87134504
0.9779021,1.7569332
-0.5710631,-0.79202294
0.63693994,1.4714899
-0.015012001,-0.027905019
-0.24817117,-0.43180636
0.3354595,0.75913143
0.72356355,1.6002065
-0.8878156,-0.8795738
-0.91108847,-0.86807597
0.9698914,1.7834774
-0.46495986,-0.6905727
-0.8905748,-0.89052564
-0.3428121,-0.5577274
-0.6380319,-0.82043415
-0.09614101,-0.16816413
0.76303285,1.6724825
0.7915225,1.6961023
-0.3763587,-0.599086
-0.04828403,-0.09981827
0.08185297,0.17153217
-0.49549177,-0.6948719
-0.6646719,-0.8319349
-0.049757637,-0.11959137
-0.18944362,-0.34164712
0.7973819,1.7184461
0.6935575,1.5680107
0.32755783,0.74699014
-0.4323962,-0.6563107
-0.25605044,-0.444339
-0.64511687,-0.8283712
-0.45996612,-0.69210017
0.9675249,1.7679814
0.10201202,0.2113338
0.6355424,1.4590741
-0.45161098,-0.6669259
-0.17815652,-0.33810186
0.1962547,0.42976105
-0.89918894,-0.8679529
0.7974341,1.7116832
0.69255745,1.5517693
0.96225804,1.7654593
-0.2285525,-0.392255
-0.75394416,-0.8669974
0.36037815,0.82229763
-0.7369959,-0.868344
-0.38007268,-0.5995302
-0.5694052,-0.782878
0.27285874,0.61982375
0.29440445,0.6532204
-0.3368422,-0.555042
0.486919,1.143148
0.5650172,1.3094023
0.37400118,0.84289736
-0.88414335,-0.8588415
-0.70792365,-0.85285866
-0.24172619,-0.41495237
-0.12765332,-0.24622504
-0.3448727,-0.5674727
0.11147655,0.23209614
-0.39710742,-0.63215137
-0.16468725,-0.30509079
-0.95989853,-0.8677307
-0.29108453,-0.5105883
0.3881043,0.87778157
0.0059522092,0.0032189265
0.4456953,1.0272683
0.21858674,0.47537604
0.9628787,1.7733681
-0.46053687,-0.6757236
-0.78688914,-0.8787119
-0.7316874,-0.86979616
-0.46298254,-0.6804915
0.1505456,0.3224236
0.54676396,1.2677057
-0.9241851,-0.85949016
0.9312398,1.7679248
-0.293357,-0.5004885
0.64804673,1.4789284
0.3420686,0.79449433
0.18363617,0.3786432
-0.827855,-0.8772181
0.7906018,1.6906031
-0.24483381,-0.44231695
0.78446376,1.6851286
-0.6183012,-0.8135053
0.934073,1.776688
0.24484472,0.53622025
0.6728867,1.5314121
0.005784038,-0.005880843
0.1933346,0.41565788
-0.36119664,-0.5739991
0.48451015,1.1306616
0.80573606,1.7361331
0.43402776,1.010991
-0.05865471,-0.12735339
0.67098755,1.5323744
-0.0016062069,-0.007816202
-0.12109754,-0.21182568
0.32937965,0.7600977
-0.5404875,-0.774851
-0.04884392,-0.09251859
-0.91899365,-0.8719135
0.9689259,1.764883
0.9229584,1.7943344
0.97154427,1.7681845
0.7572307,1.6676297
0.80215776,1.7175133
-0.8287707,-0.8806562
-0.5748139,-0.7834157
0.33517534,0.74546796
-0.5950796,-0.80386996
-0.90146536,-0.87398016
-0.18327002,-0.33269045
0.8566709,1.7537278
0.9916229,1.7497948
-0.023792554,-0.049229257
0.22075693,0.47039726
-0.30651316,-0.49330917
-0.43596613,-0.67879677
0.8588639,1.7531693
0.43871433,1.0209386
-0.5572887,-0.7601587
-0.5047849,-0.7177889
0.437553,1.0139319
-0.20415498,-0.37388858
-0.010240232,-0.0066359895
0.618917,1.4213659
0.3756479,0.8471945
0.89202684,1.7712041
0.65969115,1.4984728
-0.470047,-0.70752573
0.106517255,0.22575873
-0.4707655,-0.7212238
-0.37401888,-0.61252564
0.48984823,1.1379092
-0.23007706,-0.4105223
-0.04175465,-0.08316137
0.3415953,0.79381853
-0.17291497,-0.3136738
-0.13041742,-0.25861606
-0.3066394,-0.50453836
-0.09228127,-0.17787287
0.57738334,1.3501583
0.18926182,0.41298497
-0.86627597,-0.8707466
-0.7982759,-0.8686893
-0.973788,-0.8559406
-0.59399,-0.8129747
-0.55318207,-0.7545615
-0.85608804,-0.87085146
0.37947285,0.8746736
0.3989846,0.91113704
0.057849012,0.108158186
0.29111156,0.6512534
0.78265876,1.7015744
-0.53390676,-0.74633235
-0.093507804,-0.19628423
-0.18000738,-0.31816536
0.64458805,1.4608082
-0.38535038,-0.6114191
-0.2518443,-0.43925205
-0.6164233,-0.78354514
-0.9367849,-0.8811296
0.78225535,1.6795547
0.6134731,1.390177
0.5954556,1.3794765
-0.47585553,-0.68713456
-0.72850925,-0.8515053
0.20135432,0.42200243
-0.054613188,-0.104504704
-0.5096358,-0.7248557
0.5519598,1.2767893
-0.70586115,-0.86678684
0.64447093,1.4821781
0.875181,1.7685
0.48535717,1.1405776
0.34464088,0.7928863
-0.29833445,-0.46887243
-0.66204786,-0.8267827
-0.55706555,-0.77548605
-0.3023157,-0.52136344
-0.0860704,-0.17131072
0.8178037,1.7255338
-0.13278838,-0.24335806
0.8183616,1.73746
-0.5173455,-0.75890756
0.6269806,1.4540987
0.27397406,0.6073928
-0.606252,-0.81507313
-0.7457467,-0.8485234
-0.9922127,-0.85931
-0.3217948,-0.5452425
-0.50054985,-0.7360952
0.8900912,1.7685289
0.4869856,1.1436121
-0.8290897,-0.8667962
0.44317678,1.0380491
-0.47389308,-0.7035969
0.58998424,1.3615825
-0.088848345,-0.16706714
-0.56602854,-0.77508837
0.6796036,1.5395014
0.92116886,1.7844652
-0.02233107,-0.039254587
-0.18113868,-0.32608593
0.29700953,0.66269606
-0.5120321,-0.7276906
0.87296784,1.7587825
0.28405285,0.63817203
0.47312188,1.0886797
0.57252604,1.3172402
0.6006243,1.3686622
0.49435237,1.140373
-0.435343,-0.6666856
0.3240101,0.7307653
0.21595141,0.48394978
0.8345089,1.7349863
0.4885152,1.1367373
0.118888915,0.25351706
0.84556544,1.7461597
0.72423744,1.6085176
-0.41318467,-0.63799196
0.84853846,1.7392489
-0.07176825,-0.12987676
-0.45042086,-0.68645483
-0.6614446,-0.83191895
0.36934406,0.8451726
0.28841507,0.66161776
0.19733799,0.4328553
0.6509721,1.5020251
0.9650659,1.7719777
-0.7354315,-0.8595839
0.65314233,1.4800423
0.43833393,1.0199872
-0.07734277,-0.14052609
-0.3086677,-0.52650803
0.24653797,0.534095
0.44572914,1.0512121
-0.0076498655,-0.013526534
-0.4922413,-0.71633303
0.44088,1.0328333
-0.74382734,-0.8669656
-0.6131787,-0.81841254
0.19906448,0.42958024
-0.09776596,-0.17665291
0.21620613,0.45991227
0.6173166,1.4195802
0.5902604,1.3585051
0.1636649,0.35749608
0.7298498,1.627225
-0.34569383,-0.549879
0.051463977,0.10691706
0.29037306,0.6589982
-0.109937616,-0.21886897
0.83961684,1.7364105
0.96380997,1.783071
-0.9890623,-0.85683703
0.6252746,1.4584377
0.9942509,1.749988
0.73436886,1.6266934
0.76901037,1.6781901
0.7546333,1.6451916
-0.84040976,-0.87404597
-0.657305,-0.82424635
-0.31426936,-0.5286672
-0.581924,-0.79798317
0.072567366,0.16166793
-0.47783837,-0.716464
-0.67589617,-0.84978485
-0.6241425,-0.8069314
0.48695487,1.1377765
-0.6367441,-0.81232387
-0.0043606507,-0.018904196
0.7895182,1.6876172
0.08401712,0.1783497
-0.60797143,-0.8019948
-0.15031596,-0.27521095
0.40481973,0.9432168
0.04984464,0.10215675
0.5327246,1.2378862
-0.80857104,-0.8648461
-0.3203544,-0.5392313
-0.68206596,-0.8424581
0.8738664,1.7682416
-0.56015563,-0.7815142
0.5968208,1.3773106
-0.61676186,-0.8128269
0.79614556,1.6985512
-0.8168769,-0.89107347
-0.40249777,-0.63831955
-0.7364789,-0.86446667
-0.3513693,-0.5747719
0.04150307,0.07084352
0.94093645,1.7923911
-0.36547184,-0.5865415
-0.49928275,-0.7268454
0.28323075,0.6202364
-0.34663194,-0.5543046
-0.3616129,-0.56699765
0.9205197,1.77988
-0.5657823,-0.7827202
-0.752357,-0.8690402
0.81172895,1.717041
0.26719955,0.59033585
0.28798163,0.64350986
0.39557666,0.9150193
-0.19067863,-0.3395278
0.04098961,0.108000286
0.5213939,1.2231952
0.11435564,0.22119023
0.18458332,0.4085296
0.89622575,1.8001716
-0.18307148,-0.3202723
-0.3834512,-0.6154034
-0.7870027,-0.8661099
-0.8082487,-0.8803406
-0.12034676,-0.2365036
-0.37436315,-0.5963343
0.037478667,0.0900432
-0.88832766,-0.8629441
0.36434075,0.8310342
-0.99180925,-0.85035396
-0.97801834,-0.8356458
-0.801122,-0.8642034
-0.9485453,-0.8649952
-0.42110372,-0.6568438
0.71383333,1.5959842
-0.699542,-0.8596861
0.65520793,1.5088278
0.109968334,0.22921741
-0.73915565,-0.84763384
0.7943895,1.6928816
0.03164259,0.053821743
0.1390803,0.2971278
0.09067049,0.19093342
0.70235384,1.5762489
0.61031276,1.3970902
-0.7913237,-0.87786514
0.24181283,0.53027636
0.9417746,1.7590352
0.34846452,0.7889217
0.71607554,1.5954369
-0.5731444,-0.7995593
0.34054202,0.7836876
0.34700903,0.80758893
-0.81489974,-0.87752974
-0.23121242,-0.4194716
-0.20663491,-0.37059435
0.4953791,1.1488163
0.11795736,0.25135285
-0.66326445,-0.8191041
-0.31442904,-0.533957
-0.9232167,-0.8651733
-0.31512073,-0.51599115
-0.93420064,-0.8579874
0.9690547,1.779126
0.5933172,1.3697914
0.9171666,1.7761146
-0.10562922,-0.197954
-0.2698496,-0.4623068
0.95829767,1.764113
0.7134359,1.5964475
0.38871306,0.89805955
-0.27674413,-0.47750106
-0.5137399,-0.7338852
-0.015337007,-0.037812307
-0.5305145,-0.7558018
-0.64618146,-0.8303668
-0.35969412,-0.5695181
-0.7754229,-0.87016916
-0.004245535,-0.00023973148
0.611754,1.4105871
0.8956266,1.7775751
-0.1600256,-0.29584086
0.9243619,1.7769127
0.4154513,0.9684654
-0.8825888,-0.8908124
-0.15896928,-0.29154375
0.9196703,1.7783194
-0.50700754,-0.72773194
-0.8214733,-0.8763516
-0.42188472,-0.65007406
0.2066745,0.4418486
0.6467925,1.4722214
-0.026574515,-0.03966623
0.25518435,0.5837306
0.7784459,1.6919168
0.25018996,0.54750454
0.061985493,0.13648476
-0.8834907,-0.868628
0.3348914,0.7534815
0.09265613,0.19349909
0.66072047,1.5360318
0.05092138,0.11039396
-0.43508226,-0.6670037
-0.64441514,-0.83727294
0.37380904,0.8576861
-0.09574889,-0.17482679
0.31089416,0.7283562
0.6578297,1.5066394
-0.3531845,-0.5684883
0.25833797,0.58603877
0.85930365,1.7394935
-0.57807565,-0.8011648
0.7148508,1.5967491
-0.636638,-0.8209056
-0.2791399,-0.49964818
-0.14157894,-0.24106675
0.20309938,0.43563506
-0.6469478,-0.8425084
-0.02303725,-0.039391678
0.8856782,1.791796
-0.32438874,-0.55634916
-0.5563076,-0.76559997
-0.9058064,-0.8929985
0.41191462,0.9518508
0.00718185,-0.009202546
0.056541763,0.10678241
0.9527812,1.7755718
-0.5063272,-0.7222676
0.6756559,1.5394057
-0.65379477,-0.824079
-0.08557907,-0.16609406
0.308842,0.69368654
0.7002409,1.5772452
0.44616467,1.0304986
0.2513055,0.5584433
-0.9652208,-0.8551685
0.11969915,0.26339296
-0.2633562,-0.4542616
0.9353635,1.7797421
-0.34677806,-0.56542027
-0.7930008,-0.8968927
-0.7106682,-0.8519184
0.38143963,0.8661753
-0.17517628,-0.3181294
-0.20697543,-0.37064162
-0.24030966,-0.41485393
0.9190648,1.7630795
-0.71124464,-0.8424218
0.6866407,1.5532057
0.7110167,1.5883322
0.31738237,0.719074
-0.4713763,-0.689356
0.24157007,0.5352452
-0.8614308,-0.8780596
0.8657472,1.7618691
0.3349522,0.7698376
-0.7138241,-0.8622598
0.5583663,1.2961085
-0.37421417,-0.5954393
-0.9195828,-0.8634504
-0.53721786,-0.7478747
0.2995982,0.6755122
0.30358243,0.6797218
0.9102449,1.782364
-0.24647236,-0.44433197
0.5611068,1.2894995
-0.033129428,-0.075282805
0.49524465,1.1427498
0.004782856,-0.004320723
-0.0644345,-0.115066335
-0.23254244,-0.41139722
-0.9293982,-0.88406944
0.6873456,1.5391726
0.26270208,0.5884939
-0.03947818,-0.09371512
0.09715301,0.20444483
-0.60442084,-0.8054203
0.9035434,1.7729427
-0.46139657,-0.69124544
-0.99866277,-0.85309094
0.19587524,0.42144755
0.6461679,1.46353
0.26012036,0.57142824
-0.4365036,-0.6728129
-0.16642152,-0.31000516
0.4142857,0.95181537
0.3664244,0.84107614
-0.083199635,-0.16066484
-0.98930967,-0.85018194
0.11840793,0.24128605
-0.12083444,-0.23536155
-0.37400538,-0.59420955
0.43743902,1.0083414
-0.20453365,-0.36672908
0.09326477,0.20922776
-0.6502985,-0.8425274
-0.71890795,-0.8658198
-0.06226511,-0.10695691
-0.70822173,-0.85746706
0.84929234,1.7502673
0.06488679,0.15328331
0.104362376,0.2433051
0.38718072,0.9015856
0.021737589,0.039496377
0.2623256,0.58748394
-0.50205046,-0.74373823
-0.5612537,-0.7749873
-0.87053317,-0.874115
-0.088010676,-0.17055489
-0.13642481,-0.25314346
0.80779946,1.7340606
-0.73140407,-0.8659991
0.24348602,0.5408667
-0.5058057,-0.73031354
0.6112413,1.4136243
-0.693063,-0.85047907
-0.85300285,-0.8801968
-0.30192477,-0.49666804
0.5745926,1.3274218
-0.58884645,-0.7992861
-0.42913252,-0.65635425
0.29700017,0.6680148
-0.29200616,-0.4941949
0.28796932,0.65428156
0.46253526,1.0658972
-0.5132338,-0.74698293
-0.106356956,-0.19628936
-0.48278147,-0.7048369
0.44904247,1.0409805
0.019849665,0.029065205
-0.85968024,-0.85538006
0.49901518,1.1633683
0.5799478,1.3455454
-0.43706378,-0.6783399
0.2544922,0.5613626
0.8958818,1.7778261
-0.3034284,-0.50246936
0.739382,1.6287012
0.91687554,1.7953879
-0.022426346,-0.039362375
-0.5264705,-0.7551378
-0.6934137,-0.85697323
0.0031838145,-0.0016577359
0.80265623,1.7010392
0.3118841,0.7043407
0.54306173,1.2630894
-0.11615473,-0.20291473
-0.36736277,-0.58201754
0.9508161,1.7856207
-0.58321863,-0.79643583
0.87125266,1.7670099
0.7722471,1.6774453
-0.7619051,-0.8822283
-0.41517827,-0.63740367
0.67336434,1.5377771
-0.38645366,-0.6173969
0.11506365,0.2547126
0.13706335,0.2963642
0.45531783,1.0526955
0.8858127,1.7760292
-0.9646183,-0.8409313
0.86644584,1.7798363
0.6665314,1.5161732
-0.7616497,-0.8595495
0.3534661,0.8225451
0.34407622,0.78406996
-0.44447896,-0.66922754
0.54378605,1.244335
0.7443146,1.633311
-0.50490844,-0.7308354
0.6622135,1.4909338
0.52040875,1.202826
-0.84629726,-0.865739
0.37028092,0.8476786
-0.68194133,-0.8322831
-0.59892726,-0.79546493
-0.7733405,-0.8868045
0.4565122,1.0500345
0.87717897,1.7662126
-0.4209622,-0.6453917
0.009782053,0.022925947
-0.00770043,-0.018497204
-0.9859531,-0.8504212
-0.3785963,-0.5972925
-0.5670702,-0.79475516
-0.98587686,-0.857233
-0.7249175,-0.85669553
0.12583284,0.26124614
0.38790935,0.89471
0.9976608,1.7537545
0.41504878,0.93816614
-0.81941265,-0.8860646
-0.11250982,-0.20286338
0.3305982,0.7435733
-0.011688679,-0.009692428
-0.37532857,-0.60839206
-0.8899037,-0.8573581
-0.18944317,-0.34466782
-0.32141712,-0.5247316
0.72003627,1.6117502
-0.657417,-0.8187139
0.9326037,1.7786852
0.67244256,1.5317835
-0.48218486,-0.7152905
-0.9304292,-0.86852574
-0.061347805,-0.124512285
0.29214528,0.6518597
-0.3877105,-0.64141077
-0.9731124,-0.8545045
0.90865535,1.7752908
-0.3193351,-0.5451476
0.8644873,1.7695596
-0.35776097,-0.585763
0.27994204,0.62745446
0.17911318,0.39556795
0.6253634,1.4316232
0.8203796,1.7296453
-0.07886999,-0.15111844
-0.1487718,-0.2721079
0.60482967,1.3951808
-0.7326893,-0.86469954
-0.4803466,-0.7185399
-0.7624155,-0.8583388
-0.40045825,-0.62636685
0.08722556,0.17789613
0.37566864,0.8467811
-0.4527726,-0.6724104
0.4011079,0.91284364
-0.16625626,-0.29908592
0.4883249,1.1315491
0.07351835,0.15882039
0.73542094,1.6434937
0.69714814,1.5579195
-0.14762521,-0.2837921
0.6128094,1.4142708
0.15577261,0.34626234
-0.5186055,-0.7458546
-0.76703864,-0.87190706
-0.9054483,-0.8861747
-0.50283587,-0.7190726
-0.83394176,-0.87797254
-0.6233987,-0.8064789
-0.1562347,-0.28411806
-0.68405205,-0.8480462
0.45828298,1.07224
-0.97316116,-0.8510428
0.85320044,1.7402165
-0.23023926,-0.3958808
-0.7867519,-0.8611088
-0.98225635,-0.85644877
0.8359381,1.7404534
-0.08093105,-0.13506167
0.7421496,1.6342102
0.08715097,0.17116377
-0.7625219,-0.8767529
0.3031349,0.68046725
0.47330648,1.1094213
0.05148519,0.10127965
-0.4402307,-0.66229886
0.66856635,1.5215914
-0.8102377,-0.87696284
0.07292006,0.15118316
0.6710333,1.4999099
-0.20503102,-0.36084622
-0.20030741,-0.34687814
-0.4234262,-0.6585357
-0.27368087,-0.45586926
-0.3201108,-0.53471243
-0.27279335,-0.4672596
-0.84637636,-0.87602645
-0.36084908,-0.5679435
0.88467056,1.7499316
-0.24171714,-0.41474792
0.86799765,1.764901
-0.9272055,-0.86145514
0.27116635,0.60466987
-0.21323122,-0.3817265
-0.30738413,-0.49311677
0.1453199,0.3042975
-0.7748753,-0.87296826
0.4601916,1.0871906
0.6463326,1.4861972
-0.92236304,-0.88522625
-0.6907808,-0.8606131
-0.76710737,-0.8617721
0.8781327,1.767325
0.38290092,0.9043892
-0.42575338,-0.6530671
-0.8054242,-0.86951196
0.3339961,0.76277107
-0.8229832,-0.8654149
0.8435909,1.7686001
-0.4701623,-0.6963206
-0.46789542,-0.6815763
-0.081619054,-0.1487356
0.88841873,1.7734385
-0.22003202,-0.3882641
-0.31148738,-0.5316432
0.16921777,0.38313004
0.9543675,1.7742879
-0.5108478,-0.7459084
0.73556566,1.6228937
-0.008396176,-0.027496904
0.5759404,1.3387154
-0.26303244,-0.43751693
-0.09869713,-0.19360907
-0.22201055,-0.4030781
0.025740521,0.030665666
-0.6786569,-0.8549303
0.65607184,1.4833883
-0.22117119,-0.3721449
-0.33940545,-0.570296
0.6766208,1.5376562
-0.5679455,-0.77687985
0.45494232,1.053153
-0.31897807,-0.53315127
0.14260119,0.32239917
0.03324287,0.07140396
0.15958807,0.32909295
0.16588257,0.354058
0.37577492,0.8600864
-0.064303204,-0.131117
-0.015997333,-0.031202707
0.51705694,1.2090856
-0.58196586,-0.7888333
0.5578097,1.2997733
-0.98315823,-0.8431299
0.1544412,0.33899063
-0.1287803,-0.22522663
0.26520532,0.58372927
-0.02226385,-0.060876995
0.5797108,1.3476452
-0.60401654,-0.7843351
-0.45964867,-0.68811774
0.15573832,0.3234045
-0.52832246,-0.7461303
0.8897929,1.7546368
0.7200291,1.606047
0.5205093,1.1897919
0.50406766,1.164526
0.29312706,0.6814693
0.4691661,1.0754056
-0.9328353,-0.8612105
0.16156259,0.35384732
-0.47507226,-0.71419376
-0.8047086,-0.86078584
0.9436355,1.7697306
0.89179903,1.7718544
0.81192136,1.7200546
0.29398245,0.66868967
-0.99467325,-0.81861943
-0.4050591,-0.6415924
-0.9644501,-0.85234576
-0.34020317,-0.5441111
-0.40663528,-0.6448012
0.14415401,0.3044309
-0.7151162,-0.84907794
-0.35291705,-0.5785191
0.7965374,1.700234
-0.53760713,-0.786737
-0.013225484,-0.03424372
-0.76260287,-0.88816136
0.50517386,1.1729121
-0.8389158,-0.9000287
-0.66396415,-0.84188694
0.9722123,1.768252
-0.40658465,-0.63634545
-0.9789811,-0.8440942
-0.52441454,-0.7420565
-0.1385774,-0.27240396
-0.05883631,-0.11434148
-0.18562326,-0.3563782
-0.72893554,-0.8642288
-0.6262903,-0.8265225
0.33409378,0.7554878
0.9460283,1.7716643
0.49839762,1.162001
0.5409095,1.2546302
-0.12547283,-0.2409384
-0.2831688,-0.5019878
0.6022093,1.3948265
0.38710698,0.8759892
-0.10336236,-0.21189912
0.51577014,1.186581
-0.8568196,-0.8696441
-0.8690373,-0.8788564
0.4187522,0.9722674
0.9611107,1.759816
-0.6807507,-0.8475323
0.8989411,1.7922692
0.94141495,1.7722157
-0.8061227,-0.88794285
-0.09050517,-0.17821513
-0.12971483,-0.23696734
-0.5709986,-0.7688113
-0.11841203,-0.2464978
0.6730012,1.5236958
0.832594,1.732435
-0.33583876,-0.5542507
-0.55712223,-0.78209525
0.044138394,0.08075059
-0.40975302,-0.6502038
0.07174896,0.13962013
0.248736,0.549668
0.59124404,1.3636824
0.3054209,0.69383293
0.06773419,0.14139281
0.34799537,0.7940432
-0.5517427,-0.7609668
0.8674147,1.7496921
0.29712987,0.6622856
0.6921135,1.5545515
-0.5655775,-0.7803669
0.36386758,0.8404202
-0.95194715,-0.8585045
-0.7062082,-0.84385127
-0.72868747,-0.8469471
0.7719572,1.6724511
-0.071883634,-0.15589747
0.35909742,0.83227766
0.9495245,1.7718688
0.74940693,1.6449999
0.22049016,0.49093553
-0.48563236,-0.71521986
-0.6862268,-0.8483596
0.36404422,0.8324122
-0.32037923,-0.5403985
-0.15025826,-0.28501427
0.35177177,0.8126436
0.6067648,1.4083788
0.114564545,0.24204701
0.7148297,1.5942947
0.68443894,1.5526052
0.10578689,0.21950573
-0.8339968,-0.8771087
0.3746763,0.8773872
-0.2453766,-0.4120123
0.559366,1.2840351
-0.85235715,-0.8766532
-0.08875021,-0.18094252
-0.16622834,-0.29648516
-0.6245974,-0.8270695
0.10436915,0.23506191
0.058731627,0.10857727
-0.043427292,-0.09554968
-0.33906972,-0.5678708
0.83544534,1.7346407
0.5731912,1.3306227
0.68974644,1.565804
-0.4352101,-0.67353815
0.9185094,1.78411
-0.34796152,-0.56938887
-0.7935445,-0.8898637
0.63945866,1.4729613
-0.925004,-0.871437
0.943245,1.7696207
-0.77060014,-0.85554326
-0.72130996,-0.8522902
-0.9489953,-0.8366253
-0.7783319,-0.8762503
-0.5354986,-0.753558
0.5890456,1.3498422
-0.9775263,-0.8427868
0.7087607,1.5808674
-0.3945191,-0.6328852
0.7790241,1.6780808
-0.16555822,-0.30195707
0.4115499,0.9742244
-0.7075566,-0.85398704
0.08646898,0.177786
-0.34274647,-0.55215365
-0.47707218,-0.7041367
0.35574645,0.796134
0.8092334,1.7208567
0.26875326,0.6128025
0.7679625,1.6697778
-0.2488683,-0.42955723
0.32950905,0.7495026
-0.80206317,-0.86633915
0.9016238,1.7691469
0.42071414,0.9685825
0.062266894,0.13058415
0.73395157,1.6202068
0.425345,0.974373
-0.10899185,-0.19933648
0.13820833,0.30445054
0.11910611,0.24548517
0.32354248,0.72869474
0.5255923,1.2203697
-0.23068446,-0.39957875
0.532497,1.2326368
-0.4392876,-0.67383856
-0.24090295,-0.41565943
-0.2541333,-0.4502992
-0.8373714,-0.8814725
-0.6130715,-0.84422535
0.9639181,1.770663
0.00979275,0.020290771
-0.55831623,-0.7718844
-0.23277435,-0.4297611
-0.10769197,-0.2109282
-0.057595216,-0.10520127
-0.12371357,-0.2085297
0.57713765,1.3409851
-0.2824628,-0.46040744
0.18512204,0.41575456
-0.09279567,-0.17387035
-0.07278632,-0.13028023
0.88381475,1.7868847
-0.3481597,-0.5653371
-0.737412,-0.87589324
-0.23926339,-0.41350248
-0.7370631,-0.866969
0.64041567,1.4605024
-0.5315853,-0.75272715
0.12507698,0.25782025
-0.6085977,-0.8124056
-0.888389,-0.88066244
-0.35567683,-0.5799144
0.98447394,1.7558035
0.9494418,1.7879611
-0.05369378,-0.11651421
-0.23750779,-0.40457526
0.9506649,1.795597
-0.13390273,-0.25908077
-0.9665119,-0.8559106
0.91272944,1.7747833
0.6878076,1.5351402
0.37653878,0.8679857
0.7316545,1.6254296
-0.70706403,-0.8441401
-0.54198796,-0.7574209
-0.83613575,-0.8767084
0.84946424,1.7440957
-0.3392347,-0.57340693
0.8582942,1.7624955
-0.035481364,-0.054184824
0.44581503,1.0177656
0.50504863,1.1800417
-0.3912914,-0.61800414
-0.08962214,-0.18068036
0.80194306,1.7259622
0.56876856,1.3200917
0.13260147,0.28434998
-0.18072586,-0.3424267
0.95383894,1.7895814
-0.91766965,-0.87667936
0.535543,1.2463974
0.17030759,0.37737697
0.84953296,1.7546006
0.48618835,1.1370922
-0.70942485,-0.8456977
0.57595366,1.3561536
-0.348219,-0.57913923
-0.3179198,-0.52767515
-0.023338906,-0.030775107
0.26949763,0.6013394
-0.9758278,-0.8740202
0.9120068,1.7902201
0.2650921,0.59261453
-0.17608665,-0.32986075
0.3115152,0.7061639
0.3623251,0.83363855
-0.96084154,-0.86538976
-0.7929222,-0.8770103
0.117883734,0.25554457
-0.18578833,-0.34482723
-0.05773519,-0.10452749
-0.57638,-0.769721
0.87380326,1.7461059
-0.29947713,-0.50131166
-0.8820636,-0.87109464
0.2783577,0.6246806
0.16342473,0.3598312
0.16377348,0.35579214
-0.8546342,-0.86852205
0.5414723,1.2648023
-0.33232248,-0.5564485
0.90569377,1.7598686
0.24419194,0.52859914
0.34984916,0.8142377
0.16779222,0.3550896
-0.095736,-0.1806488
-0.3215331,-0.5228569
-0.6822712,-0.8465481
0.23569342,0.52864474
0.99177986,1.7629035
-0.17842735,-0.32980028
-0.50821793,-0.7455749
0.59582406,1.3840133
0.87013793,1.7675165
0.9714592,1.7614413
0.7096573,1.5989028
0.01826915,0.035355367
0.7062118,1.5857351
-0.852652,-0.8752378
0.6170571,1.4147017
-0.81042343,-0.88642424
0.21687259,0.49023768
-0.33011568,-0.52758485
0.12108404,0.24810946
-0.3890523,-0.6164194
-0.8858499,-0.8684478
0.5865046,1.3596493
-0.75698125,-0.8538028
0.23369503,0.5213735
-0.39556587,-0.61942875
0.26086262,0.563059
-0.14700341,-0.28968215
0.750919,1.643563
0.4542856,1.0482813
-0.5037911,-0.72864556
0.9288702,1.7858388
-0.49043137,-0.71924824
-0.6851315,-0.851971
0.95046514,1.7799922
-0.83468246,-0.8818017
-0.2842255,-0.47827175
0.26524553,0.58132035
0.90723133,1.7788604
-0.42044953,-0.65469515
0.31379938,0.71789813
-0.9514677,-0.8626854
0.42972192,0.9912658
0.8319664,1.7308325
-0.6758074,-0.8316194
0.55747133,1.2951504
0.0008819567,0.01809681
0.1980358,0.43407705
0.4112793,0.93377256
0.40966448,0.95295405
-0.04846368,-0.083367564
-0.0817573,-0.15980724
-0.41721055,-0.65722895
-0.67406446,-0.8234409
0.7045326,1.5821115
0.6527358,1.4993263
0.71657646,1.5932082
0.9506636,1.7768617
-0.28400603,-0.48326778
-0.110443726,-0.20998146
0.8374003,1.745221
-0.61816055,-0.83920825
0.20348273,0.4530683
0.3743853,0.86654353
0.5001002,1.1557214
0.68057513,1.5441327
-0.474076,-0.68873876
0.19834547,0.4278733
0.87309915,1.7657936
0.8001863,1.7033001
0.18414247,0.38409135
-0.45621005,-0.6892317
0.05694821,0.11165248
-0.28941828,-0.4847984
0.36432117,0.84541047
0.16223373,0.35203215
-0.6969646,-0.85450506
-0.19978805,-0.3637475
0.90231234,1.7853354
0.5814722,1.3552114
-0.16731475,-0.30867824
0.7284648,1.620355
-0.037938826,-0.07071773
-0.020763976,-0.04808041
0.6335237,1.4507811
0.46408126,1.0678132
-0.97577864,-0.8362594
-0.21628413,-0.39331672
-0.986614,-0.8534374
0.09977721,0.21534091
-0.11315742,-0.21294032
-0.49919435,-0.7274093
0.9735987,1.7783309
-0.74075043,-0.86212313
0.77602226,1.6800299
0.87587774,1.7612495
0.7698472,1.6666445
-0.095595144,-0.18877667
0.9449031,1.7709354
-0.97575283,-0.856111
-0.4014714,-0.63618284
-0.7173541,-0.85066223
-0.6906666,-0.84065807
0.4867604,1.1208718
-0.46003792,-0.6791872
-0.21222146,-0.38309962
0.20627907,0.43553954
0.56879455,1.3066169
-0.4236481,-0.6432709
0.6597875,1.5138351
0.07147191,0.14293025
0.41544193,0.9646995
0.38690332,0.886244
0.78852624,1.7180737
0.64261687,1.4491818
0.7490991,1.65206
0.34704626,0.7947188
-0.7569809,-0.85051036
-0.6883782,-0.8405993
0.6457029,1.4572986
0.25406298,0.5611074
-0.93799406,-0.8595695
-0.6807163,-0.8520784
0.75482726,1.6534085
0.12772977,0.26732522
-0.7728605,-0.8778938
-0.88894665,-0.87719
0.99886394,1.7508625
-0.4090409,-0.6289542
0.32017076,0.71844035
-0.3425811,-0.5607433
0.5242441,1.2246221
0.8177881,1.7316921
-0.051273838,-0.11645472
0.812923,1.7131224
-0.40850803,-0.64273566
0.3592389,0.81470037
-0.6762935,-0.8451461
-0.49230963,-0.7302299
0.6384009,1.4361018
0.8728439,1.7547837
0.44352114,1.0354298
-0.68742824,-0.8475909
-0.9510602,-0.8651907
-0.8335565,-0.87731385
-0.34473726,-0.56122226
-0.3346978,-0.5233013
-0.9141204,-0.8629234
0.97292316,1.7642109
0.10229286,0.22372419
-0.89826685,-0.8650732
0.35140863,0.79873323
0.7330407,1.6333236
-0.48577902,-0.7018833
0.59954065,1.380281
0.7723563,1.6655568
-0.7256558,-0.85367453
-0.17228992,-0.3154741
-0.81537384,-0.8756263
-0.957125,-0.8515043
0.5285316,1.2417506
-0.83632475,-0.882698
0.099718586,0.20537974
-0.024642678,-0.04497546
-0.029096754,-0.07045839
0.78623134,1.689691
0.17014432,0.37464857
0.9144343,1.7767947
0.47458103,1.1115915
-0.043561917,-0.09036006
-0.74728054,-0.8537743
0.17504662,0.37894726
0.38372618,0.879271
0.9037227,1.7834783
-0.3983102,-0.6383936
0.9961095,1.7486552
-0.8760794,-0.87356585
-0.5712386,-0.77833426
0.94753957,1.7517067
-0.17329851,-0.32324362
0.9732911,1.7654437
0.9777928,1.7630904
-0.40384224,-0.6252561
-0.052474294,-0.105607405
-0.5836548,-0.8019453
0.6487615,1.486683
-0.7220004,-0.8712335
-0.6702065,-0.84558994
0.61126226,1.3991436
0.55919826,1.2912282
0.58335197,1.3310784
-0.5842723,-0.7964859
0.4299913,1.0026295
-0.20540975,-0.36861372
0.30792528,0.672103
-0.59460366,-0.81382626
0.8364807,1.7307038
0.18634994,0.4020756
0.5169686,1.183334
-0.12486794,-0.2289895
0.70337576,1.5939975
-0.22924146,-0.39206585
-0.41501263,-0.6377563
0.9647553,1.7786212
-0.022164164,-0.030425798
-0.29805273,-0.49558398
0.12146022,0.24451667
0.6478983,1.4924263
0.032949805,0.070042
0.04395081,0.08512261
0.049753092,0.10652472
-0.02201246,-0.047120385
0.39583975,0.9056776
0.6680522,1.5353377
0.24343088,0.52010566
-0.3585978,-0.5806784
0.6111225,1.3978213
-0.7939425,-0.88484365
-0.23808266,-0.42989746
0.6501051,1.4820524
0.4336185,1.010613
0.9363639,1.7813743
-0.23783334,-0.41415215
0.2748765,0.61177534
0.58668846,1.3473192
0.017522981,0.03548583
-0.4083792,-0.62958133
-0.76541424,-0.874902
-0.5558586,-0.77931404
-0.8896379,-0.85930455
-0.46636873,-0.70595586
-0.76213723,-0.861878
-0.93313485,-0.8767212
-0.25379908,-0.4458014
-0.03973421,-0.0684976
0.17488068,0.38054883
0.64073455,1.4623193
-0.88506323,-0.8600031
-0.7852386,-0.88665664
-0.19505028,-0.3447825
0.21004753,0.47241822
-0.575391,-0.7856691
-0.5794763,-0.7876493
-0.9355864,-0.8629006
0.16097486,0.33127925
0.12566414,0.25943178
0.021822726,0.05545901
0.873439,1.7562847
-0.037972648,-0.07852551
0.6080291,1.3878195
-0.25219318,-0.44432604
0.52958167,1.2355063
0.64492697,1.4601144
-0.9169561,-0.88762563
-0.75966275,-0.86041397
0.768894,1.6732532
-0.037859216,-0.085920565
0.49545482,1.1556027
0.22856566,0.4925702
0.17326568,0.37209094
-0.76414174,-0.87973577
-0.9525711,-0.8785023
0.20426701,0.4569804
0.9655775,1.7620422
0.26038602,0.5938954
0.47261325,1.097416
-0.8847517,-0.88079745
0.81080383,1.7086242
0.2870969,0.6447551
0.45810306,1.066624
0.73954237,1.6434926
0.32826495,0.75068617
-0.73560876,-0.8668116
0.13844039,0.30025274
-0.6469636,-0.8331722
0.62779796,1.4554908
-0.26960093,-0.46536866
-0.7939398,-0.87062716
-0.060190435,-0.13886566
-0.022616148,-0.039810374
0.88506,1.773038
-0.8238711,-0.85903525
-0.50827855,-0.7383624
0.6344252,1.4699112
-0.47130454,-0.7002232
0.8522478,1.7679694
-0.3048567,-0.5071105
0.6638321,1.5037688
0.31378523,0.72355074
-0.46456462,-0.6977331
0.02236696,0.041630063
-0.23978783,-0.41611353
0.82322204,1.7311859
0.889072,1.7760991
0.99443257,1.7571068
0.7547473,1.660578
0.8473486,1.7550417
0.27461645,0.601784
-0.035258286,-0.08906622
0.22338471,0.49421483
0.68919724,1.54748
0.5027203,1.1593806
-0.8365194,-0.8813638
0.094275475,0.19978271
-0.19984195,-0.3589857
-0.44613072,-0.66882074
-0.2805706,-0.48643053
-0.30664292,-0.49443844
-0.6505913,-0.821632
0.02721652,0.052050445
0.9588676,1.7919928
-0.4395951,-0.69285405
-0.5833735,-0.7810386
0.31726667,0.7182682
-0.5072305,-0.7209843
0.43583453,1.0030686
0.24264146,0.5258724
0.84487265,1.7501907
-0.51880264,-0.7478656
0.71472234,1.5991061
0.4238526,0.9823685
-0.1183735,-0.23821175
-0.41257396,-0.63195044
-0.51778764,-0.7704072
-0.11700371,-0.189953
-0.3147313,-0.52094126
0.21690302,0.46899673
-0.19268902,-0.3627897
-0.54085946,-0.7547212
0.59674484,1.3809414
-0.11557142,-0.21817456
0.033236336,0.06390475
0.35592657,0.8192572
-0.5395032,-0.7821867
-0.31468707,-0.5367926
-0.5612207,-0.7701248
0.29432872,0.65706444
0.7134879,1.6017362
-0.18727364,-0.3479447
-0.6331892,-0.8229062
0.51272774,1.1856091
0.995231,1.7702667
-0.597507,-0.8047624
-0.5386683,-0.7483026
0.5646862,1.3110291
-0.27483675,-0.4786105
0.4979334,1.1602114
-0.33737406,-0.5497271
0.4906582,1.1252999
0.43934274,1.0126421
