x1,y
0.62277246,1.3914508
0.8378292,2.6201224
0.20093162,0.23789431
0.46322563,0.81572956
-0.8868183,-0.16669603
0.12051091,0.11848651
0.51067996,0.97944504
-0.006475701,0.008507923
0.18710017,0.23804443
0.7978964,2.3517976
-0.60380083,-0.33107683
-0.803507,-0.2662757
0.38128722,0.5807527
0.64569783,1.5060287
0.70098037,1.7742226
0.283289,0.3857365
0.66642684,1.6035742
0.4013284,0.6535982
-0.82524616,-0.24878536
0.524087,1.0342766
-0.6412806,-0.31733552
-0.5267813,-0.30949557
-0.21069874,-0.17472073
-0.37086588,-0.2603038
-0.35669652,-0.26761645
-0.66148096,-0.31524077
-0.4122579,-0.28552607
-0.9606748,-0.08286437
-0.054178108,-0.05162092
0.5371819,1.0611068
0.72449476,1.9284123
0.6408571,1.4877802
-0.16708456,-0.1272553
0.46085295,0.8275373
-0.42421845,-0.28783616
-0.88887507,-0.18125628
0.35194305,0.51733994
0.29759234,0.41164234
0.6032588,1.3257847
0.23221241,0.29854286
-0.6862168,-0.31295943
0.70632476,1.7861941
0.25450557,0.34449446
0.6152194,1.380795
0.54821426,1.086079
-0.40427104,-0.2764814
-0.85089403,-0.20529695
-0.6469912,-0.3071977
-0.8142753,-0.25653887
-0.51317513,-0.30781856
-0.080935456,-0.060574267
0.8136212,2.4564319
0.7440375,2.0288372
0.43719962,0.7480882
-0.95177525,-0.083534844
-0.3172216,-0.24460371
0.36469686,0.5622508
-0.7419422,-0.29252353
0.6021757,1.3076735
0.82914734,2.5570593
-0.2917911,-0.21663484
0.41168612,0.7001973
-0.70359176,-0.33228585
0.3816329,0.6238368
-0.9570892,-0.08128859
-0.698457,-0.3037126
0.41976288,0.712584
0.42370045,0.72715926
0.28232542,0.38361025
-0.04527195,-0.0455637
0.34981617,0.5294338
0.5476016,1.0980232
0.9329633,3.3862739
0.77728206,2.215308
0.5890684,1.2447022
0.38951504,0.6170244
0.1483111,0.15826939
-0.7587823,-0.29069567
-0.6688863,-0.3138429
0.64055914,1.4755214
0.6066258,1.3292457
0.22891785,0.29331577
-0.122319736,-0.10755649
-0.9479347,-0.08854268
-0.3456461,-0.24512371
-0.15872069,-0.11433715
-0.028367428,-0.026349938
0.8586492,2.7799284
-0.7825812,-0.29022765
0.037733838,0.035421602
-0.26415542,-0.21064478
0.98019624,3.7956724
0.72372806,1.8955745
-0.12242829,-0.110124834
0.9993912,3.988869
0.028126493,0.05495881
-0.6657644,-0.31603062
0.11174938,0.14579901
-0.54758847,-0.30709305
0.27262568,0.36634502
0.8748804,2.89618
0.5723972,1.1905738
-0.45367262,-0.300485
-0.40628275,-0.2907981
-0.8614236,-0.2123691
-0.42826432,-0.28616753
-0.8147504,-0.24779251
-0.0011025614,0.0014326896
0.41669416,0.6922325
0.5023623,0.9538073
-0.8809415,-0.18884967
-0.3200882,-0.226014
-0.42365646,-0.30647275
-0.79139936,-0.26191404
-0.27505738,-0.20960309
-0.4013598,-0.2857208
0.26899844,0.36250705
0.7666053,2.1548307
-0.09031656,-0.073670305
0.49333036,0.8985061
-0.70797926,-0.30408973
0.7899327,2.2916312
-0.6948105,-0.303165
-0.61579764,-0.34470052
-0.7870724,-0.24695522
-0.38064098,-0.27877256
0.10482089,0.13138036
0.9759882,3.7648869
0.5867361,1.2433124
-0.2391284,-0.18969898
0.15169212,0.18901387
0.24661607,0.31060657
0.64545447,1.5115507
0.47290358,0.8521926
0.13858226,0.16658805
0.33836606,0.50481576
0.49183524,0.90551084
-0.7337119,-0.3116888
-0.5990891,-0.31965786
0.37716857,0.59998876
0.70085114,1.7841886
-0.18147543,-0.14915812
0.95978063,3.6231067
-0.56785655,-0.31046525
-0.16660143,-0.16146338
-0.24295391,-0.21820189
0.8605919,2.8042755
-0.42924297,-0.30354384
-0.058418445,-0.06605589
-0.6255323,-0.32877436
0.042532478,0.027881987
0.71480834,1.8482463
-0.39192107,-0.28440627
0.6215841,1.3950562
0.8226232,2.516742
-0.8540842,-0.21896829
0.5128491,0.9759859
-0.48931313,-0.3071353
-0.6493447,-0.31326103
0.20224479,0.26912287
0.41120523,0.6762315
-0.21047802,-0.15528995
-0.9216526,-0.12477952
0.81740904,2.465839
0.46149382,0.8055046
-0.45666638,-0.30563954
-0.0062722885,0.008212848
-0.94441444,-0.10433152
-0.32143444,-0.25957352
0.04507047,0.044908658
0.03444723,0.015870405
-0.58363026,-0.33632958
0.55349475,1.1174018
-0.40227568,-0.27786425
0.16082005,0.20175298
-0.45695555,-0.29302102
-0.14966425,-0.14190876
-0.5849708,-0.32957417
0.2660156,0.3613756
-0.14883128,-0.13210866
-0.9677654,-0.06310524
-0.94367003,-0.11772128
-0.057731364,-0.0661071
-0.63354826,-0.3293814
0.17008409,0.17383759
-0.18361643,-0.14854892
0.30883968,0.42905027
0.90479034,3.1411874
0.05747227,0.06696524
0.5747572,1.1986632
0.506082,0.9674206
0.8435822,2.669383
-0.57196426,-0.3280023
0.65465397,1.5432482
0.81104076,2.445976
-0.21447404,-0.17390448
-0.37236762,-0.2556687
0.9040718,3.1045215
0.25526565,0.3422902
-0.23864703,-0.20781665
0.5836554,1.2389206
-0.3910522,-0.2674075
-0.64718485,-0.3065836
0.08793927,0.08703078
0.13242409,0.14733289
0.65149295,1.5316542
-0.08594529,-0.088884294
0.6291731,1.4405854
-0.37735465,-0.26911628
0.1507364,0.17861865
-0.5830544,-0.31954333
-0.2291081,-0.18660544
0.71507937,1.8453572
-0.5680236,-0.32517272
0.6204789,1.3840123
-0.43425667,-0.29092765
-0.93102056,-0.10991887
-0.78013086,-0.28766832
0.4917591,0.8956633
-0.47585815,-0.30540293
0.3082912,0.433991
0.3983978,0.6458624
-0.30976307,-0.23112161
-0.050162025,-0.06920254
-0.19246581,-0.15428157
0.89469796,3.040453
-0.36010227,-0.26053265
-0.6333539,-0.33196133
-0.26881433,-0.21627592
0.33903143,0.5230941
0.39472538,0.6395038
0.8481146,2.7038972
0.763509,2.1328747
-0.42335895,-0.28168142
-0.089673504,-0.078114815
0.49453798,0.92241186
0.83307457,2.5979784
-0.32566997,-0.24133593
-0.11111713,-0.07713815
0.7989565,2.3643599
-0.28303227,-0.23057617
-0.038974028,-0.03927744
0.8090083,2.425328
0.60448647,1.3247371
-0.5131382,-0.3087409
-0.35040987,-0.24760176
-0.29408255,-0.23914789
0.82547694,2.5465124
0.99786747,3.973752
0.5480086,1.0971255
-0.031347394,-0.036385797
-0.97965235,-0.030978523
0.3949761,0.6342681
-0.22127767,-0.18738651
0.26597294,0.3562947
0.21338792,0.25276527
-0.038335886,-0.04534206
0.8887748,2.9923358
-0.95370734,-0.08699799
0.42426497,0.71967596
-0.18032026,-0.14707205
0.4275809,0.73457164
0.35043928,0.5417051
-0.979524,-0.04458641
-0.42932302,-0.2899729
-0.62181693,-0.32641256
-0.6660273,-0.3426159
0.45695338,0.79260206
-0.5208973,-0.3189512
-0.05052477,-0.049823444
-0.50602204,-0.30884576
0.16046764,0.195649
0.44114754,0.7417775
-0.3378505,-0.24405622
0.2060417,0.26083013
0.6497095,1.53051
-0.81155145,-0.24299292
0.4213412,0.70375717
-0.35371011,-0.24474365
-0.75470006,-0.29946557
0.091308415,0.091019034
-0.54747534,-0.3177151
0.64272356,1.4882808
-0.9142082,-0.14136656
-0.8026942,-0.24049097
0.04199225,0.047767706
0.17788357,0.21827777
0.45977333,0.8043512
-0.48147854,-0.32453266
0.6835208,1.6876137
0.9062847,3.1573033
-0.0019213929,-0.0051470883
0.52106273,1.0117713
0.04969671,0.06656028
-0.8610659,-0.19431505
-0.34777698,-0.2499746
-0.82502663,-0.24091642
0.9777582,3.767288
-0.5419482,-0.32745242
0.27180085,0.3684061
-0.4313098,-0.29943427
0.30649242,0.44052997
-0.57919663,-0.3063745
0.57054013,1.2029144
-0.7783768,-0.27458403
0.7903008,2.3063672
0.6808434,1.6675851
0.3576147,0.562234
-0.8651707,-0.21958515
-0.58286196,-0.31660503
0.7187232,1.8783453
-0.7560511,-0.2974235
-0.6881358,-0.31831482
0.088006645,0.085150905
-0.4516451,-0.30909708
-0.5558486,-0.33906972
0.15162687,0.1863073
-0.25484663,-0.19017977
-0.71888024,-0.32814813
0.069707535,0.09331206
-0.2259752,-0.18396226
0.46903354,0.843505
-0.7944891,-0.28106242
0.2412265,0.3300481
-0.12701334,-0.11066723
-0.18787625,-0.14657615
-0.53542465,-0.30784664
-0.93914795,-0.09420569
0.69537836,1.7425191
-0.34717983,-0.25604412
0.36218208,0.55195755
0.8951748,3.0649436
0.1299806,0.1526859
-0.2057062,-0.15961361
-0.46345288,-0.29094717
0.8680876,2.8264377
0.36415362,0.5761437
0.3305628,0.49740466
-0.14768335,-0.13231057
0.69009745,1.7252774
0.42734438,0.7201252
-0.43363345,-0.28561622
0.19915733,0.24457951
-0.1396121,-0.11767262
-0.9868197,-0.024999501
0.6152469,1.3656263
-0.7543393,-0.2888576
0.019909011,0.047378123
-0.3275476,-0.2507467
-0.31582192,-0.24013028
-0.045270234,-0.049990542
0.9940462,3.9351835
-0.18324064,-0.14653103
-0.6353415,-0.3180446
0.22721268,0.29317486
-0.5274246,-0.30831987
-0.78890175,-0.2622476
-0.89965165,-0.16497095
-0.95423746,-0.09877001
-0.13767071,-0.112669736
-0.14654844,-0.12606144
-0.6289092,-0.3254692
0.5680381,1.1734464
-0.7414588,-0.2896391
0.83063436,2.5732076
0.17515196,0.20977639
-0.94476724,-0.1110136
0.9259452,3.322972
-0.38411748,-0.26542738
-0.100050084,-0.08838734
-0.43146262,-0.3175359
0.4568426,0.804072
-0.028639559,-0.03025419
-0.7352541,-0.30607095
-0.7915921,-0.26080742
0.45075083,0.7939383
-0.5258372,-0.31390578
-0.7244133,-0.2940251
-0.001144806,-0.011366482
0.60553056,1.3241345
-0.44243452,-0.2942267
-0.4471368,-0.30284962
0.6677625,1.6175337
-0.7043324,-0.31677896
0.23345518,0.3166342
0.91002697,3.1683333
0.6826063,1.7050493
-0.87636954,-0.17126527
-0.36017823,-0.2612933
-0.7152511,-0.29639807
0.89848125,3.0787437
0.9718831,3.736759
-0.530014,-0.3208346
0.3393981,0.49409932
0.6832635,1.6517131
-0.53263944,-0.32224575
-0.62463874,-0.32315665
-0.9775779,-0.029563542
-0.17607509,-0.149204
0.7988749,2.3642488
0.8059593,2.396459
-0.74451375,-0.29902104
-0.59129506,-0.31561822
-0.18390533,-0.17980693
0.5612491,1.1523985
0.22370297,0.28344545
0.027699487,0.0420947
0.18386377,0.21974573
-0.8076006,-0.251559
-0.044672716,-0.033547066
0.98412657,3.8288395
-0.8231077,-0.24564102
0.038493354,0.03571796
-0.40870148,-0.27256855
0.07982659,0.09349898
0.14763752,0.17079547
0.15494579,0.17277627
0.7044176,1.8067566
-0.22050518,-0.18091653
0.032708324,0.01763053
-0.9781432,-0.05715756
0.5791012,1.2255071
-0.4810246,-0.32016087
0.63311005,1.4669667
-0.46872267,-0.31310275
-0.978423,-0.04132524
-0.69033736,-0.31405684
0.9713658,3.714447
-0.36039752,-0.28284967
-0.7823522,-0.2725907
-0.7624824,-0.29392493
-0.37931457,-0.26814392
-0.9247099,-0.13037734
0.022977177,0.02615045
-0.57251817,-0.30934292
0.038621284,0.034710888
-0.7184716,-0.31137073
-0.14028554,-0.139637
0.19583371,0.24121389
-0.8760001,-0.18788059
-0.20250139,-0.1729519
-0.39495236,-0.27207622
-0.5192804,-0.31871617
0.20906925,0.2508055
0.17708397,0.21809906
0.26139963,0.3502014
-0.68223464,-0.31646684
-0.4285815,-0.29555252
-0.58064246,-0.3321447
0.08100721,0.08971813
-0.07786862,-0.074546486
-0.3394125,-0.23279825
0.5720296,1.2014846
-0.8120525,-0.24781743
0.9497934,3.5207398
-0.76691186,-0.30415556
0.5461416,1.0881997
-0.2635396,-0.21403933
0.7305245,1.9360963
-0.8516601,-0.21830289
-0.2505566,-0.19300568
-0.3291132,-0.24198206
0.98631406,3.876593
0.971098,3.7160943
-0.6203921,-0.32357705
0.25989392,0.35299402
0.07103884,0.078926586
-0.691253,-0.30258313
-0.6644406,-0.3133539
0.97850347,3.7764122
-0.094540015,-0.08751061
-0.7483974,-0.2939043
-0.5704199,-0.30325684
-0.46330386,-0.30532488
0.021834526,0.01249707
-0.32890373,-0.24022044
-0.08997643,-0.0775737
-0.6670009,-0.32166326
-0.34654263,-0.25584832
-0.85936683,-0.20061953
0.77942055,2.220928
-0.6024951,-0.329841
0.51380026,0.9778991
-0.30089644,-0.21846434
-0.051205363,-0.045855816
-0.41747794,-0.29622513
0.39288256,0.6220643
0.6890928,1.7353722
-0.42745963,-0.27862465
-0.51556474,-0.3077296
0.36288053,0.55981046
-0.6096939,-0.3113413
0.27967954,0.37486133
-0.8111438,-0.24645162
0.24027433,0.31077775
0.026813468,0.025063291
-0.77218854,-0.2735483
0.29820728,0.42012626
-0.10688569,-0.100898735
-0.5657699,-0.32926515
-0.2932317,-0.24493042
-0.015795788,-0.007918124
-0.81689155,-0.2594624
0.91521895,3.2396567
0.3311243,0.4862187
-0.79493004,-0.25293413
0.64572436,1.4876908
-0.35489014,-0.25046298
0.19359908,0.24962625
-0.44571432,-0.28309733
0.4668119,0.8186556
0.44601795,0.76622397
0.10408691,0.121931165
-0.51814884,-0.31521735
-0.4925924,-0.30766004
-0.2342744,-0.19283849
-0.70997566,-0.29419443
-0.32468858,-0.21629685
0.3687092,0.57430166
0.66169053,1.585469
-0.3348354,-0.24712849
-0.5328195,-0.3067507
0.66528517,1.6065375
0.7814081,2.2313
-0.17995696,-0.15847853
-0.94619167,-0.10658722
0.38992324,0.65131176
0.5680665,1.1845689
-0.96395147,-0.072994806
0.1900617,0.22760023
0.17673752,0.22252229
-0.24258418,-0.1855003
0.49953467,0.9439696
-0.14364192,-0.12980254
0.3535519,0.5414276
0.03423461,0.036557265
-0.5030708,-0.32262084
0.21300173,0.26082876
0.473817,0.85921365
0.94781137,3.5066113
-0.23978211,-0.18723379
-0.8710549,-0.18962802
0.97594243,3.7801366
0.24761333,0.3201076
0.89290094,3.044003
-0.7923458,-0.26033828
-0.31593233,-0.24081194
-0.7321266,-0.3000193
0.6710203,1.6233037
0.7606855,2.1354058
0.0026233997,0.003678827
-0.62678754,-0.32131022
-0.74576205,-0.29768956
0.17632823,0.20907255
0.012752649,-0.000102646765
0.3895782,0.63450927
-0.38958547,-0.2662181
-0.19526401,-0.16613823
-0.95727783,-0.087377906
0.22028609,0.2836555
-0.15371296,-0.13813587
0.8395293,2.6305826
0.28357258,0.38061976
-0.20261101,-0.16602132
-0.47282165,-0.30261627
0.8105699,2.442784
-0.9674699,-0.062437013
-0.34617507,-0.25679722
0.8870112,2.9751594
0.308066,0.45222408
0.065438144,0.07894708
-0.59293056,-0.32593203
0.66674954,1.592048
-0.59160185,-0.3383158
-0.50349295,-0.31883204
-0.6162977,-0.31664115
-0.6837011,-0.3144378
0.906625,3.1345105
0.20406319,0.25997868
0.27567425,0.37000474
0.90865093,3.160992
-0.5388499,-0.3109249
-0.9881649,-0.015459819
0.1977673,0.25707498
0.015689706,0.015708461
-0.044699244,-0.033956293
-0.8762396,-0.19756778
-0.091130264,-0.08608904
-0.42488086,-0.2917323
-0.45087063,-0.29767805
-0.5552368,-0.33594516
-0.3349433,-0.24999669
-0.29373384,-0.21083675
-0.38244843,-0.28165245
0.9575054,3.5794384
0.8654622,2.8112907
0.1490202,0.20164827
0.9621097,3.6398323
0.982396,3.8243294
-0.28812057,-0.22145055
-0.10962491,-0.096503906
0.91812354,3.239169
0.2172524,0.27176055
-0.57414186,-0.32667753
0.37876135,0.5898919
-0.58850765,-0.33000794
-0.3212845,-0.2370389
-0.5448797,-0.3315828
-0.51003957,-0.28880858
-0.99068886,-0.010746317
0.7614177,2.106029
-0.408019,-0.30652988
-0.82725126,-0.24757904
-0.8260252,-0.23491813
0.112036556,0.1310573
0.9858411,3.859293
-0.70995504,-0.31572393
-0.80075645,-0.27088922
-0.12339224,-0.11383933
0.12666251,0.13487159
-0.4112393,-0.28705737
-0.3949558,-0.2629325
-0.15104699,-0.13886982
-0.37170878,-0.25970036
0.83066314,2.577559
-0.91609085,-0.15217412
-0.5308597,-0.327666
0.6171056,1.3886434
0.66791624,1.6017522
-0.77688986,-0.27852273
0.9475269,3.522488
0.3867097,0.6262462
-0.4548139,-0.29839745
-0.08792427,-0.07240624
-0.40572277,-0.28136066
-0.6999555,-0.3027311
-0.41764387,-0.30610368
0.16018388,0.18921861
0.6519394,1.5138377
-0.27294186,-0.21161462
-0.30419692,-0.23360915
-0.063998595,-0.04654083
0.2891112,0.4109667
0.50323254,0.94278675
-0.34640098,-0.25763696
0.17270494,0.21237981
-0.22127832,-0.18647705
0.4327997,0.7359488
-0.6706502,-0.30705643
-0.48615026,-0.3171397
-0.14787915,-0.1332433
0.7788296,2.2226834
0.14665158,0.20335552
0.9307922,3.3602676
-0.79344463,-0.25574735
-0.07964917,-0.066088974
-0.16184294,-0.13084896
0.20041235,0.254976
0.6239292,1.4113023
0.6828961,1.6706818
0.34038922,0.5126965
0.28307274,0.391223
0.89805907,3.0847762
-0.2326252,-0.18887933
0.6655666,1.6072396
0.84300745,2.6672013
-0.01692151,-0.045761537
0.45820516,0.80409914
-0.24596028,-0.21525759
-0.682242,-0.31530324
0.17300776,0.20600668
-0.6070567,-0.3128864
-0.08480174,-0.07609608
0.74575865,2.021127
-0.82796365,-0.23070006
-0.93914294,-0.11074427
0.2129557,0.26504007
-0.33787733,-0.24531966
-0.1641246,-0.1247534
-0.18857883,-0.14992292
-0.8267595,-0.23545991
-0.9928671,0.013446127
0.7968465,2.3336353
-0.5644029,-0.33171582
-0.14784202,-0.12728274
0.9438516,3.4843175
0.6535252,1.5327313
-0.78413826,-0.25579646
0.017038064,0.0029421654
0.46015805,0.8129638
0.39678556,0.6432154
0.5216837,1.0010571
-0.08509069,-0.08462628
-0.64815414,-0.31588885
-0.070255116,-0.05122618
0.2957745,0.39563927
0.21718417,0.27862474
-0.8589559,-0.21166933
-0.87009513,-0.19752645
0.93051565,3.3486156
-0.6963891,-0.32687148
-0.4110751,-0.2675788
0.53526896,1.0688262
-0.18064585,-0.15388292
-0.6370703,-0.32993415
-0.06553523,-0.06759779
0.13789994,0.13404377
-0.09446678,-0.08276799
0.8378922,2.628905
-0.43060142,-0.28926623
0.32266432,0.47034588
-0.77541053,-0.27752432
-0.21542908,-0.18539578
0.4819865,0.8752411
-0.5503661,-0.3240839
0.1795421,0.22557095
-0.69312596,-0.30110103
-0.7945966,-0.26855424
0.046465497,0.038281668
0.350022,0.530787
-0.77326584,-0.2600452
0.8355525,2.5948725
-0.5484555,-0.31328824
-0.7600494,-0.27436778
-0.59460217,-0.32987437
-0.6608551,-0.32901514
-0.8186507,-0.24220957
0.59567845,1.291316
-0.008924451,-0.0018977673
-0.22296111,-0.16112487
0.90125585,3.107014
-0.25798324,-0.2160907
-0.66605455,-0.32043394
-0.45191422,-0.2958566
-0.52206695,-0.30484715
-0.0025174408,-0.0044787633
-0.41698974,-0.28947192
0.032122344,0.019476458
0.33858684,0.5106606
0.55459756,1.1608448
0.42031556,0.7002205
-0.58881855,-0.32153347
-0.7682006,-0.2886307
0.08490032,0.07995945
-0.6021764,-0.322086
-0.83013254,-0.23790519
0.054188687,0.033437304
-0.34641162,-0.2374798
0.51229805,0.9822388
-0.37161675,-0.26502737
0.9574343,3.5878594
0.5170464,0.998131
-0.8846136,-0.17743434
0.01774548,0.022079283
0.125241,0.1538167
0.39060542,0.63900477
-0.004406406,0.015668856
-0.0331128,-0.04041987
-0.26412278,-0.21365501
-0.45707723,-0.2963908
0.89240044,3.0258956
-0.36480665,-0.26874146
-0.8731573,-0.19044028
-0.66543055,-0.31220558
0.7145533,1.8634387
0.17326692,0.20746522
0.5575611,1.1430414
0.61756307,1.3823574
0.6464729,1.5094184
0.10122742,0.104456596
-0.6457588,-0.33357805
-0.7035345,-0.30514273
0.14796884,0.16525455
-0.2669713,-0.22741489
0.11609648,0.13100372
-0.0030443114,0.011517331
0.20439616,0.22851005
-0.9357764,-0.11560951
-0.93432665,-0.10817377
0.44319034,0.7470034
-0.6137455,-0.3284926
0.30439693,0.42244992
0.09315182,0.0926409
0.96358895,3.6448834
0.6708118,1.6139159
-0.17373095,-0.15994416
0.23282564,0.30200055
-0.7654211,-0.2624741
-0.22722791,-0.17708439
0.4677755,0.84693
0.24534316,0.3319003
-0.03105735,-0.037096955
-0.6469418,-0.32089627
0.60629183,1.3428475
-0.45366678,-0.2905814
0.6409582,1.4858334
0.22321813,0.29184973
-0.25453714,-0.17741285
-0.91878957,-0.12920915
-0.5351623,-0.3231608
0.77814186,2.220711
0.63594866,1.4505991
0.14970663,0.1994466
-0.067355074,-0.04706466
0.29428536,0.41470784
-0.06750374,-0.041425623
0.28860968,0.40920728
-0.3851918,-0.27626503
0.67699444,1.6647202
0.40383577,0.66336054
-0.34004873,-0.2419869
0.66133225,1.5655262
-0.025314938,-0.03279305
-0.65072227,-0.30863857
-0.84457505,-0.20797108
0.3992115,0.6617535
0.7302416,1.9594429
0.61488396,1.3741628
0.31130207,0.4528412
-0.7172499,-0.31626576
-0.8119118,-0.2591836
-0.30994076,-0.25430587
0.70982176,1.8219571
0.9234725,3.270498
-0.5172783,-0.30570614
0.5241913,1.0223894
0.14773843,0.15300442
-0.9363853,-0.11369669
0.0858327,0.11356314
0.6118808,1.3542831
-0.44775444,-0.3068279
0.7947233,2.3092885
-0.5274792,-0.33614984
-0.8470537,-0.21715274
-0.68012136,-0.32252893
0.67400575,1.637343
-0.16538817,-0.14610809
0.59389114,1.2790668
0.062466122,0.054355476
-0.03888175,-0.034265403
0.6138263,1.3496262
-0.15302478,-0.1402016
0.6040655,1.3326378
-0.79867566,-0.25959775
0.27262163,0.3795868
0.4051741,0.6843104
0.79819477,2.3491702
-0.55135214,-0.32234403
0.20843977,0.26018748
-0.13348687,-0.122163326
-0.23445669,-0.19945903
-0.7865729,-0.27089974
-0.73153335,-0.2979394
0.6739769,1.6448183
0.49950686,0.9365419
-0.23531774,-0.18064584
0.6569732,1.5587305
-0.83846766,-0.23475054
0.24954784,0.32197052
0.7363521,1.9563339
0.6777285,1.6739112
-0.25443447,-0.20896855
0.4904677,0.8976242
-0.14506371,-0.13080543
0.68027633,1.6692454
0.0615239,0.08194142
0.5297141,1.0344006
-0.8428568,-0.20020828
0.18005194,0.21999562
0.100568354,0.13237207
0.21995345,0.2902541
0.3912832,0.631343
0.83621794,2.6249561
0.57136416,1.2021434
-0.560724,-0.3174093
0.6517925,1.5571887
-0.75584066,-0.29495946
0.24439718,0.31234354
0.76550764,2.1367345
-0.7977559,-0.24649872
0.6993853,1.7843876
0.59724146,1.2889538
0.0075508677,-0.015938196
-0.3822048,-0.2726759
-0.18912354,-0.16897365
0.9373163,3.4063003
-0.5966049,-0.33687416
0.15920858,0.17313857
-0.8335185,-0.21634106
-0.5642139,-0.33098495
0.5266328,1.0410776
-0.3948019,-0.27838928
0.97153217,3.7120032
0.0016340861,0.0067274445
0.033078652,0.030299673
-0.92737055,-0.12735133
0.9130535,3.204352
-0.6515331,-0.33153626
0.0766812,0.0668353
-0.20865078,-0.17281666
-0.1688306,-0.1346875
0.28660032,0.39001238
0.32417735,0.47592014
-0.69142276,-0.30030105
-0.0008266938,-0.0017236598
0.5809549,1.2293139
-0.113427036,-0.10130301
-0.66839105,-0.3274868
-0.37356612,-0.27660513
-0.57524085,-0.33508363
-0.74836504,-0.2900987
-0.24483775,-0.18839696
0.081872486,0.097220145
-0.85449696,-0.21890014
0.20764674,0.27250922
0.9860489,3.8654954
0.92824984,3.3328664
0.65834695,1.5315688
-0.46731776,-0.31146917
-0.9551848,-0.09707373
0.6670834,1.6132318
-0.8885595,-0.17625237
-0.58874387,-0.33676943
0.08890643,0.10061964
-0.6432439,-0.3386669
0.6675767,1.5989206
0.5543194,1.1192276
0.511539,0.9809403
0.63225526,1.4585359
-0.56059647,-0.3296013
0.45778474,0.820431
-0.289437,-0.22241837
0.3336895,0.496954
-0.75595653,-0.2905527
0.41117316,0.67636013
0.9442155,3.4768088
-0.9127993,-0.13851373
-0.8123422,-0.26188517
-0.75272644,-0.2934827
-0.13887219,-0.105200246
-0.41843963,-0.2841842
0.6138403,1.3667803
-0.052425522,-0.038140934
-0.030925315,-0.035010047
0.4340762,0.73945117
-0.27606204,-0.2069141
-0.2935855,-0.21287976
0.5138528,0.9596457
0.5600835,1.1405087
-0.97120243,-0.06433254
-0.71241903,-0.31010044
-0.57380366,-0.334299
-0.29679906,-0.22045347
-0.41710383,-0.28370252
0.3370401,0.51071846
0.65627044,1.5646358
-0.615826,-0.31951612
0.12596013,0.14071839
-0.2643675,-0.2070266
0.01155575,0.0070821075
0.24151568,0.30368808
0.7871996,2.2882426
-0.6154147,-0.32715896
-0.8259868,-0.2568209
0.25442383,0.3451842
-0.2117383,-0.17662758
-0.67419463,-0.34009647
-0.7658257,-0.298253
0.11781958,0.12652312
-0.39905882,-0.27589515
0.9948528,3.9566722
-0.18819836,-0.15065329
-0.57542676,-0.3191774
0.2576981,0.34528613
-0.5114902,-0.2980167
-0.011827913,-0.0046909363
-0.034847632,-0.03145306
-0.09288474,-0.07931822
0.5921714,1.2694703
-0.566774,-0.3249896
0.8086146,2.3979013
0.582681,1.2314328
-0.33375528,-0.22953337
-0.63879496,-0.3234061
-0.44092995,-0.29336977
-0.3347275,-0.23764914
0.11386634,0.13205458
-0.90726364,-0.16125602
0.82871825,2.5565293
-0.8026503,-0.27180558
-0.44145322,-0.2927884
-0.7814251,-0.28347212
-0.48665434,-0.29970488
0.6753476,1.642384
0.23035163,0.2902049
-0.54535353,-0.32281223
0.74351704,2.0166254
0.6014241,1.2994382
0.5072986,0.95622194
0.6952654,1.749468
0.23929936,0.3269297
0.0028747204,-0.02240415
-0.25212994,-0.1943955
-0.55247194,-0.32654825
0.11482332,0.12474931
0.77898467,2.2199185
0.18796358,0.22754396
0.8392137,2.6367526
-0.28616527,-0.22637074
0.39027596,0.6418222
0.29733095,0.42607662
0.3408677,0.5121442
0.29008403,0.40406343
-0.55669063,-0.31136775
-0.7128182,-0.29536256
0.9572565,3.5788343
-0.90940976,-0.15753603
-0.06452703,-0.054268327
-0.14983937,-0.12088081
-0.2799621,-0.22038658
0.5639677,1.15514
0.49070057,0.90840656
0.81044984,2.4457967
-0.20902495,-0.17214683
0.12835905,0.134582
0.7846141,2.2633398
0.9876961,3.8862932
0.93858874,3.4214435
0.43568775,0.7568302
-0.7135449,-0.29980886
-0.953628,-0.08505466
0.6504367,1.5281013
0.68188405,1.6616783
0.49272183,0.9261589
-0.44015303,-0.2974533
0.27963573,0.38181338
-0.3675031,-0.26933673
-0.09870351,-0.085260846
-0.23512983,-0.20107357
0.82728016,2.5364082
-0.53168535,-0.3199098
0.1552218,0.17737088
-0.27803695,-0.2128976
0.32614222,0.47261775
0.12912628,0.16418125
0.84795535,2.7006235
-0.7967757,-0.2579131
-0.5587183,-0.32956702
0.53269595,1.0722007
-0.26242632,-0.21127877
-0.6684324,-0.32779357
0.0066425186,0.013754362
0.30428413,0.43557125
-0.91034657,-0.15743697
-0.4167562,-0.26332986
0.6188451,1.3952345
0.040489133,0.04223762
-0.9292416,-0.09851644
-0.43609798,-0.2845775
0.2782813,0.38315007
-0.60128105,-0.30360392
0.65478283,1.5546637
0.35315183,0.5436184
-0.05724188,-0.05800555
0.83124757,2.5745265
-0.21639846,-0.18161778
-0.52985317,-0.30464733
0.32280597,0.4554115
0.14659038,0.18534963
-0.3295042,-0.25369176
-0.3126709,-0.23649706
-0.20357938,-0.17180657
-0.41772285,-0.29087386
0.4204828,0.7097905
0.30271682,0.43044004
-0.118444696,-0.1125574
-0.20429064,-0.16780023
-0.26989746,-0.21836793
-0.43306336,-0.29694295
-0.82860667,-0.254498
-0.46359062,-0.30662164
-0.3575973,-0.25415522
0.09536801,0.105784416
0.547577,1.1196585
-0.20859571,-0.1461385
0.8895138,3.0059729
0.6546999,1.5393494
0.9696037,3.7164352
0.75240606,2.0683074
0.2334519,0.31500375
0.19695857,0.24888499
-0.7409477,-0.29926583
0.4447985,0.7679018
0.20041372,0.2545702
0.013864207,0.011947987
0.38657373,0.62830937
-0.111904316,-0.11364962
0.047719326,0.062251747
-0.2032954,-0.18739429
0.4347418,0.7430808
0.7532219,2.0664687
0.68168986,1.6639565
0.5720506,1.1729784
-0.97242457,-0.06314679
0.8237609,2.5222628
-0.45024857,-0.30372578
0.77594787,2.1973462
-0.6060638,-0.3129239
-0.120708495,-0.120006286
0.4987976,0.94038916
0.2805579,0.37865984
-0.16815612,-0.155063
0.3572477,0.5407177
0.09789902,0.11471254
-0.4485274,-0.31082645
0.2926589,0.41358447
-0.5915058,-0.33577442
0.38797656,0.61175317
-0.9937782,-0.008282989
0.09754503,0.12981357
-0.19786474,-0.17403819
-0.39379245,-0.26854002
0.031415936,0.029307753
0.29062328,0.40201816
0.93062454,3.3634424
0.666129,1.5938959
0.43429977,0.72886705
-0.042066175,-0.035766162
-0.21571176,-0.16110457
-0.9349407,-0.10649602
-0.2818062,-0.2325345
0.6967543,1.749996
-0.23195083,-0.17793833
-0.07683,-0.05553472
-0.45633116,-0.29746833
-0.45173448,-0.3040028
-0.87625647,-0.17522703
0.22760785,0.29314235
-0.10386119,-0.10013614
0.21192162,0.2606176
0.0937738,0.09151907
0.59768915,1.3243861
0.5020238,0.9583034
0.5429077,1.0779917
-0.0015219861,0.015798585
-0.2922373,-0.21916588
0.8668732,2.839218
-0.8914605,-0.18083224
-0.6947574,-0.3195742
-0.16080181,-0.13885811
0.2279153,0.27474266
-0.98359925,-0.0366069
0.43864563,0.75252193
0.11745308,0.14615409
-0.030594483,-0.0358517
-0.15300992,-0.12451065
0.038974065,0.019949611
-0.67642856,-0.30734923
-0.7825765,-0.28335857
-0.42072505,-0.28555274
0.4190096,0.70303166
0.17657577,0.21633415
-0.039753966,-0.039301716
0.14304194,0.1544332
0.11851603,0.12552863
-0.38591614,-0.262315
-0.8050881,-0.26460615
0.79356474,2.3185987
0.19982253,0.23440376
0.395496,0.6468275
-0.07200555,-0.08036203
0.51296115,0.9894619
0.16899453,0.19256853
-0.89239776,-0.16234986
0.78019404,2.234424
-0.3889277,-0.27920055
-0.7242184,-0.28847688
-0.823918,-0.24424994
0.44088063,0.75511664
0.40793672,0.67901903
0.40032426,0.63561815
0.83150554,2.5505755
-0.30211395,-0.21850538
0.122266114,0.13090332
0.23899117,0.3216669
0.95896363,3.606595
-0.3753077,-0.27911565
0.9126624,3.2057025
-0.70253134,-0.31622544
0.5280029,1.0209391
0.2657718,0.34965542
0.6337921,1.4341024
-0.94262886,-0.09810195
-0.8437379,-0.23505737
-0.86060846,-0.20915791
0.18591891,0.22628877
0.20587213,0.24936181
0.8122098,2.427652
-0.06479297,-0.035512116
-0.8639019,-0.2058104
-0.5809412,-0.30737677
-0.9838538,-0.019612731
0.55342907,1.1198173
0.6311989,1.4416299
0.99588084,3.960497
-0.17561111,-0.1307945
-0.96140325,-0.0631066
-0.5305402,-0.32724574
0.17553774,0.21622582
0.92388594,3.3026645
-0.7928429,-0.27923936
-0.75685394,-0.28449982
0.40351796,0.67201567
0.33441412,0.48757726
-0.4989873,-0.31943896
0.6262896,1.4296391
-0.7424425,-0.30016938
0.8514837,2.7096953
-0.59793615,-0.31753844
-0.83729523,-0.22597057
-0.3209558,-0.23945014
-0.6243174,-0.31471854
0.05388245,0.068906985
0.37369308,0.58419746
-0.018156843,0.0019102135
0.32121468,0.48401588
-0.27015898,-0.23140693
-0.9441548,-0.11002958
0.9481282,3.4849453
0.638827,1.4709307
-0.85316235,-0.22857545
-0.101647206,-0.10040172
0.27003813,0.37887317
-0.6188115,-0.34375855
0.15597722,0.18599011
0.067297235,0.07338821
-0.5834696,-0.32659402
-0.71757936,-0.30570477
0.5179246,0.9747347
-0.3548271,-0.26584253
-0.51191896,-0.29990596
0.4757567,0.8490491
0.4721374,0.8666536
-0.4471967,-0.31071866
0.7451369,2.0070963
0.37650034,0.58219874
-0.30847156,-0.22232412
-0.1450207,-0.13205852
0.45341936,0.7979475
-0.57683235,-0.3245801
-0.062478416,-0.059348136
0.3071167,0.45204237
0.0789971,0.09348475
0.21665668,0.26454103
0.092424996,0.09907417
-0.6015451,-0.3089871
-0.17958932,-0.14889334
0.06397099,0.053263355
0.56012547,1.1336628
0.3078085,0.44959646
-0.14681812,-0.12093829
0.94879967,3.5043335
-0.7844089,-0.26568916
-0.58639026,-0.30993992
-0.31737477,-0.22389169
-0.54285586,-0.3052525
0.250884,0.33913478
-0.92089856,-0.13639696
-0.6451264,-0.32824457
-0.41330552,-0.2840794
0.36669156,0.5597806
0.7517298,2.0573707
0.59698355,1.3058962
-0.63583815,-0.34125128
0.13081151,0.13504767
-0.9399547,-0.09800006
-0.37892646,-0.27263448
0.61196756,1.3366534
-0.08666857,-0.080365054
-0.70011735,-0.31490573
-0.12289324,-0.11372927
-0.60393417,-0.31958476
-0.21361709,-0.18898231
-0.024333054,-0.02362516
-0.30088377,-0.2315059
0.8739379,2.8889098
0.12506059,0.12557946
0.68578535,1.69457
0.5214571,1.0093046
0.32233262,0.4759272
-0.0062225033,0.012279942
-0.99565244,-0.0005603014
0.22693521,0.29738563
-0.2880851,-0.20939855
-0.76447564,-0.28831777
-0.11074747,-0.084151074
0.47110665,0.85805696
0.9233556,3.2856243
-0.25179023,-0.18109609
0.085446596,0.09789423
0.7024888,1.8081133
-0.33200115,-0.24318981
-0.7154855,-0.3133947
-0.43623635,-0.30041137
0.79824567,2.3465424
-0.6812138,-0.32364884
-0.3415579,-0.238419
-0.070719376,-0.066336565
0.69422644,1.7268953
0.8754266,2.902156
-0.14837939,-0.12788989
0.8639081,2.8073452
-0.6770818,-0.31620032
-0.6862954,-0.3171389
0.89850163,3.0892513
0.019360267,0.025492273
-0.6281843,-0.32208964
-0.024019258,-0.036444418
0.5664223,1.1931088
0.6538407,1.5280733
0.72793853,1.9230647
0.13914181,0.1506266
0.733892,1.9618126
0.020060418,0.02185513
0.2141198,0.2701982
0.5174396,1.010589
-0.14912942,-0.11862685
-0.852837,-0.22006164
-0.2996673,-0.2206716
0.24788843,0.3439923
-0.6153353,-0.31530696
-0.70322925,-0.3132677
-0.41383892,-0.30002353
-0.93577707,-0.10947872
0.4868458,0.90212023
-0.4825688,-0.31553975
-0.7515232,-0.29197678
0.39825884,0.6443651
0.68585604,1.7140322
-0.9602488,-0.054829493
-0.53280044,-0.30783564
0.89046466,3.017344
-0.22949173,-0.17466088
0.87718415,2.9201317
-0.45157492,-0.2989058
-0.5638647,-0.30318645
-0.5717832,-0.33227673
-0.8295427,-0.23266673
0.79286456,2.3234973
0.95967007,3.6097653
0.9090176,3.1748483
0.70405626,1.8039175
0.69377583,1.7431523
0.32217094,0.47490266
0.65242743,1.5380443
-0.58331525,-0.31778568
-0.22417474,-0.18495046
0.2816726,0.38653657
0.74954265,2.0483012
0.32093892,0.47944403
0.6780439,1.6434044
-0.052100968,-0.058614213
0.43460748,0.7640161
0.9599616,3.6180801
-0.6930229,-0.31898847
0.85384136,2.7448306
0.044727895,0.038971692
0.28643605,0.37768608
0.755738,2.088259
-0.18069166,-0.16018353
-0.16261485,-0.13875821
0.05436367,0.060782492
-0.9617958,-0.069314174
-0.006667638,-0.02371343
-0.41782546,-0.28545022
0.8559084,2.7566266
-0.8245294,-0.25704223
-0.08135907,-0.09042624
0.8949363,3.0433798
0.8020705,2.382698
0.40269688,0.63647914
0.1787221,0.22569036
-0.43853813,-0.2896543
-0.26608577,-0.2116856
-0.8197303,-0.26187578
0.5722166,1.1862571
-0.35226047,-0.2486674
0.3355638,0.5111991
-0.28481045,-0.23053008
-0.071339116,-0.05516837
0.11000495,0.13044241
0.6037048,1.3209525
-0.57768726,-0.33275977
-0.20246923,-0.17390883
-0.7398369,-0.27960372
-0.848479,-0.21933219
0.20934871,0.2775702
-0.6218179,-0.32367137
-0.8804013,-0.19143653
0.7941959,2.3295627
0.06862884,0.09526253
-0.7307436,-0.3082643
-0.89314777,-0.16242577
-0.7602799,-0.28569695
-0.05732552,-0.06871207
0.3369305,0.48687032
0.28256014,0.38681465
-0.7111538,-0.30582523
0.2669779,0.3711487
-0.19026875,-0.17535323
-0.07051243,-0.059339315
0.6028608,1.3163121
-0.33500126,-0.24774343
-0.7060019,-0.30513462
0.7469063,2.0501301
-0.57573885,-0.32219455
-0.41194025,-0.29692063
0.4131801,0.68170875
0.36710063,0.57801735
0.60080004,1.3177689
-0.6322667,-0.31879395
-0.29544023,-0.23142442
-0.7482335,-0.30752364
0.08207829,0.09530855
-0.41485882,-0.29667267
0.37787127,0.6019311
-0.99931127,0.005557338
-0.880634,-0.19131516
-0.1348794,-0.1199344
0.9163683,3.2327366
0.78170276,2.237674
0.98801804,3.8677907
-0.16633955,-0.14289975
-0.90686303,-0.15327413
-0.38808772,-0.25963187
0.3515417,0.5260198
-0.7296724,-0.29158613
-0.40005565,-0.2898943
-0.88766766,-0.19172965
-0.050065923,-0.05068716
-0.5821586,-0.33509856
-0.8175039,-0.26248384
-0.17756838,-0.1311992
-0.2975492,-0.23203528
0.075035475,0.104233004
0.4980773,0.9213186
-0.7748625,-0.29627827
0.5822512,1.2465054
-0.94742006,-0.101796314
-0.1137962,-0.10076388
0.17486057,0.19816193
0.91399735,3.210431
0.14784606,0.15969773
-0.6825016,-0.31836972
0.03508361,0.031619843
-0.20843211,-0.16985323
-0.041288864,-0.033394665
-0.605806,-0.32403597
0.0016540847,0.0061672907
-0.6999205,-0.31401435
0.48808616,0.89498955
0.18781252,0.23565628
-0.8429446,-0.2275732
0.7792289,2.2275286
0.23275921,0.3064588
-0.3677859,-0.27430367
-0.9087152,-0.13715446
0.26445338,0.3552811
-0.25311947,-0.19992052
0.8152362,2.4629219
-0.9302443,-0.11451512
-0.9217951,-0.12995146
0.89859855,3.0832014
0.9297479,3.3596106
-0.9445155,-0.13119127
0.43206647,0.74668336
-0.5570103,-0.31410438
0.40278554,0.6383305
0.7374656,1.9874676
-0.79833704,-0.25301918
-0.5224672,-0.31198278
-0.9518447,-0.10295537
-0.9123403,-0.13971776
-0.9407643,-0.094975196
0.60136473,1.3055426
-0.40341464,-0.27542758
-0.013577121,-0.01692733
0.57568854,1.2165903
-0.010112675,-0.013146499
-0.14160788,-0.12979378
-0.9768536,-0.044579618
0.136079,0.14404272
-0.75051385,-0.29409707
0.52929646,1.0398437
-0.48452455,-0.2996957
0.3483748,0.52923936
0.29244706,0.39597252
0.2333512,0.31699842
-0.46609598,-0.2885506
-0.46582043,-0.3016998
0.7260961,1.9065577
-0.9743853,-0.053971034
-0.6369547,-0.3270967
0.22034183,0.28473392
0.6340925,1.4497356
-0.28330898,-0.22792608
0.3068869,0.44906887
0.11431284,0.13161767
-0.87091976,-0.20821182
0.2435004,0.3236593
0.62780696,1.4263598
0.98489666,3.8440502
-0.94071984,-0.09316587
0.32011634,0.46724448
-0.1709009,-0.14799845
-0.9804242,-0.038475927
0.22872189,0.30017677
-0.75514543,-0.29106137
-0.2428663,-0.19553381
-0.4772658,-0.2956514
-0.27767318,-0.23021932
-0.014608837,-0.026914023
-0.28158092,-0.21056286
0.10546374,0.14204158
-0.5227006,-0.30888292
0.27072352,0.3878701
0.707526,1.8085513
-0.55186594,-0.32900044
0.015754431,0.020571938
0.29737958,0.42947
0.12925227,0.13528131
-0.2687011,-0.21282041
0.28439942,0.39455745
-0.9435076,-0.10753855
-0.26018754,-0.2111433
0.06522443,0.07820492
-0.9587737,-0.07116467
0.01529766,0.023519827
0.30850893,0.44547743
0.5184154,0.98999286
-0.77325183,-0.2759375
0.98112977,3.805304
0.21233541,0.26591042
-0.2736124,-0.22399022
-0.5018143,-0.3190592
0.14579372,0.1715051
0.7634233,2.1262717
0.041130792,0.034063354
0.3229441,0.48317274
-0.2846071,-0.22129415
-0.22369543,-0.18762474
-0.4276498,-0.3003532
0.41127458,0.65987784
-0.28162488,-0.22057869
-0.61856717,-0.3400013
-0.26119885,-0.19901925
0.7076544,1.813875
0.4765041,0.8788915
-0.3307183,-0.24332234
0.81361794,2.4451294
-0.8503347,-0.23808748
-0.9004924,-0.15420052
-0.7450593,-0.30837697
-0.7670905,-0.2878742
-0.82433134,-0.22646937
0.3226852,0.4773628
0.20168476,0.25611863
0.29521102,0.4251263
0.3767321,0.6013415
0.5137595,0.99879295
-0.58564615,-0.33191603
0.24460703,0.31888822
0.16009732,0.18126506
0.88732004,2.992849
-0.53526455,-0.32134947
-0.8825541,-0.20193686
0.30699015,0.4325075
0.48034567,0.88953716
-0.433608,-0.2893252
0.14169686,0.17217696
-0.88092786,-0.18750072
0.92008966,3.243372
-0.78015006,-0.2771928
-0.8648589,-0.1938835
-0.9117797,-0.15916537
-0.14545618,-0.11945815
-0.8056805,-0.2752037
0.4892965,0.90337014
0.7977483,2.3522928
-0.47956213,-0.31010234
0.25754625,0.37008378
-0.9153231,-0.14737502
-0.22687106,-0.19021271
-0.4141158,-0.282187
-0.5427618,-0.32883006
0.28944698,0.3900819
-0.7395441,-0.30894336
0.72142106,1.8957783
0.3296718,0.4829479
0.42147034,0.72255164
0.8706886,2.8591564
0.8847457,2.9799192
0.10330465,0.120301254
-0.009240366,-0.013717271
-0.32923678,-0.25356635
0.43114322,0.71440554
0.076417774,0.08826901
0.86575013,2.8379412
-0.5227481,-0.3335568
-0.37949464,-0.27309564
-0.3678191,-0.27065635
0.6119969,1.3615485
-0.80191934,-0.26428026
-0.088701755,-0.06823995
-0.14483853,-0.13030262
-0.8537208,-0.22826408
-0.178406,-0.15593071
0.026755966,0.023905369
-0.8697906,-0.19367528
0.019724257,0.016385939
0.9184758,3.2529562
0.95782864,3.587794
0.06335956,0.0646977
0.030193865,0.023283549
-0.42898366,-0.29850173
0.9942309,3.9553893
-0.45154166,-0.30529678
-0.0941974,-0.08955739
-0.99413186,-0.0011530789
-0.30153543,-0.22226138
-0.8571194,-0.19602358
0.48764953,0.90279347
0.12202891,0.13295485
0.14434375,0.18919183
-0.42697743,-0.2834522
0.6297926,1.4320066
-0.99345815,-0.01233869
-0.33279765,-0.2448428
0.31899497,0.4611995
0.8158451,2.4537463
-0.5307681,-0.30294812
0.0822001,0.08933969
0.07598284,0.08406321
0.7483487,2.0618796
-0.8989662,-0.17105897
-0.15104888,-0.124604
-0.63506866,-0.33314964
-0.9569348,-0.07573793
-0.7059381,-0.3090264
0.95294136,3.5589485
-0.57030296,-0.31267965
0.8700616,2.852976
-0.5894913,-0.31191656
0.86259043,2.8169768
0.30924186,0.4410907
-0.77356285,-0.28004688
0.16383031,0.19084485
-0.36297193,-0.2647411
-0.23369369,-0.2008958
-0.11965808,-0.09907293
-0.15458596,-0.15431513
0.32821777,0.4759367
0.53673613,1.0619795
-0.34164461,-0.23817892
0.84872794,2.693875
0.8769326,2.91597
-0.9186191,-0.13865334
-0.9701824,-0.0467064
-0.14986734,-0.12651286
0.1812905,0.22949737
-0.4441905,-0.30110338
-0.4811725,-0.31758544
0.35666767,0.549106
0.20340857,0.25003427
-0.6657063,-0.3208607
0.7690019,2.1680098
0.35995215,0.56536144
-0.2748475,-0.20649648
0.36724937,0.5630336
-0.77469385,-0.29074576
-0.06348775,-0.0426229
-0.6620312,-0.337637
-0.9171375,-0.14444491
-0.32334745,-0.23521712
-0.698529,-0.29695264
0.2670359,0.36057416
0.3481358,0.5264904
-0.7026154,-0.32084778
-0.950774,-0.08784493
0.5856211,1.2355278
-0.99588597,-0.015663441
-0.3121738,-0.22800756
-0.010833404,-0.015053067
0.6372844,1.4763522
0.6771173,1.6547312
0.44987887,0.770595
-0.50560474,-0.30218595
0.44037387,0.74415964
-0.5069216,-0.3202
-0.5707836,-0.32680285
0.09425591,0.11411469
0.3577089,0.54254323
-0.89389646,-0.17989917
-0.8799548,-0.18580246
0.5683414,1.1771313
0.7189945,1.8702005
0.20888184,0.26569587
-0.14234398,-0.13659175
0.69063294,1.7073064
0.45763406,0.8281526
0.15918839,0.19024734
-0.36048576,-0.2587521
-0.60400987,-0.33426207
-0.16265392,-0.13082393
-0.42635486,-0.29436997
-0.32148284,-0.26853728
0.03126211,0.026600605
-0.66181207,-0.3246617
0.6123534,1.355855
-0.7089411,-0.31204146
-0.03801272,-0.04306974
0.49194267,0.9041566
-0.029958585,-0.032066938
-0.27795586,-0.23265685
-0.05021739,-0.06739184
0.6973414,1.7601866
0.9808634,3.8134081
0.26228657,0.3626513
0.5868881,1.2495537
-0.9710226,-0.06660458
0.76072884,2.095184
0.90809953,3.152741
0.15033868,0.18107434
0.5076097,0.97687906
0.025489487,0.026697038
-0.42759252,-0.3016433
0.70449597,1.7879912
0.19367342,0.23136728
0.15876617,0.18455033
0.3182644,0.47326338
0.71200633,1.8489035
0.46381226,0.8232651
-0.57775164,-0.32355532
-0.06635291,-0.07019853
0.9605967,3.6040905
0.10912143,0.14035346
0.8764907,2.8850398
0.62673897,1.4016596
0.3320469,0.5090322
-0.3012696,-0.22944632
-0.3913613,-0.28594
0.28684214,0.40631822
-0.13487752,-0.11107778
0.59750724,1.2819738
0.5209135,1.0019176
-0.37573904,-0.2589118
0.40545756,0.6553658
-0.01089962,-0.007960462
-0.3534158,-0.24280687
-0.17406681,-0.17204845
0.7907037,2.297752
-0.2809646,-0.2153551
-0.42520145,-0.30651322
-0.29638556,-0.23215644
-0.5707631,-0.31435895
0.08926997,0.09097086
-0.7051271,-0.32614627
0.6348876,1.4676653
-0.5488395,-0.3177574
0.19611005,0.24290197
-0.749949,-0.29397818
0.9569063,3.5975199
-0.09084908,-0.08033195
0.64434266,1.5058651
0.5372957,1.0575068
0.4273861,0.70230156
0.6547297,1.5540423
-0.7990728,-0.25206363
0.3569944,0.54393315
-0.46834552,-0.29473752
0.5717433,1.1890364
0.91373754,3.2077265
0.80297905,2.3987548
-0.7700955,-0.28496164
-0.26089516,-0.2094597
-0.2713545,-0.23097989
-0.75540745,-0.28330183
-0.8037479,-0.26673552
-0.23021974,-0.18513915
0.9841431,3.8407748
0.1378853,0.15542273
0.24356326,0.3196772
-0.05796218,-0.05519453
0.3246611,0.48715776
0.9133242,3.2203715
0.17739591,0.22194523
-0.86992306,-0.18607469
-0.014218861,-0.0054780445
0.98550254,3.8620582
-0.22519456,-0.16877897
0.18776247,0.2177949
-0.7867265,-0.27848294
-0.717639,-0.31519958
0.7493629,2.044027
-0.39931074,-0.2712484
-0.38909745,-0.2848388
-0.225574,-0.17855126
0.93295735,3.3671637
-0.831219,-0.24069719
0.6375282,1.4702882
-0.31688425,-0.22139297
0.69893605,1.760406
0.9835113,3.8370087
-0.30266517,-0.24117553
-0.7412873,-0.30438456
-0.711249,-0.3201408
0.5174818,0.9980023
-0.7101569,-0.30538782
-0.47915685,-0.29999313
-0.59120333,-0.33369148
-0.28864288,-0.2173556
-0.85126686,-0.21723032
0.71348494,1.8443183
0.7202926,1.8695788
-0.17413421,-0.1466397
0.22417514,0.2900705
0.28390315,0.39490083
0.49851623,0.93668705
0.041380174,0.050112236
0.02067209,0.010128209
0.26260754,0.3522693
0.4060968,0.67033714
-0.30661926,-0.23527588
-0.33925906,-0.24036847
-0.46056318,-0.30024266
0.09769311,0.088711284
-0.27968863,-0.2088282
0.08062653,0.08652252
-0.18803047,-0.17577001
0.67346835,1.6356794
-0.8537395,-0.22856493
0.14442119,0.17625728
0.1512475,0.17774811
-0.23256537,-0.1973695
-0.15795821,-0.12821758
0.6002627,1.3112743
-0.43865258,-0.29597402
0.74280757,1.9964111
0.7926866,2.3055263
0.3012386,0.4189791
0.54571545,1.1021909
0.22589506,0.27424568
0.050518226,0.05273341
0.9333555,3.374007
-0.43469006,-0.28181213
-0.69169813,-0.31295404
-0.42502928,-0.28317437
0.22925122,0.29136443
-0.6296331,-0.33795264
0.8176281,2.4763994
-0.1779512,-0.14314528
0.6999258,1.7804599
-0.5015269,-0.31718525
-0.37366328,-0.27532402
-0.88155323,-0.19613023
-0.48446462,-0.30974475
-0.019372363,-0.01763869
0.89227384,3.0474036
-0.22219405,-0.18012288
0.27948776,0.39167228
-0.14457977,-0.13406639
-0.9064163,-0.15410082
0.007065252,0.008516309
-0.8681727,-0.20211703
0.76739985,2.154814
0.50607395,0.95865077
-0.24269706,-0.18981072
0.28043732,0.39901367
-0.7759437,-0.3011867
0.40510997,0.67377913
0.64546484,1.4874746
0.64349127,1.4985805
-0.4314449,-0.26740524
-0.4725076,-0.3053167
0.042795375,0.04650874
0.9355443,3.3925643
0.841046,2.6503537
-0.28072304,-0.21420772
0.559659,1.1395178
0.8426355,2.653976
-0.47814706,-0.3177538
0.6605913,1.5744803
-0.46420875,-0.3065091
-0.31343576,-0.23496944
-0.60235864,-0.3335293
0.014159598,0.012218654
0.6866218,1.704131
0.056104276,0.06022265
-0.75312,-0.28864515
-0.49644813,-0.31334114
0.12572373,0.13590035
0.1663749,0.20024782
0.15381181,0.17987992
-0.84599304,-0.21329063
0.5073918,0.9732505
0.8188564,2.474331
0.021037895,0.02766154
0.43765858,0.75790185
0.828031,2.5380313
0.2852455,0.4022345
0.34865144,0.5363264
0.44280884,0.75466514
-0.47899508,-0.30918005
0.16535576,0.19983034
0.68435025,1.6982332
-0.40767455,-0.29149336
0.794341,2.3362331
0.2407639,0.2957543
-0.1536503,-0.119874515
0.24636592,0.33120224
-0.19628018,-0.17004961
0.6760712,1.6597161
-0.03536284,-0.044632956
0.8024267,2.3787305
0.019616162,0.022393702
0.32073677,0.46954772
0.9954888,3.9466941
-0.70606834,-0.31595996
0.4734583,0.85526913
-0.7222555,-0.3125148
0.6777327,1.6620425
0.19290677,0.23254198
0.8763191,2.916935
0.7319132,1.9622918
-0.8502559,-0.22234018
-0.7253949,-0.2948116
0.20234185,0.2511216
0.03662928,0.028657617
-0.66286975,-0.325924
-0.74128157,-0.29631206
0.12798157,0.12885581
-0.9021569,-0.15385498
0.7474706,2.0368237
0.61416584,1.3753138
0.5707399,1.1945896
-0.9680057,-0.058791757
-0.9047181,-0.1603203
0.09967824,0.12593171
0.98885137,3.9114485
-0.3153676,-0.24077617
-0.31125036,-0.22471847
-0.73144406,-0.3085952
0.34867162,0.5215351
0.29335338,0.4081977
-0.7973552,-0.25746158
-0.06517543,-0.071935534
0.3341498,0.5110825
-0.012967727,-0.0034229953
0.34872717,0.5341511
0.6325408,1.4428815
0.37163088,0.58843523
0.23222847,0.27241746
0.7071805,1.815462
0.80117714,2.3709426
-0.22222713,-0.20024018
-0.6535002,-0.3190782
0.6357208,1.4660213
-0.5724938,-0.34349683
0.85790133,2.7551272
-0.95424414,-0.06277645
0.84254235,2.6525846
0.17836599,0.22662345
0.54948425,1.1197561
-0.20301482,-0.16452901
0.9834326,3.8472204
-0.54489714,-0.34274286
-0.47131267,-0.30683345
-0.89713514,-0.19736432
0.88094676,2.925507
-0.08794139,-0.08628815
0.34970483,0.52306676
0.37488145,0.5882664
0.7490042,2.044731
0.3298505,0.48771518
0.12404236,0.14332129
0.42063704,0.7066336
0.5019416,0.9342349
-0.6281441,-0.33298916
-0.78066593,-0.27594763
-0.8503023,-0.21953301
-0.251893,-0.21121891
-0.00399952,0.0068320064
0.2312998,0.3072841
0.91606903,3.2196307
-0.33842435,-0.25161973
0.5217481,1.0301998
0.06271524,0.06851635
-0.5598201,-0.31969285
0.23061086,0.29279533
0.93435234,3.3820925
-0.7513834,-0.2771597
0.014559529,0.015907584
-0.8967833,-0.16771339
-0.3575674,-0.25900635
0.24120535,0.34225747
0.6821139,1.6816496
0.46065685,0.8073453
-0.074286446,-0.075700976
0.8184455,2.4930472
-0.39457068,-0.29036048
0.5079668,0.96815336
-0.051981956,-0.056651168
0.7972715,2.3251452
0.5948656,1.2746527
0.8029393,2.3812435
-0.5715043,-0.31091982
0.33630085,0.50935864
0.4769268,0.86166817
0.48482853,0.8988249
0.008000901,0.0044976333
-0.97749895,-0.057676006
-0.47713843,-0.30606276
-0.35339826,-0.2721057
0.70407325,1.8024664
0.68177164,1.6875898
-0.7906398,-0.2778019
0.8996718,3.0938835
-0.63508505,-0.32386476
-0.1712811,-0.13738848
-0.56968606,-0.3371541
0.7206649,1.8900334
0.49880406,0.9204512
-0.29294237,-0.2171299
0.36375725,0.5723441
-0.63126624,-0.33222294
-0.23540582,-0.17777292
-0.24578482,-0.2123135
-0.52412665,-0.30693933
0.7526241,2.080628
0.35769147,0.55122644
-0.44012138,-0.29610202
-0.51575845,-0.31306309
-0.964093,-0.072831504
-0.3068355,-0.20646532
0.053542566,0.050705772
-0.4445781,-0.28255975
0.40091655,0.64451474
-0.17650095,-0.13390826
-0.36736432,-0.24364944
0.8781153,2.924739
-0.47439826,-0.3025939
-0.20348476,-0.17835553
-0.23541842,-0.20072901
-0.51760334,-0.31360623
-0.56504655,-0.30965555
-0.39523995,-0.28184658
0.72847235,1.9494163
0.5341658,1.0472275
0.36199903,0.5599462
-0.08579402,-0.07669056
0.015507969,0.01473691
-0.46572232,-0.3232328
-0.8513682,-0.2244512
-0.33791888,-0.24728082
-0.008832488,-0.0097150095
-0.8853739,-0.17467928
-0.8235334,-0.236319
-0.47394952,-0.30772677
-0.26583925,-0.21858571
-0.21336637,-0.159999
-0.76422787,-0.2989735
-0.5483573,-0.32808542
-0.4767055,-0.31464568
-0.86473024,-0.196974
-0.3478006,-0.24110433
-0.85555685,-0.21577352
0.4069157,0.66958797
-0.22790447,-0.18081595
-0.3464952,-0.23558195
-0.74695563,-0.31220704
-0.54699266,-0.31448898
-0.5345896,-0.3161429
0.97040844,3.709004
0.67069876,1.627856
-0.9694754,-0.049998373
0.23367319,0.30984876
-0.4881798,-0.28782186
-0.7912461,-0.26731247
0.41119954,0.6786711
-0.7367889,-0.30102098
-0.112518445,-0.0955925
0.26433033,0.35723105
0.108989514,0.12243608
0.9552582,3.5723348
0.5714852,1.1900434
0.54838675,1.0983807
-0.2888092,-0.21834981
-0.983209,-0.035318855
0.46882185,0.8461062
0.99946415,3.9957519
-0.18824178,-0.16208726
0.971037,3.7342858
-0.7165838,-0.30840045
-0.4069753,-0.2750921
-0.65854615,-0.32938227
-0.049648054,-0.06755482
0.5939628,1.2750919
-0.31867662,-0.2605461
0.81245786,2.442186
0.08966082,0.11317178
-0.06915117,-0.07372994
0.5740717,1.1803684
-0.797113,-0.24947886
0.54750496,1.0964911
-0.514096,-0.31597987
-0.4383749,-0.28563288
0.19890754,0.25313842
0.80386883,2.3946242
0.1568139,0.19486964
0.2978987,0.40349326
0.55318916,1.1079971
-0.48135048,-0.2957845
0.65446734,1.5387683
-0.1640797,-0.14757659
-0.6486886,-0.33641624
-0.29976383,-0.23281671
-0.50773776,-0.31786725
-0.5425728,-0.33062494
-0.4348736,-0.30276603
-0.63813835,-0.3217656
0.3354035,0.49020895
0.15998352,0.18426494
0.2968838,0.397097
-0.31255054,-0.21647018
0.5394668,1.0816027
-0.7407825,-0.3023466
0.14227343,0.15681393
-0.44909406,-0.2971984
0.055219803,0.05828137
-0.35272565,-0.26947525
0.5810235,1.2032192
0.78254366,2.24387
0.48516244,0.874515
-0.64883256,-0.3220557
-0.4502662,-0.2959292
0.83871615,2.617254
-0.12555975,-0.116871275
0.8823608,2.97168
-0.21509662,-0.16888997
0.9035493,3.1195982
0.851478,2.742393
0.32105377,0.45587724
-0.9823459,-0.04220489
-0.19933064,-0.16704434
0.82247025,2.497578
0.7702206,2.1902223
-0.6252244,-0.32408386
-0.201635,-0.17542267
0.67101985,1.6306449
0.15575571,0.18584326
0.6945985,1.7419145
0.65313476,1.5282269
0.814964,2.4471567
-0.76555884,-0.26279932
-0.7095697,-0.32336724
-0.83438194,-0.21741514
0.8705377,2.8539658
-0.04967523,-0.039423764
-0.87134945,-0.19255687
-0.3569402,-0.2521238
-0.29717472,-0.21998696
0.61911964,1.3705533
0.4709538,0.8396383
0.3787741,0.5834897
-0.9562729,-0.07816008
0.8213916,2.4922209
-0.56888944,-0.34443763
0.2581228,0.34401268
-0.8763619,-0.21365774
-0.8369478,-0.22947091
-0.9808454,-0.04943885
0.1318553,0.14343
0.25875935,0.32472035
-0.8990754,-0.14758532
-0.41903022,-0.30081847
0.7029088,1.7847592
-0.79738325,-0.28220576
-0.5669057,-0.33278722
-0.15121758,-0.11376757
0.6845482,1.6965046
-0.49030188,-0.3172186
0.994274,3.9427254
-0.28947636,-0.22852065
-0.22710268,-0.18550417
-0.7557876,-0.2825647
0.3603958,0.5506501
-0.5130696,-0.3133944
0.2577352,0.34806088
-0.55368453,-0.32613754
-0.22425547,-0.19007301
0.71334416,1.8388827
0.4778118,0.874317
-0.6908182,-0.307695
0.21541634,0.2625922
0.2572813,0.34227708
-0.81886303,-0.25531384
-0.06838869,-0.056010135
-0.4786632,-0.3114321
-0.06573971,-0.039674196
0.554142,1.1278507
-0.68348086,-0.30557472
-0.75339156,-0.3013946
-0.461367,-0.30128744
0.9045509,3.1385112
0.4956484,0.9130998
-0.9610883,-0.071737945
-0.19799031,-0.15449615
-0.48520404,-0.3118598
0.27628914,0.37102515
-0.081415094,-0.057252802
0.92899704,3.3269026
-0.5620431,-0.32234886
0.17571284,0.20588347
0.40042004,0.6412974
0.651129,1.5383228
-0.18605794,-0.15873824
0.37384382,0.5894426
-0.39359707,-0.29820558
-0.12904781,-0.10923502
0.7912543,2.297503
0.8998152,3.0748065
0.4376347,0.76850533
-0.25129622,-0.19401771
0.64011556,1.4823157
-0.94826585,-0.08067663
-0.79450816,-0.26384914
0.32274747,0.4633971
-0.41750285,-0.28733474
0.9027724,3.1109664
-0.12787877,-0.1183531
-0.14127035,-0.13631116
0.35615903,0.53457737
0.5351371,1.0657116
-0.048882525,-0.043283366
-0.5719982,-0.32994583
0.54661727,1.0877271
-0.35929745,-0.26397473
-0.6497785,-0.34048617
0.2632804,0.35691774
-0.8190927,-0.2381409
0.94270533,3.4826202
0.26479453,0.34736073
0.971791,3.7347941
-0.32221314,-0.24813768
0.94241035,3.4450405
-0.7088755,-0.32136232
-0.91861045,-0.13644823
-0.9340319,-0.12467922
-0.07025926,-0.07171381
-0.8339916,-0.23915112
0.024335768,0.017543083
-0.344999,-0.260997
-0.32874203,-0.26881048
0.271218,0.37100828
-0.673804,-0.3189037
0.53310674,1.0416179
0.16406184,0.19972241
0.82988924,2.5784626
-0.2703187,-0.21142393
0.96542996,3.679348
0.15165529,0.20105287
0.9468039,3.5208979
-0.9458787,-0.108875565
0.45595264,0.7900235
0.633243,1.4445223
-0.89365345,-0.16964795
0.15793933,0.2033127
0.6038846,1.3280452
0.12207745,0.12698889
-0.8723728,-0.20218748
0.3868945,0.61648136
-0.8788062,-0.20365193
0.63493776,1.4567198
-0.9139316,-0.15624788
-0.72520524,-0.32059702
-0.44978482,-0.30701476
0.2667296,0.36602244
0.9527182,3.5530555
-0.7643543,-0.2843813
-0.71458465,-0.2981823
-0.26225922,-0.19793098
0.67243826,1.6351745
-0.06553809,-0.06084209
-0.3567788,-0.25740394
0.12240767,0.13797347
-0.4789536,-0.328548
-0.19768019,-0.15344568
-0.3347897,-0.24369209
0.608282,1.3280996
0.84851146,2.7120247
0.51914436,0.9953066
-0.12183285,-0.109655365
0.008669955,0.018981537
-0.7498526,-0.29084098
0.4937294,0.9306309
0.19295135,0.23523028
0.80487996,2.410736
-0.5987777,-0.33415642
0.5194522,1.0154316
0.3693433,0.5520994
-0.46830893,-0.31460562
0.33475727,0.49987105
0.8487468,2.6954606
0.836872,2.6130831
0.43925315,0.7545911
-0.9038538,-0.16980596
0.74452865,2.0076754
0.3155572,0.45879227
-0.3791315,-0.27588937
-0.62549925,-0.31248975
-0.76759225,-0.28542346
-0.8995262,-0.15632114
0.5082065,0.96887064
-0.528314,-0.3247651
-0.95149416,-0.10774052
-0.2054587,-0.15828712
-0.03478584,-0.043405507
-0.66153955,-0.3259311
-0.9119033,-0.14864863
-0.62174904,-0.32660016
0.35820553,0.55856186
-0.83551264,-0.23331124
0.11007406,0.12239731
-0.707176,-0.30045286
-0.60862166,-0.32042947
-0.21384424,-0.18315837
-0.7983493,-0.27506658
-0.653593,-0.3313645
-0.30209517,-0.23056687
-0.340662,-0.26313823
0.49854296,0.93368065
-0.8504354,-0.22047961
0.7209015,1.8599141
0.63246435,1.4314154
0.53198326,1.0167791
-0.38125527,-0.27362806
0.6457636,1.5167024
-0.63439584,-0.34418958
-0.7511816,-0.30559787
-0.91008735,-0.15124081
0.87862074,2.9141748
-0.38397822,-0.2821008
0.8352358,2.6076186
-0.4547729,-0.304185
0.8151319,2.4477916
0.8078581,2.3927839
0.8473521,2.7113771
-0.007693121,0.0036487018
0.7318926,1.9420323
0.9015318,3.1084769
-0.35076612,-0.26063365
-0.16225119,-0.13439947
0.43848038,0.7434736
-0.39928037,-0.2835262
0.5076186,0.967048
-0.8522157,-0.20287508
0.04699677,0.056728296
-0.75537306,-0.2778814
-0.41335306,-0.2870489
-0.48274922,-0.31412488
0.67786413,1.6405987
-0.61296546,-0.32565373
0.61689585,1.3808392
0.58792067,1.253261
-0.002233889,-0.009995923
-0.53231347,-0.30706534
-0.5462073,-0.31549546
-0.0701507,-0.052422334
-0.982382,-0.043546498
0.06270151,0.059812613
0.90555906,3.152681
-0.6905862,-0.31605485
0.14669125,0.16613813
0.9235574,3.2868145
0.7210443,1.886014
0.70076025,1.7871183
0.6436999,1.4948466
-0.3819528,-0.26259854
0.78123367,2.2455385
0.8826807,2.9477775
-0.008415153,-0.017136224
-0.2908579,-0.22821148
-0.17154197,-0.15966569
-0.3315871,-0.25114748
-0.5751631,-0.3100504
0.23689695,0.3091474
0.12519377,0.1354106
-0.07482986,-0.050460562
-0.8083092,-0.26548728
0.59378594,1.2704207
-0.6501329,-0.31130645
-0.77087593,-0.2749731
0.24614279,0.32401204
-0.20271128,-0.15994157
-0.8803831,-0.18392478
-0.2888633,-0.23442398
0.5435607,1.0629381
0.2304984,0.2930235
-0.27442795,-0.20326366
-0.6163904,-0.33057535
0.26359123,0.36081448
0.7751106,2.204392
0.29254544,0.39355457
0.6258077,1.4118456
0.043055676,0.04858151
0.4359422,0.7370826
0.7924535,2.3088198
0.5463579,1.1009805
0.81970793,2.4946122
-0.1377208,-0.11053709
0.8084405,2.4213922
0.24313447,0.3105576
0.7400975,1.9884744
-0.92124695,-0.13392179
0.31570476,0.47015858
0.69595015,1.7472342
-0.65159595,-0.34073132
0.32357386,0.47751987
0.64990944,1.5176528
-0.42410126,-0.30102175
-0.18950735,-0.15892233
0.13903543,0.17115632
0.03833538,0.034124672
-0.9216212,-0.12862568
-0.8026558,-0.25363022
-0.79906684,-0.25515923
-0.4754642,-0.31310117
-0.50827175,-0.3257098
0.48444477,0.8780546
0.14548877,0.17809309
0.5279522,1.03821
-0.86020786,-0.21880187
-0.029571526,-0.0073957043
-0.35244885,-0.26734293
0.69987863,1.7824584
0.4155783,0.70508003
0.7385169,1.9852833
-0.90714574,-0.16124554
0.441647,0.75340974
0.0800167,0.084351785
0.65000004,1.5364401
0.014321182,0.002530499
0.080418155,0.06905947
-0.89646524,-0.16378577
0.33704573,0.5076549
-0.45372024,-0.2792031
-0.9606122,-0.086574115
-0.8671257,-0.20320056
0.9145712,3.2272475
-0.3078454,-0.23206101
0.7361513,1.9687256
0.91935444,3.2639005
0.8865344,2.9809563
0.7634505,2.1395254
0.7896878,2.2820992
-0.4219839,-0.30254158
-0.6970602,-0.31650785
0.2785251,0.35809347
-0.023788815,-0.022389052
-0.80250657,-0.27788547
0.35508263,0.5446577
0.12572001,0.14561701
0.7261348,1.9136127
0.21836759,0.2831026
0.14789236,0.1755196
-0.11849655,-0.10885183
-0.07442586,-0.050958157
0.90876245,3.1710727
-0.723108,-0.29719734
-0.10756236,-0.08637251
0.31165448,0.45516896
-0.13397871,-0.09748284
-0.43356875,-0.29009268
-0.42528525,-0.28869456
-0.5326879,-0.32606313
-0.3121936,-0.23822
0.74334955,2.0046895
0.0104491,0.017331555
-0.51952255,-0.3261151
-0.23094657,-0.18634541
-0.7883392,-0.26496533
0.8080715,2.4165905
-0.18360433,-0.16390592
0.9607824,3.6298947
-0.30492246,-0.2325043
0.6727121,1.6057504
-0.48722938,-0.31897983
-0.8476942,-0.20787305
-0.9365333,-0.09672887
0.21233685,0.27429137
-0.37685266,-0.26034477
-0.11296024,-0.10926172
0.63729405,1.464622
-0.5037838,-0.30107793
-0.38269505,-0.266579
0.6906724,1.7253766
-0.014475454,-0.016136989
0.65533036,1.5624039
-0.251048,-0.18865274
-0.20326003,-0.1621394
-0.66572326,-0.32049814
0.8326917,2.5806375
0.79356736,2.326579
0.96843404,3.6831293
-0.19510575,-0.1719631
0.63722986,1.4524219
-0.17009254,-0.13289276
-0.09140242,-0.0909485
0.6599988,1.5768776
-0.6452665,-0.32545906
-0.55937815,-0.29462162
-0.3705435,-0.26084653
0.5763581,1.1917342
-0.2546969,-0.19038616
-0.28366357,-0.22342044
0.9976327,3.9743736
-0.2323877,-0.19474222
-0.5044589,-0.31163862
0.24642736,0.32763126
0.6037599,1.3147964
-0.86078435,-0.21370754
0.23778446,0.31198037
-0.9285291,-0.14700592
0.0526647,0.04117706
-0.48601687,-0.29211146
-0.3867166,-0.2693569
-0.06580807,-0.0669927
0.8542149,2.7226808
0.42133462,0.7046052
0.8736912,2.896482
0.319942,0.4919253
-0.98578453,-0.008710659
-0.4688296,-0.31263453
0.81154513,2.433442
0.28689104,0.38486987
0.96329445,3.6377554
-0.68807197,-0.31837192
-0.40650433,-0.2847969
-0.27526468,-0.19406416
-0.34688437,-0.26697034
-0.49601695,-0.3119394
-0.113068566,-0.12220075
0.28459623,0.39851126
-0.37748614,-0.28189257
-0.84060013,-0.21764481
0.41706505,0.69089997
-0.08196689,-0.08977372
0.112964615,0.106302984
-0.089198686,-0.09167505
0.780715,2.2399926
0.11748999,0.1373214
0.8465537,2.6784997
0.021150684,0.030865667
-0.41482368,-0.29587367
-0.28911483,-0.25197753
0.044258587,0.049133476
0.059978876,0.076706015
0.3746754,0.6003549
-0.55101025,-0.33550912
0.3176858,0.45541108
0.557176,1.144208
0.35318398,0.53126746
-0.03634378,-0.034015324
0.9833613,3.829194
-0.19037369,-0.17061149
-0.78681874,-0.28054073
0.6430084,1.5028327
-0.5755976,-0.32508188
0.42657116,0.73198354
-0.6420474,-0.31935692
-0.96624523,-0.047001414
-0.6804028,-0.30994442
-0.24602261,-0.18912958
-0.7867635,-0.27281865
-0.60464185,-0.29635274
0.5292525,1.0371964
0.5397672,1.053526
0.63497645,1.4594375
0.68231046,1.6724175
-0.1591282,-0.12702441
0.7350993,1.9719557
0.05187375,0.052796327
-0.058805767,-0.06441798
0.43707266,0.749558
-0.5723632,-0.33136034
0.57899475,1.2285894
-0.14106835,-0.11801919
-0.7454092,-0.2658599
-0.7613762,-0.2914538
-0.6701865,-0.3233494
0.78114545,2.2387614
0.98187566,3.820902
-0.2860524,-0.21066667
-0.4157123,-0.28763545
-0.56245804,-0.30423084
0.64763296,1.5204401
-0.58158505,-0.33051017
0.84818023,2.687917
0.33470076,0.5071783
0.79425555,2.3243937
0.10801971,0.12117512
0.38135973,0.59742475
0.2389162,0.31227848
0.6623909,1.5779067
0.67172164,1.6432266
0.179586,0.22583972
0.2650153,0.35704628
0.84375185,2.6612818
0.859733,2.7815886
0.32849956,0.48345014
-0.98449147,-0.039635494
-0.7911776,-0.28764206
0.71588504,1.8499318
-0.8305718,-0.2390847
-0.5729616,-0.3323786
-0.53890663,-0.3124584
0.20046954,0.2480376
0.1532656,0.19964373
-0.42116496,-0.29264253
-0.5847773,-0.324439
0.52906406,1.0325228
0.8709123,2.8696795
-0.8943886,-0.15935968
-0.73363906,-0.2945063
0.28432798,0.3743837
0.6088829,1.3478031
0.5823773,1.2239846
0.4393663,0.7513934
0.7748559,2.2078578
-0.56530225,-0.33546212
-0.7854181,-0.26094407
0.23072594,0.29554302
0.64455175,1.5220813
0.16408716,0.19684145
0.925995,3.3297741
0.59112895,1.2812032
0.4015836,0.6475129
-0.8794854,-0.20099106
-0.7845155,-0.2719595
0.56967527,1.178575
-0.60352415,-0.31064224
-0.94232965,-0.10507018
0.82152134,2.5033436
0.7816107,2.2292826
-0.5630323,-0.31982663
0.5604125,1.1373719
-0.9040407,-0.15322754
-0.429884,-0.2845744
0.24733381,0.31988373
0.526358,1.0355637
-0.9792016,-0.042642023
-0.3475828,-0.26887825
-0.57130885,-0.30940092
0.9975608,3.9664326
0.34196445,0.5176389
-0.18865709,-0.15425548
-0.8486948,-0.21701305
0.19734052,0.24920407
0.28340295,0.3832313
0.63281184,1.4639472
-0.4228463,-0.27812022
0.9628562,3.6468546
-0.12106852,-0.12130042
-0.4081125,-0.29157305
-0.30310133,-0.2240622
0.039172105,0.020732181
0.87340313,2.887798
0.4703176,0.831167
0.1542193,0.17355612
-0.6743792,-0.33357018
-0.70129335,-0.31004527
0.0043938276,0.015576833
0.4574174,0.8096115
0.50202435,0.94867396
-0.5481712,-0.32042557
-0.799801,-0.2557178
-0.23107803,-0.18249775
0.8363451,2.5829308
0.090734504,0.10884509
-0.35980046,-0.2521521
-0.35272467,-0.26033822
-0.7358259,-0.3193766
-0.053552527,-0.04840527
0.58272535,1.2387431
0.9371174,3.405084
0.0031899998,0.005067206
-0.66557014,-0.31047034
0.36590078,0.5906722
0.5135827,0.9838583
-0.8566005,-0.20962963
0.7002783,1.7663214
0.6586448,1.5613661
-0.05491789,-0.05341888
0.120845035,0.14920376
0.42681614,0.7281183
0.35349625,0.5575371
-0.96692806,-0.0767785
-0.7551294,-0.3035852
-0.6748189,-0.3083455
0.51135176,0.98940164
-0.11983287,-0.10665625
0.09100525,0.055453464
0.5453749,1.086053
-0.31803545,-0.23547153
0.49778044,0.92131203
-0.115401454,-0.1015922
-0.24563962,-0.17749608
-0.3339255,-0.23295905
0.9298896,3.354441
0.5439468,1.0876663
-0.95960814,-0.07939944
0.914831,3.2253885
0.55087924,1.113868
-0.70165056,-0.3117995
-0.8473238,-0.23775779
-0.3836118,-0.27839518
0.24836306,0.33669093
0.23309338,0.2920318
-0.44829974,-0.294376
-0.10865004,-0.09386342
-0.5762197,-0.32056007
-0.89884263,-0.15878154
0.033940934,0.041410606
-0.30601773,-0.23849666
0.08576486,0.079128884
0.89301467,3.0298781
-0.7132594,-0.3012687
-0.996076,-0.019795097
-0.84624356,-0.23370078
-0.07458341,-0.07986611
0.41386405,0.6669138
0.1615272,0.18104334
-0.010210785,-0.00010360958
-0.29207373,-0.23157297
-0.38005164,-0.28713346
-0.24742764,-0.20272332
0.22326991,0.2918397
-0.6644921,-0.33969018
0.5427242,1.0934254
0.15050648,0.1626713
-0.46168724,-0.30546284
0.0023059256,-0.001771396
0.9255574,3.3033442
-0.9590169,-0.07609945
-0.6009547,-0.31862843
-0.10323952,-0.09397591
0.27687943,0.37458822
-0.57554346,-0.32064188
0.86280787,2.8058112
0.28514403,0.38955122
0.7548639,2.079937
-0.34136415,-0.25855795
0.65790784,1.5542167
-0.24356157,-0.18711081
-0.49449646,-0.3066244
0.8233107,2.5263958
-0.815563,-0.2441194
0.8857776,2.97209
-0.08296959,-0.06659659
0.98525095,3.8516927
0.07918931,0.09528835
0.5149763,0.9858292
-0.98585796,-0.024360951
-0.00666636,-0.0031899347
0.47490695,0.8665512
0.56565404,1.1526395
-0.68390286,-0.33305594
-0.1620581,-0.13264452
-0.16185609,-0.13564897
-0.7927184,-0.2753289
-0.113908984,-0.098600276
0.6141859,1.3513148
-0.39963853,-0.24560374
-0.13485095,-0.10567201
0.9219174,3.2840226
-0.9365839,-0.11073848
0.18304354,0.21761665
0.4868722,0.88241535
0.5217649,1.0090237
0.43187606,0.72513616
0.45290288,0.784984
-0.8819747,-0.19923653
0.06827324,0.07577107
0.5659381,1.1662992
-0.8118699,-0.24806052
-0.9759002,-0.04134712
0.6291237,1.4328749
0.42458877,0.74050105
-0.17558716,-0.14098223
0.88079286,2.9291584
0.5331962,1.054494
0.9357219,3.3966846
0.85863054,2.759016
-0.037412792,-0.050279815
0.50941795,0.97299767
0.33838278,0.51171786
0.6228904,1.3926353
0.5753768,1.2162201
-0.69353604,-0.31192657
-0.53252894,-0.30757996
-0.46853685,-0.29277825
0.6369971,1.4642948
0.6214834,1.4133062
-0.009329306,-0.020484235
0.16166452,0.2166111
0.6538443,1.5348622
-0.3748128,-0.2677277
-0.89964247,-0.16903123
-0.034807123,-0.037404202
0.8274343,2.5765605
0.58093655,1.223753
-0.2667654,-0.20101027
-0.8704573,-0.20055425
0.273839,0.38435006
0.6689816,1.6107589
0.32989714,0.4890384
-0.14985067,-0.123969145
-0.7532928,-0.29851735
0.82154846,2.5341115
-0.44808334,-0.29014874
-0.55142593,-0.32482857
0.63195336,1.4362186
0.9624399,3.6391609
0.32032052,0.45416018
0.24962097,0.34919122
-0.36113825,-0.25649524
-0.9591731,-0.07606772
-0.6164043,-0.31583047
0.16886087,0.19578767
-0.6973671,-0.32524204
0.7676716,2.1553917
-0.62371063,-0.32472035
0.044208907,0.051559422
0.02402649,0.0098551875
0.20789126,0.25739953
-0.34513187,-0.28377262
0.7470684,2.0217915
-0.11139693,-0.0930634
0.40030715,0.6599894
0.2718217,0.3598321
-0.7656878,-0.2878401
0.2452787,0.32407218
0.10140535,0.123618
0.79720813,2.3586102
0.76175326,2.1222842
-0.69809043,-0.31607616
-0.8366297,-0.24678674
-0.41081557,-0.2818154
0.9732257,3.7600796
-0.95685244,-0.0661839
0.3457845,0.5227406
0.21702747,0.2796029
0.29315656,0.40479207
-0.5634282,-0.32763392
-0.5465653,-0.32039136
-0.13871583,-0.12026633
-0.8082844,-0.24609281
-0.8507736,-0.20923115
-0.8232811,-0.23889521
0.14595835,0.16083404
-0.20451629,-0.17910832
-0.41276643,-0.29256675
-0.36836123,-0.2618872
-0.58543336,-0.34614587
-0.17698933,-0.15028982
-0.5938839,-0.31216517
0.3960921,0.6464059
-0.752135,-0.29539886
0.8964842,3.0595832
-0.8203621,-0.23848888
0.8869214,2.993076
0.6665899,1.6021016
0.36142424,0.5504369
0.8246033,2.528404
-0.7215624,-0.30854475
-0.64737046,-0.31610852
-0.49569482,-0.29899356
-0.51037693,-0.32865793
-0.37830347,-0.28110704
0.15126179,0.19160686
-0.9436548,-0.09885968
-0.23545481,-0.20131224
-0.50722975,-0.3044223
0.2132597,0.27392364
0.97033864,3.7340872
0.035309225,0.034248527
-0.14862952,-0.118247084
-0.2635129,-0.22203851
0.5698984,1.1992217
-0.85603815,-0.2041033
0.919541,3.2736275
-0.16416423,-0.12980644
-0.37259856,-0.2672134
0.9481362,3.495859
0.87175775,2.8657427
0.28386828,0.37620574
-0.9629853,-0.07790835
0.49706995,0.9322702
-0.3288852,-0.2450715
-0.22343954,-0.18441296
-0.68251574,-0.3255583
0.04691617,0.03150142
0.4891052,0.90438366
-0.45397776,-0.2951778
0.87746584,2.9059155
-0.61052626,-0.33175048
-0.86747533,-0.18605089
0.28872776,0.4147054
0.6986375,1.7511246
0.90626574,3.1456316
0.53434205,1.0685017
-0.60069996,-0.32857475
0.9553224,3.5700536
0.8388718,2.639026
-0.67366517,-0.30973876
0.11757165,0.14256406
0.111034855,0.12226467
-0.11493044,-0.096436195
0.96856266,3.7103028
-0.88075554,-0.18699524
0.2544178,0.33576995
-0.5893928,-0.3137782
0.05466241,0.078277044
0.55948156,1.1667612
-0.5065464,-0.31783858
-0.2132809,-0.17816521
0.90153617,3.0973423
0.5229615,1.0154508
0.14544638,0.15938422
-0.55600524,-0.32844558
-0.14938912,-0.1228966
0.54812264,1.1074013
0.64108616,1.4663653
-0.5107876,-0.29937634
0.32412043,0.46339107
-0.80999404,-0.2644878
-0.9535754,-0.09691302
0.09734785,0.10122395
-0.55124027,-0.33151114
-0.84217596,-0.23591167
0.45965663,0.7880573
-0.0040508234,-0.0027352066
0.59255403,1.2773381
0.3278885,0.5046536
0.45960987,0.8174259
-0.38527885,-0.2769613
-0.47344834,-0.31718245
0.20174979,0.25135854
-0.5998357,-0.32191008
0.6308242,1.4331151
0.045840338,0.04865258
-0.54602015,-0.3028117
0.25033647,0.32877922
0.89007145,2.9961936
-0.83581054,-0.22436328
-0.7813096,-0.2720252
0.6876783,1.6923295
-0.78081244,-0.2712092
-0.9212493,-0.14410011
-0.30413884,-0.22680184
-0.06658823,-0.043357197
0.13888888,0.1594606
0.014600465,0.025649508
0.8263691,2.5276191
0.53733623,1.0493827
0.9676205,3.7066944
-0.047089152,-0.04189311
-0.8313408,-0.2307519
0.9110613,3.197779
-0.99177366,-0.021461822
0.55219203,1.1267053
-0.9374359,-0.10345507
0.5224284,0.9994905
0.87587786,2.9186475
-0.2214794,-0.16781573
-0.5180703,-0.3295222
-0.5474417,-0.319995
-0.016564712,-0.01860559
-0.65822595,-0.30824995
0.34584725,0.507025
-0.2632953,-0.17139365
-0.353781,-0.25897917
-0.07742885,-0.06447743
0.08517501,0.10697533
-0.7161395,-0.30949894
0.41552672,0.6885979
0.7658942,2.140821
-0.44402617,-0.30439368
-0.6392182,-0.32213032
0.5210109,1.0062265
-0.63291657,-0.33049577
-0.9174897,-0.1439373
0.23848644,0.31792352
-0.52049714,-0.32517102
-0.65637916,-0.32518783
0.96320546,3.6543324
-0.41627005,-0.28262243
0.80688655,2.3966799
-0.6435625,-0.32463554
0.63795424,1.4745855
0.004037746,0.013946838
-0.84281045,-0.23413995
0.4672106,0.8295451
0.7841467,2.2523272
-0.673966,-0.32600167
0.4511805,0.79207665
-0.10989496,-0.0930545
0.5077409,0.9734081
0.4278559,0.7218396
-0.9467995,-0.10957677
-0.6425579,-0.31781182
-0.057945516,-0.053179685
0.86718833,2.8374703
-0.3158531,-0.25048175
0.25774693,0.34375846
-0.9758325,-0.057977203
0.42225385,0.7124492
0.20613652,0.25489467
0.4307895,0.7255593
0.8093212,2.4080827
-0.70700216,-0.30042356
-0.4768208,-0.30876574
0.9915618,3.9171968
-0.6874321,-0.3237633
0.44125402,0.74327785
0.45015183,0.7797512
0.36598748,0.56318355
-0.5451188,-0.3187204
-0.5697319,-0.32825804
0.33268213,0.4852459
-0.62749964,-0.34081522
0.32312667,0.4726616
-0.014943436,-0.022689018
-0.22674227,-0.17113623
-0.3995353,-0.27670133
0.8951539,3.0614448
0.016187316,0.013965769
0.12250392,0.1415876
0.8985122,3.0740921
0.30775464,0.42880422
0.91570586,3.2253208
-0.7872665,-0.26557493
0.69327927,1.7186835
-0.32917073,-0.24973471
0.6209751,1.4131556
0.71127325,1.8377596
-0.45702422,-0.28460863
-0.18233877,-0.1603887
0.45202872,0.7858934
-0.80188876,-0.25134897
0.5110671,0.98019725
-0.77905416,-0.27754194
0.8289115,2.5450194
-0.44732141,-0.2851253
0.1511987,0.20314123
-0.765693,-0.3003098
-0.4610137,-0.28725427
-0.19208992,-0.16560073
-0.025902247,-0.028582934
-0.999865,0.0024264455
0.7773115,2.204205
-0.9846504,-0.030138958
0.5473691,1.0846363
-0.058842175,-0.050810695
0.04776005,0.072492436
-0.58346903,-0.33216542
0.2147367,0.27118933
0.07446382,0.07925754
-0.6715272,-0.31018332
-0.523762,-0.31380638
-0.86619276,-0.19366011
-0.86743283,-0.20658083
-0.9724484,-0.04779328
-0.55905133,-0.35723576
0.35932246,0.5581729
-0.36756924,-0.2760473
-0.31453145,-0.24020682
-0.7361892,-0.29202154
0.15094134,0.16232176
-0.31571272,-0.22667737
0.3526336,0.53505415
0.48291895,0.8976699
0.16938575,0.19473198
-0.44786093,-0.315009
0.017215598,0.0172277
-0.4961384,-0.30564898
0.80582565,2.4068189
0.5327715,1.0370553
-0.013988188,-0.030041547
0.9309143,3.3521223
0.093510896,0.10831377
-0.34292904,-0.24716958
-0.8090654,-0.23987693
0.08749129,0.09213978
0.72083324,1.866515
0.7334375,1.9672425
0.20913413,0.26588303
-0.21312328,-0.17249714
0.3005926,0.43394393
0.5242807,1.0314503
-0.17675044,-0.15028574
-0.047491662,-0.033572715
0.3612326,0.5614072
0.7533052,2.063716
0.58202076,1.2303454
-0.95521724,-0.07564148
-0.75125533,-0.29942596
0.70555633,1.8112781
0.66764563,1.6112753
-0.22238643,-0.17766693
0.16855584,0.21696801
0.81169,2.4429414
0.8231174,2.5180705
0.5661857,1.1701889
-0.5808221,-0.32694924
0.46056563,0.8185
-0.79780316,-0.25035432
0.7878769,2.2769141
-0.7017024,-0.31925508
0.3246973,0.48832345
0.22048655,0.27652156
0.55379933,1.1265618
0.103155,0.10908888
-0.8808668,-0.20316134
0.4116925,0.6816706
-0.23369089,-0.17770755
-0.35943,-0.26060534
0.9833471,3.821405
0.18079953,0.2215573
0.42143816,0.69788575
0.052652273,0.029383136
0.5399453,1.0730897
0.50414544,0.95621854
0.31429222,0.46565193
0.99548614,3.9726334
-0.08041293,-0.06791549
0.4123847,0.6908329
0.5955559,1.2744356
-0.24793059,-0.18170443
-0.085649945,-0.066214934
0.9383345,3.4165423
-0.93541795,-0.10645481
-0.3294087,-0.23905766
-0.027574075,-0.012131997
-0.99707,-0.007336836
0.7982542,2.3426933
-0.4275112,-0.29437643
-0.48459032,-0.29944575
0.6406524,1.4632931
-0.44403353,-0.32551238
0.31524518,0.4647724
0.64300627,1.4960136
0.58495367,1.244544
0.5639015,1.1492575
-0.8227249,-0.26166904
-0.84030604,-0.23529185
-0.38645992,-0.26890418
-0.9281042,-0.1300613
0.000859473,0.009861214
-0.21043587,-0.18305098
0.11405183,0.123518966
-0.40242293,-0.27239084
-0.028491994,-0.031471822
-0.33051047,-0.24871807
-0.6095838,-0.33286208
0.29873335,0.41430908
0.3468718,0.5269461
0.65846336,1.5703534
0.74950355,2.0501378
0.4089238,0.66632247
0.3749962,0.5861108
-0.88664865,-0.16355327
-0.7804415,-0.28993237
0.6251254,1.4317641
-0.5340975,-0.31882355
-0.2888699,-0.22436713
-0.7094053,-0.3003615
-0.6096961,-0.34709865
0.5508345,1.1272526
-0.47628075,-0.28744337
-0.10193007,-0.081611685
-0.69665724,-0.33491188
0.35585982,0.55123913
0.45653948,0.82002586
-0.27661535,-0.19998263
0.5694933,1.1696197
-0.5201867,-0.3069672
0.38380772,0.6273096
0.45992917,0.81379676
0.93731475,3.3966987
-0.53535664,-0.3117568
-0.81257904,-0.24231339
-0.47392917,-0.30671194
-0.7542756,-0.30269918
-0.6606114,-0.3122295
-0.331771,-0.25378993
-0.17201851,-0.14266917
0.80744845,2.4265063
-0.60876846,-0.34302276
0.9435179,3.4752684
0.62030643,1.389758
0.7629428,2.1261322
0.858888,2.7794957
0.5064824,0.9510229
0.57755965,1.2033165
-0.12436341,-0.12842333
0.02090047,0.033664245
0.86497086,2.8163433
-0.24348818,-0.18942295
-0.91610587,-0.14620751
0.52550876,1.0114388
0.14631502,0.17783687
0.6297519,1.4366523
-0.84889746,-0.22307473
0.24246398,0.32198203
-0.50458825,-0.32323077
0.8065372,2.415453
-0.7801801,-0.2629634
0.6861386,1.7091819
-0.8228915,-0.24814962
-0.94980526,-0.090091005
-0.5298811,-0.30336156
-0.3339109,-0.23440118
0.25305754,0.35734054
-0.7365508,-0.30711898
-0.12534013,-0.12005441
-0.5914728,-0.32482186
0.71060663,1.833453
-0.91006696,-0.15105392
-0.28812456,-0.22603291
0.26274815,0.36736396
0.82617635,2.5376556
0.7359868,1.9575918
0.790384,2.288111
-0.8742934,-0.19144359
0.6818465,1.7099338
0.5598252,1.1371437
0.8048633,2.390565
-0.37684748,-0.24413504
0.8235302,2.5153673
-0.19471782,-0.15819336
0.26819938,0.3833553
-0.15164202,-0.14111978
-0.14470313,-0.12944824
0.093274035,0.098017596
-0.2881466,-0.23732772
0.585474,1.2621342
0.26727748,0.35705754
0.37951154,0.5901831
-0.5379304,-0.3249316
0.9391506,3.4367077
0.3203522,0.46751496
-0.6056083,-0.33436337
0.5009805,0.94478196
-0.6525718,-0.31514537
-0.8732302,-0.19534838
0.055106793,0.05597251
0.10704791,0.13002393
-0.6220688,-0.3278673
-0.30324212,-0.21463342
0.8915386,3.019207
-0.42999354,-0.29822567
-0.6888639,-0.3250754
0.98512393,3.8510475
-0.39538893,-0.27640378
0.36050734,0.5409611
-0.53687966,-0.31934023
0.10024239,0.117052734
-0.22743602,-0.19945271
0.9231585,3.283186
-0.13438825,-0.11275411
0.16834837,0.19136976
0.8895325,3.0076046
0.9784686,3.8001542
-0.79668325,-0.24683596
0.66864145,1.618941
-0.235767,-0.19188902
0.1896574,0.22872914
-0.24990384,-0.1900511
-0.19776759,-0.15352684
-0.68228495,-0.3292468
0.14553292,0.17934796
0.09343189,0.09698276
-0.6212884,-0.3347061
0.08346086,0.089520015
0.94620377,3.500124
0.42881718,0.7284615
-0.038034882,-0.033817846
0.832168,2.5840364
0.15062872,0.18192671
-0.729904,-0.30331615
0.095019296,0.111306265
-0.6380538,-0.33155707
0.5350097,1.0628245
0.9343484,3.3937593
-0.27836284,-0.20945072
-0.13016424,-0.1076295
-0.15700707,-0.13096993
-0.42940006,-0.2784583
0.58835995,1.2353142
0.23545666,0.31556123
-0.87189686,-0.17684741
0.67761266,1.6525115
-0.62582356,-0.33321902
0.9583023,3.6129138
-0.24667372,-0.2064003
0.2328993,0.29604927
-0.8443528,-0.22341593
-0.31067345,-0.24281482
0.6047079,1.3339701
-0.045583017,-0.05150362
0.80920696,2.4262948
0.15027688,0.17960857
0.8571444,2.7779999
0.9652198,3.6757386
-0.09221088,-0.08971507
0.13031314,0.13715103
0.6698413,1.628778
-0.556934,-0.32983088
0.72325915,1.8949834
0.18384027,0.2143948
0.45100027,0.7942977
-0.840292,-0.23542461
0.5323754,1.0466652
-0.3784262,-0.2690998
0.6104646,1.3513478
0.018305076,0.025262784
-0.45077133,-0.300311
0.90551937,3.1329079
0.5301248,1.020523
0.9713721,3.7228267
-0.2710602,-0.21367395
0.29843926,0.41491407
0.22317736,0.2872079
0.3751135,0.5969651
-0.92336684,-0.119972475
-0.41656137,-0.30056217
0.81867516,2.4832025
-0.15235989,-0.12253405
0.92128736,3.2883906
-0.57299364,-0.3331757
0.99484795,3.9625275
0.3951618,0.62390304
0.5527868,1.1321348
-0.20627765,-0.1735114
0.8140162,2.4707208
0.090925805,0.09537308
0.36187676,0.5542713
-0.81038344,-0.2559093
0.2633614,0.34042737
0.75815797,2.0815277
-0.6434336,-0.31930953
0.47545186,0.8699696
-0.9491985,-0.08559074
0.852406,2.713759
0.96583426,3.6746194
-0.29163986,-0.23405904
-0.7858523,-0.2681408
0.31715274,0.4710702
-0.940331,-0.102046505
-0.035027437,-0.019156648
-0.45644164,-0.30129197
-0.05332189,-0.052788682
-0.96344894,-0.06722941
-0.89677566,-0.18044011
-0.96804833,-0.06394607
0.23826374,0.30863094
0.12018584,0.13373516
-0.533684,-0.317064
0.29328626,0.39712626
0.7684145,2.1497817
-0.4453558,-0.2846865
0.66398764,1.5719081
0.3250183,0.48231196
-0.9323591,-0.12162375
-0.2497002,-0.1974301
0.0155144315,0.03133991
0.46339837,0.8224463
-0.42573887,-0.28254524
0.9654602,3.6669126
0.36907947,0.573037
-0.25437266,-0.20427147
-0.8059499,-0.25097108
-0.6372645,-0.33234933
-0.02478448,-0.035505287
-0.01060929,-0.009753164
0.5354375,1.0597582
0.45235324,0.77316797
-0.59745395,-0.32645532
0.18991324,0.22186196
-0.9587564,-0.069622226
-0.20290521,-0.18643023
0.52821046,1.051686
-0.20098281,-0.17045753
0.67119247,1.6183636
0.95231056,3.5424817
0.2144252,0.27793896
-0.7099919,-0.30079225
-0.24064559,-0.19606066
-0.98103327,-0.05090178
0.20545185,0.24599327
0.643137,1.4967295
0.25988016,0.35940418
0.57217246,1.2052257
0.59980786,1.3064849
0.7020252,1.7934138
-0.46667242,-0.28396967
0.742537,2.019207
0.308188,0.45068103
-0.4205489,-0.29485202
0.9745894,3.7618957
0.9003648,3.1026852
0.14888197,0.18134569
0.68641675,1.7156125
-0.47701102,-0.30265054
-0.16792601,-0.14469251
-0.6320565,-0.3361668
0.040205285,0.03892419
-0.00799714,-0.00580517
-0.57437354,-0.32234377
0.34560338,0.5230296
-0.76441944,-0.27571607
-0.8766171,-0.18262196
-0.23019007,-0.187213
-0.18035044,-0.16110495
-0.36051878,-0.2566762
-0.48410672,-0.28581464
-0.3224473,-0.23797795
-0.6732488,-0.3226553
-0.19309506,-0.15626045
0.8092067,2.4286442
-0.5511462,-0.31668347
0.3689022,0.5874435
-0.71643096,-0.30357215
-0.29218677,-0.21121587
-0.35765043,-0.25682074
0.8740588,2.9045885
-0.14403589,-0.11378
0.38093188,0.6115923
0.20492561,0.26518127
-0.71793985,-0.2838643
0.8790809,2.9391634
-0.30826142,-0.2419923
-0.9104833,-0.14660917
-0.39911258,-0.2806703
-0.32873255,-0.22386914
-0.81450933,-0.2388024
0.23995481,0.33498412
-0.3064716,-0.24011011
0.25826922,0.35766557
-0.98651886,-0.039887905
0.9640968,3.6377072
-0.65896726,-0.32628497
0.318662,0.47800136
0.4315686,0.72296375
-0.6567833,-0.32282487
-0.77657545,-0.26625377
-0.6948456,-0.30594388
-0.5063635,-0.29188827
-0.6635358,-0.32151744
0.34799886,0.5214955
-0.1583336,-0.14754975
0.07558319,0.07808044
-0.9053264,-0.16699614
0.72249794,1.8761705
-0.65885687,-0.30269912
-0.27969533,-0.21673734
-0.8561967,-0.18746799
-0.7264137,-0.31199855
0.33159882,0.4858211
0.385174,0.6049338
0.35393098,0.5328183
0.10427357,0.12513457
0.9050433,3.1420643
0.014354321,0.023317462
-0.10117594,-0.078447565
-0.50490886,-0.30262944
-0.80230093,-0.27079687
0.09630986,0.10132664
-0.37021962,-0.26389933
0.048050765,0.08775425
-0.5877618,-0.31827906
0.67634535,1.6534989
0.9993944,4.000681
-0.355193,-0.26395708
0.6846552,1.6966953
0.7459723,2.036772
0.99214756,3.9217997
-0.31455973,-0.24451175
0.5120828,0.9765797
-0.542382,-0.32441568
0.249592,0.31774634
0.40968513,0.66874474
0.4822414,0.8671012
-0.5856557,-0.33826274
0.6974511,1.7483685
-0.15805627,-0.12686442
-0.567261,-0.30957478
0.085062176,0.07760478
0.72671425,1.9333214
0.93417585,3.3724134
0.49641564,0.93337095
-0.9887542,-0.019404355
-0.73059845,-0.2955256
-0.84745204,-0.23377807
-0.7975725,-0.28227645
-0.23393008,-0.19704267
-0.32301337,-0.23722315
-0.77263004,-0.260973
0.7644707,2.1268988
0.23085515,0.29830438
0.5929266,1.269044
-0.25690123,-0.20367451
-0.17952797,-0.17135298
-0.36475757,-0.24755755
-0.12314677,-0.10937884
0.22075452,0.29179153
-0.014031984,-0.016159832
0.675834,1.6518022
0.80027837,2.3747175
-0.060632292,-0.055848233
-0.52050406,-0.31551972
0.89038485,3.009623
0.47007728,0.8384088
0.2802542,0.37684917
0.49082747,0.9006433
-0.8480364,-0.20903769
-0.86474735,-0.18633412
-0.69375867,-0.32718638
-0.7050981,-0.3073606
-0.15865906,-0.14002348
-0.6851918,-0.3030047
0.7090513,1.8223933
0.15619387,0.18492141
-0.2634762,-0.21497552
-0.8607549,-0.22397476
0.18205559,0.22994184
-0.76693434,-0.2803526
0.4864405,0.89793414
0.6055162,1.3226174
0.08795252,0.09497069
-0.7007943,-0.30474827
0.57372546,1.2099024
-0.38434443,-0.28336272
-0.5546937,-0.32934293
-0.058886718,-0.06951008
0.8452925,2.6763406
-0.4052534,-0.271763
0.811157,2.4329991
-0.8926934,-0.17875713
-0.8329526,-0.23903407
0.39712206,0.6653908
-0.6188147,-0.31429085
-0.36675864,-0.2561767
-0.72725403,-0.30006492
-0.33550346,-0.2481631
-0.43908,-0.30283737
0.47267526,0.84100366
0.40404677,0.6542354
0.90985435,3.1666718
0.44884336,0.775236
0.3896355,0.6226333
0.38840777,0.6203697
0.7659349,2.1398933
-0.40752652,-0.27659583
-0.39981577,-0.28021193
0.48242763,0.8837557
-0.5425897,-0.3286989
0.82404,2.530666
0.06956345,0.0694141
-0.39975014,-0.2622085
0.55219984,1.116233
-0.37535873,-0.2684461
0.92655665,3.32349
0.96597844,3.679282
0.33359247,0.5035799
-0.7727322,-0.26272494
-0.4735823,-0.29859677
0.030833924,0.031145008
0.7028949,1.7830296
-0.630227,-0.32693982
-0.79119307,-0.25378355
-0.851045,-0.23245187
0.0139351245,0.0059419754
0.76940197,2.1651013
-0.91528153,-0.15082379
-0.57535696,-0.3292881
0.38651404,0.63403034
0.65172684,1.530724
0.6147991,1.3721414
0.57013613,1.169596
-0.7404004,-0.30859885
-0.20552483,-0.16085476
0.96948934,3.7207415
0.97777516,3.7848504
0.20485479,0.25411803
0.4185344,0.70266706
0.90256757,3.0900977
-0.100144275,-0.08872794
-0.72626626,-0.31412616
0.33789775,0.5116289
0.92020464,3.2412963
0.3944122,0.62924373
0.60664225,1.3329356
-0.15450239,-0.14136761
-0.8070737,-0.26088238
-0.66223586,-0.3127312
0.9653097,3.6646788
-0.013631366,-0.022753859
-0.9759588,-0.036407772
0.91073453,3.1860454
-0.004440176,-0.001495673
0.6725368,1.6246902
0.09691628,0.081831515
-0.79659545,-0.27391163
0.23113917,0.28968874
0.99480057,3.9421422
-0.9305244,-0.12904507
0.6835884,1.6898074
-0.5290384,-0.31008244
-0.21226755,-0.16398248
-0.25458097,-0.19369663
0.79759437,2.3368654
0.0089723775,0.009642618
-0.10565142,-0.07989225
0.6360502,1.4457519
-0.90218574,-0.14659175
-0.82708734,-0.2508069
-0.9566223,-0.076532625
0.3759658,0.5945667
0.051232275,0.05589751
0.75204426,2.0851038
-0.0029341942,-0.005933929
-0.55636084,-0.33961943
0.61029476,1.3523554
-0.41135228,-0.28481492
0.87137955,2.8744104
-0.4991522,-0.30346638
-0.6645587,-0.3217075
-0.013352017,-0.008812984
-0.89896977,-0.1627791
-0.92717654,-0.10764546
-0.00797091,-0.011613495
-0.56978625,-0.3315836
-0.98129475,-0.027223162
-0.40788618,-0.29098797
-0.04526529,-0.039383315
-0.21142259,-0.1758714
-0.72906107,-0.30353796
0.15934965,0.21380602
0.42066598,0.7157225
0.35107833,0.5430147
-0.21247616,-0.16957864
-0.7248077,-0.311163
-0.001026453,0.0015894164
0.7808635,2.244367
-0.0625543,-0.056880873
-0.6086379,-0.3254883
-0.8138934,-0.2557832
0.88785326,3.000142
0.4860188,0.8875792
-0.37406605,-0.25986862
-0.4092952,-0.30243275
0.790437,2.313036
-0.64486355,-0.33736667
0.07007458,0.06468069
0.42700854,0.72453904
-0.2072193,-0.16593418
-0.92019534,-0.11483561
-0.54448235,-0.31858712
0.8036163,2.385042
0.046237934,0.0503923
0.6308825,1.4543135
0.111371085,0.14955384
0.8872042,2.9904091
0.8182682,2.4894552
-0.034223914,-0.033835243
-0.36345196,-0.26285866
0.20333758,0.273591
0.34977537,0.5206211
-0.0032898155,-0.02662184
0.6445664,1.503614
-0.633343,-0.31335828
-0.33117634,-0.24359308
0.37275273,0.58781695
-0.50663227,-0.30658987
-0.12031051,-0.10625871
0.9274671,3.330964
0.25175196,0.34049985
0.89811444,3.0601847
0.4448828,0.7711663
0.44933355,0.76699096
0.18371435,0.22442326
-0.7155828,-0.31269315
0.03942858,0.05138702
-0.4946676,-0.3086945
0.9973451,3.9782531
-0.4660761,-0.30482042
-0.53862834,-0.3100833
0.24776632,0.31215963
0.021897627,0.013432838
-0.95729417,-0.06548384
-0.74093366,-0.3016852
0.62208587,1.3781217
-0.03261609,-0.017059434
-0.70796955,-0.29960606
-0.06951487,-0.057885423
-0.49370185,-0.30994198
-0.5528171,-0.30615205
0.9154506,3.2356071
-0.27595094,-0.19953816
-0.9071378,-0.14660385
0.9406533,3.441949
0.5896791,1.2593633
-0.4911734,-0.32290536
-0.18221633,-0.14894076
0.72457916,1.9115032
-0.28517297,-0.22392492
0.13480808,0.16189826
0.06971374,0.07161439
-0.1974109,-0.15594013
0.2790038,0.37580395
-0.053418525,-0.061260387
-0.957539,-0.080342434
0.62876624,1.4372811
-0.77368844,-0.2914931
-0.07182014,-0.05650899
0.15980159,0.17364515
0.4110121,0.675446
-0.17840692,-0.16537409
0.47109696,0.82073593
-0.73729986,-0.2953156
0.30689108,0.43706903
0.65267783,1.5241944
0.7788879,2.2209575
0.15913299,0.1935456
-0.3742096,-0.2706507
-0.673287,-0.32167494
-0.3088825,-0.2378259
0.079948746,0.081069395
-0.60733956,-0.33239698
0.90502983,3.130043
0.7942709,2.3166764
-0.9340856,-0.12546317
0.1239236,0.13762248
0.5786176,1.2128267
-0.50921607,-0.32543525
0.047792464,0.057851113
-0.18801624,-0.14573653
-0.6069075,-0.32644618
0.22947477,0.29765496
0.9873844,3.8684998
-0.26942548,-0.20045337
0.10475802,0.13438414
-0.34429064,-0.2541526
0.75389725,2.068564
0.7292054,1.9348568
-0.64245325,-0.32322848
0.79989773,2.3559268
-0.69698256,-0.30908263
-0.80912006,-0.24617441
0.30586922,0.42893562
-0.2281918,-0.1598708
0.061481185,0.050178386
0.30514157,0.42681792
-0.8943255,-0.16775642
-0.41409364,-0.26175427
-0.078187376,-0.078140624
-0.4668252,-0.3137985
-0.90205723,-0.15474859
-0.82664686,-0.24371238
0.6034957,1.3267996
0.8227735,2.5142732
-0.6955334,-0.32278404
-0.5014761,-0.2893781
0.30449882,0.40450433
0.9085435,3.1835256
-0.40082058,-0.26941478
0.7104272,1.8209647
0.0120492885,0.030920446
0.9131173,3.1897228
-0.7274827,-0.29309142
0.9473448,3.479625
-0.118042745,-0.117018096
0.90587676,3.131785
-0.08261956,-0.083817504
0.06016427,0.0641307
0.60955,1.3373708
0.445257,0.7507252
0.23920664,0.31802243
-0.16603996,-0.14179872
0.5848767,1.248141
0.89645666,3.0680625
-0.9803782,-0.02818375
0.17569019,0.21217822
0.73196185,1.9570645
0.30622506,0.42975128
0.6016585,1.3053
0.7901222,2.3111854
0.50190204,0.9572528
0.4340348,0.74541396
0.92949176,3.3340127
0.7273693,1.9114765
0.6307557,1.451124
-0.82719326,-0.22802754
-0.52194023,-0.3181287
0.11351205,0.1514445
0.41912022,0.70385146
-0.3935702,-0.2867145
-0.81334376,-0.25500238
-0.37780163,-0.268565
0.54205835,1.0823556
0.75480205,2.0916464
0.8258073,2.526434
-0.24226664,-0.20766315
-0.25492284,-0.19625713
-0.18658505,-0.16212468
-0.24838106,-0.17397022
0.33239323,0.5012422
-0.28335348,-0.22462213
-0.95931214,-0.06282448
-0.1219508,-0.10136717
-0.5516959,-0.31626925
-0.94238573,-0.10373611
-0.058314096,-0.05089579
-0.5880909,-0.3470485
-0.09451637,-0.073176675
-0.44450003,-0.33006683
0.20741774,0.25679308
0.9817548,3.8048892
0.09446384,0.099301316
0.29379183,0.4121726
0.8385515,2.6138415
-0.25199917,-0.22821051
-0.6669031,-0.3188731
-0.43440545,-0.27119803
-0.19441012,-0.16604692
0.29003537,0.41522336
-0.9908239,-0.0029738012
0.7067664,1.789847
-0.84781206,-0.22634208
0.8013103,2.3574548
0.89886904,3.0778353
0.9802056,3.8229556
0.61902034,1.3884751
-0.7162889,-0.2995965
0.41233408,0.6809259
-0.59335744,-0.33833966
0.7942557,2.3308904
-0.36678815,-0.25097486
-0.34640804,-0.25040457
0.8353066,2.6075962
-0.97353786,-0.06252642
-0.6120677,-0.3193239
-0.15613547,-0.12150907
0.40144312,0.65731215
0.29513234,0.3975615
0.33882374,0.5220584
0.76004404,2.1010141
-0.75793916,-0.28498635
0.044323392,0.055908654
0.4509554,0.7981746
0.27223688,0.35401824
-0.10337176,-0.092504285
-0.96577084,-0.06338054
-0.8790955,-0.1740355
-0.7621173,-0.28200728
-0.31354448,-0.22191289
-0.7646931,-0.27975792
-0.14783537,-0.12947507
-0.642716,-0.3225509
0.5583324,1.1565341
0.74297523,1.9968668
-0.22070499,-0.1713127
0.02266353,0.01691291
0.9069925,3.1440563
0.07101551,0.08667655
0.99014646,3.8936
-0.715738,-0.30391356
0.72445285,1.9000599
-0.0055939946,-0.029132243
-0.9545718,-0.07810137
0.9444459,3.4757369
0.9300958,3.3290389
-0.23345833,-0.19569501
0.9082841,3.1451027
-0.71798074,-0.29954743
0.36022028,0.5674379
-0.61614203,-0.31780303
-0.5067055,-0.30423978
0.5586749,1.1374038
-0.24528383,-0.19078796
-0.985745,-0.027796475
-0.17152315,-0.14443052
-0.5438613,-0.3118791
0.36665982,0.5802216
-0.6111026,-0.33030564
0.6845071,1.6792452
-0.46581396,-0.30469745
-0.21394348,-0.17806193
-0.40392628,-0.27720702
0.28784668,0.40974715
-0.7976729,-0.28322676
-0.043801256,-0.048672196
-0.33109036,-0.25538608
0.7682759,2.1728985
-0.8531758,-0.21853338
0.65939015,1.5648035
-0.66463906,-0.31597328
-0.8228447,-0.2503993
-0.59535426,-0.3264484
-0.794694,-0.24805368
0.041967895,0.061669122
0.9764299,3.7657154
-0.9313453,-0.121227756
-0.0777433,-0.07832292
-0.22785935,-0.20433287
-0.32078716,-0.22994196
-0.33627278,-0.22421855
0.79002553,2.2923691
-0.9620477,-0.07847293
0.54983276,1.1070387
-0.49413365,-0.31014875
-0.23340897,-0.20003255
-0.15970017,-0.14220338
-0.3905365,-0.2641709
-0.8128823,-0.25133824
-0.7713383,-0.26860854
-0.40373775,-0.27632648
0.6436181,1.4851866
-0.7307447,-0.30758283
0.48527968,0.8930003
-0.42226055,-0.2986809
0.76692986,2.1396394
-0.14334305,-0.13724093
-0.6565534,-0.3175337
0.9716889,3.7211292
-0.64673096,-0.31220567
0.13523965,0.14737321
0.13857296,0.13623111
-0.2543731,-0.20324704
0.90297717,3.1359034
0.68774915,1.7101263
0.6596391,1.5573993
0.9483039,3.4928374
-0.08578132,-0.06702094
-0.8056285,-0.26629916
0.53091186,1.0572932
-0.23837484,-0.1853276
-0.6193097,-0.3338873
-0.033505313,-0.020747691
0.85143787,2.7099395
-0.657286,-0.33705288
0.69739765,1.7508318
-0.16359012,-0.1328028
-0.726396,-0.29223314
0.6967646,1.7522428
0.9392407,3.4095328
-0.41745856,-0.30113515
-0.3929276,-0.28603995
-0.21890803,-0.19212112
0.62826073,1.4294056
-0.9791656,-0.020578273
-0.5520869,-0.3147022
0.4117996,0.66868573
-0.1887211,-0.16550216
-0.33940876,-0.255032
0.7445658,2.0229423
0.83466786,2.6138887
0.89597243,3.057756
-0.45489892,-0.28389046
0.8250252,2.5516047
0.4739311,0.85194266
-0.6915705,-0.31907246
0.22054006,0.27866405
-0.94733036,-0.09404861
0.4167563,0.68941176
0.46713504,0.8437457
0.578677,1.2039716
-0.6549499,-0.3282775
0.2564999,0.34678814
-0.64228666,-0.31583476
0.8933002,3.0628588
0.3500214,0.51753885
-0.8093483,-0.2618998
-0.62593555,-0.34853935
0.32692018,0.46906114
-0.046659008,-0.062268037
0.47259533,0.84616476
-0.4384224,-0.29581657
0.3158351,0.46173698
-0.64607966,-0.32709402
0.08742052,0.100488745
0.91559917,3.2254121
0.25644445,0.3330646
-0.9000128,-0.17974631
0.9775243,3.7860746
-0.6862673,-0.30023986
0.4361382,0.7708517
0.06506008,0.07894074
-0.41127864,-0.26850942
-0.645379,-0.31957582
-0.64459527,-0.32126063
0.7167994,1.863995
0.74582505,2.0253105
-0.06970896,-0.05909398
-0.7927571,-0.2727516
0.7683302,2.1592476
-0.025967028,-0.03708946
-0.122475155,-0.10433786
-0.18528596,-0.16572846
-0.26997164,-0.21111412
0.05201081,0.059868857
0.20908245,0.26970804
-0.067135595,-0.0551956
0.79329634,2.3157616
-0.36467755,-0.2576393
0.1566237,0.18073234
-0.40009215,-0.2981478
0.50670004,0.9647587
-0.79575783,-0.2624597
-0.622602,-0.31591722
0.6024028,1.315333
-0.6336048,-0.34137905
0.25149268,0.3337319
0.9404869,3.4481115
0.04578123,0.052737843
-0.6252071,-0.3273838
-0.3586179,-0.27622768
0.64691615,1.5010339
-0.2966782,-0.22225368
0.4470227,0.7594604
0.55470014,1.1245614
0.0023656944,0.002755526
0.56642675,1.1834352
-0.36619398,-0.25707462
0.032319292,0.043026794
0.37311652,0.5866759
-0.6638537,-0.32994953
-0.45275608,-0.30469412
0.3040732,0.42387083
0.31072024,0.45249557
-0.013394707,-0.020156883
0.5911707,1.2654558
-0.035890196,-0.03442175
0.7626445,2.1425483
0.47180685,0.8555564
-0.37061027,-0.27302533
-0.20949198,-0.17135452
0.33537337,0.51473373
0.78890526,2.2957668
-0.64258254,-0.34048644
0.029327078,0.021060726
-0.76243114,-0.29634026
-0.4410897,-0.28008708
0.37196273,0.5934876
-0.8445307,-0.23119538
0.32471716,0.46904904
0.8016223,2.3727212
0.9387406,3.4245448
-0.5667356,-0.33403647
0.4977959,0.92786485
0.8527409,2.7142286
-0.8172614,-0.23637211
-0.17195278,-0.16419834
0.83881956,2.6100106
-0.594425,-0.3219184
0.86752135,2.8270333
0.054384142,0.052501723
-0.8002138,-0.2616125
-0.100245364,-0.08434962
-0.3474776,-0.25632414
-0.43559167,-0.27470776
0.08295115,0.09044578
-0.03281462,-0.019864049
-0.03606568,-0.03202461
-0.8237165,-0.22242023
0.6046364,1.3355038
-0.03712137,-0.035357933
0.64181167,1.4940786
0.6491893,1.5192438
-0.36572936,-0.26570842
-0.9913074,-0.030119065
0.82249135,2.504951
0.52138937,1.0294847
-0.7854961,-0.28449255
0.40345407,0.6518424
-0.9599535,-0.07480546
-0.94448185,-0.09981519
0.05164648,0.05829597
-0.80792516,-0.26116732
0.928673,3.340271
0.78766245,2.2930849
0.29962406,0.43702304
-0.8725821,-0.19851202
-0.3503295,-0.24941868
-0.256554,-0.2147495
-0.03824033,-0.04404895
-0.66219425,-0.33352003
0.15502329,0.18290116
-0.12845871,-0.122396745
0.89459395,3.0361047
0.87239045,2.8727615
0.13094792,0.13334888
0.28869867,0.4163264
-0.7244071,-0.30998167
-0.55335355,-0.31297866
0.8014308,2.366092
0.39833185,0.633429
-0.6211396,-0.3143618
0.14042062,0.1641832
0.8695225,2.8735213
-0.30965778,-0.23893301
-0.62835926,-0.3301767
0.88405055,2.9773827
-0.07746928,-0.061779175
-0.165516,-0.14037004
-0.4648656,-0.26917115
0.7831706,2.2502894
0.6912335,1.7149131
-0.1940192,-0.17228782
-0.93877345,-0.11088023
-0.10669714,-0.08121018
-0.63828397,-0.326802
-0.71453184,-0.29245675
-0.21381278,-0.17143732
-0.80184615,-0.25021392
0.91492903,3.2225068
-0.90492165,-0.15270148
-0.19726075,-0.15698348
-0.6745946,-0.325081
0.37762263,0.58884734
-0.8423771,-0.22350155
0.09361115,0.12268242
0.546203,1.0810915
0.90011966,3.0757833
0.39705512,0.63952166
-0.8010165,-0.25134894
-0.8229589,-0.24385908
0.4631961,0.8114644
-0.5693412,-0.32387966
-0.10552138,-0.112767324
0.9532422,3.560068
0.6398136,1.4755757
0.6931867,1.7368437
0.7215398,1.893124
0.23909068,0.31524715
0.48786786,0.8932414
-0.28207818,-0.2082873
0.99689245,3.9769902
-0.44075567,-0.3121175
0.1800148,0.21700124
-0.43587664,-0.30340695
-0.7758579,-0.2912645
0.13517164,0.16159795
-0.29330266,-0.22930005
0.16643853,0.19809064
0.117356956,0.12623876
0.084513456,0.09601239
-0.75339776,-0.28446183
-0.11963845,-0.085130095
0.6240079,1.4061853
-0.369713,-0.27936116
-0.112336986,-0.10601472
-0.012336819,-0.0037158777
0.7254626,1.9028277
0.31119955,0.4327406
-0.79959494,-0.2702126
0.730342,1.9324865
0.66413194,1.5818497
0.507292,0.9635876
-0.06788396,-0.06435754
0.51509076,0.99536335
-0.042515874,-0.045240458
0.47324708,0.85893965
0.76022035,2.1065996
0.78108317,2.2286208
-0.09084285,-0.08870219
0.7186853,1.8569996
-0.7970852,-0.24661912
-0.79636115,-0.26359186
0.096533895,0.09888504
0.30368924,0.4286542
-0.69401246,-0.3391473
-0.05563991,-0.038363244
-0.81127465,-0.24051324
0.20419897,0.2572248
0.7101881,1.8303316
0.47527796,0.8468764
-0.24341689,-0.20702691
0.9875876,3.8604336
0.32586995,0.47633162
0.63049686,1.4472997
0.33939478,0.5031144
0.9788326,3.7962363
0.6427195,1.5017382
0.038846437,0.024175376
-0.26624086,-0.19074872
0.36430967,0.57457113
0.18044361,0.22507782
0.25870118,0.35666147
-0.31397647,-0.22691841
-0.14254315,-0.121781625
0.11619315,0.14572775
0.6785668,1.6589581
0.5258178,1.0287443
-0.7626883,-0.27306196
-0.5088915,-0.34155512
-0.94668454,-0.09132773
-0.9840789,-0.023594229
-0.5512491,-0.3396287
0.5986419,1.3027993
0.80949533,2.4166846
-0.21646327,-0.17358601
0.12639719,0.14369804
0.4121052,0.67130315
0.9058734,3.1543376
0.8258645,2.5322106
-0.8856154,-0.17805275
-0.5036683,-0.30026308
-0.9017109,-0.16985743
0.23308484,0.30310863
0.42098662,0.6992848
-0.38343316,-0.2738915
0.7077038,1.8354046
-0.0943745,-0.08166142
0.99676305,3.970871
-0.99920064,0.0036447207
-0.7810206,-0.27105042
-0.3964135,-0.29512772
-0.9489848,-0.06904408
0.5646789,1.1506255
-0.89445645,-0.15260643
0.49795926,0.93706435
-0.89486307,-0.16761525
-0.49454546,-0.31416163
0.68255365,1.7095162
0.90219057,3.1190305
-0.17094731,-0.14568906
0.9398779,3.4284997
0.25376186,0.3320932
-0.16832976,-0.14345549
0.6056027,1.3196677
-0.40934297,-0.27549806
-0.46840748,-0.31009075
0.31309536,0.46147558
-0.21902527,-0.1694331
-0.72816396,-0.30344847
-0.8660715,-0.19719163
0.57568514,1.2140268
0.35182145,0.5198454
-0.17640355,-0.13248943
0.79245526,2.3098989
-0.1782865,-0.14420137
0.42059094,0.7104175
0.81823057,2.4588747
0.68143094,1.6712501
0.022209553,0.031117704
0.36127278,0.55660087
-0.17266844,-0.14022347
0.29439434,0.41501197
-0.4848951,-0.29620522
-0.13051577,-0.114274144
-0.58090854,-0.31136754
-0.9236301,-0.1405128
0.1770797,0.21369652
0.7288587,1.9235656
-0.9488435,-0.0883535
-0.6079405,-0.32922724
-0.07962988,-0.07604883
0.33179364,0.4834783
-0.65754163,-0.32714728
-0.8866103,-0.17966159
0.038097434,0.0193928
0.6374194,1.4447734
-0.9295302,-0.12150931
-0.3012611,-0.25729948
0.3270295,0.47845954
-0.738516,-0.30220515
-0.52810645,-0.31329343
0.07098529,0.06968709
0.9064634,3.1638048
-0.42531475,-0.28015465
-0.024945157,-0.039460972
-0.20013827,-0.16933858
0.79479337,2.3428705
-0.85622025,-0.2203349
0.13229518,0.15189002
0.6922394,1.7468222
0.97623515,3.7625265
0.39745098,0.654386
-0.24012905,-0.20208849
-0.1763513,-0.17864494
-0.29663557,-0.21471666
0.2072262,0.26529917
0.47881153,0.8754506
0.63893515,1.4637396
-0.16681378,-0.15298803
0.433417,0.74947685
0.8324452,2.5848982
0.8416496,2.6468456
0.40805802,0.67245096
0.2738044,0.3900054
0.06305215,0.07453108
-0.63360465,-0.33009392
-0.7527407,-0.30561724
-0.028577987,-0.02190342
-0.6811117,-0.32719946
0.15399985,0.17010674
0.29140547,0.42143637
0.051231194,0.06272124
-0.92714655,-0.121751405
-0.8845441,-0.194415
-0.77331764,-0.26223627
-0.6927084,-0.30471626
0.97976524,3.7986677
-0.31100997,-0.24016255
-0.41605327,-0.2842233
-0.89546674,-0.17344923
0.2706408,0.39119428
0.30438158,0.42995852
-0.6491026,-0.33441383
0.8384831,2.6412046
0.6009871,1.3040047
-0.53936136,-0.31286335
-0.028300539,-0.020767767
-0.083218284,-0.07740697
-0.3029591,-0.24028738
0.6352694,1.4575952
-0.781471,-0.28676385
-0.16937152,-0.14495777
-0.14393774,-0.11804472
-0.062548794,-0.041688047
0.7227,1.884372
-0.5636663,-0.32659328
-0.79415363,-0.27182135
0.23561692,0.31003195
-0.65233105,-0.33852285
-0.8501358,-0.22877102
-0.14670156,-0.14479442
-0.56070715,-0.33813718
-0.27756676,-0.22257681
-0.48057783,-0.29056558
-0.81472707,-0.24766637
0.12069441,0.13788188
-0.94596314,-0.08338976
0.9327507,3.3750675
-0.31733894,-0.23367518
0.39031503,0.6206027
0.62072575,1.3872753
-0.4417904,-0.30785626
0.4974774,0.9233161
0.6648417,1.5932975
-0.5173655,-0.3130873
0.98498935,3.851762
-0.95862263,-0.07976672
-0.56599903,-0.3334542
0.5600415,1.1517082
-0.61173797,-0.3313758
0.39651972,0.6443501
0.7110608,1.812692
0.91842854,3.251519
-0.05150497,-0.04151273
0.94221824,3.4608116
-0.17675541,-0.15202633
-0.56374395,-0.314944
0.027843706,0.015911577
0.2996465,0.423509
-0.084073365,-0.079483286
0.13394488,0.16497514
-0.16718163,-0.16332835
0.04952391,0.041522708
0.90519136,3.1550927
-0.00033769492,-0.024643242
-0.49364072,-0.30272576
0.51749325,0.98859
-0.3248311,-0.23990999
0.63241434,1.4593912
-0.886316,-0.17698044
-0.33564404,-0.23376282
-0.8112802,-0.2587979
-0.82936436,-0.24246415
0.3167791,0.4668549
-0.22933039,-0.19042735
0.7429579,2.0157096
0.032810275,0.04576131
-0.40931356,-0.27359915
0.44177777,0.74546736
0.24803358,0.32518443
0.5991892,1.3050618
0.28717655,0.3976929
-0.6659732,-0.3203216
0.34062007,0.51257336
-0.2169016,-0.18311204
-0.073713936,-0.07058559
0.84312916,2.6468697
-0.2800719,-0.22222608
0.22391829,0.272532
-0.27303654,-0.21211965
-0.810545,-0.25638154
-0.092949316,-0.094196096
0.19412301,0.25839472
-0.18499342,-0.15838473
-0.21866763,-0.17615595
0.640757,1.476583
-0.94062966,-0.10940021
-0.4088292,-0.2788398
0.62351453,1.4025089
0.8410603,2.6438167
-0.17540082,-0.1410169
0.7775885,2.2128103
-0.6021398,-0.3397496
-0.5571459,-0.33858618
0.69238275,1.7479035
0.80651546,2.4140134
-0.55438846,-0.31641138
-0.88135165,-0.19016013
-0.81935173,-0.2607129
-0.47723833,-0.30912605
0.52289814,1.013119
0.019983655,0.009075625
-0.08882231,-0.09626798
0.16827986,0.18486212
0.78044623,2.2424817
-0.81913924,-0.25961086
0.38944826,0.62628365
0.85358167,2.7309866
-0.57329994,-0.319133
0.6755446,1.6518202
0.3960494,0.63731104
-0.9710629,-0.05329225
-0.53677666,-0.32139343
0.21168952,0.261843
0.004800679,0.014624665
0.055872504,0.054947667
-0.53613913,-0.32104835
0.35000694,0.51624554
-0.46716326,-0.30050635
-0.22113007,-0.18675923
-0.26216817,-0.21149978
0.34405005,0.5087618
-0.8194945,-0.24850424
-0.5889162,-0.3461222
-0.5990059,-0.3195592
-0.7831507,-0.27437067
-0.58481,-0.33052087
0.21412054,0.25640476
0.46433634,0.8308769
0.3206069,0.46057272
-0.049623724,-0.03421648
-0.8951309,-0.16422392
0.91801405,3.2599938
-0.6638471,-0.3201269
0.33684275,0.51217705
0.8257812,2.5404434
0.39555418,0.6338779
-0.5639007,-0.32224217
-0.3684074,-0.27260396
-0.93958825,-0.08618548
0.22551648,0.28942126
0.22598596,0.29146686
0.45100117,0.79141
-0.97800744,-0.052951586
0.6356826,1.4731538
0.4774219,0.85587275
-0.7182268,-0.31928793
-0.30474678,-0.23321848
0.27704978,0.36817035
-0.00840625,0.007283232
-0.76981145,-0.28452033
-0.8253093,-0.27458745
0.5629126,1.16056
-0.68806577,-0.31071004
-0.65581465,-0.32701746
0.6618463,1.5681227
0.22427927,0.28735912
0.20943122,0.25958535
-0.04130846,-0.049425367
0.13799003,0.1493831
0.20353939,0.2566786
0.9356525,3.405646
-0.55405337,-0.3183097
-0.57087517,-0.3420942
-0.885563,-0.17466033
0.3163976,0.46592504
0.09808436,0.12267805
-0.7775216,-0.28705496
-0.27092212,-0.21258731
-0.6426736,-0.3188188
-0.33703652,-0.25410014
0.90252835,3.12127
0.36663768,0.5681748
-0.9848618,-0.03783462
-0.49498385,-0.31883335
-0.9792769,-0.027262034
0.429737,0.7179124
-0.061156396,-0.06931104
0.9880374,3.8852403
0.4671665,0.83469254
0.035825886,0.024040796
0.6094109,1.3398466
0.4096073,0.6660903
-0.51244766,-0.3218717
0.06051655,0.08966355
0.11199745,0.12307724
-0.0975366,-0.09767312
-0.64161474,-0.30438885
-0.5532619,-0.31393695
-0.4379052,-0.28609684
-0.9794897,-0.047694564
0.83388776,2.6045685
0.372192,0.5896299
0.37923464,0.59974945
0.14466123,0.15189031
0.3786216,0.5966042
0.9637251,3.6674721
-0.22967933,-0.18405625
0.42505118,0.7113895
-0.280942,-0.22024277
0.7085776,1.816918
0.71605724,1.850849
0.8045328,2.3911083
-0.98907334,-0.0069523044
-0.4036171,-0.26662913
-0.73215127,-0.30877075
-0.092027605,-0.071507215
-0.009100715,-0.001407225
-0.4881919,-0.30307677
0.44689298,0.7800613
-0.46046057,-0.31041494
0.70778275,1.810209
-0.6446813,-0.31594172
-0.26552942,-0.22084256
0.24447551,0.31202018
0.21067014,0.26943374
-0.84394175,-0.23340401
0.6925172,1.7424508
0.19612987,0.23607884
0.7397191,1.9935207
0.73527116,1.9689544
0.091837384,0.096296236
0.8215629,2.5042372
0.6968156,1.7496685
0.9162459,3.2295322
0.7009968,1.7687144
0.6424077,1.4882852
-0.06127904,-0.05025502
-0.57593787,-0.33661425
0.82141745,2.5007617
0.44509837,0.7758217
-0.43650427,-0.31361055
-0.31800854,-0.22025613
0.37215704,0.591837
-0.044365384,-0.057863902
-0.8370349,-0.25302032
-0.71710414,-0.30689096
0.49129736,0.89831495
-0.34286094,-0.24217807
0.015298856,0.019476568
0.53324294,1.0513052
0.50235116,0.9394609
-0.66596997,-0.30511582
-0.8032123,-0.2525017
0.18230459,0.22873467
0.48326576,0.89622045
-0.70192015,-0.32250193
-0.25608942,-0.19015409
0.740556,1.9932392
0.8884463,3.0054665
-0.09186048,-0.08569071
-0.84096813,-0.2471045
-0.4846071,-0.29884493
-0.5340602,-0.33805895
-0.52207255,-0.32718515
-0.01223659,-0.01661691
0.1664513,0.18000053
-0.7549808,-0.30143166
0.77871203,2.2274694
0.23994765,0.3111858
0.19450346,0.23848313
0.974558,3.7428207
0.25628796,0.34358153
0.8579183,2.763869
-0.42748606,-0.30587655
-0.519741,-0.31904688
0.033037372,0.021746973
0.017217895,0.026496515
-0.5470327,-0.32585225
0.3993113,0.67307025
-0.94073236,-0.09542785
0.38126093,0.6018677
-0.08564423,-0.07308891
0.378015,0.57444805
-0.04583874,-0.034205653
0.95466757,3.5585616
-0.3306301,-0.2446097
0.9651459,3.6561203
-0.8700521,-0.2048611
0.36752155,0.56866866
-0.091561586,-0.08310706
0.64427525,1.4988294
0.57923216,1.2216272
0.60042036,1.2910861
-0.8105228,-0.23114616
0.6447314,1.5035195
-0.5719197,-0.32053307
-0.94863945,-0.09596884
-0.56452256,-0.33292305
-0.04142979,-0.038271174
0.4842227,0.8901006
-0.562735,-0.31096756
-0.7739849,-0.2589497
0.29193452,0.42407426
0.9677961,3.6705005
0.20174061,0.24770282
0.38211474,0.6085972
0.12233489,0.13535269
0.5646969,1.1648993
0.95160884,3.5174928
0.08825846,0.105938315
-0.16641897,-0.16132024
0.72068614,1.8684304
0.9394567,3.419979
-0.7416367,-0.29797828
0.15634193,0.16897635
0.58492,1.2336209
0.06667881,0.08293055
-0.18160607,-0.15465069
0.31045964,0.4503941
-0.4597438,-0.3132404
-0.3017325,-0.23041011
0.98455334,3.8465424
0.27293068,0.365349
0.7458546,2.02603
0.61553705,1.3522744
0.3045451,0.43852693
0.6814582,1.6739612
-0.42568302,-0.29134992
0.2742329,0.38423315
0.18120699,0.22539161
0.2448392,0.3198728
-0.6627361,-0.33285573
-0.44551393,-0.2827761
-0.42668337,-0.30256194
0.20389232,0.26196253
0.94509375,3.4642916
0.9081351,3.1711164
-0.5456209,-0.31161866
-0.3903095,-0.29334652
-0.92787623,-0.12004537
-0.20236883,-0.16436113
0.66934824,1.6250201
0.83150345,2.5794847
-0.52700704,-0.32812533
-0.46841106,-0.30580774
-0.5583004,-0.30681998
-0.29979286,-0.23986168
0.6095188,1.3487269
0.29371494,0.42427656
0.57188183,1.1830175
0.1660622,0.18481092
-0.48453385,-0.3210589
-0.54401165,-0.31752717
-0.98199856,-0.047470093
0.5619643,1.153617
0.6942425,1.7568313
0.5365652,1.0613203
-0.8511959,-0.22621019
0.52444327,1.0206287
-0.9084651,-0.15247265
-0.7888139,-0.26571462
-0.11904925,-0.090171464
-0.047705982,-0.041565828
0.63223726,1.4647987
0.3590538,0.5554358
-0.6933596,-0.32249808
-0.5477064,-0.2991539
-0.42864963,-0.29115704
-0.75265473,-0.30217528
-0.4247102,-0.26516637
0.45719633,0.7981536
-0.5171971,-0.32422227
0.67071927,1.6191794
-0.06096601,-0.055815678
-0.35412848,-0.24809615
-0.17516379,-0.17540239
0.41899347,0.7081904
0.033585407,0.029207198
-0.9854427,-0.03240509
0.8446477,2.6868079
-0.868008,-0.19875847
0.8772427,2.9185753
-0.94369435,-0.10094106
0.5419587,1.0887691
0.069349416,0.090695515
0.011452361,-0.0131656155
-0.854443,-0.20432325
-0.52251,-0.3021388
0.55509466,1.1342208
0.78251964,2.2422051
0.058237363,0.05031525
-0.2933132,-0.201495
-0.8801136,-0.19629431
0.36435705,0.5782843
-0.44310677,-0.2913084
-0.88997257,-0.15502182
0.33170345,0.48715043
-0.028560413,-0.043843158
-0.9760757,-0.04557817
-0.7781519,-0.29202786
0.39840385,0.6723308
-0.87265736,-0.18945776
0.73192614,1.9545193
-0.37734744,-0.26062435
-0.82266706,-0.25155473
0.51951474,1.0011482
0.04885447,0.05246718
-0.38671994,-0.2531977
-0.18780331,-0.169484
-0.9571752,-0.08583183
0.32539707,0.4733164
-0.2684526,-0.21727519
0.42807513,0.7087582
0.2563423,0.3161692
0.30250838,0.41180852
0.58578545,1.2586776
0.26231617,0.35382843
-0.16254814,-0.13136756
-0.22014488,-0.18582655
-0.76083577,-0.28828216
0.5588868,1.1595091
0.52221686,1.0272396
-0.50740325,-0.30487588
0.72536385,1.9120296
0.17800651,0.22151692
-0.042626314,-0.03717708
-0.9650074,-0.06688354
-0.23451763,-0.1934361
0.28134152,0.4002525
-0.8205043,-0.25938416
-0.08086538,-0.05993862
0.9868719,3.8676767
0.43307728,0.7238961
0.093741775,0.097975224
0.06606577,0.06199379
-0.91246986,-0.15212406
0.91462886,3.2101736
0.8563553,2.74916
0.36480942,0.5610786
-0.8019767,-0.26159912
-0.5843322,-0.31818217
-0.6321809,-0.32790825
0.03915697,0.044012833
-0.58439225,-0.32574895
0.39160112,0.6339276
0.09045977,0.09991669
-0.96468365,-0.072242536
0.48811448,0.8902501
-0.6223425,-0.32396045
0.64977026,1.5372934
-0.28990912,-0.2254552
-0.32276064,-0.24836594
-0.9763653,-0.04763593
0.97545797,3.7549152
0.22400868,0.2812775
-0.15453967,-0.14821354
-0.8067572,-0.2598127
0.39829612,0.6476459
-0.43453905,-0.3029308
0.97656167,3.7622628
0.90109473,3.0945473
0.47059336,0.8314451
0.94214386,3.444399
-0.7887323,-0.2722748
-0.44016927,-0.30758455
-0.49351344,-0.312212
-0.8559747,-0.22064449
0.9444532,3.4652493
-0.88005185,-0.18354426
0.71337783,1.8379153
0.53632283,1.0562719
-0.24826582,-0.18515293
-0.9623853,-0.07892816
-0.98780817,-0.008135786
-0.59201235,-0.32966402
-0.01224684,-0.023460016
-0.08418004,-0.083179556
0.17058516,0.20618287
0.5439186,1.1007537
-0.24529077,-0.18827337
-0.6792726,-0.31774592
0.60009784,1.3186051
-0.33461863,-0.26638928
-0.4262362,-0.28649527
0.52862406,1.036976
0.86827886,2.8483887
0.82992256,2.5486257
-0.7251151,-0.31429482
0.006316307,0.004691712
-0.8142594,-0.24036866
0.9219519,3.2972465
-0.56954426,-0.33133426
-0.60514086,-0.3395446
0.77777135,2.2272916
0.93570113,3.4231865
0.3952645,0.64873075
-0.75798994,-0.2963234
-0.02828878,0.001100871
0.6332102,1.4556872
0.14495437,0.16154325
-0.7348103,-0.28073725
-0.6562245,-0.33144143
0.72828335,1.9200689
0.05405833,0.064413354
0.41167355,0.67938983
-0.25387496,-0.20126115
0.064971164,0.06987141
0.9542063,3.5737026
-0.34059393,-0.27388698
0.34957707,0.53227997
-0.6549889,-0.32582757
-0.7565202,-0.2971427
0.56728023,1.1676501
0.68821645,1.685792
0.3366234,0.49293944
-0.68360835,-0.30445912
-0.51882404,-0.30852434
0.8223514,2.5101545
-0.4225919,-0.30169645
0.63772106,1.4773767
-0.4281254,-0.27661154
0.87892514,2.937525
0.8289058,2.5479178
-0.91347367,-0.15364155
0.540828,1.0936247
-0.6610765,-0.3340638
-0.56945676,-0.31989944
-0.08030958,-0.09211368
0.1526363,0.17702988
-0.34840056,-0.24872217
0.15076673,0.17714137
-0.65868324,-0.31712157
-0.9553247,-0.09389264
0.14244878,0.1578427
0.034830518,0.04090559
0.37930793,0.6054239
0.2996441,0.4265945
0.7949728,2.338234
-0.08106276,-0.09155317
-0.98326105,-0.037033085
0.26130536,0.37031698
0.35026485,0.5438091
0.04298998,0.051257364
0.37860975,0.5952213
-0.35283238,-0.24641995
-0.7023834,-0.30787832
0.3291073,0.4696221
-0.50962716,-0.30485559
-0.08736818,-0.089004055
-0.01675454,-0.008881567
-0.0456009,-0.059771687
0.19689828,0.26079398
-0.9410926,-0.107284606
0.979365,3.7867706
0.43262094,0.72889566
-0.14922443,-0.13315205
-0.61733997,-0.32631883
-0.8396453,-0.21638207
0.34438086,0.5185889
-0.36608878,-0.2848789
-0.5410431,-0.33330166
-0.24009122,-0.16538905
0.18584618,0.2293507
0.34341043,0.5252553
0.29034013,0.403135
0.72653115,1.9064531
-0.56248516,-0.32877052
0.27349234,0.3756251
-0.7977713,-0.26861274
0.09586938,0.1252106
0.1679168,0.19547994
-0.5675254,-0.33504134
-0.21661374,-0.16956642
0.6543858,1.5555212
-0.70318186,-0.31162062
-0.1309876,-0.12180434
0.8654661,2.804801
0.008217855,0.020493163
0.45026743,0.79408514
0.65373206,1.5387226
-0.5924513,-0.3256066
-0.56356555,-0.3263444
0.5171829,1.010828
0.5066135,0.9487905
-0.87963337,-0.19400316
-0.3550035,-0.26500055
-0.20293501,-0.16531217
0.6580808,1.5642576
-0.1562755,-0.13307293
0.8518578,2.7134588
0.99321556,3.9474633
0.5614523,1.1484957
0.3327734,0.50450104
-0.21620567,-0.14599106
-0.8659211,-0.21189043
0.14627752,0.17468624
-0.2765902,-0.21671127
-0.29820386,-0.20757967
0.3754185,0.586326
-0.07272128,-0.065302595
0.5041877,0.9534491
-0.20365356,-0.16990909
-0.69827324,-0.30586126
-0.077304944,-0.07082119
0.90202504,3.1164496
0.6030493,1.3204184
-0.5885015,-0.33208367
-0.217399,-0.18086734
0.8555842,2.7553308
-0.75260186,-0.28613976
-0.49209952,-0.29801285
-0.4755547,-0.2872129
0.14186575,0.16004118
-0.17853336,-0.14998509
-0.84025866,-0.2309249
0.25836292,0.33574307
-0.8018443,-0.2554035
0.21282986,0.277597
0.0140167605,0.0034461103
-0.012662679,-0.016249334
-0.8650075,-0.2088618
0.2784409,0.3684841
-0.13735949,-0.12109129
-0.17778775,-0.16225219
0.19290279,0.24026711
0.21249612,0.27197605
-0.9699334,-0.05266772
-0.7495482,-0.28878102
-0.52696353,-0.30318433
0.35595468,0.5357266
0.15348226,0.17362471
0.51525825,0.9945829
0.4812156,0.87652254
0.70636576,1.8179682
-0.24637027,-0.19132505
-0.30987227,-0.21520452
0.6620308,1.581654
-0.5247969,-0.3328891
-0.077655256,-0.06865022
-0.6113487,-0.32712108
0.8276815,2.5543942
-0.18439397,-0.14888029
-0.5750262,-0.3305191
0.3840268,0.59979767
-0.51071066,-0.31652114
0.8870072,2.9668837
-0.26476598,-0.2075045
0.32928142,0.48109227
-0.30951014,-0.22556989
0.61449116,1.3468448
0.7938455,2.3215137
0.5758367,1.2240779
0.69699806,1.7641722
-0.79623836,-0.2552974
0.84812933,2.6983552
0.24860145,0.3129726
0.7384351,1.9853824
0.36887354,0.57773226
-0.59630466,-0.33710462
0.2191102,0.27867818
-0.81810755,-0.27741516
0.39144605,0.6247958
-0.18199772,-0.15816951
-0.6965337,-0.2999024
0.9584596,3.5954647
0.80216885,2.3732154
0.78708744,2.2771962
0.5776406,1.2094812
0.38396224,0.6169283
0.31015897,0.42552465
-0.78781235,-0.2595483
0.8011325,2.368929
0.7622568,2.136809
0.49570525,0.89614326
0.85462993,2.718348
0.1061669,0.115842216
-0.10471533,-0.08971888
0.9358948,3.393193
-0.071737625,-0.061095577
0.2826489,0.40131578
-0.2538757,-0.19497168
0.27265245,0.37381962
0.440198,0.75777584
0.24931104,0.32467863
0.029125882,0.029445883
-0.3997784,-0.28854832
0.28769135,0.39327177
0.8168578,2.4795434
-0.9861748,-0.031522486
-0.732142,-0.30860704
-0.7604537,-0.2830151
0.84641063,2.686243
0.3254954,0.4749998
0.9035762,3.1228518
0.16562654,0.20251419
-0.076534204,-0.061401136
0.5846858,1.2452998
-0.6781155,-0.33056682
-0.23732376,-0.1934099
-0.06745152,-0.0672595
-0.4030832,-0.29022992
-0.25742877,-0.1988479
-0.84378964,-0.21990542
-0.6040328,-0.31918022
-0.32900655,-0.25456673
0.59178084,1.2734475
-0.6350053,-0.3252948
-0.30671924,-0.22957322
-0.87015945,-0.1972321
0.11420869,0.1287867
0.22250177,0.28414792
0.7310329,1.9527742
0.638232,1.4628574
-0.4292441,-0.2918655
-0.72609264,-0.29292113
-0.6878336,-0.32441565
0.9379279,3.4090269
0.34645164,0.52981085
-0.9148584,-0.15732497
-0.7264415,-0.29698816
-0.02839987,-0.03251192
-0.5843424,-0.3217214
0.607318,1.3239852
0.14643423,0.18332776
0.22526442,0.27784187
-0.074348904,-0.06195207
-0.48787445,-0.32107797
0.17880723,0.2356013
0.43394008,0.73870134
-0.25810385,-0.18473405
0.009887261,0.0017971206
0.67936796,1.6630583
-0.7026365,-0.29998374
0.09044884,0.08517476
-0.30317467,-0.23767038
0.40558952,0.6688249
-0.9623795,-0.0799253
0.34094658,0.51555526
-0.79420453,-0.26483357
-0.8704645,-0.21332875
0.44924662,0.7921472
0.2806843,0.37516385
0.7898719,2.3035295
0.03930991,0.04220307
0.060048852,0.059334118
0.41403568,0.6747702
-0.35320485,-0.25365862
-0.9261751,-0.13575192
-0.53990835,-0.3087388
-0.52397317,-0.30545998
-0.3286823,-0.22806722
0.88692546,2.9928567
0.6096856,1.3421624
0.8719125,2.869982
0.9972192,3.968568
-0.132442,-0.11443653
-0.5458534,-0.31739393
0.12000832,0.14866173
0.76226884,2.1240666
-0.06853628,-0.0781712
0.010798605,0.006842279
-0.7311218,-0.28610536
-0.15908901,-0.15273136
-0.22601038,-0.17647372
-0.296623,-0.23090056
0.77459735,2.1905243
-0.8813971,-0.1817902
0.9442944,3.48873
-0.9835063,-0.028508123
0.891188,3.0213537
0.096095,0.093341395
0.40489048,0.66108966
-0.6257343,-0.33920828
0.30842307,0.43883604
0.76391536,2.133197
-0.7210397,-0.3293199
-0.7458368,-0.28113043
-0.3920442,-0.28736416
-0.67654824,-0.32085294
-0.7787083,-0.2714769
0.35663807,0.5584528
-0.57234675,-0.3328681
0.3340298,0.4702327
0.7238585,1.9124428
0.30404958,0.42065528
-0.7612659,-0.28346884
0.14715515,0.1766812
-0.21274263,-0.2075837
-0.31325814,-0.25238645
-0.36293706,-0.26627812
0.8588644,2.7483358
0.48501492,0.8763061
-0.7323024,-0.29993418
-0.04798904,-0.04667614
-0.36355385,-0.25893804
0.95587665,3.5823016
0.95605797,3.56265
-0.36093104,-0.27355665
-0.29577377,-0.21889979
0.19882841,0.26302752
-0.04138597,-0.049415205
-0.57379824,-0.32248276
0.32082433,0.47543952
-0.3317427,-0.24371158
0.307433,0.43745056
-0.23263696,-0.19458483
0.4004198,0.67051786
0.33559895,0.49966982
0.017625513,0.021831164
0.40947998,0.67717063
-0.07806865,-0.08053678
-0.7677234,-0.2829201
-0.6357875,-0.3283874
-0.5080137,-0.3178402
-0.87354213,-0.19159085
0.42276245,0.6998374
-0.26521954,-0.22063403
-0.8129534,-0.24752842
0.63991624,1.4738184
0.36730856,0.56653184
-0.09555153,-0.106498435
-0.5051493,-0.30412984
-0.6965082,-0.30869195
-0.08325162,-0.06976906
0.7704915,2.1778584
-0.62320936,-0.34118053
0.13731846,0.1614097
0.923372,3.2841318
0.27423316,0.3660874
-0.12007054,-0.10217633
0.43274593,0.7527097
0.64915586,1.5366297
0.1810326,0.22703385
0.74366474,2.013524
0.029183518,0.027905352
0.660058,1.5640756
0.9040385,3.1254401
0.002486934,0.011578374
0.21000344,0.28354266
0.21893509,0.2714945
0.5628697,1.138448
0.64593166,1.5014302
-0.9455414,-0.088490464
0.46671912,0.85438097
0.56763047,1.1896439
0.40085888,0.6646333
0.42739132,0.7129937
-0.9171943,-0.14805444
-0.115922675,-0.117099896
0.6363593,1.4563403
0.8680143,2.8522935
-0.54106414,-0.3047628
0.15838988,0.19153537
0.60866046,1.339312
0.5048153,0.9425755
0.23778023,0.3098352
-0.96261764,-0.06729847
0.44777167,0.7636184
0.546485,1.1067405
0.445699,0.7681053
0.5316183,1.0529684
-0.13817021,-0.12146175
0.9875043,3.879567
0.5415738,1.0727274
0.15736002,0.18318579
0.8683825,2.852377
0.81639665,2.4699435
0.6291341,1.4195769
0.12738983,0.1470644
0.05420204,0.061164517
-0.34258413,-0.23792407
-0.49824405,-0.30053237
0.024719033,0.024699187
0.15556352,0.17864046
-0.5109471,-0.3173986
0.8452025,2.668438
0.11454799,0.13440602
0.05301065,0.06639429
-0.12872322,-0.10161355
-0.8838574,-0.18696885
0.7648027,2.1340914
-0.36601156,-0.2673371
0.28492066,0.37650004
0.21486712,0.2610583
0.16897365,0.20282
0.051424403,0.058004573
-0.6371203,-0.32013473
-0.4387885,-0.30147052
0.048376143,0.04592398
0.5786849,1.216796
-0.13602206,-0.12350568
-0.5921549,-0.3193113
-0.82411116,-0.25647914
0.326022,0.46677
-0.15332006,-0.1358489
-0.7492582,-0.30699453
0.34893376,0.5089924
-0.58484256,-0.3407846
0.018032096,0.015936077
-0.38762406,-0.266732
0.86338013,2.8145633
-0.5434239,-0.30550575
-0.16016296,-0.13694464
0.9189872,3.2552495
-0.36254963,-0.26398876
0.28918633,0.40197483
-0.36654592,-0.24258065
-0.77865005,-0.27423826
0.25509447,0.34448472
0.8320631,2.5683217
-0.094870664,-0.08253887
0.25235307,0.34274423
0.21779683,0.2889168
-0.16982059,-0.13874649
0.22979328,0.29625344
-0.48136383,-0.30919424
-0.24392419,-0.19611911
-0.11536229,-0.10234014
0.7280174,1.937469
-0.3033342,-0.2200403
0.2702741,0.37593034
-0.5731923,-0.30472806
-0.49486053,-0.33775124
0.29685774,0.41430807
0.5246199,1.0198715
-0.07576565,-0.07714948
-0.3298006,-0.25437102
0.8205431,2.4824476
-0.7283844,-0.30591694
0.44142848,0.7692143
0.3803415,0.608687
0.38049033,0.5937858
0.8708409,2.8669376
0.4563806,0.8166782
-0.39686963,-0.29226598
-0.29318154,-0.2266267
-0.21777806,-0.1755651
-0.9383826,-0.10863517
0.82702065,2.5529473
-0.8528948,-0.23171064
0.39958856,0.63849896
0.46032202,0.82147944
0.6874301,1.6911331
0.10672451,0.12757765
0.45052886,0.79064935
-0.39455414,-0.2686493
0.49116802,0.9044131
-0.31316853,-0.23109086
0.80567694,2.3873975
-0.67323637,-0.3238437
-0.3684854,-0.2639374
-0.002461097,-0.011442549
0.5517011,1.1188235
0.4975982,0.9182751
-0.57856625,-0.32275933
-0.7115286,-0.2917525
-0.3920608,-0.2875528
-0.032491695,-0.031694774
0.07801009,0.06842782
-0.14172482,-0.13241167
0.32618022,0.4856163
-0.14488211,-0.13079816
0.892658,3.0431757
-0.4780623,-0.3029858
0.25474423,0.3397365
0.22275588,0.27559727
-0.43685055,-0.2861058
-0.17662475,-0.14692393
-0.26905277,-0.22618014
-0.6550019,-0.33256888
-0.045409575,-0.07112722
-0.2266755,-0.19795689
-0.64336526,-0.32755238
-0.10023991,-0.101656675
-0.15631206,-0.14341752
-0.7372686,-0.2850884
-0.73762494,-0.28854647
0.29501477,0.4083529
0.4131616,0.69146657
0.8823608,2.9661982
-0.8259906,-0.23560594
-0.76427704,-0.28240198
-0.89636374,-0.15655136
0.064456865,0.0765918
0.24549323,0.31205645
-0.1929531,-0.16340919
0.59580445,1.28278
0.37339887,0.5958519
0.9716808,3.7189107
-0.72421,-0.31200606
-0.8833687,-0.1731589
-0.45039257,-0.29515657
-0.96189964,-0.049440186
0.8652229,2.813344
-0.39209667,-0.28019017
0.104860336,0.12834962
-0.36386073,-0.27490196
-0.50838274,-0.3013279
-0.69527054,-0.3263619
-0.35926816,-0.25380436
0.23083787,0.28083333
0.9432424,3.4641855
0.11618408,0.11773806
0.06541813,0.08925869
-0.92947394,-0.13290034
0.680198,1.6633484
-0.91031724,-0.14393857
0.81246454,2.4385903
0.07734345,0.09082344
-0.6630668,-0.32874167
-0.096585214,-0.09595001
0.98996896,3.9004152
-0.38983428,-0.28618112
-0.46108046,-0.29734838
-0.7639882,-0.27678037
0.19428469,0.24631958
-0.821546,-0.23912683
0.5320161,1.0265033
0.83844703,2.6204464
0.86374223,2.8085093
-0.78416747,-0.2587786
0.116525196,0.1260568
-0.8057803,-0.28112733
0.14403228,0.15815625
0.6299612,1.4276919
0.07558032,0.06019226
0.74410766,2.02608
0.60334873,1.3038371
-0.4469033,-0.2920881
0.26020455,0.33918864
-0.9851757,-0.013709365
-0.20791617,-0.17456786
-0.5240797,-0.32271692
0.8742327,2.8960874
-0.18922198,-0.16898312
0.30812886,0.44709677
0.4639632,0.82061964
0.5464251,1.0913615
0.47155038,0.8473321
-0.42166987,-0.29812154
0.3721354,0.5794244
0.09801897,0.11205558
0.19474533,0.21840788
-0.99837077,0.0076652183
-0.4834848,-0.2999431
0.8613674,2.7743657
-0.41984785,-0.30661556
-0.12396896,-0.1018506
-0.62665206,-0.3181882
-0.7227949,-0.29880795
-0.58266205,-0.3399902
0.10729466,0.13846095
0.8380573,2.61473
-0.34760165,-0.25178048
-0.3531841,-0.25442332
0.12828118,0.16304836
-0.28651455,-0.21995358
0.8208321,2.5057638
-0.24430391,-0.19640967
-0.019115495,-0.030722938
0.06677857,0.048369016
0.5641356,1.1635283
0.12781188,0.1323789
-0.5216898,-0.31393978
-0.7520256,-0.29045972
0.8755491,2.9022179
0.603126,1.3080733
-0.95406955,-0.07334326
0.64305794,1.4982505
0.18119559,0.20923735
0.03778847,0.059957914
-0.97554165,-0.048675295
0.5617281,1.1407351
-0.60387,-0.334025
0.45596242,0.7867937
-0.9682635,-0.04594481
0.5927073,1.286446
-0.9539211,-0.07655894
-0.5282142,-0.31322297
-0.46344358,-0.28958818
-0.6849827,-0.31944627
-0.037883606,-0.032274127
-0.43262407,-0.29952067
0.98657596,3.866015
0.15993759,0.19476394
0.13295566,0.12248421
-0.55826074,-0.3296587
-0.18262112,-0.15259902
-0.752044,-0.292713
0.5250585,1.0169754
-0.3376815,-0.24326403
0.50393164,0.94326276
-0.256608,-0.21554053
0.9775145,3.7919822
-0.65775675,-0.31208
-0.99695224,-0.012049945
0.18965109,0.23304662
0.9059064,3.1519728
0.29410812,0.41397044
-0.82855296,-0.23427022
0.080960765,0.09284471
0.8189739,2.4856641
-0.9869879,-0.02019431
-0.6661756,-0.3307276
0.6291231,1.4345204
0.7878142,2.2818902
0.41432124,0.68296725
0.9831203,3.8215613
-0.81956816,-0.24588688
0.09135303,0.10091572
0.36998945,0.5678734
0.40528944,0.6471341
0.58696926,1.2359905
0.8352521,2.5997777
-0.2767171,-0.21240532
-0.9140732,-0.12566896
-0.27511618,-0.21497324
0.34322953,0.49909523
-0.5730878,-0.32708034
0.6199459,1.4027698
-0.56047106,-0.3305545
-0.9798732,-0.02747157
0.016161548,0.01818428
0.45292315,0.7995259
-0.3006893,-0.21069853
0.4977916,0.9119695
-0.123191334,-0.10068943
-0.6565708,-0.3236361
-0.81888324,-0.2572598
0.42117432,0.7037334
-0.22857043,-0.16862833
0.8255475,2.5475414
0.08051012,0.06754873
-0.30313516,-0.23835407
-0.30201814,-0.22060263
-0.73712426,-0.29927602
0.1875783,0.23042187
0.16433427,0.18082404
0.5999874,1.298093
-0.59760606,-0.33993596
-0.4184207,-0.3024818
-0.80552405,-0.2708811
-0.4093156,-0.29156435
-0.14379577,-0.13327543
0.92805684,3.3220704
0.30613202,0.44752595
0.56574786,1.1602715
-0.34898022,-0.2406004
-0.7109744,-0.31420147
-0.4865601,-0.3045698
-0.48706463,-0.30438957
0.16623066,0.19024181
-0.31705773,-0.24158005
0.71479774,1.8469752
0.97708905,3.779804
-0.3134032,-0.23760556
0.41012055,0.6681081
0.31497318,0.456462
-0.61107504,-0.32301232
0.8360172,2.626251
-0.6011148,-0.3257349
0.47391427,0.8554905
-0.30478072,-0.22728814
-0.26583686,-0.21845399
-0.089101896,-0.09906221
0.72901595,1.9272594
-0.71949613,-0.2955783
-0.89086086,-0.1620555
-0.19591837,-0.18237501
-0.8888298,-0.17021337
0.37520176,0.5667677
0.52065015,1.0109371
0.7094248,1.8270382
0.4876845,0.8808359
0.8327028,2.5942836
0.49660224,0.94394165
0.87215126,2.874159
-0.6137784,-0.32494855
-0.00027373427,0.014517503
0.9878612,3.8688133
0.36315638,0.54931515
0.75728226,2.0855236
-0.93921244,-0.107083954
0.7435158,2.0133083
0.39542648,0.6325345
-0.6584891,-0.32539627
-0.9486381,-0.09796688
-0.48014686,-0.31206825
0.8315467,2.568452
0.3362659,0.49254534
0.83893824,2.6085644
-0.10769843,-0.099450886
0.8732542,2.8637087
-0.07408037,-0.061463308
-0.59149057,-0.3317654
-0.69721305,-0.31492153
0.98762363,3.8740265
-0.33227468,-0.24880505
-0.679894,-0.30560893
-0.98318315,-0.046031624
-0.42886087,-0.30622202
0.7782323,2.2232108
0.068018645,0.06802248
0.2648701,0.36212668
0.84478223,2.6777961
0.025679836,0.0152932275
0.6765597,1.6595298
-0.35233346,-0.26674184
0.9542037,3.56328
-0.84237224,-0.23937081
0.44965905,0.78497386
0.32113257,0.46780208
-0.61665696,-0.33731192
-0.222312,-0.19501814
-0.37434176,-0.25952384
-0.81101424,-0.25861263
0.16957605,0.21415563
0.9873397,3.8695555
0.11917628,0.14829545
0.090519816,0.0900386
-0.91937256,-0.122054465
-0.7215595,-0.30377182
0.026438178,0.03115409
0.9703571,3.7021885
0.7532155,2.0770333
-0.31958175,-0.23201862
0.08600851,0.090852596
0.105404444,0.096469074
0.37072122,0.5668601
0.37556407,0.578345
0.57958496,1.2275319
-0.9500579,-0.094925135
0.8873604,2.9890401
-0.8598759,-0.21524063
-0.04767978,-0.030816741
0.83915854,2.6306028
-0.024662342,-0.022091338
-0.8727263,-0.2018695
-0.54151994,-0.3213779
0.15733351,0.1768378
-0.82427675,-0.23981938
-0.15264414,-0.14382319
-0.34181347,-0.24382035
0.63041526,1.4289763
-0.7797361,-0.26668435
0.3655969,0.5850623
-0.18682186,-0.1572108
0.17550136,0.2257725
-0.58893645,-0.3185439
0.21940736,0.26609874
0.34795547,0.52692443
-0.8595369,-0.20491938
0.64868855,1.5254986
0.72250825,1.8959738
-0.8728919,-0.193837
0.20637497,0.25962007
0.188023,0.23260434
-0.9750832,-0.05963309
-0.31530717,-0.239714
0.93785155,3.401425
0.110901505,0.11973963
0.8664236,2.8251562
0.35128927,0.52672595
-0.94321895,-0.11172465
-0.8445736,-0.22221111
0.4443579,0.76535946
0.10913558,0.11828362
-0.74569666,-0.30915692
0.22812536,0.29176813
0.6205747,1.4044464
0.5059649,0.9686369
-0.50767505,-0.31062427
-0.48361006,-0.31108975
0.9356756,3.4024086
0.7748096,2.1940033
-0.36332536,-0.26484802
0.64810896,1.509402
-0.676523,-0.30991524
-0.6063178,-0.31864637
-0.6376079,-0.3253486
-0.82455844,-0.22570437
0.70935625,1.8268025
0.1576138,0.19055077
-0.48208782,-0.30521554
0.6973101,1.7464203
0.6052935,1.318733
-0.79809695,-0.26432297
0.28827876,0.40178323
0.4436672,0.77248335
0.43165466,0.72644734
0.44628543,0.7747189
-0.6610844,-0.32108414
-0.3698271,-0.26364848
0.688357,1.7130443
0.7967835,2.3265104
-0.44162223,-0.3172971
-0.95396096,-0.09330557
0.7195339,1.8725188
-0.24581632,-0.20837754
-0.3410729,-0.25144333
-0.30600065,-0.22134821
-0.16860715,-0.1369035
-0.24346675,-0.19044545
0.1328618,0.16302407
-0.84211946,-0.23648703
0.94308037,3.457723
0.8729021,2.8867037
0.8688133,2.8444948
0.75855523,2.0973322
0.3206526,0.48563534
-0.5577829,-0.32244834
-0.90103304,-0.1439319
-0.80135787,-0.27964
-0.352015,-0.26267406
0.007766051,0.011915001
0.98650616,3.8678074
-0.12911302,-0.13487275
0.04929218,0.049551778
0.3903145,0.65006185
-0.63853204,-0.32244587
0.865654,2.8312745
0.05806921,0.055208992
-0.4474873,-0.2943186
0.870218,2.8598442
0.25090122,0.34479827
-0.032620538,-0.020720009
0.16031182,0.19486733
0.49660444,0.9272201
-0.690924,-0.3322818
0.72966087,1.9168565
0.9190136,3.2539306
0.1339993,0.16342993
0.36454168,0.5768539
0.71966696,1.8696622
-0.25037873,-0.21454775
0.9856636,3.8680062
0.36100274,0.5472098
-0.1520026,-0.14764665
0.35467595,0.53597504
0.043360066,0.040214226
-0.7767168,-0.2648532
0.5917306,1.2803253
0.12875116,0.14036323
0.59169114,1.2854881
-0.6901761,-0.31444067
0.076714315,0.09369386
0.53324854,1.0633628
0.9766091,3.7688727
0.76879454,2.1692793
0.72869927,1.9245394
-0.50507975,-0.30444297
0.6759692,1.6514689
-0.66143745,-0.31230745
-0.6037847,-0.31119344
-0.7797665,-0.27067676
0.71519303,1.8532149
-0.783491,-0.27453163
-0.72377706,-0.33422488
-0.5082257,-0.32161614
0.14532481,0.17928502
0.76036036,2.1220627
-0.16354369,-0.14780167
0.0925719,0.10365394
-0.6670212,-0.32281446
-0.4681083,-0.29664537
-0.73214847,-0.27914244
-0.18016231,-0.14541341
0.18067132,0.21357468
-0.43196094,-0.29193866
0.6919917,1.7455251
0.96247673,3.6244984
-0.7596903,-0.29407284
-0.9642799,-0.059371997
0.57955384,1.235859
-0.61871463,-0.32012415
-0.2937068,-0.23140487
-0.21153757,-0.16888759
0.8331988,2.5919273
0.31767642,0.46434683
-0.91878104,-0.13858636
-0.97037953,-0.05527872
-0.6008638,-0.33548778
-0.3636561,-0.23721133
-0.030952333,-0.028453028
0.67567885,1.6546122
-0.3703645,-0.26736102
-0.24692556,-0.18883821
-0.34132415,-0.26399857
-0.9820693,-0.052048564
0.9104031,3.1804702
-0.7220082,-0.28480226
-0.42466503,-0.27630302
-0.7413934,-0.30520043
-0.018913688,-0.013401724
0.86433226,2.8088737
-0.7985986,-0.25915128
-0.11820615,-0.100645944
-0.9552503,-0.07248924
0.54179645,1.0648917
0.2824523,0.37847427
0.3993973,0.647317
-0.055327278,-0.0627504
0.8152661,2.4524727
-0.18088509,-0.150295
0.02817015,0.019826336
0.39057845,0.64856184
0.04112128,0.037552975
-0.6213287,-0.32881114
-0.36585876,-0.26008534
-0.8154111,-0.26567268
-0.134773,-0.11364226
0.21878418,0.28282905
-0.7629401,-0.28963155
0.26117423,0.35459358
0.78574425,2.2737103
-0.32455254,-0.22795749
-0.55593383,-0.29816747
0.7860121,2.2605176
0.38389048,0.59658206
-0.78921026,-0.26894608
-0.1837761,-0.17585777
0.3481792,0.5328078
0.14876775,0.17581274
0.23709424,0.3134687
0.13427036,0.15200889
0.59612274,1.2921572
-0.3591461,-0.2551252
0.4169247,0.6954391
0.9821589,3.8112926
-0.22008228,-0.1782399
0.58209664,1.2515185
-0.5077815,-0.31197542
-0.43620658,-0.29135454
0.86972773,2.8718202
-0.9481233,-0.10085639
-0.5651453,-0.3153512
-0.034158606,-0.038331863
-0.19630475,-0.15298308
0.25833946,0.35475478
-0.6145559,-0.33046317
-0.858906,-0.21324776
-0.2613332,-0.19644359
0.048710484,0.032649893
0.12400367,0.13710453
0.20298705,0.26045656
0.09732399,0.10472645
-0.50849605,-0.31320256
0.52909946,1.0151235
-0.82443947,-0.251663
-0.6032922,-0.31964338
0.478756,0.86272365
-0.44054773,-0.30732462
-0.013053116,-0.0022688427
-0.3456045,-0.24801853
0.013962423,0.0032747993
-0.3066884,-0.23124516
0.98841596,3.8749342
-0.28504482,-0.22187726
0.25409883,0.34099993
0.77668643,2.2042735
0.27587,0.38618433
0.13171451,0.1606228
0.13845891,0.16328734
-0.007078578,-0.0028890027
0.6151608,1.3550501
-0.89915186,-0.1503666
0.7702598,2.171647
0.17258444,0.19904494
0.69774646,1.7627759
-0.9792146,-0.032414727
0.7385528,1.9895146
-0.759725,-0.29875034
0.442436,0.7706867
-0.16695721,-0.14356598
0.36214477,0.5630005
0.2563795,0.33526683
-0.6732069,-0.30924562
0.029227529,0.03193463
-0.44553906,-0.28418326
0.12087368,0.122114934
0.47600657,0.8477688
-0.83748317,-0.23396659
0.03152485,0.047227234
0.23525964,0.3263191
-0.4092651,-0.29114693
0.906007,3.1448734
0.04060565,0.043875657
-0.63496584,-0.31805378
-0.7844235,-0.2643063
0.0833191,0.07974379
-0.24952324,-0.1982747
-0.61490583,-0.3464168
-0.93860304,-0.10028778
0.13320015,0.1502343
0.19720048,0.2332157
-0.7163948,-0.30412072
0.2034761,0.2513185
0.9039455,3.1399884
0.95659125,3.5754242
0.7769859,2.2364566
0.61415714,1.3738165
-0.5812643,-0.31275496
-0.6871296,-0.32677424
-0.11010479,-0.08128497
0.2392635,0.30135942
0.70135736,1.7781284
-0.5360739,-0.30712196
-0.0407042,-0.03404437
0.29488048,0.40264562
-0.10881229,-0.08676623
-0.091612644,-0.08051868
-0.5497657,-0.32649744
0.9733218,3.7248204
-0.049613435,-0.0429205
0.06548389,0.06843694
-0.5628814,-0.3224389
0.028273437,0.0132440515
-0.48930088,-0.31389853
-0.5953275,-0.32149264
-0.4485555,-0.27835682
-0.9944807,-0.012970003
0.14030223,0.17756924
-0.22503999,-0.17535548
0.79737806,2.3467667
-0.91858566,-0.14801387
-0.9135994,-0.154525
0.77174705,2.1878953
-0.7467107,-0.29985544
-0.9956798,-0.014719649
-0.6421723,-0.32635394
0.64775234,1.513533
0.60542816,1.3372487
-0.3197356,-0.24479541
0.33606184,0.5077207
0.014499415,0.019109791
0.80947,2.407712
-0.887153,-0.17596011
0.6263583,1.3916597
-0.6588027,-0.3312939
-0.2167582,-0.17311999
-0.6160857,-0.326406
0.40522882,0.64526814
0.35665235,0.5342082
0.09579521,0.0798461
0.39632607,0.6268998
0.27912956,0.3906519
0.5528841,1.1154374
-0.5211867,-0.31563863
-0.14217477,-0.12428994
-0.69674695,-0.31353718
-0.14081287,-0.1131522
0.4033835,0.6561877
0.3827823,0.61596626
0.41885382,0.6737807
-0.38246495,-0.25962034
0.32442796,0.46200618
-0.26506737,-0.21922332
0.8889841,2.9993505
-0.31326726,-0.22540449
0.20603646,0.25014302
0.5002914,0.9318885
0.81281483,2.4373488
-0.124142796,-0.10785312
-0.2790298,-0.20939887
-0.13994364,-0.10567332
-0.3526073,-0.23265913
0.307849,0.4472785
0.8654335,2.8272173
-0.747858,-0.30620345
0.12184413,0.15781246
0.79529744,2.3330274
-0.7997709,-0.26545733
-0.012269178,-0.0082451515
0.7304592,1.9321157
0.80090445,2.3441696
0.028704323,0.03527062
-0.95009625,-0.076787844
-0.7887216,-0.2647342
0.1734335,0.20956337
-0.7522828,-0.29168355
-0.7011644,-0.31082305
0.5442342,1.090768
0.50138414,0.9413991
0.6855455,1.6988335
-0.78852975,-0.2548825
-0.60371023,-0.32171783
0.6659229,1.6023841
0.4421752,0.7689676
0.61191225,1.362267
0.97949135,3.8085365
0.72886324,1.9219558
0.0409265,0.037867557
-0.37846363,-0.27705744
0.13935317,0.16952296
0.2771731,0.38837263
-0.3293757,-0.2575835
0.54187405,1.0847361
-0.8144924,-0.23760803
0.5587857,1.1406446
-0.93600297,-0.109241426
-0.0040678787,0.003253459
0.7228729,1.8829999
-0.82700944,-0.23939332
0.035477873,0.049503956
-0.68121713,-0.32386714
0.7896315,2.302598
0.66469103,1.5956464
0.8678345,2.8350391
0.74996465,2.0496085
0.47310662,0.84767044
-0.6302216,-0.33448508
-0.39499477,-0.27880228
-0.0062896833,-0.005566107
0.17779356,0.21436295
0.5643668,1.161428
-0.54608077,-0.31953442
-0.7434452,-0.29084137
-0.03477966,-0.045051593
-0.6843172,-0.3197145
0.3874736,0.5985884
0.15126178,0.17650446
0.48221558,0.88245434
-0.87312686,-0.18952899
0.92939514,3.3436081
-0.9999889,0.0054595834
-0.34911516,-0.25427708
0.3592696,0.5446219
-0.90971583,-0.1612641
-0.8333008,-0.2379987
-0.8466371,-0.23057596
0.16301945,0.19343615
0.7918506,2.3036346
0.11087395,0.1288719
0.20714271,0.2612696
-0.3079967,-0.22887817
-0.9625177,-0.06507713
-0.95677054,-0.08101941
0.7766199,2.2107606
-0.7948551,-0.26106516
0.9995787,4.0202484
-0.6711548,-0.33001408
0.34926888,0.5291633
0.89791095,3.0661626
-0.27542144,-0.21491195
0.46886638,0.83336276
-0.2982867,-0.22913432
-0.39011788,-0.27258322
-0.59639186,-0.33121854
0.64186984,1.4702189
-0.4852259,-0.29433602
-0.43368366,-0.2834026
0.99793947,3.9781318
-0.34537914,-0.26200956
-0.15445103,-0.13286105
0.98011094,3.808636
-0.2613993,-0.19856197
-0.267696,-0.20146072
0.65542895,1.5616317
-0.37613925,-0.2852668
-0.5324278,-0.3225666
-0.15357949,-0.123127915
0.4012816,0.643619
-0.91351396,-0.13274477
-0.25216794,-0.182467
-0.3075102,-0.221172
-0.5103633,-0.3083664
0.30857468,0.43776643
-0.42001984,-0.28376248
0.21346311,0.25737175
0.008673683,0.00093846687
-0.56562024,-0.33140597
-0.4668679,-0.30253467
-0.6587999,-0.3262639
-0.8867416,-0.17678486
0.23837693,0.3207531
0.3455774,0.513436
-0.66800004,-0.31925178
0.23078477,0.29501545
0.9641695,3.6562066
-0.8511958,-0.21157034
-0.019258255,-0.009682022
0.46607643,0.83843887
-0.90798163,-0.14829312
0.556547,1.1204185
0.95902246,3.5958624
-0.8230243,-0.25255948
0.6444598,1.5035344
-0.24283691,-0.2076198
-0.7117676,-0.3057132
-0.013613582,-0.010786048
-0.8569625,-0.2319539
0.044202816,0.03537086
-0.9612864,-0.06116526
0.45722288,0.8125365
-0.024060627,-0.03199925
-0.08212068,-0.08623381
-0.607617,-0.35094583
-0.2774737,-0.20120451
-0.6362611,-0.32471293
0.4707802,0.8647139
-0.6019494,-0.3283427
0.23350665,0.30656293
-0.440785,-0.28547218
0.3139644,0.46959183
0.080909915,0.09303907
-0.15312274,-0.13269256
0.34600165,0.5217529
-0.16855586,-0.1545848
0.6427412,1.4882305
0.45919693,0.81186074
0.08127799,0.10228361
0.75412136,2.0708067
0.65772367,1.5726253
0.063678786,0.06719005
-0.86310464,-0.19373897
0.1319927,0.15878512
-0.28948602,-0.21682866
0.080225885,0.09700812
0.29426092,0.42215964
0.28967714,0.41557714
0.34704807,0.54511374
0.35853726,0.56586957
-0.78143716,-0.2704227
-0.61657536,-0.33070257
0.26108202,0.35535267
-0.18365522,-0.17424482
0.5257033,1.0320196
-0.75018144,-0.30347827
-0.616954,-0.31504864
0.116929285,0.15219027
0.0014960385,-0.013011063
-0.4672057,-0.30376312
-0.18331352,-0.16538462
-0.93003744,-0.13863261
-0.92592376,-0.12845592
-0.810146,-0.2484086
0.15358491,0.18889648
0.72743285,1.9230667
-0.47955343,-0.323621
-0.9321203,-0.117011994
0.4172542,0.6793854
0.7107045,1.81564
-0.72365445,-0.3146709
-0.22850461,-0.17499703
-0.6825263,-0.3121722
-0.78728515,-0.2680405
0.29633707,0.4092612
0.93507296,3.3876565
0.35633126,0.53096795
0.96962935,3.719021
-0.13120945,-0.09398345
0.7957396,2.3393147
-0.58983153,-0.3187806
-0.76419127,-0.28702897
0.40504012,0.64626783
-0.25718334,-0.21211572
-0.3646248,-0.26712868
0.34256116,0.5100263
-0.33303192,-0.25291118
0.14511634,0.17015208
-0.4010898,-0.28736284
0.5675152,1.1977789
-0.3752233,-0.2810906
0.06998829,0.08412657
-0.95364785,-0.08702295
0.5834616,1.2430341
0.24067555,0.32097778
-0.61552584,-0.32474485
-0.56925327,-0.33599585
-0.47501415,-0.30896485
0.15306021,0.18231325
0.09663267,0.10802442
-0.45227256,-0.30862507
0.3881246,0.6328374
0.7780823,2.196143
-0.91296905,-0.14818585
-0.16560672,-0.15118402
0.18704024,0.23161325
0.17287041,0.21898101
-0.96092933,-0.08628149
-0.57886785,-0.30193153
-0.87633854,-0.1895751
0.13793014,0.16375813
0.29077977,0.39267057
-0.68051565,-0.31856456
-0.33397776,-0.23753071
-0.3403925,-0.24844134
0.6396047,1.4791173
-0.6106812,-0.32693258
0.09662824,0.09317466
0.565871,1.1559758
0.6591564,1.5805109
0.33313218,0.502218
-0.4009445,-0.26849705
0.64609313,1.4992571
0.48433205,0.885974
0.40893826,0.6848397
-0.8653292,-0.21608163
-0.91347027,-0.1336986
0.3907306,0.620497
0.8895896,3.002667
0.54744786,1.1007172
0.6629511,1.5758189
0.08996456,0.0798829
-0.39082772,-0.27368718
0.3554738,0.5480636
0.42394176,0.7243166
0.35071594,0.53805536
0.89341813,3.0615077
-0.26564193,-0.19523123
-0.92068493,-0.12754315
0.8168887,2.4792964
-0.67900175,-0.3061456
0.3946367,0.61395895
0.7464089,2.0249681
-0.3797172,-0.2880771
0.6608305,1.5834453
-0.33588374,-0.2556593
0.5885159,1.2888554
-0.8603403,-0.21427104
0.310486,0.44717577
0.35427615,0.535984
-0.01714834,-0.021747544
0.37418172,0.5737217
0.84636736,2.6693282
0.46770966,0.8148322
0.92259204,3.2890115
-0.10277537,-0.09743308
0.056581464,0.0793106
-0.47252262,-0.31733721
0.9712033,3.73497
-0.8897265,-0.16005842
-0.28275916,-0.20625092
-0.40460566,-0.27798864
-0.22697657,-0.18787959
0.83543575,2.6163821
-0.26392424,-0.21571481
0.8339533,2.5958247
-0.15332228,-0.13330369
0.70953757,1.8147346
0.043500196,0.04825883
-0.3772943,-0.26096934
-0.1013004,-0.10128113
-0.15123785,-0.12669984
-0.4801719,-0.32944775
-0.42072254,-0.297346
-0.6270922,-0.33038035
-0.32799888,-0.24055527
0.2488116,0.33864772
-0.22688366,-0.18360853
0.4246464,0.71972805
0.97395635,3.7446525
-0.24579784,-0.19253388
-0.074721575,-0.06600519
-0.6717797,-0.32508722
-0.21556942,-0.1805111
0.4536649,0.8012062
-0.5651904,-0.30613184
-0.6358919,-0.3130877
-0.24725026,-0.20878659
0.637299,1.45599
0.24731438,0.32199037
0.91515875,3.2215555
0.8090809,2.422326
-0.6977256,-0.30117458
-0.91489446,-0.13008487
-0.20181054,-0.1675869
0.044158958,0.04392192
0.03114123,0.037309613
-0.7317855,-0.29075095
-0.75036514,-0.28726155
-0.9062785,-0.15901615
0.7017199,1.7760109
0.89548826,3.047415
-0.76862997,-0.28096834
-0.57375526,-0.31883696
-0.82027423,-0.23927042
0.75500435,2.0918658
0.91741747,3.2544072
-0.47640684,-0.31980756
-0.39283234,-0.27127445
-0.27466062,-0.20985858
0.004927519,0.0042124554
0.36492196,0.5561362
0.008781167,0.023305256
0.90200317,3.105566
-0.8002131,-0.2841705
0.597211,1.2942817
-0.33103383,-0.24809638
-0.24490462,-0.17744094
0.4176589,0.7002797
0.8587542,2.7703016
0.43240157,0.73320895
0.55172116,1.1146324
0.5015585,0.9647461
-0.35804278,-0.2525586
0.5138609,0.9692528
0.56904155,1.1795176
0.06680064,0.07134464
0.07351248,0.06826735
0.5194416,0.9843898
0.63406175,1.4585978
-0.32560912,-0.25091514
0.60312444,1.3310839
0.628418,1.4275304
-0.5317487,-0.32413888
0.4339015,0.7151413
-0.62693214,-0.3135934
-0.8139018,-0.24886669
0.14908603,0.17063844
0.8173044,2.4685419
-0.929082,-0.10677236
0.6530033,1.5290519
0.012942421,0.0094256485
0.7217909,1.895933
0.68695384,1.7202393
0.75057364,2.0519903
0.5377479,1.0586957
0.68598473,1.6997405
-0.6479496,-0.314836
-0.3922937,-0.2637937
-0.51502764,-0.32977924
0.4848566,0.8903403
-0.69271374,-0.32934612
-0.6355444,-0.31634384
0.75792944,2.1020093
0.41176438,0.67066425
0.75075996,2.0705912
-0.72128946,-0.3022689
-0.2020392,-0.16554838
-0.43369767,-0.29359168
-0.98063785,-0.037326727
-0.43095407,-0.29459244
-0.24083349,-0.20084925
-0.8155607,-0.23818135
0.13297512,0.14839405
-0.23365468,-0.19409995
-0.90707666,-0.15493321
0.40795773,0.68422735
0.45855966,0.8207892
0.66894287,1.6120629
-0.0289188,-0.015838135
0.9373176,3.412332
0.8281283,2.5437348
0.10270325,0.10968448
-0.110096134,-0.08543001
-0.9939311,0.008837369
0.42198905,0.7101182
0.12990901,0.14359719
0.8750883,2.8961616
0.18846425,0.22431418
0.9857122,3.8529809
0.70763856,1.8063449
0.90719587,3.1533692
-0.34467447,-0.25150108
-0.70132804,-0.3139773
0.5937442,1.2776561
0.5723942,1.2025155
-0.5771021,-0.3276292
0.5294893,1.0352461
0.16394672,0.19418874
-0.7809497,-0.25996527
0.003567195,-0.0013321807
0.862276,2.8057
0.012915091,0.0056002955
0.577398,1.2179317
-0.94218004,-0.09737368
0.45616284,0.8133096
0.8936748,3.0400736
-0.00094443024,-0.012083164
-0.32458016,-0.25016388
0.29330102,0.42160365
0.83252245,2.6038284
-0.6464607,-0.31571808
-0.19261158,-0.17390312
-0.6874194,-0.30840513
-0.0066915355,-0.016084967
0.08084403,0.084459454
0.88840723,3.003681
-0.17496969,-0.14522097
0.13391323,0.15522341
0.77052516,2.1681812
-0.35719,-0.24829984
0.34832773,0.52136916
0.5143237,0.9974267
-0.33894354,-0.26339534
-0.67131764,-0.3179348
0.0058190837,-0.006408366
-0.28639653,-0.22947772
-0.46707514,-0.30834937
0.9468426,3.5111463
0.0043060374,0.017404906
0.7129554,1.8507768
-0.60936517,-0.32609653
0.8788855,2.928755
0.5888629,1.2727232
0.6173843,1.3861706
-0.22047025,-0.18003681
-0.028726013,-0.013057136
0.18670866,0.237438
0.5795311,1.2252501
0.6981135,1.7586427
-0.8439094,-0.23103198
0.8081248,2.4120822
0.8749933,2.901247
0.1857748,0.23624751
-0.62649876,-0.34028536
0.6368297,1.4456557
0.097175226,0.098110154
0.6343929,1.4500543
0.62961626,1.4447289
-0.82654136,-0.24412163
0.21404286,0.27431014
-0.0337114,-0.028432917
0.8922389,3.0221558
-0.40671742,-0.26661482
-0.58799976,-0.3326626
0.7941737,2.3391757
-0.7025689,-0.31337377
0.37303892,0.5800982
-0.39996037,-0.2894911
0.13569151,0.15891394
0.23243886,0.3244877
-0.16526143,-0.13758181
0.94992995,3.5264525
-0.73633367,-0.30607614
-0.21720183,-0.17212656
-0.13920934,-0.12057614
0.2620939,0.3528816
-0.18548049,-0.15132706
-0.805928,-0.2761567
0.89485997,3.0524497
-0.16784184,-0.15557589
-0.31465253,-0.23670767
-0.10655575,-0.10352455
-0.56680864,-0.33097902
-0.7995566,-0.2760568
-0.70284307,-0.30086982
-0.66669035,-0.32776076
-0.6046531,-0.33268726
-0.16007957,-0.122593395
0.24779853,0.33386853
0.25777566,0.3254217
-0.99980485,0.01346349
0.8419153,2.666411
0.6456944,1.5211865
0.92787606,3.3356123
-0.2800273,-0.22843857
0.32959855,0.48534912
-0.6639585,-0.33596146
0.63406605,1.4440013
-0.6772646,-0.32994473
-0.3480286,-0.2606586
-0.018330287,-0.016360795
0.18906334,0.22839494
0.11926605,0.13051064
-0.79580796,-0.26831806
-0.156648,-0.120356455
0.8458185,2.6997812
0.744737,2.0155373
0.18156704,0.22496682
0.14464915,0.16062409
-0.77664965,-0.27041987
-0.5994811,-0.33115584
-0.49472052,-0.31826344
-0.023608543,-0.003048156
0.4627121,0.80816156
-0.07854929,-0.09735415
-0.7478779,-0.28667197
-0.12130225,-0.11183266
-0.6747335,-0.3258444
0.5022947,0.9722955
-0.66699827,-0.31362382
-0.03493202,-0.034338053
0.3868272,0.6096569
-0.5436039,-0.31695527
-0.8479398,-0.23897299
0.12659895,0.13975115
-0.89159465,-0.17385854
0.17553729,0.2148439
0.50699705,0.959013
-0.34136802,-0.2579686
-0.023301182,-0.013563971
0.8575237,2.7476664
-0.05778227,-0.057404492
0.9931081,3.926375
-0.68599516,-0.30665505
0.4178678,0.6913477
0.3052372,0.43990308
0.74460965,2.0226352
-0.8151136,-0.26918346
-0.43958682,-0.29461062
-0.73564154,-0.31714314
0.86619025,2.832807
-0.14672935,-0.13519855
0.8201317,2.5086608
-0.411186,-0.2848546
-0.7472638,-0.30202153
-0.40692544,-0.26930112
0.19434872,0.23216875
0.6904652,1.7326114
-0.22921862,-0.18128501
0.8296173,2.558933
-0.5115359,-0.32860914
0.38708138,0.6297768
0.4714267,0.8528378
-0.45207417,-0.30604595
-0.94606024,-0.09425783
-0.26952532,-0.20112203
-0.9096077,-0.1491303
0.80150753,2.3739018
0.90705055,3.163281
0.47075984,0.8611878
0.45336917,0.79315215
-0.51821464,-0.33009017
-0.85214883,-0.23050648
0.60420924,1.3162214
0.11832386,0.1248281
0.36325505,0.5437296
0.5592821,1.16334
-0.18113147,-0.14790814
-0.7109068,-0.31462285
0.5900736,1.2646252
-0.09246872,-0.10249979
0.65384847,1.5552429
-0.12460171,-0.1302657
-0.5659672,-0.31923383
-0.65799,-0.3408543
0.4878435,0.8944371
0.14977825,0.18850197
-0.1907942,-0.17635153
-0.015766488,-0.017008852
0.09927721,0.116486505
-0.5211671,-0.31269237
-0.24366884,-0.19453485
-0.41517708,-0.27970022
-0.22315231,-0.18809617
0.0011244271,0.02045365
-0.6532849,-0.33927745
-0.21296987,-0.16359532
-0.22901112,-0.18393022
-0.42799237,-0.2834884
0.99699265,3.9779623
-0.852745,-0.2113266
0.2859023,0.38958332
-0.6511228,-0.32633233
0.679048,1.6513705
0.8283931,2.5510345
-0.19704403,-0.16113551
0.6469569,1.5175543
-0.5001811,-0.30863088
-0.719863,-0.32371208
-0.36824346,-0.2698087
-0.31665197,-0.24470244
-0.20528491,-0.18311985
-0.2540821,-0.21011898
-0.1777111,-0.15073204
0.42006674,0.71592075
-0.5088397,-0.32416174
-0.9628488,-0.08022213
-0.020638898,-0.026216269
-0.10341751,-0.09033935
-0.87987,-0.17529064
-0.7323972,-0.3019876
0.01984179,0.0057846652
-0.5304985,-0.33149606
0.7551966,2.0833733
-0.653415,-0.3132003
-0.95975477,-0.056047205
-0.10487246,-0.106730685
0.9723262,3.732213
0.26774505,0.35346702
-0.29194057,-0.2333154
-0.96626395,-0.07286658
-0.030103121,-0.032565992
-0.587068,-0.33479142
0.29550818,0.44105268
0.16601698,0.1943172
-0.46957245,-0.29411682
-0.86223453,-0.21369281
0.5100384,0.99286324
0.1709282,0.20938282
0.6842525,1.7004039
-0.48039997,-0.31313398
0.30572414,0.44626713
-0.762639,-0.28295684
-0.4163802,-0.28892836
0.31307822,0.4405921
0.6511626,1.528688
-0.358149,-0.26259637
0.5977071,1.3048145
0.35550493,0.5404691
-0.30265045,-0.24960048
0.75279385,2.0737088
0.018458132,0.031736907
0.29649365,0.4015337
-0.008737316,0.009385669
-0.09456008,-0.07241752
0.69595546,1.7456882
-0.41059116,-0.29397628
-0.92674154,-0.115670666
0.7595653,2.0938907
0.6500479,1.5191714
-0.26687905,-0.22274132
-0.6290977,-0.32561982
0.35106727,0.5474259
-0.8424782,-0.22315207
-0.15249048,-0.12206158
-0.8282754,-0.24333243
0.19581935,0.24411668
-0.9455832,-0.10972787
0.25847676,0.34605062
0.34641114,0.51492184
-0.02571105,-0.026669255
-0.6499853,-0.3259108
-0.7972121,-0.26755503
-0.3734153,-0.24552616
-0.06958664,-0.047382403
0.28441665,0.40902182
-0.99749976,0.012975092
0.42212784,0.7214849
0.42542386,0.71593684
-0.110924385,-0.101082705
-0.31318712,-0.23384538
0.6846171,1.6917715
0.56917495,1.1720748
0.9665522,3.6794899
-0.25613838,-0.2186929
0.8136652,2.4540923
-0.8251962,-0.25242025
-0.17706786,-0.15109383
-0.06925176,-0.06285304
-0.11825137,-0.10925454
0.25019637,0.31596988
-0.65958434,-0.33409637
0.7329043,1.9568428
0.10352804,0.10989617
0.8084191,2.4230208
-0.99473673,-0.010319137
0.25997624,0.34772483
-0.17508431,-0.14538078
0.010198124,0.0035542257
0.48760903,0.90184176
-0.5456965,-0.32593125
-0.59020114,-0.3007511
0.40601563,0.6536312
0.042731516,0.041066375
-0.5327218,-0.3227426
-0.03196273,-0.044491377
-0.08088319,-0.06756932
0.38288885,0.6028311
-0.9946778,-0.03432939
0.17352054,0.21671237
0.2113563,0.26110324
0.49102026,0.9075872
0.7784609,2.2302167
-0.119620405,-0.11046533
-0.31495956,-0.2408923
-0.79535925,-0.24107912
-0.3263283,-0.2647862
-0.8630307,-0.21911283
0.6056404,1.3182117
0.6140123,1.3825405
-0.16552469,-0.14835684
-0.48071754,-0.3049125
-0.7639598,-0.29031003
0.70247436,1.7921396
0.7549906,2.0801394
-0.46742076,-0.30079624
0.2435211,0.33365428
-0.48269266,-0.30347604
-0.54974675,-0.32968342
-0.9575839,-0.07474076
0.15431884,0.20656177
-0.70011693,-0.30721495
-0.97525764,-0.045561958
-0.7902977,-0.28294113
-0.37246162,-0.25891513
0.3383264,0.513342
-0.5947539,-0.32315162
0.7751811,2.2041264
-0.4230232,-0.25942597
-0.33754742,-0.24053252
-0.56404567,-0.31172976
-0.49238932,-0.30987102
-0.85172975,-0.21921569
-0.41045883,-0.27642974
0.71923494,1.8748659
0.37684909,0.5920467
0.7505364,2.0585663
-0.79028195,-0.27437437
-0.08876674,-0.07932047
-0.54149026,-0.3202759
0.44243118,0.7727669
0.94047564,3.4330328
0.63071895,1.41768
-0.92944366,-0.12533522
-0.36668062,-0.25947693
-0.94284064,-0.092158474
-0.91966605,-0.14329587
-0.8409694,-0.22290365
-0.44734615,-0.28535086
-0.39159447,-0.2672702
-0.19909297,-0.17368178
-0.19013782,-0.16638462
0.542818,1.088581
-0.7171935,-0.29090098
-0.68451875,-0.31699935
0.2531781,0.33596116
0.14348431,0.15375376
-0.6919906,-0.31884456
0.70452887,1.7898122
-0.3418812,-0.25102487
-0.2660653,-0.22422643
-0.15907983,-0.14044467
-0.35459626,-0.26772332
0.1149101,0.13920839
-0.22270456,-0.19028462
-0.48113054,-0.31315666
0.8089497,2.423786
-0.38329852,-0.27564648
0.39697784,0.66555905
-0.30554646,-0.22269224
-0.12956002,-0.114495166
-0.52811295,-0.31503406
0.50465924,0.92917544
0.4744065,0.86920863
-0.9555201,-0.076187134
-0.8796119,-0.18855898
0.8447529,2.6760762
0.7776537,2.2252765
0.012174386,0.008160702
-0.013285217,-0.009309413
0.62484837,1.4221739
-0.7230997,-0.30037066
0.30739823,0.43734208
-0.048034012,-0.042865742
0.48666206,0.9086786
-0.9397944,-0.09871403
0.1854511,0.21577342
0.11345643,0.13382179
0.68169665,1.6836958
0.3536726,0.550283
0.7603207,2.112454
0.7745466,2.1953506
-0.183672,-0.16867642
-0.72513175,-0.311065
0.2605673,0.36284316
0.7474922,2.038069
-0.8500933,-0.22052428
0.115846545,0.14395802
-0.77000093,-0.27120596
-0.946008,-0.10414455
0.35927072,0.56338966
0.36369923,0.54499686
0.20131609,0.2562412
0.7184456,1.8752838
-0.8382471,-0.21936366
-0.7894795,-0.26598138
0.7290709,1.9282427
0.00655344,0.0049410434
-0.45389438,-0.2720089
0.47631395,0.8635513
0.78880745,2.294959
0.37920657,0.5779993
0.58386517,1.2317407
-0.43500552,-0.2870961
-0.4224493,-0.30367368
0.72824776,1.9315746
0.2297257,0.29015696
-0.5316745,-0.3297211
0.04832363,0.043488737
0.37172094,0.59562856
-0.56290185,-0.32067013
0.3098128,0.43564242
-0.91571033,-0.13415304
-0.39261675,-0.26693094
0.34794363,0.5219757
-0.7013019,-0.30291197
-0.55560195,-0.31305996
0.7581866,2.107837
0.3486422,0.5206087
-0.0021625794,-0.013948432
-0.5782132,-0.34234878
-0.3171807,-0.24492067
0.148661,0.17085682
-0.6893748,-0.3187676
-0.03651184,-0.035697658
-0.18205121,-0.1365139
-0.046625316,-0.047943804
-0.7888784,-0.27068543
-0.78700584,-0.28962848
0.9282219,3.3541973
0.95873547,3.590875
-0.14767069,-0.13567728
0.5779909,1.223718
0.31158286,0.4508036
-0.76616627,-0.26788986
-0.40664268,-0.27398267
-0.37269717,-0.26708156
0.19154887,0.24705502
0.15995343,0.20189863
0.8470174,2.6802552
0.58007264,1.2345942
0.71369535,1.8438109
0.78245723,2.24755
0.60255337,1.3176429
-0.3342375,-0.25118965
-0.56997406,-0.32907647
0.14353468,0.17736568
0.37913662,0.5827532
-0.22686405,-0.19504023
0.6966773,1.7624965
0.92113316,3.2703881
0.13879146,0.17101426
-0.08681588,-0.07629708
0.6857742,1.6864028
-0.9514609,-0.08736319
-0.7419748,-0.2915001
0.6913153,1.7303684
0.46405718,0.82103306
-0.1677266,-0.14626089
0.7777037,2.21311
-0.29708344,-0.24050742
0.26769072,0.34903884
0.26866895,0.3693559
-0.6313362,-0.33423647
-0.43029654,-0.28477463
0.83201385,2.5734751
-0.6331703,-0.33851355
-0.65285075,-0.32731178
-0.04076905,-0.018228188
-0.8156053,-0.25139284
0.7892524,2.2982998
-0.79970175,-0.2609289
0.23311496,0.28902674
-0.3204363,-0.2256264
0.6085458,1.3388999
0.17962149,0.20561649
-0.22338772,-0.18726528
0.96774596,3.6856337
-0.86753803,-0.19390918
0.15557261,0.1773189
0.97913665,3.8218775
0.3819053,0.59535944
0.47953928,0.87877166
-0.9358177,-0.13240306
-0.95727366,-0.07961823
-0.9277798,-0.121007875
0.9834478,3.8259993
0.9590395,3.6218224
-0.33098215,-0.241346
-0.41803637,-0.28897294
-0.7080825,-0.30610114
-0.3417194,-0.25714797
-0.25970015,-0.19270872
0.49656564,0.9365384
0.7325871,1.954202
0.49347025,0.9225649
0.2929502,0.39650404
0.53180015,1.0596623
0.47699496,0.86382073
-0.048500612,-0.036006402
-0.3282972,-0.23678696
-0.43443856,-0.28197753
0.3587109,0.53962034
0.91860825,3.2404714
0.16210943,0.21582241
0.825053,2.5155652
-0.9715413,-0.06472245
0.5889413,1.260807
0.7072053,1.8116349
0.2619877,0.34791836
0.868122,2.8501332
0.17982599,0.22804502
-0.5189262,-0.31704813
-0.56856555,-0.3272806
0.111672536,0.12546882
0.81296784,2.4430258
-0.8552641,-0.2313174
0.20878102,0.26638046
0.5396069,1.0803446
-0.76919585,-0.28411275
-0.7664606,-0.30680448
-0.267744,-0.21582903
-0.45223767,-0.2893247
-0.6033717,-0.3408209
-0.60261166,-0.31947362
-0.73866194,-0.3028217
0.22170803,0.28398883
0.37625122,0.58426183
0.40587246,0.6532462
0.06470795,0.08352601
0.90581256,3.1508977
0.76106554,2.1230552
0.9152623,3.2305226
-0.22240904,-0.17647089
0.7555663,2.0931306
0.5257494,1.0172503
-0.3200542,-0.22613443
-0.7868135,-0.2586962
0.3652425,0.5689696
-0.72709537,-0.30620992
-0.41244838,-0.29579443
0.0007291529,0.0030162628
0.35976508,0.5693623
0.8524553,2.715053
0.18648009,0.23912977
0.3428262,0.50974715
-0.3799723,-0.27346906
0.37458524,0.5753924
-0.124419756,-0.11815082
0.71386236,1.8534052
-0.21509898,-0.16893156
-0.063455954,-0.057310015
-0.13482448,-0.12377534
0.62224567,1.3892428
0.9073984,3.1564553
-0.3454474,-0.25674602
-0.0499442,-0.04545632
0.41185254,0.6768939
0.79076326,2.298591
-0.012598607,-0.01085225
-0.782213,-0.27106738
-0.26265723,-0.19479015
0.10072377,0.10862397
-0.16495079,-0.13603488
-0.6268886,-0.30778298
-0.926021,-0.121530384
0.37481734,0.59934217
0.9854744,3.8506322
0.83841324,2.617618
0.36654183,0.56659764
0.68305963,1.685484
-0.48854476,-0.29879823
0.24486887,0.31581062
-0.8787916,-0.1896636
0.41436785,0.6974452
0.93974465,3.4348285
0.72159463,1.8890461
0.06888175,0.076360755
0.57748044,1.2034802
0.8877976,2.985528
-0.56796485,-0.34041885
0.58651704,1.2526867
-0.46030608,-0.29187244
0.75389487,2.0814202
-0.80329096,-0.24854141
-0.64356315,-0.3098545
0.44123292,0.7611708
-0.650445,-0.3242062
-0.6838914,-0.30253512
0.11093376,0.11774653
0.66997445,1.609264
-0.46306515,-0.30533943
0.68227637,1.6775115
0.6159068,1.3732698
0.1582108,0.1793279
0.2931255,0.4153142
-0.9191176,-0.14283259
-0.2657289,-0.19661258
-0.47321013,-0.3170492
-0.6999923,-0.31429705
-0.22068134,-0.18370575
-0.29019162,-0.22101739
0.45778334,0.8164694
0.19619268,0.24637972
0.8262001,2.5374422
-0.7091848,-0.30305701
-0.88050276,-0.17836106
0.06921557,0.07705292
-0.9979457,-0.00021576177
0.5754379,1.2132235
0.011945778,-0.004349063
-0.023868848,-0.026820451
-0.27500805,-0.21069518
-0.25005233,-0.20216753
-0.13773264,-0.12389678
-0.9679353,-0.056365605
-0.83290845,-0.23174419
0.01009604,0.014869603
-0.6997555,-0.32089597
0.5575252,1.1240976
-0.45102966,-0.28992715
-0.8042007,-0.2667229
-0.5295802,-0.32710865
-0.28580353,-0.22981064
-0.92936677,-0.11083228
-0.71664894,-0.30523336
-0.3523065,-0.25308388
-0.37903905,-0.26228845
0.6007734,1.3083842
0.686511,1.7136071
-0.6131628,-0.3383398
-0.75212026,-0.30275512
0.26832497,0.35341826
0.6092471,1.3485634
0.9274462,3.3302846
-0.98640746,-0.031179374
-0.17264377,-0.1494197
0.46797568,0.8501064
0.6571186,1.5521815
-0.8754281,-0.18967536
0.36122903,0.54902047
-0.42212257,-0.27644154
-0.85080606,-0.21253553
-0.021794837,-0.035319164
-0.6836933,-0.3199511
0.47401503,0.8349075
0.4825236,0.890912
0.68413556,1.7119167
-0.24486263,-0.2177958
-0.9733804,-0.06473192
-0.48052812,-0.3055869
-0.0643766,-0.060666464
0.38802257,0.61556566
-0.23591883,-0.20767026
0.072096795,0.080930986
0.048527174,0.05987702
-0.6700353,-0.291875
0.246099,0.3383096
-0.12149654,-0.12129785
0.6158374,1.3723688
0.38122243,0.60899794
-0.77706164,-0.28472415
-0.02248318,-0.014188676
0.4049887,0.6693641
-0.82597655,-0.22942999
0.5849941,1.2525433
-0.555991,-0.32032597
0.006169591,-0.00017142619
0.8811226,2.9314134
0.14266847,0.16853113
-0.1518911,-0.13583052
-0.98641014,-0.029520461
-0.7331728,-0.28957218
0.15732777,0.20027588
-0.0123499185,-0.024552925
-0.27234164,-0.21497437
0.8464318,2.6782658
-0.33503494,-0.24464487
0.07430151,0.057600122
0.13742682,0.14465672
0.05493678,0.056954794
-0.044829216,-0.035044458
-0.32587254,-0.24225514
0.8175273,2.4856813
-0.09839348,-0.087597966
0.056897733,0.07309266
0.31295598,0.46600017
-0.8646879,-0.21208856
0.5625763,1.166123
0.02501462,0.03073759
0.31435388,0.47904792
0.5440241,1.0806123
0.7481988,2.0390534
-0.21555917,-0.1872732
0.6228598,1.3932344
-0.4823262,-0.30391896
0.3206713,0.46910548
-0.7945854,-0.26085612
-0.95993906,-0.06869517
-0.80847377,-0.2584109
-0.36123502,-0.26327968
-0.9378108,-0.119323015
0.26098254,0.34449816
-0.36691093,-0.2641267
0.47275212,0.8538244
-0.90816975,-0.14507344
-0.56659687,-0.3183104
-0.18399315,-0.13965164
-0.23469688,-0.19923475
-0.73800266,-0.30099085
0.9882736,3.8752503
-0.43112084,-0.2780673
0.44206417,0.75703794
-0.5599466,-0.31211445
0.75570244,2.0990272
-0.22448339,-0.17872913
0.80180496,2.3764093
-0.31633016,-0.2375195
-0.9827123,-0.03656641
0.03404086,0.030866582
0.049575873,0.050687358
-0.76033163,-0.26933008
-0.53007287,-0.3295044
0.5669912,1.1761409
-0.92648834,-0.11945704
-0.020946627,-0.023360623
0.060816247,0.0689143
0.37742412,0.57888246
-0.92508745,-0.11535684
0.17129265,0.21783213
-0.9938039,-0.013223536
-0.46964327,-0.31281477
-0.0006314894,0.0072978907
0.8225627,2.5020447
-0.7468204,-0.3045834
-0.6614217,-0.3224494
0.33850014,0.52017814
-0.25027663,-0.19298579
0.2468428,0.3200573
0.99490833,3.932521
0.9737433,3.7446525
-0.29257283,-0.22217649
0.0078507075,0.007185028
0.8093803,2.4419143
-0.81566465,-0.25170812
-0.09539219,-0.109898955
-0.2448453,-0.20005186
-0.41023445,-0.2781127
0.98840845,3.8892894
0.4670986,0.83302796
-0.22250602,-0.18498418
0.6580438,1.5435241
-0.020667799,-0.01939158
0.7456488,2.0219567
-0.4672403,-0.3007784
-0.5527995,-0.31784424
-0.50542665,-0.30141637
0.07696115,0.07381944
-0.4173732,-0.29847342
-0.70576066,-0.31683853
0.98925585,3.8863509
0.8008665,2.3590424
0.27002487,0.38239217
0.78308576,2.2540426
0.8709255,2.8851066
0.35221657,0.53532714
0.037359558,0.02709062
0.7640036,2.1262808
0.135594,0.16705531
-0.7463989,-0.3060803
-0.266288,-0.2036541
-0.1081581,-0.101155855
0.870738,2.8546488
0.31837094,0.47614014
0.7505551,2.048159
0.5151834,0.979503
-0.38027823,-0.27053574
0.43741798,0.7439721
-0.6094005,-0.3042792
-0.18370837,-0.14441699
0.6121837,1.3509247
0.22385833,0.28294688
0.650825,1.50929
-0.49059284,-0.3086865
0.49949765,0.9283978
-0.5953513,-0.32541627
0.09060834,0.07996676
-0.13293082,-0.1175645
0.11295172,0.14430034
-0.72893316,-0.3020362
-0.27754426,-0.22370598
0.33380765,0.494642
0.117061585,0.13191444
0.09793952,0.13048147
0.021660224,0.01881135
0.8877698,2.9847121
0.8691394,2.851942
-0.27971005,-0.21527974
-0.29621,-0.22113788
0.10979691,0.13087887
-0.8087874,-0.23625757
-0.3939866,-0.28177962
-0.5382649,-0.32740936
-0.5532207,-0.34135532
0.27701107,0.3875075
-0.23129933,-0.19618528
-0.6576713,-0.3136022
0.7751437,2.1978362
0.7482974,2.0580573
0.7249259,1.8932383
-0.21851012,-0.16868758
-0.8860351,-0.17121121
-0.78651595,-0.26651233
-0.44790384,-0.3080686
-0.56005996,-0.31836662
0.74797124,2.0401585
0.97271633,3.7162037
0.63334733,1.4650172
0.4596978,0.80936515
0.17724828,0.23003304
0.5398166,1.0727607
0.89406663,3.0568902
0.20268933,0.24519193
-0.6907735,-0.3133868
-0.67228335,-0.31845522
0.16772561,0.19813131
-0.33306292,-0.25546554
0.8204948,2.468619
0.22328466,0.27830082
0.35298523,0.54409516
-0.98835856,-0.036697786
-0.0023028958,-0.014178941
-0.13767056,-0.13531607
0.4117437,0.681911
-0.23472267,-0.19845857
0.9531501,3.5651443
0.34040636,0.5165015
0.31983668,0.4673156
0.8386823,2.6297834
0.9904097,3.8973825
-0.6043586,-0.3340707
0.6210663,1.4022421
-0.67536104,-0.31011653
-0.08591309,-0.07208905
-0.7996292,-0.26737538
0.24674195,0.32243893
-0.06296367,-0.06855071
0.2573979,0.3527772
0.3559215,0.5241231
0.2388645,0.2907625
-0.41194177,-0.30340248
0.6739183,1.6189946
0.103372395,0.12884846
-0.020297654,-0.012025798
0.9741276,3.7358975
-0.43298417,-0.29259506
0.05606061,0.07404737
0.36464915,0.5687879
-0.74954814,-0.2720505
-0.29152057,-0.22523132
0.60337746,1.3131013
-0.52648354,-0.32921153
-0.0134192705,-0.013005131
0.26126122,0.3613714
0.3423247,0.5143505
0.45662087,0.80022156
0.73195463,1.959464
-0.21428111,-0.17080651
0.41326386,0.6826648
0.4643493,0.8189189
-0.39945173,-0.28071174
0.9363159,3.407168
0.73043835,1.9305584
-0.42027736,-0.29901645
0.35013735,0.5258873
0.43560126,0.7435168
-0.13703273,-0.10684244
0.72748655,1.910227
0.3804587,0.6034982
0.31630936,0.4552428
-0.5583193,-0.32574818
-0.18431538,-0.14005704
-0.13215502,-0.115881
0.4673222,0.8263294
0.23678909,0.31816593
-0.82827884,-0.23165895
-0.3846041,-0.28170583
-0.05390499,-0.0630768
0.4734659,0.8581301
0.48713827,0.89602506
-0.018913383,-0.023268132
-0.7661352,-0.27377644
-0.41419318,-0.29018584
-0.49061525,-0.30585092
0.56205285,1.167052
-0.64002734,-0.32816043
-0.07015756,-0.08384756
0.3414376,0.50738204
0.9295723,3.3454943
0.99848115,3.9948647
0.9058443,3.137789
0.4364847,0.76369053
0.49288166,0.9015788
0.5184202,1.0003833
0.7252098,1.9067581
0.90357095,3.1377692
-0.10858771,-0.11267425
-0.16697824,-0.13871841
-0.079071075,-0.075716436
0.31963435,0.4801856
0.5508908,1.1053711
0.7410888,2.0031044
-0.08757849,-0.088903315
-0.27325475,-0.21153407
0.9667052,3.6742606
-0.5362248,-0.32404703
-0.55599034,-0.34305167
0.43081492,0.7349701
-0.6406854,-0.33552513
-0.20118201,-0.17837913
-0.41522637,-0.30023047
-0.66257906,-0.33227736
0.15941449,0.19452927
-0.252977,-0.19656211
-0.075531654,-0.063587874
-0.608274,-0.3367083
0.5357336,1.061028
-0.37057585,-0.27143452
-0.31456363,-0.22740106
-0.49569207,-0.3071444
-0.13119286,-0.12250827
-0.07284675,-0.057492755
0.05933383,0.06814906
0.93513656,3.3782215
0.80938363,2.4071572
0.21878526,0.26593924
-0.92219305,-0.116282836
0.22452068,0.2786347
-0.8206628,-0.22753471
0.42068848,0.6927686
-0.21984471,-0.1915412
0.675393,1.6565106
0.88505846,2.9845371
-0.16577932,-0.13653906
-0.07888941,-0.066357
0.18029517,0.2117027
-0.6057345,-0.31811672
0.8546657,2.745375
-0.13400015,-0.12178056
-0.6663593,-0.32009822
0.52546364,1.0335068
-0.56169724,-0.3199499
-0.71294147,-0.3302576
0.12574415,0.15270624
0.34299052,0.5229694
0.13912548,0.15775828
0.3130213,0.4524422
-0.76895195,-0.28158844
-0.047963925,-0.06556303
-0.2859627,-0.22490214
0.94673723,3.4913645
-0.9007521,-0.16351825
-0.4034116,-0.2850961
0.8837244,2.9713953
0.9669924,3.672549
0.6498032,1.5338141
-0.8480035,-0.21542475
0.12271006,0.15344647
-0.19975401,-0.14889273
0.61290514,1.377317
-0.8899515,-0.18736212
-0.6057425,-0.3230049
-0.021609867,-0.028330617
-0.68470466,-0.2842921
0.38543028,0.6194547
0.64153445,1.500685
0.4090398,0.6771388
-0.119432576,-0.13302301
0.7567753,2.083056
-0.72462773,-0.311175
-0.47932282,-0.3108132
-0.020920629,-0.016896237
-0.8773228,-0.18545456
-0.80862844,-0.2822088
-0.20511326,-0.17227042
0.8877726,2.9919083
0.81682736,2.4880025
-0.06805028,-0.057790678
-0.7156829,-0.309535
-0.6437847,-0.32213527
-0.24490789,-0.21289021
-0.5798516,-0.31892326
-0.8340488,-0.23865089
0.34755498,0.51684964
0.16289727,0.20760182
-0.41740647,-0.28281102
0.5578968,1.1330119
0.55189776,1.111324
-0.01799606,-0.0140188625
-0.8069349,-0.25435162
0.8369388,2.6146007
0.33732104,0.49040237
-0.50589836,-0.32449424
0.22090909,0.27538884
-0.18995701,-0.16138713
0.2706993,0.3687703
-0.05225821,-0.051262252
-0.0290557,-0.029377732
0.47176418,0.8676682
0.22745149,0.3021216
-0.8400946,-0.21726204
-0.86925286,-0.19488546
-0.38998154,-0.27335247
-0.13950801,-0.118282326
-0.4495549,-0.29520768
0.30291972,0.4389758
-0.6097841,-0.33617643
0.4082822,0.67806935
0.5463015,1.0985281
-0.75136137,-0.310355
0.3016125,0.42915308
0.92287195,3.272886
-0.61435235,-0.3316953
0.81860566,2.4847436
0.2120959,0.25357425
0.18188973,0.22154835
-0.89615464,-0.16711384
0.49660057,0.93404865
-0.043453895,-0.046181794
0.44234878,0.7656091
0.6183622,1.3824322
0.047592748,0.045788042
-0.47271138,-0.32165873
-0.716855,-0.30839437
-0.67899376,-0.3110033
0.7338693,1.9483833
-0.7528438,-0.29370746
-0.23061186,-0.18757094
-0.3314507,-0.23491064
0.7309113,1.9413226
-0.044613,-0.03982664
0.99289286,3.9293454
0.4741095,0.8510625
0.70184714,1.7714585
-0.80265546,-0.2633003
-0.49379548,-0.30697703
-0.7291076,-0.3012747
-0.07275605,-0.053024545
0.43657497,0.75616884
-0.66187286,-0.30943167
-0.7396629,-0.3182352
0.2292175,0.31235528
-0.5393745,-0.3180617
-0.041349858,-0.03561857
-0.89776456,-0.15679875
0.36122563,0.55608296
0.082632765,0.079367995
0.2948458,0.42944357
-0.44918725,-0.30502164
-0.44279405,-0.30495965
0.6027211,1.31457
0.43712464,0.74437815
0.1594573,0.18962297
0.25628695,0.34213582
-0.81191164,-0.23990716
0.7123426,1.8433206
0.53981405,1.0648502
0.18098307,0.21353385
0.8371903,2.6122155
-0.6627242,-0.32553393
0.37331477,0.57898015
0.9259636,3.3014333
-0.37998208,-0.2667085
-0.96941537,-0.062068567
0.46973494,0.8332021
-0.98603934,-0.022295104
0.7450673,2.0304406
-0.88739747,-0.18106651
0.30552945,0.4539271
-0.24563171,-0.17432143
-0.5933187,-0.32126388
0.7965168,2.334122
0.4924917,0.91601175
-0.31911886,-0.25165376
-0.43169382,-0.2997733
0.4720246,0.8328185
0.67314154,1.6303073
0.43170092,0.7209278
0.27997845,0.39269856
-0.54415053,-0.32899007
0.70560795,1.8054537
0.49932396,0.9427838
0.03454858,0.04749827
0.023175525,0.02019112
0.13834606,0.16360629
0.6565528,1.5598681
0.4845191,0.90085554
0.71248996,1.8473576
0.014565543,0.027814284
0.24929811,0.3141575
0.70914364,1.8148962
-0.53535986,-0.3097257
-0.11195864,-0.09486313
0.24130447,0.315723
0.8302925,2.562582
-0.968328,-0.051538985
-0.57485366,-0.34495533
-0.53109896,-0.31135467
-0.34677464,-0.25285497
-0.43642676,-0.29769412
0.18027757,0.22471724
0.77124053,2.1747363
0.27395567,0.37549117
-0.5169469,-0.31690705
0.7275057,1.9293795
0.26409158,0.35871094
-0.56207573,-0.34300265
-0.27666694,-0.22936156
0.5799296,1.2135572
0.47786236,0.87204605
0.15316474,0.1863362
-0.710465,-0.29283237
0.6065786,1.322933
-0.38491493,-0.25874048
0.5431959,1.0662168
0.29513273,0.41570768
-0.47165942,-0.30218175
-0.57526153,-0.32277682
-0.73818016,-0.301681
-0.5161075,-0.31508422
-0.68434197,-0.32953668
0.2341025,0.31339133
0.19756624,0.24833159
0.17234412,0.21167023
0.28377962,0.3908586
0.62956905,1.4292797
0.8271054,2.5502791
-0.53924894,-0.30480918
0.17554899,0.1987898
-0.8433276,-0.24053518
-0.75971514,-0.2852467
0.30867863,0.43912953
-0.026838876,-0.024896307
0.51666415,0.9925453
-0.14864504,-0.123125754
-0.7448032,-0.2983717
0.7441073,2.0043087
-0.83422303,-0.2424368
-0.6220707,-0.3276799
-0.44604626,-0.30879885
0.9905612,3.90613
-0.16628036,-0.14185669
0.003417061,-0.00014925879
0.5393935,1.0740143
0.27283117,0.35697478
0.68284136,1.6753818
-0.027133083,-0.037843302
0.94435537,3.4824638
0.5936247,1.3024431
-0.19726922,-0.17332464
-0.23745635,-0.19363302
0.8589824,2.7681231
0.36883128,0.5757605
0.24286728,0.3135723
0.5156613,0.99221975
0.12166765,0.14514112
-0.68166643,-0.33006752
-0.36156908,-0.25829956
0.11588973,0.11311642
-0.96366435,-0.0700977
-0.12529859,-0.114556335
0.51160574,0.97347075
-0.671532,-0.32316765
-0.8708821,-0.20267916
0.6720583,1.628605
0.23454773,0.30787122
-0.64684206,-0.32135412
0.61261,1.3598033
0.31625894,0.45217875
-0.33176145,-0.23529351
-0.24760745,-0.18246628
-0.68822366,-0.32908833
0.6705112,1.6253179
0.018013304,0.013662314
0.114038154,0.13795099
0.7669838,2.152366
-0.9683388,-0.05887516
-0.8661539,-0.19795598
-0.67684203,-0.32190442
-0.93992436,-0.08957758
0.3163123,0.46312204
0.26775894,0.37310696
-0.5783962,-0.32763904
-0.70118713,-0.31376746
-0.7086306,-0.30203912
0.9064828,3.155382
0.38700905,0.6046959
0.17085765,0.20716624
-0.35502625,-0.25310603
-0.1339136,-0.11936363
-0.8211882,-0.24206915
0.9963038,3.9622943
0.51017094,0.948505
0.24290632,0.3066146
0.1755344,0.2224546
0.008628744,0.006260044
-0.48514515,-0.30667192
-0.5472192,-0.32200146
0.09906492,0.10169431
-0.8595984,-0.21453796
-0.8510584,-0.21527937
0.121627204,0.14274845
0.8396241,2.6553664
0.8285437,2.5502949
-0.9783434,-0.024760917
-0.78521156,-0.2812436
0.16615538,0.20399833
0.69695145,1.7589542
0.9088982,3.167007
0.72116446,1.8867292
0.35522628,0.5359332
-0.59894985,-0.31734264
-0.8547571,-0.22327687
-0.90496844,-0.15325701
0.22415356,0.29574406
-0.9276228,-0.1110685
0.47847992,0.8791002
0.42494148,0.72058237
-0.84077835,-0.23488133
0.8132447,2.4420133
0.043858577,0.034484427
0.8088771,2.4081357
0.8032201,2.3828106
-0.6059319,-0.33372095
-0.23884474,-0.18017666
-0.73074734,-0.30761117
0.549956,1.1111623
0.008249831,0.005672019
0.8576152,2.7508254
-0.5835696,-0.31488168
0.37673533,0.59923357
0.97847366,3.7974262
0.33076254,0.49427176
-0.86245215,-0.2144619
0.1768487,0.20723285
-0.6403145,-0.32022044
-0.93899447,-0.09236246
-0.3300786,-0.24135911
-0.46779183,-0.29365826
0.57754177,1.2097379
-0.2526389,-0.18988521
0.46591756,0.8270664
-0.967522,-0.058436748
-0.9703757,-0.05947701
-0.9413731,-0.09520652
-0.5612831,-0.31479326
-0.25202444,-0.21524929
0.21569161,0.28766644
0.97182775,3.7498672
-0.29118088,-0.22744733
-0.8886822,-0.17832176
-0.6101997,-0.31402588
0.79570365,2.3341825
0.39875838,0.64641637
0.58040166,1.2452338
-0.75166357,-0.30567408
-0.730026,-0.3100134
-0.775508,-0.27462023
0.7143383,1.8333191
-0.5800648,-0.3292816
0.2863035,0.39463875
0.032332733,0.043030772
0.08877982,0.10435209
-0.6091293,-0.3432639
0.2704922,0.3618711
-0.9137989,-0.1514466
0.98694456,3.8689733
-0.9464822,-0.107006125
-0.89968693,-0.15878588
-0.35070515,-0.26266006
0.6632507,1.5943166
-0.48562157,-0.30873013
-0.056129973,-0.06287707
-0.96404535,-0.05299334
-0.84224135,-0.21294826
0.2159321,0.27770448
-0.61128306,-0.32879743
0.38850912,0.61030954
0.57078236,1.1993835
0.7006684,1.7848327
-0.7324013,-0.3092607
-0.0889829,-0.08857494
0.8941629,3.052411
0.5441671,1.0773538
-0.76607925,-0.29062822
0.00500049,-0.0053800363
0.8447612,2.6603947
-0.11992239,-0.11425948
0.6748352,1.6540109
-0.008312558,-0.025789494
-0.78637666,-0.2675356
-0.70429015,-0.30899093
-0.9066485,-0.14452612
-0.6093705,-0.3238589
0.7872282,2.2750988
0.30039608,0.41773072
0.47771388,0.876928
0.24332292,0.32541
-0.22692141,-0.18939282
-0.56627774,-0.31527716
0.8512292,2.713187
0.029659564,0.0305567
-0.037800238,-0.042468186
0.9922082,3.928025
-0.23214002,-0.19779871
0.70825064,1.8137773
0.7246881,1.8997085
-0.53465956,-0.31728342
-0.8103206,-0.25073937
0.95124024,3.5245621
-0.14820628,-0.12494976
-0.99555933,-0.023569945
-0.0019643323,0.01995925
0.23860073,0.30724096
0.5521765,1.1288892
0.8858842,2.9838176
0.8303413,2.570083
0.8802716,2.9260283
-0.9357497,-0.104332395
0.42354828,0.7115915
-0.54828405,-0.31742027
-0.6248946,-0.32684067
0.60063714,1.3095428
-0.16574062,-0.15094067
0.83320016,2.5862648
-0.91512984,-0.14690952
0.60436165,1.3167136
-0.7263312,-0.3022937
-0.6468456,-0.32038242
-0.04529657,-0.0408258
-0.20882012,-0.1734412
-0.027655387,-0.022800043
0.88005304,2.9384034
0.31477788,0.45584592
-0.41938123,-0.28466615
-0.65418255,-0.31121296
-0.15990745,-0.14982285
-0.096717946,-0.09136678
0.20258883,0.25701198
-0.4679946,-0.31933337
0.5350185,1.0701716
-0.8030795,-0.25758675
0.120906726,0.14707534
0.24706331,0.33810794
-0.58633685,-0.32180652
0.6520227,1.5127658
0.23086426,0.3007849
0.29144442,0.41047314
-0.0045129885,-0.015361381
0.8191884,2.4724283
0.38785517,0.62387884
-0.23632887,-0.20304935
-0.5227882,-0.29705146
-0.85787666,-0.20902342
-0.6692783,-0.3069775
0.9853659,3.8560967
-0.1864662,-0.1494556
0.7973744,2.3449378
-0.6588613,-0.3122766
-0.14927825,-0.1502075
0.92103696,3.2791798
-0.8177355,-0.24202102
0.18796857,0.22964893
0.8383438,2.6202338
0.89936674,3.0869539
0.69201493,1.7344531
0.7118689,1.8483143
0.3043659,0.42844057
-0.5591538,-0.3405877
0.4613571,0.8425586
0.95676893,3.5926938
0.05186703,0.05079187
-0.47860527,-0.29481468
0.14694214,0.18151005
0.3812207,0.6079958
-0.5834394,-0.33053887
0.4383787,0.7584052
0.17486572,0.2226214
0.22469983,0.27188343
-0.38802415,-0.2709693
-0.68946636,-0.31289732
0.24689978,0.32928702
0.17246598,0.20868698
-0.32397562,-0.2301426
-0.40821266,-0.2839437
-0.3055111,-0.23200561
-0.020233324,-0.0166754
0.9496395,3.5193439
0.52712923,1.0148144
0.70347947,1.793554
0.011299138,0.013682831
0.052247223,0.051475417
-0.5913507,-0.32748392
0.44209167,0.73034143
-0.156832,-0.12340417
0.4848937,0.89831734
-0.18188924,-0.16710688
-0.7829656,-0.2808585
-0.65389264,-0.3085995
0.62314016,1.3926427
-0.48276702,-0.30311522
-0.47129115,-0.30944172
0.85873616,2.777321
0.31527126,0.45638487
-0.7713849,-0.28411704
-0.7128295,-0.30483362
-0.45526513,-0.30433106
0.18799138,0.21338254
0.50565094,0.94671655
-0.45100713,-0.3084419
0.7412841,1.9840347
-0.78163964,-0.2712633
-0.5848017,-0.3275752
0.94092983,3.4467123
-0.7305103,-0.29671362
0.7762226,2.2170317
0.40787014,0.6738249
-0.8538258,-0.22559023
-0.032586344,-0.025762692
0.037958708,0.04167439
0.86427927,2.8367343
-0.15779081,-0.13612244
-0.10647277,-0.09238583
-0.77503246,-0.28003737
0.27834514,0.38387772
-0.57820606,-0.32560575
-0.8449335,-0.22890459
0.993838,3.9405322
-0.46074075,-0.29498443
-0.71789366,-0.3110916
0.39898074,0.65537417
0.6433643,1.5020527
-0.871845,-0.20546243
-0.78921336,-0.2796084
-0.8196524,-0.24265231
-0.9060814,-0.16083725
0.31891295,0.45294052
0.17662638,0.23147567
0.32561332,0.467738
0.011334326,-0.0037716883
0.63501537,1.4490956
0.093336605,0.10525382
0.8374939,2.6189966
-0.028702935,-0.00902991
0.5813173,1.2222042
-0.1852793,-0.15377122
-0.12955222,-0.10337623
0.6979841,1.755967
-0.7846803,-0.26595065
0.12983552,0.13084391
0.45267293,0.80992097
0.50084126,0.9501845
0.18298705,0.21691294
-0.10387103,-0.08578794
-0.4784351,-0.2935217
0.8188525,2.4751377
-0.2604241,-0.21166466
0.5979842,1.3107275
-0.93666875,-0.11069035
-0.5356616,-0.315735
-0.3088304,-0.23311067
0.3431481,0.52408475
-0.36133838,-0.25577462
-0.9172724,-0.1386693
-0.65226495,-0.34433082
-0.4816693,-0.30118725
-0.64790505,-0.3165938
-0.5925509,-0.3386013
0.53791386,1.0549194
-0.1759327,-0.14429188
-0.1896415,-0.15726121
0.9332127,3.3555148
-0.10659632,-0.104535885
0.8553163,2.7509298
-0.4018738,-0.27242503
-0.19874749,-0.17138046
-0.20743328,-0.17295337
0.09215766,0.09271201
0.16849458,0.21571389
-0.50374997,-0.3116775
0.5871685,1.2465589
-0.0069480906,-0.018463163
-0.9859129,-0.040057626
0.18268126,0.2413795
0.59611887,1.287856
-0.49906653,-0.31626096
-0.924258,-0.13193974
0.6143573,1.359827
0.95255345,3.5464475
-0.84687275,-0.22233516
0.8760736,2.905183
-0.28145117,-0.2308825
0.8828792,2.9670444
0.29767865,0.41499192
0.7804886,2.2295878
0.57166606,1.1850511
-0.94400454,-0.11049059
-0.869115,-0.19700152
0.05148921,0.0632337
-0.74076194,-0.3046379
-0.07793152,-0.090725884
0.9092606,3.1610034
-0.41048542,-0.28724444
-0.022174573,-0.034007873
-0.23148073,-0.19341706
0.25965393,0.3436102
-0.6123101,-0.32654315
-0.48012143,-0.32169244
0.7175357,1.872701
0.62267244,1.4187535
0.5783794,1.2325798
0.54183924,1.074862
-0.08112501,-0.06834778
0.45778155,0.8126996
-0.22559036,-0.18402523
-0.7985808,-0.26165822
-0.21325071,-0.16857411
-0.68267393,-0.3087556
-0.21829663,-0.18689167
-0.40514958,-0.27308625
0.19832133,0.2636645
-0.27691916,-0.20676798
0.41117933,0.693714
0.024293361,-0.0009369793
0.83898455,2.634862
-0.8179491,-0.24589163
0.37541837,0.599403
0.34479377,0.5075434
0.9012531,3.10026
-0.25689626,-0.19449382
-0.38912407,-0.28429615
-0.6552131,-0.32046938
-0.46942297,-0.3041179
0.0037815454,0.0018365933
0.67542595,1.6536013
-0.4314268,-0.30210978
-0.6845158,-0.3249429
-0.45574304,-0.3009524
-0.79814607,-0.27575314
0.8533908,2.7458656
0.7452483,2.0150266
-0.38301656,-0.2631194
-0.50602436,-0.32272458
0.81079465,2.44039
-0.9964561,-0.023126187
0.20115505,0.26548126
0.8320075,2.5907328
0.017114978,0.011887165
-0.99406606,-0.019984037
-0.5622572,-0.319354
0.8448832,2.6561005
-0.96595514,-0.06322304
-0.21044047,-0.18158938
0.57948947,1.2201186
0.676182,1.6451828
-0.044784136,-0.050848
-0.5350325,-0.3029384
0.19940944,0.25648952
-0.47244394,-0.31967065
-0.4894715,-0.3185163
0.6151995,1.378319
-0.69146836,-0.30565688
-0.98895705,-0.03545298
-0.32644957,-0.23632668
-0.01805209,-0.015081698
0.41016078,0.65628004
0.5622305,1.1519457
0.32703844,0.47904825
0.25301775,0.33781663
0.33149743,0.4766865
-0.45694697,-0.3075897
-0.23527735,-0.19611101
0.23287301,0.29731563
-0.8688587,-0.2051508
-0.4093493,-0.28362352
-0.18716212,-0.15436524
0.066881366,0.089415915
-0.027035786,-0.017615192
0.43626377,0.7590149
-0.05314665,-0.05527178
0.80825996,2.4063084
-0.23936331,-0.18448584
0.050743412,0.053293485
-0.9935792,-0.005374313
-0.3790441,-0.27800927
0.73314595,1.9601123
-0.3328472,-0.24841386
-0.49362734,-0.3154755
0.08707392,0.0917059
-0.8425398,-0.22193855
0.063210264,0.075215735
-0.3926684,-0.27891493
-0.23379423,-0.18548284
0.58273,1.2389033
0.32392803,0.4812405
-0.10778781,-0.08741777
0.15503262,0.20148386
0.5337175,1.047094
0.4915675,0.92497706
-0.62935656,-0.32449073
-0.39816156,-0.28856593
-0.30352613,-0.23737857
-0.6249154,-0.32127273
-0.9756771,-0.03908468
-0.65206546,-0.3335041
0.61648864,1.367654
0.0918409,0.09579029
-0.31668395,-0.2467309
0.21668889,0.25722122
0.47966826,0.8508572
-0.29114443,-0.22769117
-0.067850314,-0.06101702
-0.87157357,-0.19040614
0.19418107,0.22700763
-0.28718582,-0.23504713
-0.1329527,-0.12259324
-0.15479876,-0.13393787
0.26481858,0.36852476
0.14493069,0.17659828
-0.1557879,-0.13838823
-0.96608996,-0.05973464
0.24192522,0.3096025
0.759155,2.1058686
0.53910315,1.070259
0.96323127,3.6596284
-0.7218493,-0.30046853
-0.5549599,-0.3307521
0.07853493,0.077619545
-0.52823657,-0.32206962
-0.93090045,-0.13571177
-0.19542345,-0.16553812
-0.42471054,-0.28984037
-0.4724783,-0.30021715
0.9063456,3.1532583
-0.5230918,-0.31673795
-0.7411349,-0.31353557
-0.74936146,-0.30549762
0.6126481,1.3527632
0.42969614,0.73428786
-0.7410276,-0.29110005
-0.56049377,-0.32622358
0.494686,0.9439393
-0.45076722,-0.28226572
0.96308416,3.656619
0.08114013,0.095307976
-0.6159841,-0.32171705
0.7176169,1.871199
-0.3610489,-0.27881512
-0.42238528,-0.29801637
-0.34511754,-0.25515214
0.5363945,1.0625054
-0.6535741,-0.32437477
-0.23642844,-0.1878986
-0.93833447,-0.12984253
0.65325326,1.5459257
-0.31856248,-0.23848882
-0.5036542,-0.31527466
0.15978648,0.19932282
0.40998375,0.66478103
0.6257921,1.4134718
-0.3044301,-0.22853296
0.6246017,1.4020724
-0.070238,-0.08566024
-0.7977155,-0.27558082
0.692615,1.7340683
0.09526956,0.10280272
0.20493914,0.257128
0.87498254,2.8900008
0.11830297,0.12102752
-0.98883295,-0.020469358
0.7412317,1.9981087
-0.43049783,-0.28422797
0.0035338416,-0.0039304737
-0.59022677,-0.34632355
-0.40603286,-0.30697477
0.3732977,0.5800724
-0.1408533,-0.12213542
0.25426126,0.33720407
0.6471514,1.5067327
-0.31835595,-0.25491288
0.13668008,0.13937028
0.5551758,1.1331847
0.43024638,0.72699255
0.07968687,0.08294802
-0.23323298,-0.20398109
-0.18499604,-0.16559504
-0.13372958,-0.11746667
-0.30230895,-0.22734804
0.39815128,0.64328
-0.74916947,-0.27959004
0.9349083,3.384336
0.557971,1.1528128
-0.4036739,-0.2777788
-0.91490483,-0.14194037
0.42260635,0.7179001
0.46871808,0.83341587
0.9272452,3.320195
-0.49258888,-0.3228281
-0.83454984,-0.22489086
0.8302695,2.570516
-0.48270193,-0.29690343
0.4430629,0.7669271
-0.8786807,-0.17787494
0.5211696,1.0006496
-0.7459482,-0.2850875
0.3911727,0.6234803
0.0646861,0.06918388
0.9109763,3.1928337
-0.9261647,-0.1037634
-0.4159025,-0.27674747
-0.8609822,-0.19927485
0.75839525,2.0951188
0.18780231,0.2325097
0.069939226,0.074238084
-0.7370842,-0.28499982
-0.021935485,-0.022923984
-0.20259269,-0.15489405
-0.36849627,-0.27732235
0.5443779,1.1038597
-0.8774479,-0.19893843
0.29337147,0.42063418
0.6459861,1.4983472
0.8146146,2.4653316
0.49183318,0.90159714
-0.43508863,-0.2819496
0.20101492,0.2596295
-0.71719277,-0.3131615
-0.76587874,-0.27870464
0.2772483,0.39080888
0.7022153,1.7755091
-0.8655037,-0.21394724
-0.78799254,-0.28150648
0.13121462,0.13885747
-0.5635763,-0.33483973
0.22363624,0.29658335
-0.57091236,-0.31923917
-0.7670361,-0.30078402
0.09114996,0.09518293
0.72439027,1.893024
0.37024394,0.58548415
0.6374503,1.4634346
-0.46732965,-0.31874305
0.7719573,2.1847184
-0.24592166,-0.19059446
0.7048953,1.7893693
-0.05764882,-0.057155136
-0.46428472,-0.3113635
-0.47948235,-0.2945176
0.13533577,0.15215221
-0.84197944,-0.23459156
0.86011237,2.782992
-0.457073,-0.30207673
-0.32875037,-0.23763832
-0.5333969,-0.3075349
-0.9939841,0.00034856296
0.38510048,0.6086887
0.1811058,0.2239722
0.6192891,1.4022889
-0.91797847,-0.123473115
0.8573113,2.7538433
-0.3382261,-0.24351212
0.82613975,2.5425403
-0.78573704,-0.26302952
0.48784116,0.91100585
0.15871647,0.17813043
-0.28361756,-0.22642888
-0.8417152,-0.21854648
0.20947301,0.2659491
-0.94712025,-0.11728258
0.0025641983,-0.014092034
0.20841715,0.2694206
0.4650475,0.8370556
0.9826693,3.8161757
-0.47981256,-0.29606202
-0.35522035,-0.2599108
-0.3177093,-0.24887544
0.46316543,0.81746376
0.8636385,2.79777
0.9486475,3.5060167
0.8916227,3.0087678
0.758766,2.1020548
0.98195475,3.828646
-0.24810855,-0.21150862
0.8966426,3.0680175
0.52203995,1.0030587
-0.6630803,-0.31494242
-0.9090696,-0.17411864
-0.5710321,-0.3177097
0.55750227,1.1200123
0.26339376,0.353757
-0.5512875,-0.3296388
0.4838429,0.88241404
-0.71735555,-0.3223888
0.6436828,1.5129745
0.5883219,1.2450114
0.9451519,3.4687097
-0.6994409,-0.29512006
0.813226,2.4529715
-0.31779468,-0.2512393
-0.16788027,-0.14492154
-0.063109875,-0.061719805
0.2538081,0.32184985
0.98952675,3.8887758
0.1999176,0.24920832
0.8534317,2.7465222
-0.4899436,-0.31177408
-0.20317668,-0.16971555
0.008999059,0.0009291102
-0.354196,-0.24647897
0.9537342,3.56728
0.4513671,0.7964576
-0.042237297,-0.03940709
0.50260943,0.93002224
-0.065115005,-0.050266452
-0.96554935,-0.063701846
0.086386815,0.091463946
0.25037044,0.3371644
0.96241486,3.6402533
-0.9184143,-0.14882337
0.024193915,0.021585787
-0.8036905,-0.27872092
-0.7020082,-0.31142583
0.22092667,0.29620194
-0.5368646,-0.33826137
0.49834824,0.93342894
0.028397385,0.03591213
-0.56357425,-0.31591505
-0.012416645,-0.01972626
-0.99823654,-0.014536776
0.7254801,1.9047807
-0.97464323,-0.036281466
-0.9859802,-0.04435711
0.22300789,0.2741448
0.94704187,3.4931421
0.711867,1.826407
-0.49596217,-0.31189105
-0.6066664,-0.31230056
0.25222436,0.32389623
0.6452755,1.502245
-0.27584267,-0.21503508
-0.13529082,-0.12247436
-0.769021,-0.29845983
-0.69434714,-0.32092696
0.1367032,0.1519465
-0.7946877,-0.25986382
-0.59590775,-0.32211605
-0.53064597,-0.33471164
-0.11215093,-0.10469688
-0.90877604,-0.15637141
-0.0004580566,0.019089106
0.8573488,2.7658045
-0.9510727,-0.0993991
0.26196975,0.34551823
0.67168474,1.6256429
-0.37507832,-0.26374644
-0.7369629,-0.29428127
-0.9133204,-0.14319822
0.28780612,0.3992417
0.10446876,0.11528173
-0.54141,-0.32235345
0.6632346,1.5705239
0.4710127,0.8459671
-0.44714242,-0.3024041
0.506726,0.94301313
-0.51001155,-0.29072282
0.35053492,0.53469276
-0.7629099,-0.28602427
0.38447893,0.6072789
-0.52245116,-0.31029496
0.1449387,0.15780899
-0.6550723,-0.32604033
0.4519339,0.780677
-0.8782408,-0.18219714
-0.6691644,-0.32878208
-0.63172704,-0.31447965
-0.9173128,-0.14066772
0.49002504,0.91322136
0.961905,3.6372864
0.5567956,1.1461412
0.72126395,1.8779814
-0.98798466,-0.01440213
-0.76426005,-0.30402663
0.11804068,0.13424443
0.95573777,3.5710802
0.32142586,0.4545769
-0.25172663,-0.20923126
-0.7077014,-0.31687078
-0.6943286,-0.31651944
-0.2744936,-0.21940044
0.42762038,0.7229116
-0.93636143,-0.12013611
0.7043552,1.7912762
0.8831029,2.9569874
0.7776329,2.2200892
0.8260538,2.546199
-0.9693214,-0.049141534
0.95558465,3.5775144
-0.26728576,-0.20553298
0.7385622,1.9875637
-0.62638223,-0.32899576
-0.10694852,-0.08759715
-0.9116712,-0.15660104
-0.919848,-0.15659152
0.8865522,2.9766762
0.6212132,1.4098033
0.05965209,0.06048106
0.050916348,0.05638883
0.49750924,0.9266903
-0.31666243,-0.23246895
0.52373856,1.017652
-0.02998324,-0.029796312
0.2758348,0.38483316
0.9296589,3.3396952
-0.057368886,-0.050534897
-0.16319068,-0.14194344
0.81149834,2.4370105
0.805161,2.387505
0.9848374,3.848496
0.101725996,0.10782152
-0.31147692,-0.2239662
-0.5192199,-0.33376905
-0.9318073,-0.10982156
0.45345724,0.7771606
-0.5330477,-0.31426033
0.21328177,0.26216483
0.8331847,2.5933478
0.9004272,3.0973682
-0.9911797,-0.031655014
-0.36584994,-0.2494704
0.67475605,1.6523261
0.07289041,0.08365067
0.6150175,1.3625588
0.70664656,1.8163202
-0.11474756,-0.11575059
-0.28203413,-0.24087413
-0.08913347,-0.09745698
0.3055904,0.42701456
-0.26568168,-0.2164144
0.5499766,1.1059469
0.8079856,2.410609
-0.4353776,-0.29891917
0.92997926,3.3259661
0.2454505,0.32603467
0.7563375,2.0856345
-0.7921671,-0.27491713
-0.49700174,-0.29776126
-0.35796183,-0.26169583
-0.39435568,-0.2753974
-0.6562777,-0.31477502
0.7364019,1.9572089
-0.16277571,-0.14011674
0.9262604,3.3229296
0.16694473,0.19933158
-0.72321075,-0.3179097
0.09180942,0.09625854
0.9870903,3.8744488
0.13034338,0.12876709
-0.9962613,-0.020948222
0.8661598,2.8487988
-0.5302112,-0.3142658
0.37705812,0.6078862
0.03016031,0.039761394
-0.34913248,-0.2509981
-0.43472096,-0.2952697
0.85751975,2.7679656
0.82385176,2.5369344
0.02626968,0.03523377
-0.4830096,-0.30630046
-0.7953159,-0.2674802
-0.6868472,-0.31157464
0.04450345,0.041255645
-0.38434008,-0.2665913
-0.9158637,-0.14867315
-0.08966523,-0.08582084
0.4923786,0.90268445
0.7833902,2.2500877
0.1705681,0.19863313
0.44658425,0.79178184
-0.27185905,-0.22152674
-0.0075236415,-0.003619106
0.4592537,0.80204654
0.45531645,0.80047023
-0.15094747,-0.12818336
0.087334685,0.077175304
0.84771067,2.6779284
0.2639952,0.34739786
0.28514925,0.3832238
0.56924057,1.1835687
-0.7695542,-0.2799382
0.045768585,0.037332892
0.9188635,3.2530808
-0.27667922,-0.21968867
-0.4101477,-0.2836185
0.20241593,0.24707603
-0.55776113,-0.31852353
0.111890316,0.14231658
-0.68869597,-0.30833796
0.15958692,0.2037018
0.20475836,0.24299857
-0.16319904,-0.14695947
-0.23450714,-0.18373328
-0.50908345,-0.29960462
-0.3381554,-0.24289396
-0.0033080657,-0.013559399
-0.5046822,-0.3179951
0.56566894,1.1723759
0.4180705,0.6948275
-0.46138826,-0.30939928
-0.80512965,-0.2615036
-0.9996399,-0.00086402666
0.19343771,0.22864485
-0.57727253,-0.31550497
-0.97483504,-0.05224032
-0.28182945,-0.2192037
0.9239969,3.3059225
0.3798856,0.59859747
0.7155274,1.8657688
-0.7105218,-0.3198086
-0.8534237,-0.21187037
-0.97694045,-0.035635415
0.91132456,3.1801558
-0.39959452,-0.28001165
-0.08099011,-0.07649569
-0.21095276,-0.17176259
0.46091387,0.82115215
-0.38007024,-0.27876455
0.07090577,0.07571461
0.9911645,3.9283354
-0.1118729,-0.0900621
0.10254308,0.12218542
0.0050561246,0.0031540229
0.6063723,1.3534974
-0.4663207,-0.29268467
-0.65912396,-0.32191613
0.50818634,0.96657944
-0.16876362,-0.14886637
0.827452,2.551382
0.28831857,0.40825436
0.12868622,0.15467773
-0.8590859,-0.2122079
0.4608238,0.8014014
0.37208074,0.5836218
0.28014386,0.39383742
-0.46418095,-0.31209207
0.89347863,3.0414312
-0.35668975,-0.24524143
-0.6955381,-0.32624575
0.9744023,3.7476547
0.49249256,0.9281964
-0.17042623,-0.14391041
0.87183285,2.8670795
-0.81776524,-0.24875472
-0.8246776,-0.23465621
0.36490205,0.5623383
-0.6440559,-0.31836596
0.834279,2.5977721
0.68071836,1.6774149
-0.38726556,-0.26626316
0.77767915,2.215609
-0.9142246,-0.15340534
0.097275704,0.11249224
0.8711255,2.8655913
0.71076596,1.8257588
-0.28785336,-0.21671565
-0.6342591,-0.31252077
-0.5789188,-0.327017
0.029015755,0.029967302
0.1935459,0.22784172
-0.93437135,-0.11708528
-0.17289688,-0.14506549
0.66077423,1.5763406
-0.1113421,-0.103793226
-0.6616492,-0.31461668
0.9097206,3.1756773
-0.46744892,-0.277448
0.59685653,1.2946995
-0.6124117,-0.3538514
-0.15365455,-0.14423546
-0.019154921,-0.013473711
0.0012705919,-0.0051608896
0.032947738,0.028257933
-0.5501049,-0.33477595
0.031831045,0.028110214
-0.036574494,-0.03334466
-0.582561,-0.32185635
0.9763831,3.7591438
0.7311268,1.9502882
0.7751527,2.1908948
0.3711421,0.58336574
-0.68020594,-0.3148002
0.13618413,0.1482563
0.64287925,1.4821495
-0.922527,-0.12847377
-0.008313794,-0.01384407
-0.20775424,-0.17360152
-0.5757505,-0.31835854
-0.2435,-0.19033846
0.966995,3.6715055
0.44648665,0.774049
-0.40092584,-0.28813905
0.21071011,0.27513477
-0.5066875,-0.29876167
0.22168782,0.27569258
0.79233336,2.3113575
0.1137536,0.1375075
0.46667996,0.83378315
-0.093322,-0.07973485
0.048247837,0.051209487
0.39015016,0.6143569
0.62481,1.4127071
0.31890276,0.47464934
0.954984,3.5727952
0.63964516,1.4941365
0.5543204,1.1086186
0.69020313,1.7261115
-0.43757814,-0.29970616
-0.1359057,-0.12836072
0.12892583,0.16131116
-0.075227365,-0.072511956
0.69491565,1.743088
-0.94586295,-0.09358248
-0.5816492,-0.34718212
0.7634131,2.1443331
-0.8817997,-0.16623005
-0.54602337,-0.31263462
-0.29749933,-0.22337073
0.5014811,0.9401567
0.120361395,0.12604967
0.90920943,3.1827905
-0.54424995,-0.31235054
0.7442408,2.021666
-0.43417302,-0.28864023
-0.50900346,-0.31166315
-0.0032496038,-0.008498445
-0.857591,-0.18693808
-0.23138598,-0.19022456
-0.28864807,-0.22670506
-0.6797969,-0.30705896
0.7215897,1.8888348
-0.22822072,-0.18549995
0.96384037,3.6653898
0.7994159,2.364552
-0.6103786,-0.31912383
0.010244344,-0.0038267276
0.20360827,0.25922948
0.63792104,1.4600086
0.7712855,2.1743238
0.24803604,0.3303589
-0.9297316,-0.122164786
-0.037447102,-0.029553179
0.76960707,2.176257
0.4281792,0.7320869
0.7402839,1.9808788
0.34815958,0.54989654
-0.91192997,-0.14734964
0.93601334,3.4119124
0.8360371,2.5827491
-0.7468409,-0.29718044
-0.7746177,-0.29394874
0.078157,0.0761666
0.5141017,0.9846399
-0.23565358,-0.19347106
-0.7272357,-0.29013285
0.021112198,0.039257452
-0.32486773,-0.25214478
-0.2964561,-0.23177795
0.28997108,0.39519513
0.7712162,2.190006
0.11718346,0.13430358
0.375205,0.5889467
0.319894,0.46855813
0.10229239,0.11082426
-0.3784837,-0.27749574
-0.24441163,-0.19519596
-0.3685924,-0.26702118
0.83499616,2.6039736
0.65323734,1.5244746
0.15869474,0.19037315
0.824487,2.519941
0.7728174,2.1898434
0.8553888,2.7573795
-0.5564523,-0.32879865
0.43500608,0.754328
0.218449,0.2614629
0.46766126,0.8519202
-0.47324127,-0.29272798
0.38961813,0.6147434
-0.18034297,-0.16140926
0.66818357,1.5973616
0.59073144,1.2768284
-0.57728475,-0.32865506
-0.63228947,-0.3294882
0.43546343,0.7323988
0.10094979,0.130393
0.11441182,0.11944328
0.50503063,0.95419276
0.70994157,1.8279742
-0.5220722,-0.3215066
0.1110791,0.118931554
0.6579094,1.5591887
0.74558836,2.030645
-0.4251812,-0.29205552
-0.7916923,-0.25202546
-0.5343535,-0.32763666
0.890999,3.0300095
-0.07504058,-0.08736432
-0.16285242,-0.1477164
-0.9738313,-0.057814427
-0.8979706,-0.17653596
0.33739185,0.50542426
0.17965414,0.21766804
0.1510566,0.15505391
-0.7793543,-0.25645384
-0.29587767,-0.22481224
0.6247163,1.4111178
-0.65017754,-0.31049427
0.7653745,2.1525755
-0.7570434,-0.29232264
-0.6617013,-0.34139144
-0.04450008,-0.036960166
0.8905998,3.00965
-0.34090465,-0.23840845
0.316436,0.45051774
0.17734252,0.21084084
-0.7007547,-0.32610282
-0.5036662,-0.32602602
0.86030555,2.7838604
-0.63034075,-0.32761613
0.39001977,0.6198435
0.92938894,3.3625436
-0.760988,-0.28117904
-0.20163602,-0.16742143
-0.5521357,-0.35023996
-0.55687696,-0.3150321
-0.76202834,-0.25669828
0.29910237,0.42144692
0.49268702,0.90584046
0.3535878,0.5400835
0.8493129,2.6892886
-0.70864236,-0.3055308
-0.36030924,-0.24540669
-0.31085438,-0.2416338
-0.5358358,-0.32651347
-0.7155901,-0.30853462
-0.026593048,-0.030916356
0.6688793,1.6005781
0.90907943,3.1659179
-0.74131876,-0.30302063
0.64631444,1.5221742
0.64916223,1.5332799
-0.22204375,-0.16728388
-0.7799407,-0.2680217
0.980016,3.8061717
0.31118608,0.43879038
0.9643914,3.6696308
-0.032688968,-0.028176293
-0.209614,-0.18543574
-0.50562906,-0.32301408
0.967144,3.6694217
-0.49348545,-0.3313495
-0.9524745,-0.08244805
0.024936827,0.013195811
-0.245899,-0.20420456
-0.477235,-0.30591363
0.26921624,0.36457977
-0.27146277,-0.21947928
-0.19549823,-0.1481005
-0.9539088,-0.09924061
0.17814186,0.20170306
-0.75585794,-0.285388
-0.57239026,-0.33121172
0.43423563,0.73357856
-0.37351453,-0.27743804
-0.67357963,-0.3162453
0.15484829,0.1853705
-0.570191,-0.32355967
-0.45804358,-0.30615088
0.24267863,0.31182167
0.47972357,0.8715903
0.47931936,0.8816377
-0.035513178,-0.018613596
-0.09140618,-0.07263143
0.5752904,1.2112381
-0.6139305,-0.3165334
-0.6955951,-0.3260141
0.32939014,0.47826022
-0.18098614,-0.14784159
0.41999692,0.70041513
-0.48679957,-0.30565286
-0.35025623,-0.24570113
0.7933553,2.3265162
-0.15668695,-0.14628983
0.18190694,0.2222298
-0.78663564,-0.28090695
-0.6423417,-0.33230296
-0.92822456,-0.14113553
-0.15125838,-0.12998047
0.97784,3.7654088
0.7477463,2.0415156
0.26581782,0.37383655
0.722193,1.8977559
0.18833871,0.23226795
-0.26246223,-0.19156606
-0.6529072,-0.31995
0.30609748,0.4286246
-0.61389744,-0.32510483
-0.16514316,-0.122034036
0.6516037,1.5222019
-0.7415414,-0.31084847
-0.7419572,-0.29070467
-0.55119514,-0.32477733
0.103834614,0.11053197
-0.49655303,-0.32421824
0.0063958745,-0.013064077
-0.39603478,-0.29127115
0.01248441,0.028791495
-0.4447371,-0.29587847
0.9600248,3.5962873
-0.0145641975,-0.0025142664
0.48728687,0.90917104
0.40109313,0.66466826
-0.01888125,-0.022756666
-0.52227587,-0.32024956
0.021436555,0.023282422
0.36194324,0.57153404
-0.08016146,-0.07975843
-0.8361498,-0.24033281
-0.96403354,-0.05993973
-0.3442464,-0.24039982
-0.6995521,-0.3135628
0.8123805,2.450737
-0.6483347,-0.32270804
-0.21143457,-0.17669603
0.42415503,0.7044451
0.63084334,1.4266952
-0.044573694,-0.048819155
-0.63773,-0.334751
-0.45820954,-0.29754105
-0.1620631,-0.12718987
-0.2708108,-0.20991455
-0.30265447,-0.23959434
-0.7362924,-0.2908746
0.8266205,2.544623
-0.9404868,-0.100530684
-0.11999574,-0.11231093
0.960643,3.632951
0.31944788,0.47578973
-0.28917867,-0.22458437
-0.70780486,-0.30324548
0.9277452,3.3388162
-0.9720273,-0.057534248
0.36277515,0.55863196
0.76027495,2.1126482
-0.949679,-0.101867236
0.45034972,0.7900527
0.99767554,3.9870348
0.27928492,0.38371438
-0.17064211,-0.14224586
0.7488014,2.057735
0.108358495,0.1174587
0.4988817,0.9374732
0.17555799,0.20704119
-0.9234178,-0.1369891
-0.57371,-0.3216454
-0.84247285,-0.22449267
-0.7866245,-0.26615533
-0.969189,-0.057149988
-0.15767004,-0.13146041
-0.64269674,-0.30783638
0.71139306,1.8442113
0.5000751,0.94112796
0.14635399,0.17641617
-0.02195731,-0.024474561
-0.4882627,-0.31102142
-0.050097067,-0.042782173
0.28245854,0.39201853
0.5644577,1.1723577
-0.8366359,-0.21967342
0.41692936,0.6924336
0.48545974,0.8709885
0.117944404,0.1540314
-0.5713616,-0.33138353
0.07836918,0.08698157
0.0054097637,0.012714111
-0.04857981,-0.03223915
-0.07872017,-0.05491238
-0.77834886,-0.28067905
-0.63421506,-0.31340098
-0.8053358,-0.25646588
-0.51504433,-0.28859928
-0.47304642,-0.29404974
-0.5098483,-0.31663886
-0.57814187,-0.33334562
0.4708441,0.819804
0.6371308,1.4732311
-0.34578156,-0.24317975
-0.38974223,-0.26651677
0.6880647,1.6878549
0.24784781,0.31569463
-0.41312334,-0.27902377
0.42722458,0.7388919
-0.31081438,-0.2354581
0.17311123,0.22007968
0.98526806,3.844491
-0.39681125,-0.27496895
0.861052,2.7877984
-0.35869518,-0.24775359
0.08057341,0.082232356
-0.08003242,-0.057328705
0.5663191,1.1684473
-0.8778146,-0.20060189
0.2542446,0.32913467
0.5213339,1.0024607
-0.055710297,-0.04906426
-0.78941476,-0.27593502
-0.51039,-0.32319322
0.35934475,0.5604474
0.7908748,2.270153
-0.15678279,-0.1397504
0.12082407,0.1240571
-0.54322994,-0.33003995
-0.17557338,-0.14677185
-0.3264204,-0.24534966
0.3110511,0.4443044
0.9693979,3.715097
0.6266069,1.4192986
-0.61567086,-0.30825073
0.15535718,0.19094718
-0.8671766,-0.21146423
-0.506169,-0.29466304
-0.65556467,-0.32005933
-0.32890892,-0.22588894
0.35762793,0.54496235
-0.0012133662,0.0015104217
0.8658185,2.8307977
-0.57450235,-0.3268118
-0.2715817,-0.1996968
-0.34029484,-0.23116502
-0.5280728,-0.3416416
0.98634154,3.8734164
-0.22554891,-0.19250783
0.881018,2.9175973
-0.21905304,-0.17410724
-0.59181666,-0.32098603
-0.7615873,-0.28008538
0.7111264,1.8358877
-0.9358047,-0.103932865
0.9287892,3.3307915
-0.16361758,-0.137877
-0.5052513,-0.30680344
0.23489226,0.31960046
-0.734174,-0.29991895
-0.85570884,-0.21601945
0.6555667,1.5512236
-0.15065844,-0.14280085
0.036509823,0.045589473
-0.646608,-0.3386181
-0.8771515,-0.18675458
-0.26444775,-0.20727234
0.012292504,-0.0030642357
0.53086126,1.0267584
0.0021040004,-0.0064284783
0.56501406,1.163106
-0.76913446,-0.26780456
-0.8720745,-0.19751127
-0.6822781,-0.31221917
0.5440242,1.1012571
0.5186605,1.0102907
-0.7172644,-0.30719894
-0.9380227,-0.1163446
0.37056386,0.5826111
0.71056354,1.8222969
0.50821537,0.98261964
-0.594402,-0.3175901
0.1675358,0.20318127
0.51473147,0.9913817
-0.48834258,-0.30766845
0.055441603,0.055011943
-0.3710792,-0.2605296
-0.54884917,-0.3246327
0.93917865,3.4470346
0.8251639,2.5246015
-0.108664535,-0.092912264
-0.7264439,-0.3114207
0.4558146,0.7935202
-0.48859775,-0.3273818
-0.6629644,-0.31753576
-0.23694196,-0.19627553
0.059699617,0.074323036
-0.80511934,-0.25447592
0.14349295,0.16894394
-0.96930325,-0.071815215
0.78373814,2.2625377
0.84148335,2.640203
0.46614155,0.81760216
-0.066901185,-0.05839968
-0.49020746,-0.32253984
0.48822418,0.8788671
0.8635944,2.8226366
-0.6829326,-0.32313454
-0.06835602,-0.08142592
-0.36947674,-0.2743922
-0.28651643,-0.22841686
-0.18848443,-0.14694983
0.9035927,3.1078472
-0.48272565,-0.32127714
-0.014648322,-0.0046328157
0.90297496,3.1149127
-0.04788622,-0.04341815
0.727199,1.9153135
-0.8824704,-0.1642802
0.9060608,3.1318898
-0.6249377,-0.32310998
0.95987004,3.6295137
-0.64884627,-0.3275176
-0.1112681,-0.107649535
-0.38277102,-0.26320127
-0.13353716,-0.10772761
-0.4989505,-0.32023558
0.9306348,3.3674397
-0.38855004,-0.27293426
0.30654982,0.44324845
-0.72510505,-0.2892469
0.648775,1.5276114
0.085015886,0.09290781
0.9588922,3.5987604
-0.15319556,-0.105686165
-0.6091043,-0.33432207
-0.307962,-0.23015268
0.47393122,0.860542
0.31821305,0.46752128
0.5566948,1.1564525
-0.8530594,-0.21609116
0.16073754,0.19044387
0.8643373,2.8307943
-0.78419614,-0.27466324
-0.8113295,-0.24507555
0.43320873,0.73934263
-0.36963508,-0.25563073
0.31715843,0.46702343
0.09076902,0.095792644
0.97213334,3.7105513
0.7781128,2.2045305
0.35614556,0.52584314
-0.47665074,-0.3070419
-0.47618368,-0.32951814
0.7644876,2.1356988
0.17068213,0.20697327
0.5785636,1.2275757
-0.10027159,-0.086080484
-0.79385275,-0.2577647
-0.3346271,-0.24344425
-0.6777016,-0.32197437
0.5636656,1.1603574
0.40102398,0.6436837
-0.8231742,-0.24191031
0.24277079,0.30364847
0.748271,2.0513036
0.3947286,0.6267532
0.022223826,0.0242674
-0.37627342,-0.264705
0.7741935,2.2084801
-0.15439023,-0.15047745
0.7107872,1.8270994
0.5659997,1.1758028
0.6324539,1.4629424
0.97959507,3.7996833
0.49751702,0.92351145
-0.93191814,-0.09827851
-0.58913213,-0.31804165
-0.9296097,-0.10824678
-0.62017286,-0.33825308
-0.877121,-0.18548793
0.0032340824,-0.007588677
-0.9435876,-0.11367422
-0.0548418,-0.046171278
0.7976818,2.3529315
0.49715203,0.9234564
0.88791186,3.012193
-0.54670644,-0.32557863
0.062171634,0.06359239
-0.3628411,-0.2619845
-0.012360409,-0.014638922
0.11415166,0.14161214
-0.92762774,-0.13532035
-0.53348774,-0.32725513
0.40954557,0.6621837
0.54585606,1.1140722
0.13890274,0.15800376
-0.45834196,-0.30810454
-0.18983176,-0.16221094
-0.80792636,-0.2479847
0.90635926,3.1538875
0.73735493,1.971791
-0.86879534,-0.20402613
-0.66701865,-0.33547696
0.16218889,0.19483975
-0.53513986,-0.30718207
0.8688014,2.8433316
0.5111812,0.9807012
-0.45341697,-0.30460176
-0.9877972,-0.034771886
0.5988948,1.3078288
-0.15182059,-0.1082627
0.28475544,0.4009398
-0.42605034,-0.29305708
-0.7142535,-0.31171
0.3506232,0.55086946
-0.099350825,-0.087293655
-0.5296606,-0.3266677
-0.724744,-0.30489534
0.16095918,0.19385977
0.45109987,0.79248655
-0.43222606,-0.27613303
0.47028506,0.8571394
-0.6337556,-0.32335293
-0.3231686,-0.24198939
0.48976457,0.9086105
0.32028705,0.4601682
-0.45895275,-0.29081953
-0.75573,-0.29206836
-0.9150531,-0.13790771
0.67583036,1.6670103
-0.8497161,-0.21437123
-0.7703097,-0.27961344
-0.52457875,-0.3231992
-0.10866059,-0.09877777
0.57957417,1.2116355
-0.50503933,-0.30840233
0.08701649,0.07396096
-0.81925493,-0.2377779
-0.07097799,-0.058955483
-0.644722,-0.32328445
-0.5776169,-0.33070612
-0.26634315,-0.20942882
0.5226954,0.9956154
0.48797286,0.9072232
-0.17005405,-0.14685534
-0.7626577,-0.27114302
-0.43861675,-0.28968346
0.0107115535,0.0131418705
0.73882353,1.989951
0.93650925,3.3943849
0.27494186,0.37252295
-0.29862702,-0.22679769
0.38690692,0.6139062
-0.32753974,-0.24965231
0.2509469,0.3308663
-0.51246685,-0.315018
-0.4660226,-0.27970165
-0.8495488,-0.22331825
-0.1597177,-0.14440586
0.23634905,0.30700573
0.57758987,1.2302014
0.6206971,1.4092546
0.9848889,3.8706462
-0.8244885,-0.24246669
-0.013726464,-0.007124676
0.04274915,0.03415786
0.60906684,1.3400489
-0.46728298,-0.31443506
-0.86125535,-0.20339836
-0.3724824,-0.26578486
0.96785563,3.690986
0.7988824,2.3458066
-0.20950608,-0.16437563
0.752544,2.0417
-0.93449104,-0.11719748
-0.37159184,-0.26682115
0.45362368,0.7748694
-0.5570955,-0.31947595
-0.6032181,-0.32817
0.7236151,1.9059203
0.23190792,0.32105222
0.97804546,3.7884684
-0.7306607,-0.29213136
-0.28774318,-0.20810634
-0.37757325,-0.26359507
0.76026446,2.1031287
-0.48940697,-0.3261424
-0.293078,-0.22123545
-0.7143322,-0.31219092
0.550802,1.1261659
-0.5245934,-0.3227795
-0.86335945,-0.20604654
-0.12978253,-0.12643142
-0.21708375,-0.18140608
-0.6447816,-0.3336878
-0.7328049,-0.30946332
0.7931144,2.3161893
-0.86431104,-0.21095681
-0.8013781,-0.23509979
-0.50990546,-0.30651832
0.9056784,3.1524794
-0.8292315,-0.24008779
0.63202965,1.4445896
0.7841043,2.2547138
-0.24426451,-0.1693697
-0.4122112,-0.28455177
0.35475546,0.53505445
0.4052692,0.6555108
0.55995435,1.1507427
0.6611336,1.5924757
-0.4632091,-0.29112706
0.3739232,0.5780092
-0.73018855,-0.30986527
0.021462664,0.034396093
0.22577383,0.31186834
-0.67653614,-0.32044604
-0.84698695,-0.21050717
-0.6105074,-0.3410772
-0.1588225,-0.14540312
0.775682,2.1960046
0.06382885,0.07230175
0.4969858,0.92595035
-0.6517109,-0.321009
-0.7880436,-0.25856802
-0.5207653,-0.32378262
-0.37223917,-0.265116
0.096204035,0.09305598
0.76248664,2.136819
-0.14781477,-0.11775367
0.037596375,0.042683885
-0.9907729,-0.016916636
-0.9333759,-0.121452086
-0.8324616,-0.25007585
0.39798817,0.64756614
-0.027617263,-0.019313024
-0.6140776,-0.30615804
0.18519887,0.22309045
0.0892243,0.100660786
-0.8224014,-0.23369825
0.28082556,0.3995
0.53430974,1.0476131
-0.42689118,-0.29203168
0.37497774,0.5828302
-0.60056096,-0.33542702
0.51345766,0.9966858
0.8235483,2.5209622
-0.11626575,-0.1048794
-0.51075584,-0.31259492
-0.2016466,-0.16699351
-0.49984506,-0.314671
-0.9975212,-0.012548633
0.3009132,0.44256118
-0.91494673,-0.14866655
-0.5792185,-0.33479765
0.4448991,0.76926833
0.33145002,0.51136607
-0.8533422,-0.22449787
0.3201095,0.4729775
0.8611498,2.7888153
-0.85099506,-0.2161838
-0.16862355,-0.13495398
0.4588678,0.79318494
0.335446,0.48941398
-0.5469789,-0.31284901
-0.67386544,-0.31859306
0.568494,1.181976
0.9124893,3.205296
0.5351669,1.0479754
0.92640895,3.3268332
0.20999084,0.27348912
0.85819775,2.7715871
0.3808714,0.60690933
0.8177695,2.4922698
-0.67682207,-0.32487175
0.63113046,1.4461285
-0.6065084,-0.30900255
-0.9451418,-0.09175865
0.03517227,0.034230467
-0.36349645,-0.23875514
-0.9129373,-0.14341997
0.9606088,3.6352873
0.3329322,0.4887506
0.80362433,2.396178
0.9981652,3.976221
-0.21606652,-0.1740555
-0.49052593,-0.31610996
-0.63223124,-0.30644333
0.030374216,0.02911437
0.21216156,0.25767082
-0.05515453,-0.05131985
-0.22549596,-0.17815715
-0.6634549,-0.3218313
-0.11628075,-0.11228217
-0.8295137,-0.22835815
0.7300955,1.9490275
-0.9061947,-0.17129137
-0.23870787,-0.20085172
-0.7997243,-0.26419482
0.549961,1.1049286
-0.37452605,-0.2618558
-0.77378875,-0.2614498
0.0629826,0.06340585
0.83255404,2.599001
0.81728977,2.462662
-0.5006979,-0.30811584
0.43931934,0.7484126
-0.9394316,-0.102341846
-0.7362964,-0.3169947
-0.0010552594,-0.013908052
-0.54248714,-0.31648356
0.5965237,1.2849541
0.86214435,2.7955158
-0.99133337,0.001328023
-0.53416836,-0.31845766
-0.12089331,-0.09881622
0.12615858,0.1367431
0.8318055,2.5645468
0.783767,2.2560642
0.2743402,0.36101004
-0.48522398,-0.31557673
0.56657565,1.1748825
-0.59469646,-0.3273897
0.93034464,3.3536441
-0.9883202,-0.0168155
0.13954102,0.15015171
-0.82320553,-0.253584
-0.18480094,-0.17758028
0.2698671,0.36394802
0.379197,0.6055555
0.5711389,1.2049628
0.1866554,0.23111741
-0.4973613,-0.2981011
0.77850646,2.227572
0.62221485,1.4012182
-0.67989534,-0.3243552
0.65302235,1.5159321
0.945289,3.494245
0.27443823,0.37556458
-0.43638957,-0.27890915
0.21318766,0.26089507
-0.31492987,-0.212859
0.35189295,0.5321417
0.08959992,0.091489956
0.85898125,2.772904
0.23581709,0.30933753
-0.5720366,-0.32561815
0.45021975,0.7801093
-0.39824337,-0.2956873
-0.4552181,-0.30742818
-0.21644674,-0.1667987
-0.9760066,-0.054522336
0.9382813,3.4025745
0.064662226,0.05857628
0.5469878,1.0984713
-0.48429555,-0.31592327
0.49323627,0.9129016
0.134341,0.1471542
-0.15171166,-0.121559896
0.9413385,3.4517076
-0.0123125715,0.01001678
0.31491718,0.45133927
-0.9693156,-0.060537267
-0.3970896,-0.26532456
0.77738315,2.2206178
0.5179181,0.98762035
0.07350807,0.08490211
0.80031943,2.367664
-0.027558973,-0.04475779
0.13301413,0.1468602
-0.2356943,-0.18824653
0.24008007,0.32934135
-0.36199695,-0.25423995
-0.22901565,-0.19146857
0.93265253,3.3632932
-0.7773826,-0.26966512
-0.7894893,-0.294048
-0.913368,-0.1532136
-0.35991096,-0.2461238
-0.20354152,-0.16586037
-0.8109687,-0.26170498
0.09826199,0.096938565
0.16660306,0.20815173
0.5020534,0.9449685
0.95193624,3.5397267
0.23870449,0.31627217
-0.7766984,-0.2764203
-0.8229515,-0.24349998
0.5550937,1.1159648
0.30066827,0.41615868
-0.6761712,-0.31159276
-0.49328005,-0.30518365
0.5004808,0.9428846
0.13231157,0.14657556
0.17000012,0.21230027
-0.57998264,-0.3292533
0.25811598,0.3593906
0.5412572,1.0711398
0.7705045,2.1688123
0.47343466,0.85241526
0.1527513,0.18866584
0.3465186,0.5222693
-0.029777074,-0.028539192
-0.5462035,-0.3257288
0.76441395,2.1395328
0.06524526,0.06909077
0.18863662,0.22435598
0.9802178,3.807326
0.9700314,3.7106693
0.17262197,0.23195012
-0.93208545,-0.12440831
-0.20770492,-0.18005684
0.8745866,2.896326
-0.4233868,-0.29782072
0.99853736,3.9746644
-0.8313649,-0.25146607
0.13622837,0.14991334
0.03089872,0.024384985
-0.48929417,-0.32254276
0.89721423,3.0699704
0.23834242,0.2882563
-0.53954345,-0.3158402
-0.2319036,-0.19327165
0.44245887,0.75907683
-0.40460658,-0.27446824
0.7592124,2.1091866
-0.6686522,-0.32691243
-0.47098982,-0.29991168
-0.71020275,-0.29413635
-0.7916423,-0.27843708
-0.39936915,-0.27059448
0.9983575,3.9724708
-0.81134117,-0.24207236
-0.5739956,-0.3322077
-0.4567664,-0.30740097
0.23825938,0.32326695
0.4906914,0.91480696
0.5038673,0.94333786
-0.98272806,-0.032092217
0.30370092,0.42535445
0.26147375,0.33646572
0.035309363,0.038494542
-0.24158287,-0.19747798
0.5948884,1.2750883
-0.3122384,-0.2226346
-0.53997546,-0.3299496
-0.37980965,-0.26809445
-0.12070417,-0.09688188
-0.5718852,-0.32746622
0.21514249,0.2661876
0.76841843,2.1642394
0.19092025,0.24021558
-0.10666338,-0.087604776
0.59373754,1.2985542
0.49607724,0.9202395
-0.26588374,-0.2070298
0.20830694,0.24992798
0.4596857,0.8194494
-0.5090735,-0.31284815
-0.26745224,-0.21172284
-0.78844786,-0.27666828
0.9753606,3.756118
-0.8282447,-0.23747778
-0.66278774,-0.3313427
-0.040336102,-0.041843276
0.7305437,1.9391207
-0.28823596,-0.23759656
0.5371923,1.0535513
0.35206816,0.5284238
0.27732816,0.39716622
0.6900345,1.7131498
-0.9716594,-0.05409397
0.85830605,2.759606
0.65845233,1.5576998
0.87573445,2.8879976
0.5871758,1.2599682
0.75718284,2.0800683
-0.5938439,-0.3171802
-0.36154187,-0.25632268
-0.36955798,-0.2655584
-0.7816665,-0.26553982
0.4591585,0.8422677
-0.7276582,-0.29832572
-0.8949817,-0.18047494
0.5508937,1.1285577
0.80932635,2.4253497
0.5282467,1.0536728
0.65070444,1.5238603
0.19124335,0.248969
0.77549267,2.204921
-0.006593035,0.020017432
0.97664523,3.7690275
-0.7931699,-0.23724249
0.6183614,1.3877813
0.28277883,0.40021864
0.16129214,0.20918344
0.45162106,0.78141874
0.68058306,1.6832569
0.72576815,1.9093251
-0.64923805,-0.32220647
-0.6059281,-0.32561615
-0.967667,-0.05486056
-0.7363151,-0.29411653
-0.47223502,-0.3105606
0.44207165,0.7633323
-0.048464984,-0.06956781
0.5158071,0.99978614
-0.026928304,-0.009282754
0.11119491,0.12699321
-0.77786684,-0.29340148
0.55311656,1.1293013
0.51625305,0.98375434
-0.38487682,-0.2699928
-0.34284383,-0.24492927
-0.5606371,-0.31828144
0.62767935,1.4349846
0.4940136,0.91965073
0.21829547,0.28035522
-0.5223558,-0.3102098
-0.65629333,-0.32344508
-0.8994623,-0.17046963
-0.90877706,-0.14684731
-0.6257277,-0.3371758
-0.79893494,-0.26398152
0.11221535,0.11260148
-0.28381974,-0.22518803
-0.110108435,-0.10430592
0.18813437,0.22159846
0.31820348,0.4729337
0.29640344,0.42819735
-0.47828683,-0.29347014
0.61925405,1.3853734
0.83541936,2.5991693
-0.3681233,-0.25609457
-0.9658692,-0.0624358
0.7983084,2.3517454
0.84709746,2.6620014
-0.8981071,-0.15775776
-0.9900868,-0.013196491
0.6328096,1.4469693
-0.3970733,-0.26899412
0.8291643,2.565431
-0.5665129,-0.33135727
0.72230923,1.8908956
-0.8627115,-0.21666999
-0.4787263,-0.29211605
0.94625777,3.5004642
-0.5376067,-0.32857138
-0.73397404,-0.2942554
0.7141093,1.8510599
-0.7643984,-0.29218253
-0.8050878,-0.2573894
-0.35314974,-0.24834037
0.270657,0.37850478
0.42149276,0.7289112
0.7624776,2.1260693
0.08182305,0.086732805
-0.21316443,-0.16972524
-0.28233248,-0.22060171
0.69380546,1.73501
0.4476306,0.7685885
0.810858,2.399498
0.9280709,3.3379614
-0.39989832,-0.29473662
0.059348237,0.05429336
0.26364163,0.3592291
-0.6723021,-0.32310587
-0.89330596,-0.14987473
0.7355278,1.9520402
0.07104702,0.098866016
0.14154844,0.17862774
0.10982869,0.13245228
0.50992143,0.98453444
-0.7089961,-0.30598685
0.22809689,0.27766696
-0.061040975,-0.052380014
0.79391634,2.3071027
0.039241876,0.035560977
0.8858699,2.9809117
-0.29349402,-0.23432723
0.93378943,3.3897612
0.7503159,2.0505002
0.16852657,0.20661385
-0.29258013,-0.22478901
-0.24815328,-0.19680063
0.54550415,1.0850892
0.1612627,0.18039799
-0.19682483,-0.1657467
0.27210993,0.36212313
0.46646678,0.84683865
-0.95419896,-0.09725937
-0.8202744,-0.22324866
-0.81102914,-0.25105074
-0.5361324,-0.31948543
-0.14601912,-0.13275896
0.6072998,1.3426853
-0.29780194,-0.22970437
-0.96504444,-0.06214546
-0.033276293,-0.02378637
0.99325716,3.939718
-0.301958,-0.21759932
0.922509,3.2882266
-0.79730976,-0.27385354
-0.65380067,-0.34389576
0.44824415,0.7817098
0.0024248979,0.004685424
0.53024364,1.0587937
0.7271167,1.9186051
-0.49783024,-0.30820793
0.36565834,0.57390416
0.21520248,0.27875996
0.7230701,1.9057344
-0.1397922,-0.13078235
-0.8962591,-0.17743033
0.14837225,0.17133191
0.9177566,3.2207296
-0.97073764,-0.05556985
-0.51948404,-0.32357967
-0.36786443,-0.26078638
0.5316778,1.0419123
-0.35344616,-0.26722422
-0.5218323,-0.3043622
0.29711604,0.42024097
-0.9071894,-0.14486147
-0.65880626,-0.32050598
-0.18393955,-0.15054448
-0.28880006,-0.23613559
-0.30566835,-0.21928398
-0.78288996,-0.26536587
-0.27831995,-0.21660523
0.59598553,1.2919236
-0.17231159,-0.13682882
0.17234237,0.20432536
-0.6728412,-0.3356111
-0.8605773,-0.21237604
0.7599121,2.1111934
-0.33725482,-0.24926107
-0.29932553,-0.215345
0.7553757,2.0729566
0.4155427,0.6814565
0.51252544,0.96826065
0.36400697,0.56658334
-0.7884155,-0.28576988
0.91599166,3.2350137
0.8182726,2.4747286
-0.52755976,-0.3263399
0.60798836,1.3567243
-0.18120714,-0.14091723
0.36753392,0.5717011
-0.668794,-0.3336965
0.0771085,0.10369226
-0.7467674,-0.29652616
0.072334334,0.080448255
-0.5128121,-0.3064174
-0.09506694,-0.10643568
0.33593872,0.4930417
0.75414914,2.0745912
-0.669422,-0.31915754
0.78653824,2.261449
-0.2199247,-0.17659217
0.68759316,1.7093232
0.025095837,0.042415015
0.72441715,1.9147544
0.32564813,0.47478208
0.017432282,0.01578086
-0.37492272,-0.25715336
0.93781817,3.4184961
0.6017953,1.2993444
-0.23762563,-0.17045113
-0.66655284,-0.33090737
0.5590708,1.1688579
0.97988856,3.8071694
-0.4420501,-0.30119208
0.83172613,2.5537293
-0.7492586,-0.28557062
0.9044125,3.115708
0.49067783,0.9111211
-0.30680755,-0.21335979
-0.39073634,-0.28578424
0.28687072,0.40692648
0.18701428,0.22163653
0.8378734,2.6322994
0.53248626,1.048064
0.080729745,0.08762502
0.8551317,2.7584968
0.18546127,0.23367226
0.69936967,1.7617514
0.6818853,1.6979735
0.8383897,2.6092951
-0.8647959,-0.20161109
0.16763933,0.19301456
-0.063214816,-0.074327596
-0.018915232,-0.029905897
-0.08017879,-0.07471666
0.6749334,1.6489336
-0.3631342,-0.2511749
-0.074497834,-0.0545702
-0.5986349,-0.32359874
-0.49656677,-0.31606188
0.32084018,0.47779185
-0.7661281,-0.29048985
-0.6243564,-0.34191844
0.05606912,0.06878913
-0.91245395,-0.13314989
-0.746146,-0.30308238
0.72670585,1.9370809
0.6922935,1.7388902
-0.3044478,-0.22704737
-0.30401736,-0.23631427
0.8730309,2.8917189
-0.9483177,-0.10833116
0.16059102,0.18778925
0.19478115,0.23421857
0.57577413,1.1949817
0.90350103,3.1323543
-0.28834483,-0.21885177
-0.124333054,-0.10251048
0.34259695,0.5111745
0.93454325,3.3967454
0.7815847,2.2438488
0.334106,0.4907671
0.71344715,1.8383026
-0.82959116,-0.25849235
-0.24574612,-0.18490505
-0.973815,-0.039171718
-0.64505553,-0.29495424
0.26098514,0.34816813
0.77112323,2.1712062
0.26556063,0.34277013
0.32827622,0.4926313
-0.7923568,-0.26052448
0.32972097,0.50161976
-0.09130657,-0.092827804
0.30288047,0.4379815
-0.34765378,-0.25942168
0.16297188,0.20800282
-0.1518614,-0.12640773
0.11727411,0.117272444
-0.705821,-0.3123913
-0.20835029,-0.19158162
-0.25144267,-0.21175194
0.47278905,0.84093827
0.41281903,0.6762244
0.8177174,2.477637
0.2641112,0.35880047
-0.37090573,-0.26428932
0.56644934,1.1717834
-0.006004713,-0.0026450173
-0.61301357,-0.3388727
0.49482295,0.92151314
-0.7349372,-0.28568017
-0.6436933,-0.32604033
0.51751184,1.0006031
0.5402894,1.0791487
0.5815625,1.2394826
-0.41334975,-0.281052
0.7331749,1.9622439
0.44533628,0.7763872
0.66793483,1.6176733
0.41721097,0.6986177
0.15919292,0.17914398
-0.7812105,-0.2869394
0.42187244,0.7030754
0.38092154,0.6178657
-0.37501773,-0.26905867
0.47163954,0.8515735
0.10090911,0.0925499
0.11881248,0.13674279
-0.26479065,-0.20746705
-0.7664299,-0.3109044
-0.5661431,-0.32144344
0.5376633,1.0492322
-0.4571169,-0.30726925
-0.9954939,0.0010135005
0.9940348,3.9422774
-0.5786355,-0.32993534
0.3107663,0.4413406
0.853844,2.7327213
0.19942547,0.25031784
0.5980612,1.2855779
0.9527434,3.5604875
0.72072685,1.8729033
0.115808174,0.11368217
-0.27259415,-0.20310923
-0.0350711,-0.03825196
0.68365234,1.6897079
0.7067092,1.815089
0.6917098,1.7228614
0.1944488,0.24241239
-0.046088163,-0.03757528
-0.3773239,-0.25196892
-0.99327826,-0.018374233
0.52897054,1.0304555
-0.44600344,-0.2906009
-0.3406442,-0.24858272
0.6869624,1.704405
-0.8954977,-0.15269923
0.85524064,2.7304063
-0.9972761,-0.019635577
0.8783382,2.9059043
-0.09048302,-0.07095281
-0.79575473,-0.2602995
0.34832275,0.5129263
0.7917129,2.3064346
-0.12385437,-0.110455826
0.38271582,0.5846058
0.95872545,3.6058245
-0.5185984,-0.3285726
0.64089894,1.490684
-0.40952578,-0.29383886
-0.1473248,-0.12615514
-0.43646827,-0.27987522
-0.1079765,-0.08769494
-0.9898219,-0.014873317
-0.39312232,-0.27626145
-0.10941187,-0.11360842
0.26448038,0.35343266
0.27472278,0.37436548
0.16757123,0.19816704
-0.41393635,-0.29949498
0.89480865,3.057386
-0.21606036,-0.18909436
-0.5662121,-0.30889842
0.10902588,0.12382998
0.49785733,0.94034725
-0.9755328,-0.036997423
-0.447312,-0.2759112
0.6499557,1.5272433
0.014042187,0.010341564
-0.1830234,-0.15824243
0.8618026,2.8111398
-0.8209298,-0.25927624
0.2311404,0.29098824
-0.31562257,-0.23515294
-0.8583532,-0.21268971
-0.57251096,-0.31528455
0.25586644,0.3289841
-0.94344616,-0.101516224
0.18449762,0.22410575
0.9137008,3.1976032
0.59019214,1.2742168
-0.30880585,-0.23471695
-0.7235847,-0.30607077
-0.069871135,-0.073553465
-0.21409912,-0.17967217
0.94346595,3.4555109
0.9797361,3.8100634
-0.17883068,-0.14121844
-0.70243204,-0.295354
0.8212191,2.5086079
0.58708453,1.2495061
0.022548413,0.018378934
-0.26929072,-0.20613626
-0.10366835,-0.09191123
0.8037624,2.384672
-0.6307131,-0.32818785
0.61356705,1.3744553
-0.96361876,-0.071929336
0.84114397,2.6578517
0.0005945593,0.002416275
-0.5465043,-0.32553697
-0.994287,-0.019148666
0.119092934,0.13362108
-0.51102424,-0.3100995
0.26252866,0.35052377
-0.43766144,-0.28475308
-0.82395196,-0.24780218
0.010103259,0.008958532
0.12897147,0.13516012
-0.09481995,-0.081006035
-0.08392889,-0.08009817
0.17930025,0.23403531
0.05270702,0.062687285
-0.73486495,-0.29921138
-0.6058287,-0.314195
-0.7164179,-0.3033867
0.38659117,0.6262397
0.057196826,0.052042406
-0.14028975,-0.11837038
0.596678,1.2969155
-0.34841067,-0.27002612
0.13621333,0.17270522
-0.8511848,-0.23004636
0.48880816,0.8886337
0.39038488,0.5970191
0.6047593,1.3301737
0.7689519,2.1481
0.51605654,0.9855583
0.6889798,1.7244393
-0.30869082,-0.23181523
-0.3133253,-0.24251163
0.88860166,2.9874477
0.82914907,2.558231
0.09699468,0.11595643
-0.26688242,-0.20258369
0.73200303,1.9650393
-0.35317773,-0.26347256
-0.69272983,-0.32816935
0.27898535,0.38768983
-0.91475636,-0.14111266
-0.24179618,-0.19409789
0.61532766,1.3628315
-0.4095676,-0.30892032
0.86263096,2.7923412
0.91164935,3.1967351
0.6316326,1.444597
0.97528666,3.7685516
0.061528224,0.06901302
0.13839911,0.16793142
0.67233366,1.6402636
-0.014389489,-0.013980617
-0.18655999,-0.15676217
0.22950718,0.26795557
0.31531903,0.44941577
0.50179166,0.93720174
0.3364014,0.49935496
0.4914436,0.9006793
0.34911934,0.53778726
-0.039109524,-0.04645255
-0.73013085,-0.29105562
0.57088643,1.1794627
-0.9384417,-0.11468217
0.9850002,3.845437
0.656917,1.5532072
0.34182122,0.52404034
0.93321353,3.3719993
0.22494057,0.28646407
-0.88713425,-0.18634574
0.11876435,0.13214551
-0.44559163,-0.29392546
-0.26104495,-0.20819719
-0.08082969,-0.07628457
0.5492015,1.1176115
0.005858429,0.008629447
-0.050639417,-0.059707195
-0.39605573,-0.2775685
0.07974448,0.081267715
-0.5032183,-0.30808392
-0.47801238,-0.30550066
0.51451755,0.99683744
-0.31490546,-0.24453437
-0.89720064,-0.16839944
-0.31264544,-0.2465451
0.2771444,0.3807222
0.6279712,1.4101024
0.92387336,3.297729
0.49244085,0.91260546
-0.14229678,-0.12296784
-0.40176144,-0.27126315
-0.74074,-0.2951701
0.25537288,0.3287277
0.019766629,0.014606496
0.35540304,0.54175854
-0.5257337,-0.3215347
-0.35271168,-0.25876826
-0.4158093,-0.26869622
0.59530365,1.2872509
-0.6575404,-0.31871757
0.21694423,0.25634655
-0.89729,-0.15890183
0.09905515,0.13845488
-0.87217206,-0.1828386
-0.6482468,-0.32824543
-0.7739494,-0.25693685
-0.30654928,-0.23227823
-0.31253716,-0.2327794
0.6528386,1.5362461
-0.5486251,-0.3251045
-0.8272265,-0.26320636
0.20702358,0.26846692
0.3749014,0.58492994
-0.41035277,-0.28458807
0.20562823,0.261127
0.5521131,1.1140169
-0.30489412,-0.22899687
0.05070768,0.06544655
-0.70673347,-0.30673438
-0.9527064,-0.08748779
0.96273595,3.6397538
-0.4005383,-0.2766221
-0.4421959,-0.30321112
0.9464903,3.4948564
0.45646706,0.8102002
0.17059578,0.20638567
0.3986468,0.6419327
0.41985312,0.69834244
0.52667177,1.033608
-0.86562157,-0.21448189
-0.17433716,-0.15648323
-0.40973938,-0.29852587
-0.85886073,-0.21029514
-0.174802,-0.14003494
0.23234697,0.31510457
-0.64300466,-0.30897146
-0.38994652,-0.28096586
0.27834165,0.3858825
0.15864931,0.18442245
0.73757094,1.9952526
0.58246195,1.2474642
0.9312221,3.3596013
0.19438662,0.23475213
0.39693475,0.6073757
0.72101253,1.8716141
0.67998487,1.6520472
0.4374433,0.7346626
0.00051241874,0.019301157
-0.45358622,-0.31178808
0.7544315,2.0663373
0.5533109,1.1133859
0.6758139,1.6757817
-0.71842134,-0.30732554
-0.37037423,-0.25524443
-0.15022993,-0.12878813
0.67670393,1.6343682
0.78577334,2.284939
-0.43021458,-0.28648883
0.37285835,0.58182806
-0.8443716,-0.20749614
-0.18085346,-0.15645652
-0.026661785,-0.027413534
0.5312656,1.0396651
0.7839445,2.2687595
-0.32543352,-0.23463772
0.05547778,0.061521973
0.29489645,0.40455076
-0.34262553,-0.25537628
0.9710764,3.7084887
0.75154877,2.0714996
-0.40719435,-0.29715812
0.015892463,0.032092825
-0.53831875,-0.3076764
0.029007837,0.02068912
0.36666468,0.5643133
-0.8289578,-0.24634284
0.74023443,1.9983388
0.18749173,0.24459603
0.9792058,3.8081932
-0.948817,-0.096611895
0.6629967,1.5997564
0.5839261,1.2519754
-0.73429495,-0.30219316
-0.32938874,-0.24495246
0.7695924,2.183877
0.03690859,0.048906587
-0.19743702,-0.15238462
0.81099284,2.4605353
-0.813311,-0.24679933
-0.053754434,-0.047755223
0.3047482,0.44812655
0.21708287,0.29653683
-0.47144708,-0.31068307
0.1266258,0.14292873
0.41712353,0.68377924
0.16977082,0.20774433
0.36892444,0.5826594
-0.48784253,-0.31880337
0.6656979,1.6115811
-0.100620925,-0.09594586
0.97444767,3.745575
-0.95342934,-0.07346492
-0.23936926,-0.19875531
-0.6390499,-0.3389002
0.111219056,0.13255405
-0.5135898,-0.31702724
0.4749559,0.8705494
0.7637317,2.1410446
-0.5782313,-0.34290442
-0.6786448,-0.30537212
0.75071436,2.073979
-0.27745616,-0.20557109
-0.13083273,-0.10492342
-0.558061,-0.3259138
-0.14937027,-0.13466062
-0.5373998,-0.3182725
0.33185488,0.49985608
-0.002247175,0.0067051994
0.5761209,1.2050495
-0.37454376,-0.27251515
0.011190031,-0.00358487
-0.48095337,-0.30091316
0.86894786,2.8463686
0.043871336,0.042873725
-0.653075,-0.30592212
-0.45446867,-0.29315025
-0.8341961,-0.23133364
-0.944368,-0.09108931
0.05184365,0.06888412
-0.32575417,-0.2591203
0.9275469,3.3204334
-0.6573372,-0.32489297
0.5878253,1.2460938
-0.3680571,-0.2667515
-0.5529252,-0.33828548
0.93927366,3.4377291
0.6051532,1.321912
0.2612418,0.35398537
0.39424208,0.6356152
0.98276293,3.8361492
0.18641482,0.20424202
-0.7961991,-0.26062927
-0.87026775,-0.20116065
0.33321357,0.49763855
0.3152023,0.4439473
0.49634758,0.9298195
-0.7824425,-0.26145637
0.88980454,3.0148304
0.10231683,0.10679387
0.29911104,0.41660824
-0.9302952,-0.11520456
0.92194843,3.283761
0.1251837,0.14662741
0.12672623,0.14470358
0.88711065,2.9935453
0.85870034,2.772303
-0.5594028,-0.32740876
0.86219764,2.8067226
0.47324258,0.85644644
-0.96219856,-0.057141665
-0.5203137,-0.30598855
-0.1740397,-0.14532924
0.16564491,0.20433481
0.40265948,0.646795
-0.57957923,-0.3262938
0.67340106,1.6412973
0.6914306,1.7127931
0.26999763,0.37218726
0.8421878,2.6423018
0.6259649,1.4081066
-0.5567527,-0.328569
0.59735376,1.2943636
0.90640414,3.1343398
-0.7247871,-0.29568955
0.9573958,3.5935
-0.9500144,-0.07109553
0.04433449,0.049391843
0.5477863,1.1079804
0.58087623,1.2196028
0.46934515,0.829727
0.058702745,0.06855448
0.30192864,0.41799104
0.39986438,0.6556746
-0.010921552,0.006261685
0.19136995,0.24579974
0.6927361,1.7410444
-0.37424195,-0.2642892
0.046412654,0.04483181
-0.9830406,-0.033928525
0.3748728,0.58217746
-0.6092291,-0.33958474
-0.03799749,-0.036252182
-0.57958955,-0.3144397
-0.9529326,-0.09846935
-0.033558898,-0.018484259
-0.1503328,-0.11844776
-0.14970097,-0.12617324
-0.5823877,-0.32165346
0.8944092,3.0479612
-0.9929857,-0.013412641
0.7830909,2.2479548
0.47380385,0.8553704
-0.65585595,-0.3213987
-0.05561603,-0.033872906
0.9777002,3.7875757
0.28739646,0.39845937
-0.7452465,-0.29628676
-0.08471552,-0.08522786
-0.063593805,-0.06527475
0.60452664,1.3335673
0.8323259,2.5766854
-0.8355169,-0.23954089
-0.3719254,-0.27183515
-0.40312374,-0.28700882
0.99209625,3.9328566
0.11845423,0.13577162
0.759663,2.1053503
-0.1479343,-0.12851547
0.4454463,0.7737996
-0.4268287,-0.29668918
0.82357204,2.5066032
-0.089707516,-0.068932205
0.607451,1.346634
-0.48836625,-0.30567974
0.38720867,0.62686473
-0.18968318,-0.14009003
-0.93712115,-0.11602693
-0.1739835,-0.15926382
0.10004328,0.11776858
-0.69647676,-0.3286095
-0.6321738,-0.32507956
-0.070274405,-0.06864289
-0.31454057,-0.23019695
-0.118518926,-0.11076243
-0.07834602,-0.060653444
-0.7198479,-0.3136357
-0.63761085,-0.31794348
0.6963308,1.747283
-0.67456263,-0.31393614
0.33182865,0.48045444
-0.1629439,-0.14025567
0.93647337,3.4170456
-0.8677913,-0.19997801
0.66077775,1.5883927
-0.017101537,-0.017076736
-0.98929524,-0.026005281
-0.47267956,-0.3032235
-0.1846063,-0.14947273
-0.3716105,-0.2848188
-0.27510107,-0.20928988
0.8333438,2.57941
-0.27813193,-0.22819032
-0.16234124,-0.13418467
0.5222631,1.025256
0.5876671,1.2574046
-0.83182067,-0.25024602
0.40814006,0.6637484
