x1,x2,y
-0.765633,-0.6809135,-0.235499
0.0022193443,0.39960775,0.15712667
-0.5211945,-0.17710395,-0.4539848
0.72407717,0.056368943,0.67851126
0.8965824,-0.99216545,1.6238117
-0.7099125,0.28017056,-0.57132995
-0.22135657,-0.6993632,0.24790488
-0.2565477,-0.5638244,0.051329184
-0.81634617,-0.8618498,-0.054545432
-0.9604374,0.685296,-0.36758637
0.53182185,0.85170066,1.17808
0.12756231,0.96954334,0.92980677
-0.48661128,-0.62244433,-0.07389533
-0.8823072,-0.59562397,-0.41865093
-0.67576474,-0.3400127,-0.5129316
-0.343363,-0.076683775,-0.32489866
-0.1447217,0.72382003,0.37605304
0.43162543,0.2399881,0.4782988
0.8005788,0.24103184,0.78196865
-0.0017162135,0.3446652,0.1268947
0.54939747,0.58402276,0.85748595
0.9629693,-0.35069424,0.94717056
0.39386714,-0.42593312,0.5517518
0.04859713,-0.054472797,0.04569918
0.3843504,-0.37778425,0.51450443
-0.8316161,-0.3387032,-0.6354202
0.37630254,-0.6118536,0.70298487
-0.2009353,0.5766462,0.13954088
0.8134502,0.2299971,0.7812334
0.8843029,-0.6412035,1.1874115
0.9490095,0.46656728,1.0118121
-0.7148174,0.6589514,-0.230932
-0.29000002,-0.023360036,-0.27502775
0.7446315,-0.3666869,0.8258582
0.04854161,0.80819887,0.640528
0.46408775,0.4266276,0.6041901
-0.9263743,-0.77526903,-0.22708336
0.49368873,0.81928784,1.1061755
0.79529846,-0.61706764,1.0847255
0.09574303,-0.34087905,0.22173916
0.008817732,-0.22158064,0.07407477
0.7675726,0.16402233,0.7223107
-0.87202877,0.74603766,-0.24790582
-0.32792497,-0.014368742,-0.31006184
-0.9481468,-0.5777754,-0.47479382
-0.80939114,0.70629257,-0.23974513
0.53676105,-0.30808505,0.6064894
-0.30840373,-0.47037554,-0.07701801
-0.99726975,-0.33243787,-0.72247964
0.24708116,0.13167804,0.2655094
0.8072369,-0.5982892,1.0840572
-0.48577976,-0.9439169,0.31390324
0.7031643,-0.10374465,0.6494564
-0.07945537,-0.0010348028,-0.06633926
0.9733421,-0.743329,1.3468769
0.6507267,-0.8205033,1.241174
0.98367953,0.054406334,0.85069263
-0.4831713,-0.53076214,-0.19132796
0.64504284,-0.045458335,0.59153295
-0.7744909,-0.1401167,-0.6678727
0.18835635,0.038539194,0.1999197
0.90348196,0.107929744,0.8015349
-0.18784626,0.6525055,0.22242635
0.6048509,-0.06158713,0.57141525
-0.5607306,-0.7198306,-0.033003062
-0.92146826,-0.5992942,-0.44602996
-0.36686802,-0.31919524,-0.26835442
0.46214497,0.35537234,0.5714937
-0.2116357,-0.77533686,0.370856
-0.519877,0.3682518,-0.35711703
0.17147267,0.3421187,0.29612043
-0.27202934,-0.81845367,0.37010482
-0.3627553,-0.8242492,0.29809642
-0.59427476,-0.5800726,-0.23323452
0.706171,0.047061753,0.6543866
0.45839295,-0.68616813,0.88761675
-0.20907383,0.568838,0.110260084
-0.21008468,0.19791636,-0.1782151
-0.8156821,0.65182847,-0.30334708
0.5186886,-0.2231598,0.53102976
0.95947653,-0.12313151,0.8506502
0.21893622,0.024347357,0.20620312
-0.4401156,-0.10460104,-0.41014278
0.0039410805,-0.24461514,0.0574426
-0.40857595,0.47830737,-0.17056282
-0.6849048,0.43212745,-0.44110084
0.79672724,0.7555496,1.2668464
-0.20946157,-0.5607783,0.09832562
0.7200717,-0.10255729,0.6617853
-0.32812378,0.8000557,0.27850464
-0.7704258,-0.6319304,-0.3046917
-0.09966503,-0.11591422,-0.082899034
-0.72599673,-0.42184103,-0.494253
-0.26487973,0.45464516,-0.04465268
0.97961485,0.9107638,1.5467185
0.3374825,-0.39668766,0.48420078
0.10897165,-0.16842505,0.13431345
-0.9767198,-0.33789662,-0.71915686
-0.25403747,-0.6473089,0.15158579
-0.9378246,-0.099557444,-0.7996951
-0.98770386,0.77745485,-0.27267054
-0.7763036,0.44024524,-0.51935357
0.054660123,0.7461846,0.57995504
-0.44654703,0.6515972,-0.01990658
0.8809908,-0.330694,0.8716516
-0.9355968,0.69402915,-0.3448981
-0.54734266,-0.014485686,-0.5045753
0.13334358,0.48634654,0.36088613
-0.14522398,0.40406922,0.020131188
0.19524923,-0.39223298,0.36121073
-0.1627543,0.26518413,-0.09681729
0.5383939,-0.54987985,0.81265515
-0.8719111,0.45426005,-0.55779344
-0.6034048,0.7696018,-0.015331533
-0.24788883,0.5368344,0.020558065
-0.46104643,0.22471648,-0.38442227
-0.5734589,-0.13586481,-0.52075565
0.4427002,0.612273,0.8005251
0.24097417,0.17584573,0.2584971
-0.59294814,-0.97994953,0.25391224
-0.5797794,-0.6225318,-0.15517882
0.554233,-0.9435949,1.3053242
-0.002713062,-0.3252512,0.11637661
-0.5265916,0.48978126,-0.25095487
-0.48579097,-0.4798285,-0.25137052
0.64833474,-0.080149196,0.60408133
0.36710843,0.9911327,1.1880012
0.41574076,0.22335258,0.43570834
-0.27789035,-0.51469606,-0.004265738
-0.7099904,0.3560414,-0.5400645
0.9257907,0.087047204,0.8056127
-0.15814467,0.90954715,0.5533899
-0.43965277,-0.38698485,-0.2722601
0.47225302,-0.23466296,0.5213174
0.2305785,0.22805925,0.282627
-0.28463137,-0.04186616,-0.28366137
0.99462664,0.84034765,1.494617
-0.8478346,-0.34409383,-0.6270405
0.624761,-0.8703095,1.2659621
0.37207693,0.2869687,0.46006268
-0.1030922,-0.52974313,0.17242497
-0.93138665,-0.92505217,-0.038544264
0.9180324,0.80781215,1.4068106
-0.1772581,0.45966458,0.035268478
0.7921143,0.11291817,0.7234488
-0.90163743,0.6366665,-0.38848814
0.45637408,0.6507271,0.8408607
0.7654449,-0.40091705,0.863713
0.6943672,0.9061156,1.3839314
0.729406,0.9694644,1.485771
0.27020735,-0.18559408,0.306587
-0.36449072,0.8229231,0.2635457
-0.62573177,-0.0451761,-0.5912202
-0.5266264,0.80401003,0.0896196
0.13330597,0.6606808,0.5326119
-0.44726136,0.93687016,0.33169585
0.6690735,-0.07548342,0.6418524
0.94823414,0.27783418,0.8990632
-0.57634526,-0.82616997,0.08424074
-0.8281351,-0.43042538,-0.5417802
0.34241888,-0.89227515,1.0474098
-0.049171783,0.26669258,0.024792146
-0.33255142,-0.8821391,0.37374723
-0.8796494,0.6026086,-0.411176
-0.48862734,0.6810546,-0.015146144
-0.35016254,0.869747,0.32157296
0.9905019,0.59544206,1.1860869
0.19711503,-0.9296574,0.9477085
0.14269039,-0.89762753,0.86311334
0.77235353,-0.5388901,0.9724509
0.28382868,-0.052089512,0.30010045
0.096945226,-0.21617535,0.16177174
-0.48551682,-0.91086847,0.27607176
0.048412833,-0.9035489,0.7782918
0.8412446,0.65155005,1.174309
0.8990219,0.25175655,0.85514224
0.77232087,-0.8180264,1.3146605
-0.3108512,0.68095946,0.14719236
-0.74832124,-0.31207523,-0.5942115
-0.24226765,0.36359814,-0.1127771
-0.5354376,0.4295193,-0.32326034
-0.69193625,0.08267116,-0.6294517
0.2406341,-0.14088935,0.24974377
-0.53604245,0.87251395,0.16897911
-0.43138644,0.744033,0.1045723
0.38871345,0.29795155,0.4591185
0.9282731,-0.63311917,1.1849711
-0.10018263,0.72649586,0.3934941
0.56012917,-0.65044487,0.92748535
-0.5274384,-0.4875261,-0.252329
-0.2527594,0.20550235,-0.18545884
-0.06365914,0.44476324,0.12860817
0.17957513,0.6392907,0.5794579
0.74417925,0.48500085,0.90493715
0.5943306,-0.7580666,1.0896502
0.49661842,-0.3222534,0.569596
0.29058108,-0.27614954,0.35425416
-0.9092085,-0.9987263,0.051941797
0.35206097,-0.10049798,0.33683044
-0.2167501,0.7442602,0.32085082
-0.6192394,-0.32715732,-0.4833794
0.4256656,0.1338397,0.4362951
-0.48976845,-0.28904045,-0.40603575
0.33531263,0.63298076,0.72461694
-0.28416193,0.8091268,0.32767594
-0.21071105,0.15657485,-0.18088244
0.52055234,0.7093552,0.97848576
-0.4502265,0.038162354,-0.42897934
0.51485693,0.24299118,0.5506355
0.7105049,-0.62825686,1.0380298
0.76089317,0.15501319,0.7144016
0.9555682,-0.88434863,1.5234714
0.28680348,-0.9404906,1.0494903
-0.3438466,-0.96280336,0.46173057
-0.99687946,0.21940763,-0.8126889
-0.3013917,-0.23766916,-0.24797499
-0.38419273,0.9579167,0.42162177
-0.6565242,-0.37711796,-0.47113252
-0.5650321,0.17509647,-0.4963027
0.35548806,0.52111465,0.62739223
-0.07924532,0.40558568,0.095434405
0.598169,0.26612702,0.61975193
0.0984069,0.7344982,0.6129881
0.26326945,0.060160495,0.26277983
0.16466758,-0.27747032,0.23887534
0.109237,-0.16279987,0.122647695
0.82563055,0.8669455,1.4224292
-0.051127553,0.4144825,0.11583759
0.2881797,0.43376336,0.48154637
0.12265776,0.3582302,0.2518996
0.15778153,0.42747167,0.33664605
0.8320545,0.111536905,0.74726146
0.56682116,-0.2840229,0.6184488
-0.6896195,0.7794712,-0.05245984
0.4182611,-0.63037604,0.7866268
-0.28956708,-0.2590595,-0.22582282
-0.6753385,-0.8334265,0.01914502
-0.40041453,0.18394451,-0.3354633
-0.052448872,0.0032184778,-0.042027667
-0.40034816,0.48764348,-0.1678437
0.6038537,0.7004673,1.0310111
0.17501879,0.8094621,0.7743948
-0.7232547,0.23480305,-0.5710789
0.12342387,-0.11291477,0.13964103
0.09729087,-0.86890805,0.79480404
0.42406556,-0.07682666,0.40714815
0.651619,0.5130322,0.86218125
0.5157969,-0.41127142,0.6590645
0.29844415,0.60145295,0.6517961
0.12547973,-0.7196636,0.62911296
0.49270135,0.6747835,0.92786527
-0.7664289,-0.07479904,-0.69589734
-0.65897495,0.1373157,-0.5867289
0.90543634,-0.96024704,1.5933291
-0.60980654,-0.27189377,-0.49386844
-0.7945786,-0.5500155,-0.41256768
0.41637412,-0.9761706,1.2243059
-0.5688787,-0.13866048,-0.5017037
-0.15389477,0.51709974,0.11970826
-0.93181086,-0.74728304,-0.27910239
-0.5973865,-0.18004945,-0.52291983
0.2498711,-0.67780215,0.69127166
0.1261321,0.48986602,0.35915878
0.86284196,0.04200078,0.76815957
-0.5757208,-0.7885105,0.04019842
-0.22426231,0.8280497,0.42451513
-0.12585604,0.44046095,0.054550815
0.9780476,0.7424948,1.3589936
0.78645027,0.91351974,1.4330081
0.4556739,0.998642,1.2747599
-0.6014963,-0.24253713,-0.51871294
0.38777342,0.01920071,0.37644374
0.13336691,0.4492744,0.33019093
-0.56408274,0.06846256,-0.5535213
-0.5923864,0.5487284,-0.27614
0.5485928,0.4280384,0.7047407
-0.0064510894,0.07673799,0.016553123
0.58378863,0.56373745,0.8707986
0.9890589,0.33648908,0.93929833
0.8262982,-0.31180644,0.83381
0.8511428,0.8129305,1.3671227
0.864053,0.2714627,0.83656484
-0.45356902,-0.2519537,-0.3691739
-0.60752416,0.82468474,0.04452715
-0.48389447,-0.8387918,0.19586349
-0.7745206,-0.19893229,-0.65483564
0.7273079,0.7135006,1.1416838
-0.043755356,0.848458,0.61794597
-0.09083639,0.4304727,0.08601555
0.3719223,0.28666246,0.43309316
-0.5153038,0.90493524,0.24845804
0.5423306,-0.67642003,0.9509006
-0.53704077,0.18253298,-0.46517482
0.929103,-0.9426975,1.5541898
0.29368064,0.76082,0.8290336
-0.4283663,-0.7374402,0.093807265
0.8393614,0.5544489,1.0413412
0.90073985,0.007429927,0.7715104
-0.6646311,-0.060910396,-0.60760844
-0.5938334,0.74893105,-0.015054257
0.93106294,0.31427884,0.91522557
-0.99538887,0.519326,-0.57254463
-0.22826968,0.24447742,-0.17047988
-0.94401693,0.5049274,-0.54788023
0.3265379,0.41744652,0.5052356
0.4964046,-0.3492376,0.58894616
0.33811194,-0.6721271,0.7631838
-0.106808536,-0.84549725,0.5437697
0.29075685,0.8492192,0.94946516
0.6367932,-0.7479849,1.1268241
-0.06959377,-0.9231644,0.6911458
-0.96868473,-0.81193364,-0.20968091
0.72079206,0.43098602,0.8629961
0.8280933,0.8180206,1.3586859
0.075733215,-0.23833567,0.12801278
-0.058646005,-0.5659162,0.24364758
0.9424115,0.77265763,1.3721763
-0.33131164,-0.029481748,-0.32660154
-0.12732595,0.35605043,-0.009716707
0.17642531,-0.050912425,0.17938156
-0.024307892,-0.4583623,0.18921396
-0.21674988,0.94818765,0.56906813
0.67967963,0.9615088,1.4330866
-0.21817203,-0.45686674,-0.008379805
0.7419378,0.25729904,0.75706017
-0.03243033,0.5469361,0.25363094
0.48583642,0.41012743,0.6270517
-0.94174176,-0.87560654,-0.119405404
-0.055000495,0.7036949,0.4195485
0.47588474,0.9477206,1.2418928
0.72045493,0.5910296,0.9915781
0.6508876,0.23133314,0.644576
0.92904747,-0.21945569,0.87360525
-0.64511544,0.15369067,-0.56994796
0.8521697,-0.09551505,0.7610597
-0.57199776,0.1316864,-0.5401096
0.59693086,0.5928463,0.87402683
0.5814388,0.14859469,0.576052
-0.3410519,0.6285204,0.06884368
0.50847185,0.29014096,0.5701213
0.74378103,-0.074489884,0.6864832
-0.69660485,0.17140241,-0.62305194
-0.19165993,-0.532906,0.08947409
0.19614542,-0.08411242,0.19648081
-0.6611659,0.3371004,-0.49448302
-0.644471,0.9187151,0.16870476
-0.5314646,0.319051,-0.41619045
0.3527026,-0.29020494,0.4183441
0.1531317,-0.48519197,0.38724902
-0.070793524,-0.8669714,0.60475725
-0.47543627,-0.2881105,-0.37877315
-0.8958251,-0.5976808,-0.43645293
0.17262912,-0.24406429,0.21776143
0.08153463,0.14154404,0.09855118
-0.25942186,0.6208624,0.106872216
-0.512875,0.16649072,-0.4548182
-0.839602,-0.5595395,-0.42638993
-0.8771522,-0.5770994,-0.45792413
-0.07870636,0.10115364,-0.0642326
-0.5570757,0.92026776,0.20262596
0.6321626,0.4383308,0.7751612
0.5855377,0.7578914,1.1005716
-0.3129784,-0.1615297,-0.26971322
0.55007464,0.4072439,0.7018251
-0.44992355,0.11791368,-0.42166883
-0.7654525,-0.5216007,-0.43321043
-0.013768761,-0.18567143,0.008714715
0.40790346,-0.02082513,0.40241385
-0.51004994,0.15037909,-0.45198804
-0.758637,0.9890464,0.15425768
0.5981411,-0.69395036,1.029973
0.45017445,0.12747975,0.46008486
0.4609427,-0.32544968,0.54122734
-0.47395578,-0.1724342,-0.4072121
0.60833144,0.8978182,1.3011881
0.94364405,0.51442564,1.0791093
0.8237188,-0.7806574,1.302953
0.083307706,-0.7689131,0.6418956
0.479113,-0.23343682,0.52908325
0.9475147,0.84049326,1.4501299
-0.8496821,-0.85554737,-0.079333216
0.25786403,0.38578823,0.38706887
0.048530824,-0.5277583,0.31862044
-0.5051998,-0.83939606,0.16777709
0.9877224,-0.010715995,0.83810556
0.33356988,0.58828014,0.6728342
-0.108722426,0.97772175,0.7022628
0.07205546,-0.22288127,0.12640458
-0.6864931,-0.25588655,-0.5700604
-0.14097452,0.64625806,0.27459973
0.31817105,0.57881963,0.649427
-0.17797111,-0.54459894,0.10864692
-0.90995026,0.73486257,-0.27217686
-0.19611236,-0.44821683,0.0007298868
0.021904547,0.25535834,0.07704505
-0.079012975,-0.62432057,0.31517607
0.5734959,-0.87627596,1.2407789
-0.4500793,0.016594538,-0.43119752
-0.84584486,-0.27789903,-0.6768714
0.63150835,-0.6457108,0.9895313
0.75247073,-0.39123547,0.83146125
0.33312538,0.020360675,0.3269636
0.93812644,-0.17343096,0.8596265
-0.5502454,-0.37833524,-0.3860564
0.54742265,0.4077097,0.6898362
0.22444446,0.66412556,0.6244887
0.44912738,-0.87688076,1.1266983
-0.5922394,0.048741993,-0.5617215
-0.47013974,0.38257754,-0.30849087
-0.29661095,0.093646415,-0.2777082
0.8368098,-0.7362118,1.2675276
-0.33550408,0.5282842,-0.041423924
-0.88754636,-0.06944962,-0.74780816
-0.21973497,0.6207923,0.14584807
-0.69988704,0.98569036,0.17645068
0.8128337,-0.3389564,0.841668
-0.22788163,-0.64762175,0.18136358
0.34041053,0.30395058,0.43564123
-0.30432537,0.90879714,0.43768167
0.522054,0.72332966,0.9864577
-0.36456692,-0.8391267,0.28159243
0.27078345,-0.46756718,0.47952968
-0.06882066,0.6653285,0.37620762
0.47769207,0.11946105,0.47673038
0.78276974,-0.3411708,0.8193588
0.9867475,-0.8709615,1.5119698
-0.6033388,0.17584799,-0.5164575
-0.10440992,0.53174645,0.17495094
0.12711848,-0.5269127,0.41254374
-0.028957242,-0.03983018,-0.038591657
-0.9725152,0.386037,-0.6585636
0.7360994,0.72658867,1.1617663
0.93709517,0.1268399,0.83422536
-0.9399751,-0.013164481,-0.8054518
0.8173842,-0.65526766,1.1484174
0.56682503,-0.83985996,1.1879835
0.650559,0.33143598,0.7324595
0.9362916,0.28666896,0.8941473
-0.79263014,0.86355,-0.043700118
-0.3059591,-0.30659938,-0.2175574
0.35923177,0.6091206,0.7064306
-0.36425743,0.6392452,0.03405492
0.474379,-0.052130666,0.47756857
0.7970561,0.15262018,0.7423523
0.6424428,-0.047246292,0.60157764
0.16686228,0.14196761,0.19023095
-0.3698375,0.32328635,-0.2496894
0.45454997,-0.51757306,0.716273
0.68427086,0.8591075,1.3204788
0.00084330473,-0.17256017,0.022933446
0.71337223,-0.5226233,0.94447154
0.5527332,-0.33972928,0.64848745
-0.2598433,0.26551846,-0.18745023
-0.20467283,-0.27512917,-0.14186844
-0.19093814,-0.08672956,-0.17596158
0.38031963,0.45185867,0.571528
-0.33405307,-0.89265484,0.3906845
-0.09576274,-0.6295652,0.27713466
-0.1493862,-0.265641,-0.08274455
-0.8467565,-0.9074033,-0.0067426558
0.46519557,-0.882709,1.1318072
0.7119901,-0.29704374,0.7308572
0.2975567,0.5703768,0.5969852
0.6471442,-0.72094876,1.1023171
-0.124153,0.0064959005,-0.11478294
-0.4181419,-0.7564771,0.12984729
0.6867348,-0.28122467,0.71437305
-0.3867433,0.40111178,-0.19612502
-0.7482693,0.03802851,-0.67590195
0.7239413,-0.0066842786,0.66042984
0.8931544,-0.2570101,0.84791034
0.92500484,-0.9165829,1.5436804
0.6690488,0.33514863,0.737389
-0.6362885,-0.8483677,0.06846107
-0.8637906,0.3582857,-0.6311003
-0.24863733,0.8626487,0.43682733
-0.34033936,0.8259953,0.31642607
0.9031053,0.09510528,0.8058002
-0.1369483,-0.17350842,-0.08189517
-0.47517204,-0.5651892,-0.16212733
-0.7128418,0.16548559,-0.61002725
0.83820504,-0.5563544,1.0372213
-0.2449728,0.5026152,0.014506907
-0.7377257,0.3636278,-0.5502944
-0.25026372,0.06191406,-0.25015905
-0.47475418,0.76314783,0.08916488
-0.16657846,0.83169764,0.4839584
-0.53042996,0.36081994,-0.37136135
-0.7803199,-0.6935061,-0.23499337
-0.051296014,-0.5878834,0.26524523
0.6377155,0.915513,1.3379303
-0.24945544,0.53683174,0.04094358
0.97820437,-0.59076107,1.1704876
-0.25800195,-0.011382501,-0.25632602
0.4083023,0.75441843,0.9344579
-0.1600158,0.3274997,-0.047521815
0.5255456,-0.3006575,0.59248495
0.8441711,-0.031662434,0.7664272
-0.23725997,-0.16270226,-0.21987477
-0.14820038,-0.39512855,0.008626351
0.2981627,0.85288686,0.9526992
-0.0555315,0.19661693,-0.025410447
-0.007929308,0.68356717,0.4483095
-0.53626394,-0.031573646,-0.52088255
0.10139642,0.14589739,0.14113899
0.78366166,0.86233747,1.3842022
0.27419528,0.56687653,0.584273
0.10155267,-0.2584068,0.1667213
0.8899184,-0.031678807,0.7822232
0.762215,-0.7411128,1.2209169
0.32272863,0.3933658,0.46857616
0.5321495,0.71636385,1.0029646
-0.793894,-0.17878723,-0.69895375
-0.38900885,-0.024952315,-0.3611745
-0.08046555,-0.7173821,0.39953673
-0.89803445,-0.889732,-0.067538366
-0.05799089,-0.07340837,-0.046965867
0.6932416,-0.9333156,1.418963
-0.094467804,-0.62624174,0.28149405
-0.22151138,0.8831239,0.48820496
-0.8351875,-0.8685971,-0.05778176
0.2620614,-0.55110675,0.55237883
-0.11630582,0.18077406,-0.074776396
0.053756543,-0.6547993,0.45324847
-0.018880814,0.24500087,0.057528738
0.9584334,0.5801346,1.1419588
-0.48839778,0.27728266,-0.3844827
0.4324742,-0.96273965,1.2164662
0.45098248,0.35922223,0.56932074
-0.43213022,-0.18466757,-0.37148148
-0.12616546,0.4233669,0.058781315
-0.81185615,0.83264875,-0.08944477
-0.9773251,-0.17560737,-0.7887596
-0.88752145,-0.43233696,-0.58293223
-0.8817312,0.06383948,-0.771614
0.80079526,-0.4284654,0.91193163
0.9365644,-0.118556105,0.80222607
0.70476407,0.31062332,0.73725647
-0.5907338,0.15365048,-0.53161067
0.5971483,-0.537925,0.8449905
0.11627221,0.45076212,0.31564906
-0.6846189,0.17420699,-0.59449404
0.2542615,-0.7449868,0.78458005
0.09396403,-0.080004685,0.10269749
0.13807298,0.4020747,0.2826322
0.2930344,0.07894275,0.29266864
0.06603006,0.57968915,0.38396183
0.71567583,0.20014614,0.70198035
-0.38441822,-0.99128693,0.45707458
0.18795791,0.82352006,0.823204
-0.12660673,0.17480256,-0.08032093
0.76313317,0.1413722,0.7258201
-0.098868206,-0.40653077,0.0865177
-0.82003003,-0.27691126,-0.66503626
0.7457503,-0.84625053,1.3415403
-0.69693035,-0.912277,0.09310519
-0.02488176,0.31742293,0.09135412
0.8509054,0.8676178,1.4420469
0.9695397,0.9475051,1.6172485
0.40336382,0.11451127,0.40295973
0.2906414,-0.91888005,1.03611
-0.22901319,-0.20382948,-0.1748241
0.08583042,-0.32150573,0.19051994
-0.3640478,0.905508,0.36493468
-0.47732973,-0.13327739,-0.42164013
-0.39304417,-0.18978591,-0.36462325
-0.40026852,0.50419515,-0.12180931
0.27252156,0.5980632,0.61776346
-0.088801526,0.85779214,0.57764983
-0.632432,0.4440799,-0.3912878
-0.03546218,-0.7672997,0.50853014
0.12905486,0.97546816,0.94823974
0.48635125,-0.9149088,1.2415973
0.55952334,-0.8992934,1.276297
0.00880902,-0.854294,0.6619294
-0.28642395,0.599211,0.07290907
0.50194645,-0.29148242,0.5586677
-0.40565366,0.16551386,-0.36038497
0.6968556,-0.40198895,0.79482794
-0.68246394,0.8083787,-0.0055493796
-0.24966864,0.33890933,-0.12818506
-0.49756646,-0.6217078,-0.10769312
0.31174204,-0.25108,0.36604902
-0.6747151,-0.7782817,-0.061099533
-0.518289,-0.3932421,-0.34338418
-0.06840032,0.6905995,0.37900874
0.24354146,-0.7925181,0.82275206
0.5801603,-0.9727876,1.372782
-0.39782652,0.057918705,-0.37981987
0.465254,-0.77830476,0.9988103
-0.7605491,0.897537,0.039530367
0.63440126,-0.7720821,1.1552192
0.26777193,0.89313495,0.9766106
0.5144382,-0.6253935,0.8597308
0.9014078,0.96477395,1.5818826
0.27552828,0.4881185,0.50313896
-0.42746553,0.47755146,-0.19000222
-0.37825048,-0.9057068,0.3473132
0.4163712,-0.10422382,0.41657072
-0.8922971,-0.77960765,-0.20114493
-0.5122653,-0.63751036,-0.09426425
0.6799183,-0.25386605,0.7044521
-0.8347224,-0.022234542,-0.75608104
-0.66971624,-0.72976375,-0.095935024
0.04224633,-0.5597708,0.35949078
-0.53395325,0.086031444,-0.4993421
0.9816491,0.9703967,1.6386598
0.99096024,-0.8724457,1.5243685
0.76227885,0.11099766,0.71653736
0.79266566,0.7690964,1.2768565
0.32483527,-0.7844427,0.8957257
0.90670687,0.48346922,0.99517477
0.19581549,0.18234989,0.22576492
0.4620921,0.20610738,0.48043048
-0.3703588,0.2337555,-0.30818492
0.9741122,0.16292505,0.8561583
-0.52584875,0.23941216,-0.43272206
0.93840086,0.6974134,1.2612268
-0.55061084,0.08635031,-0.52409446
-0.520072,0.26958317,-0.415507
-0.23809032,-0.40470642,-0.058692798
-0.4507291,-0.3568396,-0.30198577
0.63103116,0.6815731,1.0392379
0.7591625,-0.81362414,1.3004373
-0.70387,-0.66821605,-0.21418813
0.03012637,-0.5085976,0.29773402
0.52816087,0.8111584,1.1129062
0.6246931,-0.18924032,0.62828034
-0.086354665,-0.9186986,0.66211367
-0.7977474,0.27016616,-0.6390281
-0.73015356,0.2933924,-0.5743398
-0.41606387,0.8272131,0.2304097
0.033558067,-0.100017525,0.043134186
-0.60273474,0.8825919,0.14466956
0.6894386,-0.25846106,0.6983855
0.14768772,0.0034247877,0.1484463
0.8768411,0.8104619,1.3836901
-0.73749465,0.83326054,-0.042260744
-0.6047889,0.83832955,0.09232522
0.823456,-0.65837747,1.14902
0.33603716,-0.42696223,0.51040804
-0.66010106,0.36583328,-0.495273
0.3832415,-0.3488551,0.5052812
0.21047205,-0.46594158,0.44237784
0.38193712,0.52909887,0.6358259
-0.21274345,-0.44829103,-0.02102036
-0.7001224,0.9546278,0.14527097
0.38922238,-0.42573565,0.55587536
-0.5592021,0.5421695,-0.24444903
0.42642623,-0.32489902,0.5005026
0.5369296,0.10712546,0.51828647
0.34706315,-0.99081874,1.1909202
-0.79098815,0.78647476,-0.13526028
-0.5514692,-0.6818813,-0.05805546
-0.6735508,0.76503026,-0.079719216
0.835368,-0.19860923,0.7878162
0.35860112,0.63425887,0.7299384
0.974649,0.481798,1.0587733
0.8879714,0.30138823,0.86934316
-0.93464583,0.29200992,-0.7270894
0.11409786,0.17259352,0.14335275
-0.9131451,-0.49820608,-0.55927944
-0.21607004,0.8654992,0.44592896
0.006202878,-0.7036079,0.46646973
0.30412355,-0.59940976,0.6498474
0.7424831,0.4523379,0.866721
-0.5662652,0.3071579,-0.44604164
0.7113165,0.33870265,0.7686541
-0.26734552,0.9151996,0.478837
-0.98581845,-0.8496979,-0.17141286
-0.4088494,-0.29131532,-0.32543024
0.268716,-0.2498781,0.32732356
0.49296868,-0.48114783,0.6961011
-0.70297724,0.24329004,-0.59628755
-0.5815779,-0.32029665,-0.44808602
-0.8024139,0.7757039,-0.14526965
-0.72665375,0.62302274,-0.29759836
-0.6738016,-0.050303157,-0.6135046
-0.073596016,0.1434417,-0.05951635
-0.82472557,0.13868311,-0.7168798
-0.92023635,0.9615404,0.004891578
0.47157595,0.50989276,0.71744007
-0.531451,0.48406526,-0.27335373
-0.83972234,-0.48555872,-0.5122888
-0.913949,-0.36812907,-0.67021054
-0.7821057,-0.6783353,-0.26125324
-0.017998964,-0.5449564,0.28772676
-0.73462397,-0.8042073,-0.06737365
-0.3979292,-0.89359975,0.32149094
-0.22326575,-0.1320544,-0.2100909
-0.4817555,-0.19345006,-0.43887848
-0.83529156,-0.76000917,-0.20098634
0.30335528,-0.6601584,0.7310386
-0.6081027,0.50990766,-0.31110412
-0.35120344,-0.018109577,-0.36255854
0.9393123,0.006630566,0.80989975
-0.2130925,-0.16049546,-0.17976363
0.12676431,0.40638348,0.29297107
0.32124248,0.31148666,0.408907
-0.34558016,0.9646737,0.46690583
-0.36364725,-0.10113882,-0.3298166
-0.8941951,0.96602196,0.019050319
0.223475,-0.2272619,0.27739397
0.6380465,-0.89312804,1.299082
0.66607755,-0.55082375,0.9039023
0.5536537,-0.16119173,0.548141
0.6131628,-0.83959025,1.2301934
-0.37339637,-0.0061650663,-0.36676142
-0.06504492,-0.30799022,0.042843517
-0.38000092,-0.2867931,-0.2866791
-0.74149513,0.1933087,-0.648502
-0.8322897,0.6017112,-0.38918924
0.4063724,-0.38009337,0.54646677
-0.76502013,0.4761835,-0.46390137
0.9122847,0.36949638,0.9340663
-0.66781646,-0.5934938,-0.2622976
-0.048132095,0.42349815,0.14604524
-0.15034212,0.6308382,0.23473981
-0.8803196,0.196117,-0.71883476
0.996453,-0.2975759,0.9145388
-0.23085558,-0.9823285,0.6057117
0.7514946,-0.61782765,1.0521826
0.0912437,0.23360513,0.149246
-0.39432424,0.26507664,-0.30418456
-0.5582076,-0.21683106,-0.4897802
-0.23843576,0.48354122,0.00527023
-0.916096,-0.29026604,-0.70893186
0.090993084,-0.40834337,0.25978553
-0.548899,0.23314679,-0.4809544
0.43465748,0.4820473,0.6502524
0.67696404,0.84175545,1.2838498
-0.75084287,-0.9609529,0.11617499
-0.70736104,-0.39571247,-0.48915264
0.5699629,0.8441563,1.2085061
-0.8707175,-0.8459767,-0.09947984
-0.97777545,0.052530546,-0.82482266
-0.43717065,0.24840838,-0.36956668
0.3972195,-0.37691018,0.54335654
0.7825196,0.93582916,1.4817909
-0.050764732,0.76055247,0.49356386
-0.38896334,-0.2993774,-0.29510137
-0.767378,-0.10673532,-0.68051785
-0.60617405,-0.78021944,-0.0028102663
-0.78686357,0.62241703,-0.3229355
0.77868485,0.917471,1.4377098
-0.41409814,0.7445595,0.12533797
-0.043946166,0.6530031,0.35862297
0.32567632,0.33370125,0.41886222
-0.1245965,-0.9778734,0.6946717
0.77265316,-0.46917757,0.92482775
-0.07570238,0.96516204,0.73664373
0.5311606,-0.8465395,1.1519957
0.99162614,0.9632974,1.6304922
0.32803613,0.5003285,0.57066476
-0.15208681,0.62819886,0.23802851
-0.54308814,-0.37718946,-0.37671515
0.42877954,-0.8859421,1.131635
-0.9097543,0.9161097,-0.03764236
-0.84641486,0.45031232,-0.5520677
-0.8232359,-0.4557452,-0.5232795
0.067480765,0.4737087,0.29743567
-0.28630465,-0.19087593,-0.2466213
-0.88733655,0.7033957,-0.288324
0.31697568,-0.81215835,0.9314241
-0.6646631,-0.45768774,-0.400318
-0.96074116,-0.47749707,-0.6001181
0.8577561,-0.24588028,0.8165583
-0.024348957,0.7722043,0.5434155
-0.3456221,0.58567226,-0.0050302236
-0.80294037,-0.6020919,-0.3716326
-0.8375751,0.45444515,-0.53583974
-0.885293,-0.18977012,-0.7448561
0.7453368,0.1149508,0.7042899
0.15468116,-0.80719054,0.76247746
-0.42154744,-0.6740669,0.036269393
-0.009133204,0.49592724,0.22205034
-0.52536297,0.6787969,-0.055621248
-0.43057123,-0.084928066,-0.43084586
-0.95878065,-0.7012376,-0.34233156
0.7417541,-0.140315,0.6899797
-0.93146247,0.121238135,-0.80703026
-0.46893907,0.35116887,-0.3326229
-0.4300467,0.40443087,-0.25152817
0.056416865,-0.80165803,0.66177934
-0.50355136,0.6305784,-0.10699172
0.12381722,0.047272634,0.12336587
-0.8042529,0.29932702,-0.61956555
0.3143361,0.56888777,0.6201241
-0.170797,0.6249169,0.22247197
0.015999433,0.3619151,0.13764982
-0.38243842,-0.9836991,0.44810066
-0.4820162,-0.8249663,0.1596209
-0.4097869,-0.9788226,0.43561265
0.14804927,-0.71999234,0.64358306
-0.91123766,0.13346317,-0.78453654
0.34790725,-0.07217568,0.3383903
-0.49388826,0.005265198,-0.46418548
0.21557407,-0.38586167,0.34889722
-0.77990764,0.7322891,-0.18771027
-0.11322549,0.82316744,0.50967693
0.7605208,-0.34233636,0.80635107
-0.6157263,-0.5453545,-0.26541066
0.45723093,-0.42251143,0.61964047
0.44719952,0.39694476,0.61073565
0.17796387,0.22560878,0.21692021
0.98467034,0.10444981,0.8439736
-0.1278519,-0.5104714,0.12097211
0.8685875,0.7124469,1.2479268
-0.97179157,-0.030131333,-0.8243473
-0.10615666,0.7969757,0.48336494
-0.89740455,0.75411,-0.25017923
-0.08371302,-0.7295589,0.41917956
-0.83960223,0.85865444,-0.092018984
-0.9278194,0.6437598,-0.39634198
0.20566772,-0.93189347,0.96347946
0.4765351,-0.8472508,1.1191809
0.610131,0.52238554,0.83645123
-0.81713337,-0.8603785,-0.042720485
-0.89375156,-0.1927668,-0.74228734
-0.99668986,-0.4236735,-0.65873647
-0.29467937,0.4268937,-0.081031844
-0.2809769,0.105750635,-0.27046728
-0.2928162,-0.4712096,-0.06876321
0.82567924,-0.46013448,0.93806267
0.7191933,0.687968,1.1224238
0.32402337,0.11436795,0.32898098
0.8294533,-0.9901476,1.5667351
-0.07675551,0.1876004,-0.030981643
-0.58198726,-0.16385037,-0.52543056
0.56734675,0.93892545,1.3236467
0.7727711,-0.71633196,1.1912131
-0.37107304,0.55090874,-0.05830808
0.13898097,0.7252006,0.6519207
0.5740656,0.34469694,0.6713424
-0.30516896,0.064886965,-0.30861413
-0.87128067,0.57029164,-0.42058384
0.43703508,-0.27442345,0.5037664
0.7430338,0.36622867,0.804093
0.47344005,-0.034311555,0.45411187
0.14441107,0.404817,0.307202
-0.8902611,0.42350215,-0.6053282
0.15712506,-0.9855179,0.9575503
0.31464243,0.7650915,0.8674433
0.22659115,-0.4183533,0.39875698
-0.5181204,-0.37946135,-0.33997715
0.41477433,0.008409188,0.41153598
0.23897035,0.31253844,0.34784883
0.23179218,-0.45045346,0.43895617
-0.7513332,-0.49639928,-0.42287725
-0.9072539,0.6603576,-0.36118704
0.63740194,0.86081946,1.2694092
-0.8533817,0.81186134,-0.14449506
-0.18047732,-0.08493689,-0.14640804
-0.08219174,0.951361,0.69623137
-0.96941924,0.21013345,-0.79030734
-0.47944775,0.98039424,0.35323942
0.2438125,-0.9665187,1.049538
0.38937914,0.01393478,0.3748482
0.80089283,0.5568296,1.023554
0.4563115,-0.565311,0.7644565
0.6733909,0.9564625,1.4128485
0.18707772,-0.6499127,0.6159997
0.29172713,0.4428577,0.47262442
-0.6773481,-0.5514326,-0.3374356
-0.060212463,0.6136554,0.3142284
0.6989575,0.46879557,0.84743285
-0.9541171,0.08738578,-0.82222986
-0.55712837,0.74382496,-0.011314585
0.39031988,0.85001874,1.0511675
0.5851666,0.084086984,0.552822
0.23371767,-0.86327475,0.8992906
0.25113946,-0.8866955,0.95321524
0.026102506,0.72392964,0.5317133
-0.5454919,-0.0332012,-0.5108522
-0.84393567,-0.4124403,-0.59432924
0.77189636,-0.77007675,1.2558496
-0.17385764,-0.56428707,0.13157532
0.84132546,0.3301005,0.84262615
0.051851597,0.5085194,0.3143117
-0.034600016,0.19124508,-0.0097589055
0.39225274,-0.10051741,0.40491647
-0.19115916,-0.8026246,0.4133399
0.9819342,-0.16145974,0.8500383
0.21103795,-0.81209636,0.84174955
0.24534085,0.43714282,0.44127846
0.5008185,0.74634755,1.0155249
-0.18276127,-0.28621998,-0.09157026
-0.032904718,0.59194773,0.31093442
0.13688406,0.86681753,0.83404857
0.07382136,-0.6405907,0.47150138
0.8600965,0.15962826,0.7858472
0.13955116,0.17065059,0.17693873
-0.20283246,0.9340038,0.565663
-0.85806125,-0.29788172,-0.65861344
0.088943854,0.06084583,0.094047986
0.11886156,0.64923596,0.53360444
-0.7533624,0.83155257,-0.06128189
0.21042149,-0.9797701,1.0332572
-0.2091264,-0.63807,0.20406818
-0.18601887,0.43451747,0.0042799287
-0.42829058,-0.48073202,-0.17701733
-0.22550642,-0.7324949,0.30209455
0.9629292,0.32276475,0.9425944
0.98317486,-0.0043696715,0.8044768
0.83357465,0.48682156,0.9738773
0.81384903,0.57009023,1.0436212
-0.90850693,-0.22627896,-0.73249286
-0.017878085,0.1662323,-0.0004408712
0.34139422,-0.9691204,1.1478609
-0.5150127,0.85685223,0.18810499
0.03674154,0.45460978,0.24428555
-0.77195066,-0.662447,-0.26833978
-0.036671955,0.6179158,0.32531193
0.44230238,-0.41089737,0.6041398
0.41096115,-0.2287947,0.4485115
-0.064870425,-0.9583992,0.7362721
-0.86692196,-0.07144191,-0.7630097
0.47351113,-0.9292032,1.2276546
0.82872105,0.9556059,1.5193595
-0.0296475,0.35546833,0.09977948
0.21320973,-0.44028753,0.40400153
-0.08024664,-0.52163506,0.20489524
0.6966632,-0.863447,1.3253639
0.022331798,-0.80271024,0.6266888
-0.8689241,-0.50865704,-0.50102097
0.10558697,0.442355,0.30535424
-0.27532488,-0.2887236,-0.17865463
0.60417956,0.42259952,0.73250276
0.8310251,0.6933953,1.2006247
-0.6518282,0.85963887,0.061790965
0.6222299,-0.47375047,0.822422
0.26014125,-0.52896625,0.5476391
0.3555974,0.41119072,0.5308813
0.995338,0.59995246,1.2147615
-0.98394114,0.6868399,-0.36453652
-0.35582426,0.13008842,-0.3473642
-0.4777672,-0.7837098,0.11577709
-0.66828907,-0.19774373,-0.5665571
0.9989636,0.32889247,0.9515086
0.932942,-0.87610984,1.4887362
-0.06327814,0.15732129,-0.036860544
-0.30009207,-0.5600998,0.006660887
-0.0937325,0.66026413,0.3289499
-0.18595627,0.4948463,0.05809145
0.9454256,-0.014592014,0.8089622
-0.43043023,-0.4024008,-0.2627471
-0.26987436,0.19121532,-0.23203637
0.8986908,-0.5545209,1.0755751
-0.65370715,0.9560071,0.18513526
-0.8972042,0.9287501,-0.022510432
0.5317702,-0.5280277,0.7871637
-0.37600243,-0.9525647,0.42441946
0.17498346,0.7971782,0.76456624
-0.88478,-0.61194927,-0.42536733
0.25482133,-0.03186051,0.25044623
0.47787306,0.16509157,0.49287486
-0.65353906,0.63713294,-0.22576706
-0.83587784,0.8008609,-0.13588384
-0.24664177,0.29131436,-0.16177736
0.59318876,-0.65910506,0.970871
-0.49654317,0.3591343,-0.33936244
-0.4493139,-0.6062436,-0.07652976
-0.58309233,-0.0025787484,-0.5411625
-0.4393914,-0.25061873,-0.35715744
-0.002283704,-0.8121901,0.6120447
0.39834902,-0.07578195,0.37875134
0.9227469,0.29505527,0.8975033
-0.64763063,0.6133591,-0.22741517
-0.21625513,0.6599378,0.20500354
-0.025999743,0.13364096,0.0038571304
0.5889592,-0.9227786,1.3005174
-0.68425447,-0.98896265,0.19928062
0.473232,-0.9418453,1.2394663
0.13191205,0.88111365,0.8339687
-0.3278192,-0.17830624,-0.28302765
0.53048736,0.066174515,0.496564
0.46678847,0.33015326,0.5777465
-0.21543503,-0.97225916,0.5932215
0.6129069,0.51377743,0.8167154
-0.43823308,-0.2946613,-0.32105583
-0.36691046,-0.19513254,-0.31201988
0.81526846,0.8024673,1.3085052
0.9717783,-0.1739241,0.85765857
0.62163347,-0.17906481,0.6325937
0.8218835,0.66583985,1.1710299
-0.5194675,-0.07505,-0.48689973
-0.57949835,-0.068802975,-0.53621113
0.51483786,-0.7571518,1.0440037
-0.6700517,0.6491327,-0.22162011
-0.83472115,-0.19282253,-0.70604956
0.88111424,-0.26296598,0.82668823
-0.6832799,0.5315774,-0.34875992
0.80085117,-0.049321093,0.71659577
-0.8958664,0.6624636,-0.3476892
-0.21785605,0.82404566,0.42393115
-0.8187319,-0.7458094,-0.19956054
0.9307827,-0.25559855,0.87300503
0.8069549,0.28520265,0.80571103
0.117909454,0.7391121,0.6381671
0.09521202,0.5384858,0.36259368
-0.68098956,0.8259412,0.0019248866
-0.8898331,0.64660084,-0.3765861
0.19652213,-0.67785454,0.62943447
0.17434454,0.95341235,0.95376927
-0.6298539,0.37160423,-0.4537526
-0.7604235,-0.38607192,-0.5404712
-0.46689984,0.4433942,-0.24662954
-0.6836985,0.6989692,-0.16404061
-0.83338106,-0.7233047,-0.24283579
0.574727,-0.19775073,0.60407186
0.9858059,-0.53025264,1.1040993
-0.046959743,0.23265728,0.001821933
0.38928017,-0.6093743,0.75318325
0.22510199,-0.5184664,0.50207186
0.033507355,0.37075394,0.18437593
0.2596137,0.12237655,0.26405084
0.9612321,0.33171523,0.92627656
-0.039664157,0.9531195,0.7592853
-0.84454226,-0.3637645,-0.62350416
-0.50765526,-0.57042724,-0.16476306
0.2581056,-0.92423326,0.98459
-0.570957,-0.59711194,-0.19184954
0.4554345,-0.4249585,0.6169722
0.078458704,-0.8386299,0.70396024
0.47424072,-0.08460758,0.46121997
0.6550441,0.7125129,1.0957472
-0.4982902,-0.9110537,0.2919568
0.2696857,0.09819077,0.26586872
-0.6052216,-0.030694509,-0.5702279
-0.45117274,-0.6525624,-0.01727003
-0.50930196,-0.44736174,-0.30426115
0.45037004,0.5048484,0.6959538
0.97431237,-0.36448097,0.945154
-0.44569924,0.34881642,-0.30464065
0.7447626,0.6075722,1.0268122
-0.37427956,-0.71925074,0.11468538
-0.51309997,-0.5179495,-0.23299047
-0.14484772,-0.17786278,-0.09858852
-0.9350598,0.17578049,-0.7829555
-0.74564487,0.81496364,-0.059549805
0.5854271,-0.9372991,1.323098
0.1768888,0.20851575,0.22555438
0.2441346,0.14164168,0.24718292
-0.572598,0.2921205,-0.4664414
0.71508956,-0.43074492,0.851644
0.9956253,-0.50863534,1.0826994
0.990874,-0.3122368,0.917141
-0.19447114,0.8560936,0.48139593
-0.3530858,0.24974583,-0.282609
-0.7010024,-0.03731629,-0.6509514
-0.8060933,0.27217335,-0.648776
0.70974183,-0.21077816,0.6967419
-0.10334459,-0.003999429,-0.1020135
0.2035775,-0.6773309,0.6715964
-0.9713031,-0.4760961,-0.58845305
0.02334809,0.2870881,0.11168916
-0.5340619,-0.59939617,-0.16640048
0.5848824,-0.97425085,1.3745315
0.6490048,-0.4143882,0.7621356
0.9877516,-0.84811133,1.4920968
-0.34621933,-0.6451355,0.06307385
0.70530474,0.2626323,0.71378666
-0.53378725,0.81766796,0.08851846
-0.31082687,-0.29809383,-0.2269247
-0.29994926,0.5957144,0.06063832
-0.04386233,0.5175663,0.2274661
-0.32419932,0.18876463,-0.28476286
-0.6398961,-0.42122486,-0.42676693
0.6888921,-0.8056024,1.2446882
0.2789813,0.4142718,0.43631536
0.12596734,-0.65638053,0.5326579
0.18272616,-0.6673092,0.61630553
0.08903677,0.10746993,0.09677474
-0.37699983,-0.4226767,-0.18448879
0.11991786,-0.016995369,0.12792374
-0.8162358,0.07480891,-0.71453404
0.47966802,-0.5218031,0.72746015
-0.5388368,0.3275822,-0.40158972
-0.6514193,0.95794815,0.18132746
-0.5291167,-0.046711065,-0.49293748
-0.42782938,-0.11784511,-0.4086574
0.40938336,-0.7778996,0.9686916
0.35637715,0.5250868,0.62891316
0.5014427,0.12649675,0.49357417
0.7925766,-0.33543584,0.8348318
0.6042237,0.38425863,0.70593065
-0.33940703,-0.5948207,0.013764546
0.812629,0.94454473,1.5096587
0.80430096,0.001337953,0.7162188
-0.4502775,0.037263066,-0.43772867
-0.39592806,0.5712419,-0.05975276
0.8469837,0.28235102,0.83105284
-0.11579397,-0.08063501,-0.11841575
0.79231244,-0.16157973,0.7428891
-0.96217716,0.16419297,-0.7869107
0.4660405,0.22631913,0.4798471
-0.8189199,-0.6563164,-0.31639287
-0.936701,0.93096673,-0.033861604
0.52371687,0.08579889,0.4995552
-0.23998068,-0.12719023,-0.22849657
0.31260118,-0.5069163,0.55779064
0.2869674,-0.8008453,0.8960642
0.96788394,-0.12912676,0.84354174
-0.094759874,0.70490474,0.37843484
0.49111658,0.90694183,1.2038434
-0.28401676,0.23994926,-0.22495145
-0.49734163,-0.9649407,0.33214796
0.33033487,0.024404762,0.31543228
0.3316036,0.53866905,0.6129564
0.7939797,-0.44414064,0.9235307
0.99057376,0.8033111,1.4367883
-0.07454573,0.7655195,0.48725381
0.0071460586,0.578026,0.33131638
0.48283207,0.28678364,0.541803
0.31602886,-0.20254232,0.36120787
-0.43416813,-0.022043081,-0.40601894
-0.40935677,0.30971804,-0.31058794
-0.20437835,0.1799154,-0.15429574
-0.21411462,-0.33364552,-0.110728644
-0.10320399,-0.8352986,0.53255665
0.0257301,-0.29261467,0.11614625
-0.5931267,-0.24046692,-0.50466686
0.5675299,0.058116652,0.538805
0.14943025,0.60569286,0.5104029
-0.6003682,-0.18372498,-0.52597743
-0.9150239,0.6048572,-0.43557706
0.30897033,-0.23154925,0.36274323
-0.15384005,0.94229907,0.6206775
-0.60699457,0.12753327,-0.55421174
0.8912056,-0.55065984,1.0709747
-0.648239,0.63336664,-0.20752406
-0.19320014,-0.61913383,0.19254498
-0.101215094,0.9824502,0.7134865
-0.44655797,0.48320624,-0.2034704
-0.8365258,0.380604,-0.60764265
0.61920786,-0.10099053,0.60430527
0.52769655,0.6358141,0.8868054
-0.1800575,0.24826235,-0.11762061
-0.64750886,0.9480217,0.17250149
-0.7971443,0.19216792,-0.683268
-0.02372981,-0.2744717,0.048075475
-0.43043467,0.1918834,-0.38015354
0.8757028,0.15975834,0.8085987
-0.54493403,-0.13274397,-0.5000661
-0.19044277,0.15189525,-0.16902414
-0.64552414,0.9558795,0.19213732
-0.4079374,-0.977602,0.4291738
-0.5911642,0.004495252,-0.5522326
0.38951415,0.44853246,0.57222265
0.669526,0.8139238,1.2331747
-0.87028694,0.07798377,-0.75893265
0.062061477,0.6403873,0.4486147
0.12491387,-0.63868433,0.52749187
-0.44688675,-0.33875293,-0.32239252
0.38003793,-0.40935946,0.547665
-0.3877472,-0.24317187,-0.32360944
0.19431008,-0.046964843,0.20324998
0.70288336,0.13541105,0.67665714
0.30270296,0.25798663,0.36042324
0.45333883,0.6779911,0.8714077
0.01339791,-0.90617055,0.7306936
-0.79517704,-0.5051865,-0.44884074
0.8467929,0.3745935,0.8910988
-0.6647264,-0.14116223,-0.58243984
0.733114,0.66012996,1.0879598
0.86845696,-0.2163144,0.7894111
0.9007688,-0.5397879,1.0698566
-0.1351994,0.5479347,0.15800768
0.54903305,0.30473593,0.6128818
0.6928327,0.23405519,0.68791175
-0.05185776,-0.7535286,0.4928098
-0.87029785,-0.094854444,-0.76546615
0.7808818,0.24631241,0.7646663
-0.8337969,0.07627568,-0.7310122
-0.043172292,0.64651716,0.36746082
-0.16747512,-0.67499095,0.28468287
0.99753755,0.564186,1.1506151
-0.9768652,0.94999343,-0.028321186
0.15009387,-0.77973384,0.71165794
-0.22856773,-0.9668812,0.60234743
-0.078002386,-0.68013453,0.38671842
-0.8869229,0.6203564,-0.39510006
-0.89120966,0.089482024,-0.7508024
0.5278001,0.6657621,0.9365102
0.66809833,-0.16300312,0.66560626
-0.7162927,-0.18520842,-0.6206044
-0.82541096,0.5445185,-0.46558252
0.09791067,0.6953414,0.5667183
-0.010412714,0.57430565,0.31303412
-0.36059472,-0.8091127,0.24778487
0.58571434,-0.99766016,1.398377
0.12346139,0.52829605,0.41260418
-0.5533299,-0.7398642,-0.021099593
-0.42450055,-0.5425217,-0.12860096
-0.66884166,0.07677251,-0.624923
0.027968647,0.20883341,0.06848985
0.3288076,0.71059084,0.82483906
-0.50250626,0.98405254,0.34605527
0.43152824,-0.021327348,0.4201154
-0.598352,-0.81690186,0.04811596
0.32414013,-0.83629894,0.96518916
0.5702839,-0.005209231,0.53860086
0.2480308,0.37945652,0.38964614
0.56922585,0.97083145,1.3439139
0.57537794,0.8519655,1.2195255
0.54888505,0.18067561,0.5658476
0.7271209,0.7990508,1.2617605
-0.8619354,-0.9505202,0.039701868
0.56484324,-0.0484072,0.5437971
0.10336928,0.61760855,0.47251287
-0.64638025,0.5989727,-0.24732767
0.77135104,-0.49687377,0.9258396
0.29433993,0.8588498,0.96696043
0.31666437,-0.5848572,0.64049935
0.12756039,0.93202645,0.8965809
0.81667066,-0.6989439,1.1745929
-0.31032488,-0.902529,0.42938814
-0.038390692,0.23593092,0.017656347
-0.7904651,-0.50029457,-0.47156286
0.50308967,0.53653765,0.7626091
0.61630523,-0.78458834,1.154023
0.09642524,-0.55478024,0.3996146
0.757123,-0.51018655,0.9289229
0.87132895,0.6254081,1.1502944
-0.087159604,-0.24102406,-0.048650205
-0.42652535,0.839062,0.22884521
-0.57435346,0.2411484,-0.50130373
-0.1590287,-0.92514366,0.60041755
-0.08587028,0.41721344,0.08268578
0.5496725,0.6016818,0.86723566
-0.52995366,0.8691402,0.15259239
0.25860906,-0.38142756,0.4055373
-0.13424127,0.1560166,-0.110145554
-0.57782876,0.918308,0.20403014
-0.63919175,-0.26431,-0.5410884
0.35258353,0.12971796,0.37296608
-0.42116013,0.27368104,-0.3474621
0.47532755,-0.9752829,1.255257
-0.99486834,-0.4795129,-0.5930563
0.3583412,0.18769859,0.38613984
0.16089578,-0.5209475,0.41540253
0.46031716,0.93368506,1.2103373
-0.13849054,-0.013107749,-0.14618127
0.54997003,0.3543751,0.66489774
0.3667004,-0.25835553,0.4213736
0.08554354,0.023469346,0.08493332
-0.6747865,-0.14734131,-0.6057681
-0.83077246,-0.5198868,-0.47673452
-0.35082966,-0.5258058,-0.07782744
-0.37066698,0.8051778,0.23641036
-0.8960506,-0.6267849,-0.3967112
-0.07620186,-0.21590878,-0.024440723
0.7058512,-0.9527734,1.4422823
-0.52407885,0.35099503,-0.39566347
-0.56618536,0.3000813,-0.45356527
0.4771192,0.6410814,0.8650475
-0.4330169,-0.41255483,-0.24209335
-0.26258376,0.30742893,-0.16317324
0.11262409,-0.6548338,0.52297467
-0.40021697,0.6606379,0.020682089
-0.5669657,-0.8215892,0.09717067
0.518588,-0.8203536,1.1172501
0.15281548,0.32046014,0.25183862
0.9218639,0.6842636,1.2496353
-0.81566304,-0.44832885,-0.53282124
0.67875123,0.25932536,0.6981286
0.6947501,-0.17050645,0.67458266
0.42098632,-0.7324285,0.92166287
-0.07700728,-0.8116165,0.5287411
-0.2301377,0.73638624,0.29441926
0.47102726,-0.82967365,1.0985935
-0.0118529955,0.9985033,0.83458966
0.8480276,-0.886573,1.4454179
0.5918591,-0.020755757,0.54462105
-0.729429,-0.93474704,0.08764978
0.50109875,-0.5787249,0.8236112
-0.44785875,0.6052571,-0.06494823
0.43825993,0.3185824,0.5208051
-0.790303,-0.89561737,-0.0047846637
-0.4770905,-0.23928204,-0.39712664
-0.6277978,0.9137011,0.13567467
-0.7009873,0.66315436,-0.2389839
-0.2539828,0.11409719,-0.23659037
-0.017987303,0.021047441,-0.021493034
-0.92073244,-0.6561178,-0.37312064
0.21177575,-0.7358373,0.73399276
-0.846396,0.16615415,-0.7251223
-0.24418381,0.30827674,-0.15595366
-0.22367117,0.71294284,0.27137667
0.21942261,-0.9334862,0.9589935
-0.55311465,0.3606604,-0.39119783
-0.73327047,0.0016581778,-0.64337623
0.1363728,0.53443295,0.41499054
0.97946346,-0.7190137,1.3238283
-0.055331696,-0.0011390154,-0.06184918
-0.8018217,-0.33389086,-0.60677785
0.9095374,0.8073184,1.4092712
-0.24082355,0.8461763,0.40776014
-0.2865545,0.2269259,-0.23516878
0.71504307,-0.6467433,1.0503315
0.4198515,0.44058797,0.60299027
-0.5629911,0.4431829,-0.3418359
0.13147286,-0.46459824,0.33664492
0.15595852,0.007613034,0.1518168
0.9292747,0.850671,1.4556484
-0.39904198,-0.23212446,-0.32434228
0.065843984,0.8244547,0.6864471
-0.50529766,-0.14595614,-0.45762658
-0.69117343,-0.55794466,-0.33867744
0.32746863,0.5570418,0.64375657
0.89103526,0.7324583,1.2941035
0.6840049,0.34929836,0.7546073
0.7428144,0.66910475,1.10739
-0.6528173,-0.3802207,-0.47275504
0.5089196,0.17220879,0.5305121
-0.24742821,-0.9407513,0.52651113
0.79526424,0.20461076,0.7484591
0.4503694,0.531769,0.72356576
-0.046018384,0.7257815,0.46587694
-0.6053253,0.43940625,-0.39157727
-0.14438502,-0.16243881,-0.13119997
0.2699324,-0.37483045,0.3945229
-0.40555915,0.2749781,-0.30804616
-0.023304842,0.439383,0.16345279
-0.36675978,-0.61626136,0.01027206
0.32242554,-0.9309947,1.069712
-0.12100884,-0.791144,0.4784866
0.6053931,0.048030503,0.5593071
0.8111222,-0.8870537,1.4425623
-0.11847274,0.64337677,0.2722852
0.17305078,0.72783315,0.688828
-0.8157041,0.113291934,-0.7088498
0.8649675,-0.9661418,1.5480324
0.49531454,0.5777117,0.8009405
-0.17235717,-0.47025457,0.03997605
-0.64579743,0.5456249,-0.30360582
-0.19958453,0.31650308,-0.09943801
-0.96245563,-0.86352086,-0.13503046
0.36185578,-0.53252065,0.66665596
-0.7316167,-0.32202706,-0.5652853
0.8608168,-0.194694,0.81551707
0.15384328,0.33719075,0.26134765
0.05308518,0.62062395,0.43031192
0.6956485,0.2532503,0.69400555
0.5286815,0.40969855,0.66499555
-0.7145338,0.0032366666,-0.6548398
-0.06546749,-0.70784664,0.4184372
-0.7831174,-0.89384854,0.013377373
-0.8620226,-0.826867,-0.12936611
-0.078656375,-0.60141456,0.26959586
0.5236924,-0.7576646,1.0341755
-0.052501827,0.21971323,-0.009652549
-0.71041244,-0.64592284,-0.24928747
-0.5259771,-0.015313608,-0.5103752
-0.4742325,0.9675051,0.32323405
0.27316046,-0.0063729254,0.26162928
-0.91506445,0.9903719,0.04195959
0.014464069,0.3488528,0.10474874
-0.03296544,0.76537216,0.5261499
0.82911706,0.08504954,0.732337
0.5366558,-0.033819705,0.50868213
-0.14613272,-0.33696857,-0.045013558
-0.562171,0.2144739,-0.48311546
-0.025811803,-0.776739,0.5330463
-0.09762711,-0.14057417,-0.07737308
0.054762643,-0.6034857,0.39512905
0.14561346,-0.90133774,0.888394
0.715484,-0.15996408,0.6715391
0.25278112,-0.63087445,0.6248488
0.06537918,-0.89980084,0.7848129
-0.09722216,-0.13574946,-0.0665524
0.6472629,0.99753386,1.4453484
0.90355796,-0.10682103,0.7905169
-0.057349425,-0.17671856,-0.03381479
0.9998052,0.8183327,1.4513354
0.6905678,0.8012055,1.2301463
-0.054520804,-0.74395174,0.4676094
0.076417826,0.67870414,0.52178544
-0.99637055,-0.5743006,-0.51026547
-0.78370667,-0.26519483,-0.6334629
0.28388816,0.01170637,0.2789916
-0.32215276,0.8553305,0.353166
0.18887796,-0.19408634,0.22769417
-0.65545905,0.9408551,0.1669184
-0.95375365,0.7001695,-0.3418469
0.40227526,0.7516097,0.9226869
0.3443567,0.18217872,0.35706654
0.46374044,-0.6275587,0.8330771
-0.24123198,0.6549078,0.1772812
-0.5929633,0.5078028,-0.29535556
0.97116226,-0.16081524,0.846984
-0.63423944,-0.3464909,-0.45701006
-0.8795166,-0.60982466,-0.39731687
-0.94083047,-0.34646824,-0.6801377
-0.9925127,-0.3831077,-0.7029207
0.6632654,-0.12750609,0.639071
0.569907,0.17613901,0.56086206
0.024487458,-0.36658806,0.15828732
0.95281404,-0.52829397,1.0950948
-0.66527,-0.3731002,-0.48911685
0.22028896,-0.5476225,0.5108021
0.01459717,-0.7287935,0.5311141
0.69653827,0.65302885,1.0760509
0.66343683,-0.17543311,0.6426206
0.12298501,0.2811079,0.20907536
0.33976766,-0.60854024,0.70309347
-0.9712323,0.25384635,-0.7832977
0.6914414,-0.13844205,0.66160554
0.2443279,-0.029475966,0.23667715
0.6794826,0.015935503,0.61520994
-0.47989428,-0.1286339,-0.433531
0.41826242,-0.94454443,1.1885742
0.40546322,-0.6883942,0.8711959
-0.117989734,0.49959606,0.13687521
0.23709182,-0.49931213,0.48052853
0.12605254,-0.1557132,0.14445958
0.58341485,-0.40971085,0.70264536
-0.8081386,-0.3125348,-0.61428344
0.88762456,0.708675,1.2647063
0.75921255,-0.2734439,0.7657363
0.8788371,-0.93969303,1.555308
0.23904079,0.6499972,0.6459397
0.63278574,0.3949257,0.74218696
0.051447757,-0.20880121,0.095485225
-0.17176153,-0.77818716,0.4015899
-0.21788253,-0.61543953,0.16860837
-0.88465714,0.92125195,-0.03269129
0.95946205,0.14378603,0.8351465
-0.18701537,0.9527,0.59108365
0.79975164,0.42076457,0.8862464
-0.68597907,0.6614379,-0.2097746
0.0074124946,-0.9812592,0.8404341
-0.06006062,0.10788321,-0.05018224
0.14159039,0.9760086,0.94735503
-0.48825896,-0.061608437,-0.46479544
0.30588257,0.15509994,0.32327732
-0.4037736,0.4817395,-0.16264942
0.46446556,-0.46591112,0.6793154
-0.70375997,-0.040240128,-0.6492969
-0.27903837,0.58409697,0.056871656
0.47235724,0.07364926,0.4579841
-0.23933385,-0.022892354,-0.24698593
-0.13217674,-0.2903236,-0.036754806
-0.38212276,-0.76717615,0.19709101
0.7980729,-0.9659857,1.5360501
0.97218853,-0.6920543,1.2661164
0.39396596,0.060332205,0.38378876
0.88465977,0.18192948,0.7971671
-0.6556275,0.19865523,-0.57042444
-0.5629685,-0.028768156,-0.5301839
0.563043,-0.8715945,1.2279485
-0.043560207,-0.9828799,0.75344425
0.8677263,-0.025083367,0.7519908
0.809771,-0.9367962,1.4923245
-0.17943847,0.30499402,-0.08915146
-0.5131635,-0.5115132,-0.24709024
0.8898028,0.22352849,0.8107777
-0.17086866,0.30190796,-0.08266291
-0.3835034,0.95713615,0.42099163
-0.24375527,-0.6552921,0.17633848
0.047739085,0.7567793,0.59523946
-0.3173914,0.45085955,-0.09631753
-0.7389939,-0.10219686,-0.6722278
-0.75032437,-0.42289186,-0.5062625
0.22818092,-0.5951227,0.5734615
-0.061749432,0.4230204,0.11447867
-0.75299394,-0.8724949,0.0012305598
-0.17873068,-0.36592755,-0.049058393
0.716941,0.78318405,1.2213521
-0.8741773,-0.4428529,-0.56463444
-0.4151513,0.255871,-0.3410844
-0.740651,0.13433781,-0.6642903
-0.5503253,-0.47471595,-0.29163054
0.6489241,-0.29802102,0.6779952
0.2502986,0.9780464,1.069886
0.8464138,-0.094863996,0.74934983
-0.46849585,-0.545454,-0.1509585
0.27593324,-0.16363092,0.29582405
-0.032296635,0.57165146,0.29931363
0.6004162,0.31344113,0.65298283
-0.14170547,0.12071247,-0.12999457
0.05435202,0.54817265,0.35218757
-0.7206036,-0.26075158,-0.5973734
0.55267584,0.11232444,0.54058003
-0.7157649,-0.8723844,0.021804515
0.35582504,-0.7003731,0.8226478
0.55154574,0.12895784,0.5381894
-0.806848,0.54779077,-0.4312743
-0.5992323,-0.45146224,-0.37044927
0.8721362,-0.75472456,1.3098096
-0.14980176,-0.18816742,-0.09774771
-0.043634877,-0.5758913,0.28058547
-0.5120508,0.8235588,0.117941186
-0.28677487,-0.08327503,-0.27492604
-0.9709333,-0.6381755,-0.42416117
0.6932326,0.80243546,1.240244
0.84796137,0.29072285,0.84472543
0.45883593,-0.67123896,0.8684463
0.51705515,0.87853396,1.1930104
-0.6318207,-0.567866,-0.2804153
0.8643508,-0.88128203,1.4570392
-0.116299786,-0.07563849,-0.117723696
-0.37048048,-0.43356666,-0.1876329
0.4445081,0.7475897,0.94614434
-0.46374807,0.14846501,-0.43211803
-0.6777189,-0.9404084,0.14799273
-0.8885763,0.016201679,-0.7820648
-0.31431875,0.72024214,0.18136527
-0.23115568,0.19183709,-0.19924249
-0.67030656,-0.36177513,-0.49294475
-0.21014172,0.14725398,-0.19953318
-0.050777707,-0.5184108,0.23409946
-0.8174891,0.27782533,-0.65300155
0.7418814,-0.4878973,0.89846665
-0.95171005,-0.04286325,-0.83137655
-0.5137579,0.066691875,-0.5037505
-0.57976407,0.30006692,-0.46154678
0.94966984,0.31335106,0.92754304
-0.38477334,0.76276684,0.17870563
0.6815483,-0.1535236,0.65323013
0.7086911,0.14621735,0.6669822
0.18418244,-0.11811813,0.19437957
0.70982635,0.19516443,0.7016644
-0.84525824,-0.010216715,-0.7198117
-0.10220025,0.53762084,0.18097271
0.96866107,-0.17199232,0.85280055
0.20314738,0.5686475,0.515473
0.63540906,0.0071130837,0.59017915
0.07436399,-0.5213906,0.3411159
0.97614646,-0.55047894,1.1316081
-0.4034117,-0.20904659,-0.35994408
-0.30623356,0.14540844,-0.27038577
0.8737159,-0.8687592,1.454367
-0.27908456,-0.08456269,-0.257509
-0.17103776,-0.6412978,0.22290127
0.9904958,-0.4309743,1.0474486
0.6499699,-0.34197703,0.7399715
-0.9759722,-0.69711906,-0.3625412
-0.02007467,0.03338269,-0.024315244
-0.5615035,-0.50623095,-0.28880906
0.5155412,-0.2172702,0.5384092
0.8978249,0.0023128404,0.7849676
-0.254475,-0.12999313,-0.24326925
0.7267482,-0.8052659,1.2657548
0.22830166,0.15466341,0.24944772
0.79067665,-0.1249841,0.7235789
0.5715669,0.4705348,0.75420576
0.38177973,-0.16061452,0.37988892
0.9398006,0.1018863,0.81120455
-0.8931731,-0.035463568,-0.7614752
0.1470759,-0.02399692,0.14347555
0.6307716,-0.71749175,1.0909917
0.47855976,-0.8909755,1.1660119
0.65750223,-0.59410244,0.9648942
-0.28837806,0.8824369,0.38935193
0.16965452,-0.45807344,0.37980932
-0.26084286,0.59169656,0.0821564
-0.5094231,-0.038785335,-0.503205
-0.27275997,-0.28922692,-0.19802848
-0.52027875,-0.8356296,0.1671856
-0.5779189,-0.28899065,-0.4511988
-0.8004755,0.9997594,0.11254832
-0.3356916,-0.33680028,-0.21181922
0.8033275,-0.68105555,1.1662819
-0.8160511,-0.3395028,-0.61311823
0.7805023,-0.21105821,0.77098495
0.06315995,0.98963267,0.88248867
-0.24486877,0.5881406,0.09387609
0.37288827,0.8396421,1.0003117
0.026653413,0.64672995,0.40741375
-0.28124398,0.1835217,-0.24300265
-0.9112169,-0.084634855,-0.7832048
-0.08222176,0.7460338,0.42557174
-0.6840509,-0.83802927,-0.0053767134
-0.06996955,-0.7756114,0.49151984
0.9899746,0.16037974,0.86777204
-0.7105812,0.90540314,0.083023466
-0.5455746,-0.3117409,-0.41651323
0.62087333,0.5289555,0.83887595
-0.3911708,-0.8825812,0.31452656
0.6667864,0.16086756,0.642676
-0.5748067,-0.89175767,0.17972842
-0.27329937,-0.8320069,0.3524272
-0.5323291,0.5114886,-0.23876458
-0.8573763,-0.79169905,-0.17510596
0.49775982,0.84951043,1.1250308
0.32566002,0.9153588,1.0604795
0.7131132,-0.43102828,0.8441874
0.33276194,-0.5544876,0.6466998
-0.0712613,-0.5818984,0.24761048
0.325622,0.28385547,0.39661288
0.36090186,0.63826966,0.7563207
-0.822038,0.14014138,-0.7193601
0.1652072,0.63612175,0.55387974
0.008054188,0.067099355,0.026129026
-0.795402,-0.8512535,-0.05975876
0.8891923,-0.6412376,1.1877079
0.2095007,0.3540997,0.31951392
0.7830192,0.12273013,0.7163818
-0.9920567,-0.06908328,-0.83360654
0.6479112,0.39174977,0.7668641
0.26650897,-0.8564777,0.9515731
-0.02075211,-0.7361144,0.5020791
-0.21629548,-0.9261933,0.5361131
-0.46962205,-0.33272097,-0.3457822
0.35651702,0.31355625,0.42305917
-0.4163563,-0.062491283,-0.40219867
0.30232328,-0.84912735,0.9735631
-0.23267809,0.32350785,-0.12156155
-0.5140416,-0.37431735,-0.34661955
-0.55225414,0.72918856,0.00024380871
-0.7567071,0.7376227,-0.14528367
-0.08379719,-0.534561,0.2068219
0.7550077,0.8906203,1.4109774
0.95070875,-0.8723881,1.4839743
0.7841582,-0.55393887,1.0151397
-0.7628383,-0.07619405,-0.68331033
-0.5369924,-0.588554,-0.18066458
-0.6146937,0.1207167,-0.551232
0.15424654,-0.11480699,0.17336905
-0.8812001,-0.4964003,-0.53463954
0.35612458,0.9127053,1.0822082
0.03859224,-0.28038347,0.1287735
0.78251153,0.14742531,0.7362085
0.96525365,-0.8296861,1.4401003
-0.48258176,0.89052343,0.25649592
0.6447725,0.33414152,0.70309806
-0.66840893,0.35353515,-0.4895343
-0.96519893,-0.1117296,-0.8239504
0.3980059,0.5535196,0.68951356
0.63281304,0.45558724,0.80306625
0.8168531,-0.063963816,0.7312714
-0.19174197,0.90140283,0.54914594
-0.3534256,-0.73804516,0.159963
-0.59955347,0.38189915,-0.4198239
0.9207645,-0.9164201,1.5556552
-0.97782636,0.93049556,-0.07021641
-0.11970018,0.37868726,0.0281839
-0.3052721,-0.7631302,0.24383123
-0.3697569,0.3327209,-0.24968144
0.2592977,0.36308074,0.36472613
0.1301684,0.38475788,0.28202555
-0.46692687,0.08062283,-0.45669618
0.33407658,-0.9905142,1.1640761
-0.65779936,0.07491705,-0.6129736
-0.12022359,0.78883874,0.4564725
0.18083578,-0.59068877,0.5198549
-0.4262128,0.93848705,0.360902
0.67230433,-0.24511892,0.6853063
0.97250324,0.83583456,1.4903294
-0.5049208,-0.10428254,-0.48077807
-0.14196065,-0.905445,0.5891618
0.44728744,-0.93708056,1.2019317
0.06474818,0.6726083,0.4853241
0.03880092,-0.98986435,0.89659154
0.25965613,0.4974065,0.52322483
0.38657448,0.61673236,0.75001806
-0.534172,-0.8476588,0.1380413
0.96876866,-0.12855662,0.844521
-0.4771938,-0.87436754,0.22098324
-0.17482378,-0.07896016,-0.18804678
-0.16961506,-0.6411563,0.22852892
-0.83509785,0.474419,-0.51686347
-0.014767252,0.5002817,0.2319021
-0.104416326,-0.3651425,0.019622888
0.97571677,-0.42082083,1.0084445
0.41299966,0.5142339,0.6584733
0.16323368,-0.035288002,0.17244208
0.8355259,-0.37149146,0.88420945
-0.0014472534,0.55547136,0.3240326
-0.8575538,-0.49119443,-0.51948655
0.06840831,0.9441932,0.84598434
-0.8334817,0.85142875,-0.07174165
0.2764788,-0.6384896,0.67533624
0.073534384,-0.9023795,0.8054812
0.7058479,-0.78284705,1.2251195
0.9476758,-0.7926598,1.403702
-0.095814705,0.8344741,0.53440166
0.6002044,-0.15050907,0.5950012
-0.7885405,-0.8204006,-0.07150268
0.56076497,-0.4260268,0.72116095
-0.7838886,0.50271803,-0.44267678
0.723123,0.68825537,1.1073356
0.9353509,-0.5295154,1.0835075
0.2737294,0.0900693,0.27791885
-0.8275079,-0.7509846,-0.21058367
-0.6017008,0.552957,-0.26620778
0.5287164,-0.15013948,0.53044987
0.009580666,-0.0895752,0.03015785
-0.5402337,0.056988608,-0.5019985
-0.88649714,0.22703268,-0.7314452
0.74801606,0.131585,0.70478714
0.69940853,-0.76555014,1.1704545
0.18829215,-0.80437773,0.794184
0.67411864,-0.58021444,0.96313864
-0.665939,-0.5504345,-0.32325584
0.78346807,-0.37869063,0.85315746
0.503406,0.15687214,0.49755576
0.9603974,0.1334527,0.8350153
-0.67541707,0.11101211,-0.61462593
0.55006343,0.35323048,0.6441094
-0.18383934,0.915952,0.5831819
-0.7294906,0.9857822,0.17124926
0.24969321,0.6028617,0.6221051
0.07984834,0.39166915,0.23891331
0.6278982,-0.8710642,1.2718384
0.7710008,0.21640436,0.7471464
0.021370599,0.55496484,0.33034495
0.9997788,-0.6689653,1.2768376
0.88805515,-0.2990614,0.8635227
0.7744809,0.42943215,0.88111037
-0.39960936,-0.35451406,-0.25791177
-0.274183,-0.26775184,-0.22050916
0.24334185,0.09620014,0.24160926
-0.4144448,-0.4834099,-0.17157681
0.6929863,-0.9133297,1.3961828
0.96109515,-0.74664915,1.3666124
0.23384126,0.45474944,0.44056353
-0.5504417,-0.9874608,0.29445165
-0.6300245,-0.43568924,-0.3885765
-0.32570323,0.2772089,-0.24222742
0.8920034,0.1172569,0.79903674
-0.97359836,0.92252827,-0.050787516
-0.951512,0.240052,-0.7233894
0.8246819,0.16039254,0.75618124
-0.24004617,0.24405268,-0.18130952
0.51894665,-0.16414854,0.526229
0.2163305,0.39570948,0.38057846
-0.41893375,-0.50247616,-0.15723158
0.96471024,0.07165648,0.8332745
-0.521175,0.23697105,-0.44867033
0.22948064,0.8812086,0.9327495
0.91118366,0.15582113,0.82524663
-0.81593853,0.16844885,-0.69762605
-0.31414518,0.30807036,-0.20856516
-0.139697,-0.0010118183,-0.15481636
0.67518747,0.5621295,0.9331145
-0.16640687,-0.86053604,0.49404484
-0.76033044,0.8200178,-0.06299087
-0.3525849,0.68158257,0.11240009
0.7767864,-0.66294575,1.1257968
-0.1446331,-0.1189509,-0.124018386
0.21627882,-0.12563866,0.23854183
0.3381925,0.94179976,1.1019623
-0.34744096,0.39620426,-0.1922226
0.6496685,-0.7652729,1.1542422
0.23250386,-0.40381682,0.37118945
-0.23783146,-0.69232565,0.2210803
0.81767863,0.47220522,0.9534584
-0.24785678,-0.73597664,0.28161907
-0.33097512,0.066147,-0.32886967
0.6114489,-0.08277576,0.58578336
-0.7263758,0.3588667,-0.54208696
-0.69663036,0.7456991,-0.13058092
0.9191666,0.59739554,1.1484598
0.7584142,-0.35113022,0.80721635
-0.67228436,-0.8504468,0.05220125
-0.10437124,0.7648259,0.46351635
0.30099574,-0.5578401,0.60152924
-0.29286867,0.09963056,-0.27736473
-0.22654879,0.8363603,0.40541846
0.89365506,-0.9442443,1.5542659
0.53683156,0.9010169,1.2446704
0.09332478,-0.8825099,0.7922024
-0.8614011,-0.5815013,-0.4262173
0.3928612,-0.62283915,0.7667295
0.067964226,-0.008867148,0.080932654
-0.18000413,0.3573734,-0.065717876
-0.2787661,0.5422751,0.025177032
-0.31815946,-0.30427608,-0.21121092
-0.3526633,0.30969432,-0.24828789
-0.6092768,0.30550554,-0.4821723
-0.8069013,0.18498246,-0.70401293
0.059933715,0.7965192,0.65437686
0.13253248,-0.97567445,0.9327294
-0.06843625,-0.75454646,0.4725261
-0.4167102,-0.5976884,-0.041418742
0.99823856,0.5176824,1.1003978
-0.82697916,0.51408637,-0.4638044
-0.12552358,0.64821804,0.27634165
-0.62495935,0.5729803,-0.2594059
-0.6438414,0.4760754,-0.37361753
0.5469834,-0.2227311,0.5759606
-0.4562538,0.06542753,-0.42083535
-0.17329593,0.51721823,0.0808825
0.8631014,-0.26206148,0.8381907
-0.834179,0.24925625,-0.6682781
0.884112,-0.8823951,1.4901357
-0.2555625,-0.22273609,-0.20252158
-0.90146977,0.2650096,-0.72670394
-0.50546336,0.34322202,-0.37139386
-0.2517591,-0.17246449,-0.2166382
0.66542834,-0.20758553,0.67560583
0.64123094,0.5762751,0.9415009
-0.62386286,0.9038446,0.15477228
-0.48849896,0.09722644,-0.45057014
-0.914235,0.5011102,-0.54315066
-0.12152836,-0.3907929,0.029885095
0.2694876,0.69285715,0.717445
-0.8887748,-0.33686936,-0.6425321
-0.32771358,0.83433443,0.32029775
0.22599359,0.5992725,0.5691849
0.2994759,0.4924208,0.53434587
0.59284127,0.24090214,0.6043652
-0.32104486,-0.009178843,-0.31238168
0.5662182,-0.66488326,0.9603946
-0.18928142,-0.89161956,0.51994896
0.0570528,-0.034888003,0.05399077
0.57669586,0.34641907,0.6500346
-0.0819664,0.056801286,-0.0757003
-0.73805445,0.61036766,-0.30830747
-0.87645483,-0.37598032,-0.62528956
0.7830028,0.7640786,1.2644471
-0.49512237,0.9301266,0.3003543
0.91517186,0.90970254,1.5113759
-0.96908414,-0.105461225,-0.8124272
-0.40777275,-0.93126124,0.35674146
-0.3607022,0.70391697,0.11829929
-0.38910052,-0.1152799,-0.35180247
0.31510067,-0.976559,1.1356411
-0.14757326,0.8948472,0.579564
-0.76297307,0.6551369,-0.29196513
0.24968427,0.98257494,1.0754874
-0.8663585,0.8220988,-0.11767426
0.37378302,-0.35615593,0.47858277
0.07842343,-0.08203704,0.09118511
0.58032084,-0.38790232,0.6864097
-0.55570334,0.94345236,0.25052077
-0.42227945,0.78189033,0.16145322
0.44633695,-0.5582917,0.7276798
-0.89734584,0.21205735,-0.73406833
0.8972131,0.3488477,0.93048924
-0.9814988,-0.7468335,-0.31792974
-0.07736477,0.6660925,0.3359192
0.233714,0.91618353,0.99857336
0.72217804,-0.13248031,0.68056285
-0.8895976,-0.14395556,-0.7464032
-0.27524707,-0.6640507,0.15975268
0.9212533,-0.19688031,0.81224376
0.9190861,-0.51294655,1.0554304
0.5514085,-0.41479158,0.6819982
0.7544924,-0.5380285,0.9771197
-0.26198834,-0.53038335,0.018307442
0.30261952,-0.3831446,0.45219278
0.07568414,-0.8908981,0.7950404
-0.634519,0.3421305,-0.46277493
-0.008095334,-0.12575053,0.0049534636
-0.016657658,-0.6839424,0.43220562
-0.067287266,-0.9694012,0.7425169
0.8256487,0.21112438,0.77511936
0.6374093,-0.016456593,0.59028953
0.5206751,0.5045421,0.75537443
-0.45359206,0.9628491,0.36389625
0.928427,-0.35636622,0.9195216
0.6397161,-0.4346955,0.79124486
-0.8896509,-0.16177106,-0.7540329
0.9267424,0.83584094,1.4484322
0.95982534,-0.67610604,1.248139
-0.6188068,-0.4630002,-0.361081
-0.66831243,-0.73501277,-0.13154392
0.41891932,-0.24675547,0.46469647
-0.3845067,-0.50151634,-0.113920525
-0.86934173,-0.261119,-0.71062243
-0.8654749,-0.45219994,-0.5555467
-0.39694858,0.36744353,-0.26289508
0.45320657,-0.024761762,0.4343272
0.93684167,-0.5873392,1.1580951
-0.4823207,0.5101517,-0.21186486
0.3706973,0.45563293,0.5515937
0.8873825,0.5218405,1.0444508
0.8622532,-0.046493478,0.7669477
0.9819804,0.11653866,0.84032655
0.13711122,0.3027102,0.22475107
0.95502317,-0.4083561,1.0001653
0.52795047,0.7733705,1.05083
-0.11729867,-0.40027,0.040514138
0.96010023,0.8128864,1.4374706
0.15047531,-0.49708796,0.38837102
0.30505833,0.53116775,0.58852637
-0.16545577,0.70931906,0.3215447
0.22980617,-0.04990947,0.22959746
-0.116178304,-0.60320514,0.24309313
0.79208803,0.9920706,1.5420057
-0.58370036,-0.30191028,-0.45322248
-0.09947381,0.0044435966,-0.10883093
0.42364532,-0.58502394,0.7552438
-0.784437,0.28783098,-0.63604224
0.42672858,-0.0747818,0.43774888
0.90086037,-0.6553932,1.2137226
0.20122565,0.42357302,0.37275213
0.50869656,-0.58603746,0.80634636
-0.43685356,0.6848352,0.014115897
-0.3718797,0.5286954,-0.085939035
-0.04849793,0.88188434,0.6559423
0.7319649,0.43787658,0.8653905
0.6456405,0.019862637,0.5937271
0.03959016,0.13211745,0.051016923
-0.4739022,-0.3575706,-0.32273358
0.10303908,-0.33547482,0.21065451
0.48884553,0.09850475,0.47200564
-0.1770891,-0.37348926,-0.03927063
0.41051528,-0.23592074,0.4637732
-0.33090225,0.058307387,-0.3171138
-0.89875686,-0.728959,-0.26595983
-0.5448121,-0.60378444,-0.15755777
0.17849164,0.33862707,0.30032143
-0.7480278,0.7434945,-0.15793145
0.9446917,-0.22499065,0.86003536
0.081017196,-0.6318092,0.45876798
0.45916587,-0.04161135,0.45048818
-0.6564721,-0.75292146,-0.06739986
-0.31245548,-0.22491078,-0.26339763
-0.19218177,-0.81967086,0.42872697
0.66738844,-0.40906185,0.7834276
0.4306707,-0.99008316,1.2376227
-0.9765456,-0.40684435,-0.6573736
0.6853095,0.88985264,1.356826
0.26451898,-0.83941025,0.8998374
0.86737126,0.40813214,0.9418315
0.57950795,-0.1874894,0.59004545
0.8923772,-0.08017613,0.7997081
0.96022695,-0.8145618,1.4209855
-0.06703644,0.19039454,-0.04597827
-0.63493496,-0.24161011,-0.52898145
0.8569835,-0.06390358,0.7638254
0.18786421,-0.6768727,0.62709343
0.27148885,0.3957127,0.42626026
-0.14698935,0.18071792,-0.102062024
-0.8622664,-0.98487157,0.064037696
-0.33524585,0.7832294,0.24351597
-0.8074025,-0.34590083,-0.6061413
0.73778415,0.7657215,1.213071
0.6433432,0.7268125,1.0954497
-0.563959,-0.05288897,-0.5286335
0.20181379,0.7919031,0.789083
0.23670188,-0.84087247,0.8867209
-0.64413387,-0.32246885,-0.49299094
-0.73958457,0.89877313,0.045297775
-0.39823467,0.3287249,-0.27896968
0.082688615,0.80952877,0.7041177
-0.091008924,-0.9690086,0.7252568
0.15884066,-0.948167,0.9277096
0.11789203,-0.29807717,0.21190438
-0.87891525,-0.61409324,-0.39899507
-0.06609857,0.39132795,0.10521355
-0.3259404,-0.9184319,0.43594065
-0.83920276,0.05864545,-0.7299006
0.6771132,-0.49240738,0.87569106
0.85450757,0.48834777,0.97093487
0.65529335,-0.8244466,1.2293828
0.6537263,0.3960482,0.75210243
-0.0052304296,-0.81242496,0.60985345
-0.037645385,0.5548204,0.26774654
0.1115904,0.03970134,0.121042475
-0.6581908,-0.6262865,-0.23031121
-0.53310865,0.33054522,-0.39338535
0.25398862,0.14086471,0.261399
-0.024980024,0.53658193,0.26070586
0.39312732,0.50444144,0.6460071
0.5630635,-0.86803454,1.2285529
-0.5333544,-0.68628526,-0.04791041
-0.12029609,0.45158175,0.08995285
0.50636274,-0.24593522,0.5528006
0.5621895,-0.3802908,0.6701956
-0.6373328,-0.8201406,0.026510263
0.49749348,0.40196565,0.6436285
0.417434,0.7558973,0.9308389
-0.16406173,0.4111247,0.0040840805
0.99979544,-0.16375925,0.857288
-0.26618573,0.93468505,0.5064757
0.8672286,-0.54525095,1.0475117
0.7657323,0.4915112,0.92688143
0.9575929,0.8963856,1.540899
-0.047511503,-0.7730671,0.5299693
0.14933339,0.20402691,0.19315352
0.72656935,-0.9200523,1.3916475
0.6573741,-0.5128926,0.8776721
0.71406174,0.16084035,0.66680074
-0.20912077,0.93410057,0.55101013
0.5591153,-0.48926878,0.7711503
-0.9798969,0.67356366,-0.39196172
0.5488311,0.7109035,1.0043983
0.7137929,-0.64514667,1.0604757
-0.95045465,-0.6292291,-0.4282837
0.5394911,0.50156367,0.7714219
-0.3735602,-0.5412596,-0.074195884
-0.09593339,0.48720467,0.16245207
-0.24664699,-0.19982755,-0.20985289
-0.6432046,0.38793737,-0.46752265
-0.47709757,-0.5704438,-0.13769755
0.13481028,-0.3335984,0.25218832
-0.10455664,0.12098541,-0.094328724
-0.5908474,0.7816497,0.028582795
-0.8275832,0.8941132,-0.007779985
-0.83581656,0.9011641,-0.033729378
0.32535276,0.52809334,0.6055518
-0.4558001,0.27740476,-0.38500744
-0.89677525,0.12593244,-0.76521474
0.06577646,-0.887542,0.7806281
0.6643383,0.15451942,0.6254736
-0.49108306,-0.8753505,0.2194577
-0.6827664,-0.4076894,-0.47550565
0.7912796,-0.40298402,0.8850111
-0.5853072,0.72865283,-0.04341434
-0.8701863,0.10024764,-0.7517759
-0.37393102,-0.86597115,0.31402573
0.9418533,-0.4770842,1.0544482
-0.052713573,-0.26124287,0.0063956357
-0.3626289,-0.57909817,-0.027146636
0.8029743,0.9576506,1.5082105
0.23216571,0.78147113,0.79297304
-0.134375,-0.9232231,0.6081619
-0.008337483,-0.5546358,0.2985124
0.81674093,0.65096647,1.1317778
-0.81638813,-0.5140225,-0.44913864
0.7904901,-0.055042226,0.73226285
0.9213051,-0.9929134,1.6228191
0.81043017,-0.06402256,0.7225368
-0.45641387,0.33539706,-0.34542435
0.6921655,-0.92445225,1.3887134
0.2541903,0.75013864,0.7955806
-0.34701467,-0.8954191,0.38232732
0.39182106,0.5821551,0.72254837
-0.22381158,-0.50784093,0.033632323
-0.44570863,-0.45148325,-0.23428814
0.079574496,-0.8513164,0.73399544
0.28174716,0.4968746,0.526582
-0.5784275,0.7841307,0.025955714
0.5377416,0.8403561,1.1649393
-0.8061522,-0.82713836,-0.10194924
0.60239625,0.51023364,0.8336482
-0.016945148,0.79153764,0.57298625
-0.19300218,-0.68290037,0.26343423
-0.35373533,0.014340517,-0.35352513
-0.12532768,-0.2615463,-0.05755687
-0.7616765,-0.14407016,-0.6683063
-0.3570553,-0.17562465,-0.31633824
0.529796,-0.8639987,1.1856328
0.46276549,-0.85001665,1.1104648
-0.8906231,0.43899235,-0.5921784
-0.84592444,-0.5519993,-0.44588682
0.110336326,-0.3135908,0.2159468
-0.28836927,0.8999243,0.43482038
0.333276,0.9716443,1.1379164
-0.58836615,-0.5299359,-0.2690414
-0.23303354,-0.6870535,0.22393358
0.21283197,-0.20499536,0.25090212
0.83626425,0.20677803,0.7942596
-0.9894027,0.04723885,-0.8544057
-0.9052508,0.45653245,-0.5852235
0.37205237,0.036658168,0.36126506
-0.32697085,-0.033329334,-0.3126015
0.80365133,-0.80335826,1.3042686
-0.4597457,0.34126925,-0.34048766
-0.41449425,0.16450039,-0.37482783
0.14540587,-0.4381338,0.335416
-0.7840131,0.54139924,-0.42277282
-0.62010837,-0.36086592,-0.4558257
0.47382003,-0.7907964,1.0298111
-0.25678504,-0.25003207,-0.17760961
-0.8989302,0.88351953,-0.068494365
-0.35936353,0.4815347,-0.1392582
-0.64913416,0.6024259,-0.2377034
-0.41157818,-0.10981214,-0.392885
-0.5865304,0.8617865,0.11573273
-0.7604928,0.43939373,-0.48923036
0.7524203,0.30484483,0.7700938
0.52696186,0.39869395,0.6776155
0.7638115,0.44106457,0.8914796
0.26373696,-0.5844569,0.5808946
0.96799237,0.19552884,0.8699598
0.4752459,0.5758186,0.78013736
0.6929896,0.9374442,1.397468
-0.18368877,-0.6752785,0.25584683
-0.14869702,0.32270077,-0.053089496
-0.6802525,-0.72505254,-0.13348435
0.5712894,0.12695436,0.56463695
0.4984336,-0.1163736,0.4863752
0.19353765,0.93265414,0.94321984
0.86104614,-0.22427788,0.79956853
-0.953804,-0.5947821,-0.47505587
0.82356185,0.8415904,1.3667611
-0.62733704,0.23121217,-0.546975
0.34017888,-0.29756963,0.4140067
-0.06432865,0.03735738,-0.06996194
0.6643856,-0.31065518,0.71596086
0.17468473,-0.665347,0.59974223
-0.6550452,0.99835277,0.24542186
0.5084962,0.73430383,1.0037584
0.9338019,0.47323498,1.019583
-0.8708726,-0.3918825,-0.6214464
0.615619,-0.22546335,0.6291265
-0.71015394,0.37798256,-0.51424164
0.0050051445,-0.973723,0.8012565
-0.9743096,-0.15234524,-0.8103173
0.99676543,0.75670075,1.3835992
-0.9877145,-0.3142742,-0.7195298
0.9239856,-0.3562307,0.9455551
-0.4464675,0.31762332,-0.3215057
-0.85912436,0.5435992,-0.48633125
0.5114587,0.8465831,1.1458635
0.25677767,0.55501527,0.54424274
0.37858188,0.595531,0.71295696
-0.3861679,-0.8697144,0.3220975
0.46113536,0.16070482,0.4662323
-0.95207095,-0.88991386,-0.1129073
0.51923525,0.71417505,0.9678646
0.18719949,0.5876879,0.53794944
-0.11817218,-0.16341609,-0.09034385
-0.27394953,-0.69352806,0.19887023
0.78920287,0.6504574,1.1281848
0.1964358,0.110718764,0.19694035
0.5150575,0.8095703,1.0974451
0.34840012,-0.80629075,0.9614209
-0.2348259,0.46842578,-0.0014762753
-0.19214772,-0.021572135,-0.18875422
-0.41622117,0.61356914,-0.022710625
-0.3289922,-0.23104484,-0.25893098
0.68366,-0.31689808,0.74951535
0.7684576,0.9670235,1.5050962
-0.121423475,0.7500543,0.39853004
0.071493015,0.99898607,0.9076007
-0.050134014,-0.52746767,0.24043009
-0.92609036,0.7297001,-0.29327646
-0.8114058,-0.6136874,-0.36663717
-0.2328697,0.115827896,-0.22375168
0.7911557,0.36656624,0.8354568
0.27741367,0.41603604,0.4483372
-0.21842767,0.5649872,0.08349498
-0.31311637,0.18188447,-0.26835865
0.33929357,-0.050895385,0.332264
-0.94583845,0.342362,-0.7052605
-0.77935183,0.21052627,-0.6501335
0.044825383,0.24496333,0.09782044
-0.15216348,0.68125546,0.30339795
-0.06593815,-0.6308563,0.32824424
-0.30456835,0.0733413,-0.28334758
0.48280394,0.9786454,1.2887338
0.010639397,-0.02555461,0.023893617
-0.09517555,0.40093836,0.069849536
-0.7988266,0.07300878,-0.7076044
0.64467746,0.21209146,0.63774115
0.90947545,0.92250323,1.5311247
0.91477644,0.57482356,1.1177175
0.5590946,0.4971059,0.7697314
-0.87959737,0.8021886,-0.15910995
-0.19560874,-0.4651529,0.0041268063
-0.49593613,-0.567911,-0.14991975
0.047004107,0.671467,0.46959886
-0.48609853,-0.49733177,-0.2403991
0.48820394,-0.95299494,1.2618781
0.13833398,-0.9005817,0.84925497
-0.35690358,-0.6606117,0.05880473
0.17643157,-0.8954885,0.8826175
0.94182557,-0.70541495,1.2665331
0.4483317,0.55788726,0.75107723
-0.6675619,0.64759916,-0.18555412
-0.9534743,0.32002997,-0.71018505
-0.30385214,-0.724779,0.209041
0.7467409,0.41085854,0.8642593
0.7001632,-0.5739464,0.9634989
0.177976,0.97574866,0.99284035
0.54185617,0.2984935,0.62366605
-0.3970804,0.22744273,-0.3364804
-0.48426956,0.990343,0.36591557
0.22639596,-0.039026342,0.23580723
0.82429785,0.08880847,0.73134875
0.3346064,-0.7693064,0.8865738
-0.323521,-0.58255357,0.014326849
-0.2906814,-0.29341114,-0.1849752
-0.9539429,-0.6897988,-0.34736663
-0.20810917,-0.3178907,-0.10485696
-0.2910561,-0.37576357,-0.1591253
0.8921821,0.3662397,0.91894853
0.9244408,0.9420411,1.5691124
-0.5766059,-0.5073296,-0.27511078
-0.52336264,0.80855954,0.118731126
0.749944,0.41299886,0.8504586
-0.8300433,0.54964614,-0.4376552
0.9210349,-0.5253696,1.055634
-0.3529814,0.27179974,-0.2530523
0.03351627,0.43141302,0.21867236
0.04584252,-0.92824876,0.7996332
0.8950675,0.4639466,0.9938635
0.9184528,0.2463846,0.85393304
0.7989972,0.9299659,1.4629242
0.35131878,0.03700605,0.34314236
-0.050091356,-0.9263455,0.7080787
0.036567077,-0.026296588,0.05994896
-0.73840654,0.88589716,0.035594452
-0.42405173,0.9015102,0.2976598
0.8980217,-0.7494138,1.3370173
-0.7180807,0.87128013,0.034026317
0.4865104,0.5622856,0.7786395
0.4238682,-0.41119212,0.5744325
0.29004303,-0.9835289,1.1083117
-0.4743388,-0.19508977,-0.43105778
-0.0619553,-0.8859189,0.63815844
-0.8120972,-0.03612614,-0.7247882
0.10365993,-0.9472434,0.89566994
0.8291707,-0.6786102,1.1860412
-0.22022007,-0.7034004,0.26675934
0.7840992,0.8739015,1.3942722
-0.32200944,-0.050997194,-0.29950577
-0.9966349,-0.46266803,-0.63446075
-0.6017769,-0.44742048,-0.3825223
-0.6222132,-0.3096706,-0.500645
-0.5635919,0.87075007,0.17806785
-0.34541553,0.9336324,0.4375165
0.96688116,0.13658588,0.8363225
-0.8002529,0.7015908,-0.25306442
0.79237485,-0.005196081,0.7117184
-0.25837782,-0.43066156,-0.05540149
0.59038424,0.57168585,0.88178486
-0.14207304,0.16201717,-0.12871811
0.056258895,-0.5411423,0.3335252
-0.073543034,-0.20273045,-0.047068648
-0.96024436,-0.112276085,-0.8329101
0.39224467,0.32916462,0.47310847
-0.5830262,-0.2997096,-0.4757465
-0.29706296,-0.79830414,0.31946072
0.9660878,0.6189326,1.1889284
0.08495474,0.15088765,0.107431
0.15335387,-0.59286225,0.48869807
-0.9367057,0.24826555,-0.75814646
-0.22785029,0.42457408,-0.050251983
0.26297677,-0.8907957,0.9570471
-0.3344547,0.18730979,-0.28133008
0.47664925,0.971021,1.256866
0.7688103,-0.053665042,0.7029974
0.42211244,0.25105745,0.47070768
-0.837218,0.74948615,-0.22543482
-0.9926345,-0.35153863,-0.7112219
-0.11929183,-0.704591,0.35729727
0.68569136,-0.02757772,0.63872474
0.8912801,-0.08151868,0.8015541
0.5408637,0.11195653,0.54616785
0.37802947,0.86875,1.0357113
-0.94713426,-0.082730606,-0.8069283
-0.004036998,0.4702925,0.22546938
-0.97986686,-0.32611686,-0.7133935
0.50153536,-0.2157438,0.52727634
-0.08880987,-0.8080597,0.5086109
-0.8586393,-0.45435098,-0.53685766
-0.8949487,0.45937124,-0.5639092
0.9012898,0.14984289,0.7918892
-0.37564322,-0.8044901,0.25343212
0.54601896,-0.10500544,0.5251266
-0.947462,-0.31244382,-0.7099775
-0.74952227,0.8923484,0.023516716
0.6968025,-0.08722325,0.640354
-0.6631153,0.6272368,-0.24684249
0.17972958,0.46880564,0.4078045
0.8980607,-0.49419224,1.0275711
-0.03816014,0.46059892,0.15825306
0.2521766,-0.8864715,0.9411242
-0.19001976,-0.27511698,-0.095686726
0.9243056,-0.083167166,0.7997914
-0.28184646,0.92058074,0.45839566
-0.6857194,0.27268544,-0.54631597
-0.2932583,0.4676713,-0.07632979
0.47834614,0.097280815,0.4657774
0.7855384,0.7528171,1.2452028
0.2956168,0.08804914,0.3001869
-0.31154624,-0.10453098,-0.28828746
-0.022803316,0.6350712,0.3518719
0.8826072,-0.39461043,0.94234186
0.19134751,0.7499043,0.71011627
0.5900086,-0.62163234,0.92779464
0.4647137,-0.9809723,1.2795403
-0.36300516,-0.22311166,-0.299149
-0.80963546,0.2818797,-0.6230456
-0.7630234,-0.01520484,-0.7049164
-0.98141026,-0.25918245,-0.7703515
0.8062002,-0.736949,1.2481512
-0.4089202,0.49996722,-0.14103286
0.9148398,0.026686233,0.7814934
-0.93790084,-0.17845166,-0.76169914
-0.80495805,0.90983623,0.02553997
0.2785018,0.38324052,0.4161245
-0.13082094,0.28831643,-0.04410054
0.36582965,-0.8001987,0.96500504
-0.35302037,0.5380915,-0.044378966
0.9304734,0.6264825,1.1745994
-0.04219691,0.3290351,0.07055351
0.63970673,0.21163328,0.64304644
-0.61455506,-0.2506189,-0.504267
0.1028319,0.3932868,0.26248112
0.52990615,-0.9467386,1.2849833
0.12984988,0.7814159,0.7041201
-0.09345475,0.16135257,-0.0747768
0.5301693,-0.6216796,0.8820703
-0.581499,0.97833014,0.27810472
-0.22498733,-0.5513004,0.08634417
-0.77023923,0.08755419,-0.6894088
-0.5099057,-0.113479175,-0.47481358
0.9018709,0.2948921,0.8766361
0.7940019,-0.07160227,0.7142702
0.7864124,0.6461542,1.114324
-0.32365665,0.36647844,-0.20127866
0.54533845,0.56892174,0.8395015
-0.0976504,0.50042707,0.16034728
0.21986476,0.9460135,1.0029685
-0.83104765,0.12345451,-0.70836926
-0.07175846,-0.830386,0.55648124
-0.12727441,0.59482425,0.21086648
-0.6614077,-0.82031184,0.0111211445
0.73251605,0.5131466,0.9390186
0.34791723,0.8632394,1.0177457
0.09689909,-0.03452295,0.088785045
0.8600457,-0.40440828,0.92793787
0.5983671,-0.0026420977,0.5683055
-0.39993113,-0.8107832,0.22899824
0.769957,-0.7368663,1.2058308
0.17175873,0.8798097,0.8594082
0.6947816,0.7043378,1.1154311
0.3270555,0.5943322,0.6691832
-0.8368145,0.4835694,-0.51808673
0.17421223,0.41624242,0.33234242
0.5871346,-0.09770112,0.57322484
-0.030124664,-0.3260116,0.0879468
-0.24445868,-0.152832,-0.21530005
0.18218532,0.019859053,0.17627187
0.7061706,0.10262509,0.64800054
-0.5323966,-0.38432202,-0.35806966
-0.77876693,-0.6946381,-0.24890119
-0.108140066,0.77902514,0.47228405
0.17678149,-0.96105707,0.9641401
-0.75962806,0.9860585,0.13514864
0.75681233,-0.62329906,1.0621165
-0.8905598,-0.7740776,-0.21704246
0.8562592,-0.6982365,1.2264766
0.9036923,0.5142913,1.0627992
-0.93415076,-0.8490811,-0.12817511
0.75704354,0.7088189,1.1764061
0.3478999,0.4347092,0.5442018
0.10271113,0.8192915,0.735555
0.22677548,0.14806299,0.24902876
0.36484638,0.21272199,0.40579763
0.4869674,-0.46457812,0.6844901
-0.28600824,-0.033773385,-0.27203315
-0.17085378,0.6963593,0.28535095
0.21686989,0.54577875,0.5074583
-0.42811367,0.6386329,-0.009646893
0.8950286,-0.540765,1.0608993
-0.7750873,0.67223245,-0.25340274
0.27178448,-0.3217592,0.37142166
0.9428192,0.12633134,0.83027416
-0.38748753,0.7586034,0.1577276
0.069394216,-0.87922555,0.78562665
-0.498854,-0.14478615,-0.4588054
-0.263589,-0.5598778,0.06821259
-0.33335844,0.3998165,-0.1741872
0.9034143,0.7495085,1.3171377
-0.16387312,0.2959662,-0.08183945
-0.9672811,-0.34800887,-0.71633166
-0.2839528,-0.0539878,-0.27471665
-0.084812135,0.05477658,-0.08513205
0.71156687,0.79917234,1.2346284
-0.5439881,-0.5456104,-0.20465371
0.36636868,0.7826387,0.93869895
0.37440372,0.54320484,0.66940325
-0.31680092,0.4899949,-0.08863965
0.34943628,0.4534538,0.5578474
-0.6326389,-0.43182334,-0.41237968
0.6269188,-0.7717365,1.1552333
-0.4394837,-0.0833237,-0.41998106
-0.2593215,0.8716705,0.42920846
-0.3120002,-0.22665705,-0.26357257
-0.65022045,0.85494375,0.062960856
0.9746399,-0.5605475,1.1412195
0.258692,0.88916636,0.96041626
-0.23698477,-0.6624275,0.18061548
-0.5397031,0.7993912,0.0855476
-0.4289232,0.59143525,-0.06481325
-0.18618156,0.6115722,0.17535287
-0.25017747,0.6027149,0.112739936
-0.7863687,0.025227126,-0.7045054
-0.0140237715,0.3395043,0.084950514
-0.25378424,-0.7262394,0.24396186
-0.50756556,0.37693352,-0.3467473
0.8294218,0.14788,0.75755024
-0.24782297,-0.7386426,0.2811863
-0.6633568,-0.23893237,-0.5649853
-0.9546263,-0.3862644,-0.6540314
0.1516262,-0.24453637,0.19846927
0.51877546,0.30339408,0.58450025
0.8282366,-0.4631901,0.94847816
0.39944804,0.88775796,1.1212382
0.0026564857,-0.060168248,-0.0028933664
-0.61474365,-0.07209033,-0.5707547
0.09726577,-0.4928017,0.33787063
0.92979646,0.2946008,0.8994928
0.35592178,0.2904938,0.4282164
-0.2579656,-0.7772569,0.31944978
0.7156044,-0.8335498,1.3038456
0.40530106,0.16072798,0.42844582
-0.12958014,0.6200102,0.24663316
0.88850254,-0.025258588,0.7775912
0.46817082,-0.2102109,0.483833
-0.4375883,0.59355134,-0.075674064
0.5596861,0.19170769,0.5642075
0.99526376,-0.4282691,1.0119641
-0.1125622,0.8528955,0.54975665
0.93983716,0.39437124,0.947966
-0.6660526,-0.40613535,-0.45978633
-0.12426918,0.072235085,-0.12571733
0.12530354,-0.21615976,0.18626605
-0.48114377,-0.20508006,-0.42419043
0.23968326,0.9177198,0.991607
-0.7523494,-0.46378356,-0.4548621
0.61750436,0.107274875,0.58141667
-0.77843654,-0.37536082,-0.5561669
-0.22196047,0.11057795,-0.21617486
0.8949346,0.44409388,0.9720581
0.2466253,0.19511017,0.28017583
-0.641703,0.97246486,0.212864
0.41655076,0.15969773,0.4395671
-0.13142405,0.47901332,0.090379156
-0.70846444,0.044814743,-0.64527893
-0.8313897,0.87055427,-0.05203047
0.99532336,-0.17494722,0.85077935
-0.28336158,-0.5989458,0.08082016
0.71371245,0.64954025,1.063013
-0.30937755,-0.7112818,0.17659687
-0.90305525,0.32694063,-0.68612957
0.73465526,-0.458217,0.8762416
-0.6639394,-0.5349319,-0.3190658
0.52049583,0.78179735,1.074948
0.68167555,0.15185305,0.6498138
0.050977096,-0.07840162,0.060813654
-0.2107404,0.7179367,0.26711902
-0.6065475,-0.117356665,-0.5574068
0.7923521,-0.5098964,0.9789427
0.8177298,0.18244365,0.76765764
-0.34942746,-0.6094476,0.028699739
0.30132478,0.020656198,0.30043557
-0.5113452,0.75091237,0.033811104
0.47036985,0.4991297,0.6891469
-0.42494342,0.6753762,0.016471718
0.93876964,0.36875138,0.94567823
-0.11350541,0.9239429,0.6414488
0.23373255,0.81846064,0.86990756
-0.22753729,0.3303076,-0.115884855
-0.77047086,-0.39396223,-0.5217337
0.6495636,-0.19467184,0.64970005
0.30837595,-0.6390864,0.7034437
-0.106990844,0.0024306285,-0.09979816
-0.7488276,-0.16807124,-0.66106296
0.08714526,-0.38946056,0.23550782
0.5330874,0.122876585,0.51010084
-0.29243726,-0.99018925,0.5471249
-0.5630401,-0.4072595,-0.37118113
-0.9645131,-0.7196527,-0.33745843
0.3602832,0.8580353,1.0003657
-0.5484909,0.7307197,-0.026679307
-0.63478297,-0.50433797,-0.33657983
-0.5790918,-0.9696514,0.2572777
-0.6518934,-0.8023991,-0.001414606
0.8217396,0.13965075,0.7363144
0.9284853,0.2915159,0.8752186
-0.019789293,-0.57982415,0.29244936
-0.84513664,-0.31664488,-0.6332432
-0.83160615,0.75808835,-0.19078267
0.5310932,0.48571342,0.7344483
0.6671127,0.06341107,0.60889494
-0.15219125,0.87322134,0.53854626
0.9028796,-0.6428162,1.167581
-0.48915324,0.037656378,-0.46307477
0.6517769,0.5084562,0.8594109
0.6376901,0.9259591,1.3655474
-0.22606473,0.63298434,0.17044443
0.51255447,0.8088462,1.0946522
0.26269662,-0.7625991,0.7836958
0.47364235,-0.07358395,0.47968635
0.56098443,0.09099278,0.5374224
-0.6947335,-0.47636226,-0.40929902
0.30596206,0.40162486,0.46151245
0.9508965,0.08171667,0.82339627
0.4939911,0.45146003,0.6676839
-0.44811195,0.40796942,-0.2773539
-0.9692618,0.19784614,-0.80141366
0.9491932,0.55510014,1.1228709
0.3103641,-0.09685471,0.32648116
0.3908759,-0.1348353,0.41923696
0.46184686,0.43121427,0.62252754
-0.26845843,-0.8378484,0.37562445
0.14692111,0.88638186,0.8600239
-0.521349,-0.7471269,0.03359856
-0.47414273,0.09641348,-0.44733742
0.44375387,0.8805814,1.1291952
-0.8828433,-0.86027175,-0.10373869
-0.6193982,0.10975788,-0.567479
-0.569589,0.47199777,-0.3128979
0.69740385,-0.23422293,0.6675766
0.108766876,-0.7091523,0.5853886
0.94379365,-0.9629962,1.6267053
-0.8054155,-0.94363976,0.063205935
0.67935133,-0.2544576,0.6851402
0.9893444,-0.6631592,1.2632661
-0.9399748,-0.6681375,-0.3694174
0.8791057,0.5263738,1.0435714
0.49229226,0.36319944,0.62423426
-0.8097025,-0.5751508,-0.41484866
0.97192657,-0.1823588,0.8555608
0.46731782,0.9109528,1.1878523
0.3034882,-0.28261736,0.3748891
0.36976078,-0.56062734,0.66481674
0.7802885,-0.47396138,0.9178414
-0.5767463,0.9628503,0.27767858
0.8201442,0.32037345,0.8342755
0.7530087,0.4843267,0.9258548
-0.050924577,0.51787424,0.21357752
0.07082731,0.32871774,0.18889588
0.52315253,0.79425156,1.0849209
-0.38798562,-0.042964093,-0.35863483
0.04059195,0.46952337,0.2458008
-0.15417814,-0.1998295,-0.1170292
-0.92666423,-0.7064095,-0.32598916
0.9508149,-0.3778404,0.9679172
0.28956434,0.4923484,0.5156731
0.86625606,-0.12812096,0.77445465
0.95650196,-0.12896816,0.8332504
-0.85134023,-0.38408652,-0.60753006
0.9969036,-0.90504473,1.5538547
-0.009029777,0.6753064,0.42780533
0.89002883,-0.5379071,1.0704283
0.07494467,-0.49528998,0.31277102
0.8633478,0.37716913,0.90589595
0.977912,0.9444352,1.6158032
0.35066086,-0.44627476,0.5515891
-0.66660166,0.80566186,-0.0064100237
0.41016734,0.13903992,0.42752156
-0.21329458,-0.93733555,0.56315905
0.9523875,0.45720258,1.0152824
0.49840224,-0.63621324,0.87477976
0.9086939,0.3627418,0.91574264
-0.62569845,0.069327585,-0.5803692
-0.59602505,0.09573283,-0.5323118
0.9566532,-0.9053145,1.5666454
0.8887581,0.3919185,0.91635305
0.7283789,-0.7814304,1.2350546
-0.66713977,0.835713,0.024735177
0.6169948,0.30482906,0.6733182
0.22390388,-0.93050426,0.982953
0.87696004,0.8361106,1.4269226
0.0022660035,0.27520862,0.06920292
-0.59801334,0.09903025,-0.54985833
0.7714836,-0.73774004,1.2185766
0.19310641,-0.76151556,0.7513495
-0.065631434,-0.401481,0.1013051
-0.83564174,-0.7963472,-0.14572255
-0.06362195,0.40854195,0.1184206
0.7630853,-0.30405265,0.79301894
0.6920674,-0.33336687,0.7583801
-0.0139122205,0.060431335,0.00879651
0.40180928,-0.8325011,1.0234127
-0.6825796,0.24923426,-0.5612787
0.628984,0.17118274,0.6270373
0.442057,-0.055272274,0.42671624
-0.054998565,0.4008873,0.10981477
0.5484739,-0.5809386,0.8509413
0.85091966,0.563463,1.0531117
0.6895561,-0.08521066,0.6459075
0.43425244,0.89743656,1.1435442
-0.40939623,0.66978496,0.030484926
0.98635757,0.68537635,1.2739695
-0.8452473,0.6835861,-0.2915787
-0.43685102,-0.8700903,0.251636
-0.50425935,-0.7578823,0.06401451
0.8655645,-0.5754526,1.0857661
0.12680838,0.73079705,0.63383245
-0.24503763,0.37724337,-0.0957835
-0.08679028,-0.2724662,-0.00434488
0.2804024,-0.9313058,1.0423055
-0.13789341,-0.8332433,0.5042326
0.31906822,0.65871924,0.7265416
-0.09463621,0.012911132,-0.094124936
0.38260025,-0.10419168,0.38360032
-0.72817934,0.35592136,-0.5444574
0.6271203,-0.5217957,0.8600547
-0.4141422,0.98202866,0.42978275
0.51662135,-0.89391696,1.1986084
0.8661774,0.51536125,1.0361371
0.57037127,-0.2975353,0.63345236
-0.025854094,-0.8860584,0.68172747
0.25868076,0.4337057,0.4494944
0.18188345,0.7085222,0.6446254
0.8177475,-0.21864888,0.7896458
-0.031461943,0.46409023,0.16966559
-0.15422983,-0.9426721,0.62698096
-0.43142566,-0.40522495,-0.25140995
0.5300239,-0.763618,1.0641059
-0.5190719,-0.56303823,-0.18083954
-0.8557988,-0.94164056,0.03502833
0.81165916,-0.0900769,0.7554803
-0.25869372,0.4108705,-0.0823859
-0.8007366,-0.66670966,-0.2882459
-0.17489283,0.526442,0.10467923
0.15956314,0.28608698,0.24235834
-0.7590817,-0.31621227,-0.586515
-0.5131521,-0.43376833,-0.30223688
-0.030214781,0.4213522,0.14060435
-0.25831324,-0.24299406,-0.19884053
-0.88504326,0.30543438,-0.6812212
-0.15593225,0.5987108,0.18673764
-0.1367077,-0.9783592,0.6909869
0.31196767,0.8107069,0.90271103
0.39737067,0.20791577,0.44315243
-0.96955806,-0.7291863,-0.31949413
-0.20230705,-0.894221,0.50424045
0.7019357,0.25842494,0.7224948
0.59000456,0.88009024,1.2632244
0.3789676,0.3347062,0.48112145
0.19366945,-0.7379328,0.72924095
-0.79906106,0.8388076,-0.05919447
0.0034145126,-0.23649053,0.057694197
-0.31620878,0.21848729,-0.26273912
-0.43250316,0.790346,0.18405774
0.12035992,0.9357991,0.89668876
-0.91672486,0.2787584,-0.7312882
0.7859455,0.43344417,0.91318196
-0.57563925,-0.074082166,-0.52407676
-0.8217661,0.6062134,-0.36897317
0.37122008,0.10085764,0.36737525
-0.79749024,-0.45963842,-0.5059275
-0.55424803,0.46175775,-0.32854354
-0.87817556,-0.37990588,-0.6309598
-0.94785434,-0.06931365,-0.81791943
0.89357746,0.26058137,0.8641513
0.711985,0.43341303,0.84009755
0.407011,0.35233518,0.4943433
0.85196626,-0.5297918,1.0322187
-0.66343117,-0.102618866,-0.6022776
-0.86071426,-0.31681383,-0.6549904
0.416281,-0.4289834,0.60256356
-0.7231975,0.21764828,-0.6204616
0.14620174,0.24805681,0.21279177
0.33182886,0.8366853,0.96991605
-0.89808613,0.5013227,-0.5305455
0.96535367,-0.18033135,0.8514518
-0.70697254,-0.24950325,-0.5821771
-0.50023764,-0.3070375,-0.38621
0.858339,0.29607955,0.848033
0.13198432,-0.5990625,0.48511595
0.37046444,0.38084325,0.50529283
-0.113109685,0.25019273,-0.04766295
-0.67592597,-0.86069953,0.050074257
-0.69809455,-0.62418634,-0.25960493
0.8190927,0.45868114,0.93513286
0.14221412,-0.3296239,0.24823087
0.8454613,0.08636592,0.7406066
-0.3773649,0.25752354,-0.31062555
-0.8870933,0.77582914,-0.22567916
-0.43115047,0.05510424,-0.42215642
0.28244025,0.41673493,0.46472472
0.8608369,-0.6283037,1.135896
-0.23877755,-0.81689596,0.4015976
0.59226894,-0.32254627,0.65400124
-0.48441446,-0.28846434,-0.39490178
-0.17384057,-0.58133227,0.15785336
-0.35948837,-0.6029297,0.006222565
-0.183998,0.2076574,-0.15065512
0.7224947,0.20419793,0.7027342
0.4091029,-0.7003364,0.8504347
0.8436536,0.64849216,1.1562421
0.7247476,-0.41799492,0.8230937
0.09760176,-0.69705737,0.56893975
0.7096688,0.94629824,1.4254694
0.24932878,-0.44036257,0.4416914
0.103285916,-0.015997836,0.10531687
-0.21358335,-0.6098405,0.14391612
-0.37574676,0.8756515,0.30480042
-0.16009074,-0.6289287,0.22759245
0.0156499,-0.85596985,0.6790486
-0.1955757,0.3609872,-0.065568045
-0.47222185,-0.9602647,0.35091388
-0.027957402,0.45616066,0.18578382
0.2522824,-0.7340596,0.750013
0.68262434,0.2975003,0.723096
0.0021592546,0.40696353,0.16247292
0.5346185,0.71604705,0.99890697
-0.99124575,0.7277893,-0.3315575
0.7091229,0.9881999,1.4885485
0.035310723,-0.37934232,0.19700247
-0.3397784,-0.9999888,0.5019136
0.09063803,0.40324953,0.26206848
0.10420539,-0.27167416,0.17851447
-0.07561199,0.20190349,-0.0137669435
-0.8865302,-0.07032738,-0.7640016
-0.15528241,-0.29495025,-0.06079813
0.55727124,0.2183159,0.5728803
0.93237054,-0.44276103,0.98981553
-0.30557093,-0.03571061,-0.31746063
-0.8448001,-0.39028454,-0.5946613
-0.80436516,-0.7303717,-0.20622452
0.32128838,0.45193318,0.5407129
-0.8709368,-0.6904497,-0.30194697
0.30122563,0.7693807,0.85687935
-0.7834629,-0.3630749,-0.5681249
0.43777323,0.19879107,0.47426274
-0.15386367,-0.22258614,-0.09370388
-0.4313688,0.31088725,-0.33538535
-0.74244434,-0.2399136,-0.63563854
0.9577678,-0.898486,1.5480858
-0.46545452,0.99237794,0.38229907
0.4234793,-0.13834453,0.43185318
-0.046223566,-0.050024882,-0.047198024
0.0811695,0.40680742,0.24676634
-0.97959846,-0.21182981,-0.79972136
0.5033109,0.15472485,0.51142716
0.99498993,-0.6369221,1.224211
-0.17518252,0.82676417,0.44292283
0.08331641,0.4701966,0.29846054
-0.24678536,0.3071302,-0.1551514
-0.5989716,-0.19427921,-0.5240318
-0.6757632,-0.22526804,-0.5653074
-0.63300526,-0.42841074,-0.4135482
-0.3428806,0.5535042,-0.027962089
0.51306885,0.7375056,1.0111463
-0.6316573,-0.84249705,0.053771242
-0.3565019,-0.2788956,-0.2636673
0.7007242,-0.08563714,0.64132977
-0.13393922,0.6405298,0.28076988
0.5999467,-0.18787813,0.600366
-0.38173726,0.2512067,-0.28758442
0.16887744,0.9103043,0.9145093
0.28270623,-0.7754093,0.8395382
0.41461727,0.887332,1.1264699
-0.049839415,-0.18630809,-0.012140772
0.050140467,0.33805966,0.16774014
0.651495,0.8214647,1.2307914
0.15990499,0.79132986,0.7620816
0.2848599,0.514292,0.54559803
-0.13044539,0.02505174,-0.115254566
-0.05522239,0.8084879,0.5505866
0.48562354,0.28587675,0.5542526
-0.8866188,-0.87435675,-0.067595676
-0.32254705,0.7607646,0.2487416
-0.8922392,-0.90232676,-0.04847745
0.42154193,0.4567748,0.62902296
0.7290798,-0.6978249,1.1352208
-0.82752866,-0.659743,-0.30137005
0.76449555,-0.09641173,0.6971122
0.5215001,-0.15827349,0.53983396
0.8654826,-0.27761078,0.83916163
-0.13528128,0.67100185,0.29603308
0.98922455,0.70993316,1.3389239
0.685246,-0.55731845,0.94411963
-0.9264154,-0.73929566,-0.2778535
-0.5036605,0.09714392,-0.47835833
-0.4129244,0.81365186,0.22079249
-0.5675754,0.64289874,-0.13425678
0.117484085,-0.5730363,0.42719293
0.10311248,0.5340894,0.38454795
0.88879764,0.19508483,0.8043136
-0.9046215,-0.40241116,-0.6322484
0.8266471,0.06575494,0.73939157
0.48005,-0.38032997,0.5903464
0.63258386,-0.8911637,1.2905794
-0.59785974,0.19391032,-0.52053064
-0.7443372,-0.6514941,-0.25113386
-0.095825225,-0.60430497,0.264132
0.7176843,-0.8868943,1.3712248
0.81201124,0.34645703,0.84774673
-0.81191605,-0.9690194,0.09153228
0.3926033,-0.091921814,0.39002642
-0.03627152,0.7890089,0.5697766
-0.020435024,0.23572725,0.0419538
0.96697444,-0.08466494,0.8310989
-0.9842038,0.8944547,-0.12128493
-0.033305638,0.9233204,0.7146598
0.5671762,-0.7500067,1.0717049
-0.71005917,-0.40855756,-0.49053282
-0.8538092,-0.21127622,-0.7214522
-0.6849846,-0.74180615,-0.10982353
-0.35279012,-0.6850469,0.10129247
0.7297678,0.3858213,0.81753
-0.12007737,-0.672567,0.3153657
-0.5940659,-0.6181828,-0.19383278
0.52153426,0.8533168,1.1675576
0.034558605,0.10242501,0.042662725
-0.6952564,-0.5816804,-0.29206207
-0.95496243,-0.9842351,0.012737644
0.87032276,0.57633847,1.0862926
-0.42462447,-0.21533729,-0.37613732
-0.5284099,0.5428954,-0.22111855
0.9329531,-0.9140134,1.5601951
-0.055057,0.006025826,-0.06117011
-0.7567613,-0.7770676,-0.102218255
-0.70626366,-0.8668609,0.030436968
0.7301308,0.9724906,1.4784648
0.1454148,-0.98115504,0.95926434
0.17444533,-0.71396863,0.6647491
0.37207398,0.38273257,0.4887944
0.23917079,0.5709207,0.5567308
-0.71748656,0.83266896,-0.030291717
-0.6125424,-0.8750771,0.106768064
0.501216,-0.27177724,0.55406755
-0.73652834,-0.35002443,-0.54651415
0.26474404,-0.11984422,0.2753401
0.6051093,0.25405467,0.6299236
-0.45539233,-0.5251063,-0.16192965
-0.3843247,-0.005545255,-0.36768338
0.17886718,-0.40165263,0.3505307
0.17825334,-0.5674826,0.50145143
0.99786544,0.7605404,1.3853921
0.58842987,0.009015331,0.5504208
-0.62663937,-0.072399884,-0.57813144
-0.32475075,0.41153753,-0.15559173
-0.95085484,0.10105029,-0.7915851
0.7793366,-0.0051036044,0.7039782
-0.2329429,0.9107358,0.50939286
-0.38496178,0.054099053,-0.376821
-0.46889165,-0.5116548,-0.19053042
0.11426264,-0.7293326,0.6227409
-0.3007579,-0.4441502,-0.101247825
0.013366411,0.26828358,0.09406137
0.16535537,-0.70226514,0.6372083
-0.99685663,0.24601944,-0.7904256
-0.004395257,0.7841026,0.5725525
-0.042949405,0.36881256,0.092869714
0.50198364,-0.32499748,0.59724915
0.15599754,0.6056351,0.5217401
0.92040753,-0.19237272,0.8306371
-0.6668206,-0.6689707,-0.18798634
-0.80364203,0.440743,-0.5253178
-0.6147761,0.62708986,-0.18759212
-0.02254701,0.29506645,0.052908152
-0.67371386,0.9361235,0.14975141
-0.87317723,0.85780495,-0.111836374
0.6335298,-0.9007507,1.3056669
-0.17233917,-0.73937184,0.34432766
0.8671326,0.25915116,0.8363324
-0.046527453,-0.29000995,0.040823057
0.036034457,-0.15595761,0.06450795
0.6369694,-0.4591346,0.8063066
-0.8236389,-0.30412373,-0.6244358
0.6408171,-0.28204003,0.6938047
0.61033636,0.36895257,0.6978436
0.17151049,-0.6364413,0.5764676
0.07248974,0.4596854,0.29354465
-0.97567916,0.7925299,-0.23650628
0.58059883,0.50680095,0.7954724
-0.22014809,0.8438671,0.43354458
-0.7081633,0.40431076,-0.4871862
0.10156843,0.62823904,0.4727754
-0.97923905,-0.7105689,-0.35175234
0.33972168,-0.20781827,0.38048667
-0.6853022,0.80499166,-0.040197216
0.011281084,0.30993745,0.10305341
0.15500824,-0.5140334,0.39308307
-0.15009034,-0.18319045,-0.11226039
0.16553293,0.76179695,0.6999422
0.3155268,-0.072085716,0.32025442
0.6520981,-0.9758469,1.4239402
0.5497638,0.92484075,1.2581292
0.06283649,-0.9490305,0.8399305
-0.01652088,0.42302433,0.17304419
0.7688718,0.75712794,1.2350507
0.9541634,-0.78944635,1.3931774
-0.7407956,-0.969578,0.119277954
-0.4729674,0.9446089,0.3338878
0.71912926,-0.2096918,0.7114388
0.7757547,-0.97068787,1.5135942
0.12780268,-0.54864484,0.4232218
0.2272569,0.8270178,0.86388224
-0.37833667,0.5377149,-0.09133697
-0.12562485,0.32759297,-0.03132463
0.1939687,0.7921309,0.7811155
0.14951102,0.7611941,0.71794474
-0.09934536,-0.5143121,0.16081436
0.49152964,-0.28699607,0.56597006
0.424043,-0.57316804,0.71966296
-0.7884114,-0.21880266,-0.65421444
0.2240561,0.69418,0.68114144
-0.68116295,-0.10233768,-0.6335483
0.26862904,-0.13526529,0.29683173
-0.27972314,0.21764931,-0.22546698
-0.8884172,0.5569306,-0.47709024
-0.6049114,0.48951012,-0.3226077
0.72171104,0.2746264,0.73053205
-0.20599179,-0.73732775,0.3111743
0.8792947,-0.8704704,1.4554815
0.8780169,0.119332194,0.79008067
-0.26118413,-0.4058573,-0.084146224
-0.3659213,0.3086347,-0.26485646
-0.265955,-0.018861622,-0.25865084
-0.4149828,0.6519287,0.008251092
-0.37276697,0.9103237,0.3767485
-0.6116163,0.86586976,0.10506469
0.43948072,0.9851275,1.2592425
0.002374823,-0.38139382,0.15323661
-0.7290763,-0.1351179,-0.65086967
0.25038835,-0.75574595,0.77887535
-0.35830924,-0.9125167,0.391846
-0.6073238,-0.3953264,-0.4241642
0.721584,-0.1643823,0.67117333
-0.89096844,-0.45731127,-0.55425036
-0.9183502,0.3539592,-0.66971445
0.56791025,0.7376266,1.0475949
-0.59570307,-0.5446246,-0.26946032
-0.48887914,-0.25069705,-0.3855589
-0.30835983,0.7889368,0.28509292
-0.090643086,0.34278715,0.024022458
-0.24851283,0.752629,0.30302474
-0.9201551,-0.9821914,0.015151392
-0.9755339,-0.0035812468,-0.826962
0.6401367,-0.20674053,0.6515427
0.9711224,-0.28968266,0.9078286
-0.86212575,0.33244944,-0.64071274
-0.12780061,-0.42511836,0.06576605
-0.36512893,0.7446322,0.16244102
0.42740828,-0.7396026,0.9471219
0.07432302,-0.040056635,0.07899563
0.17152129,0.338955,0.27339047
-0.5434,0.20015287,-0.46361148
0.041900866,-0.4313924,0.22799477
-0.049172066,0.6309565,0.34138575
0.41904593,-0.9284904,1.1539344
-0.36163697,-0.79414696,0.2546586
0.61852914,-0.43505344,0.78091127
0.27785248,-0.69588166,0.7451085
0.16492698,-0.0058919457,0.16929501
-0.894923,-0.8510166,-0.111614674
-0.045670122,-0.84739727,0.6127908
-0.2440033,0.22620063,-0.19607523
-0.24732037,0.36954603,-0.0876477
0.4490069,-0.3930866,0.5889701
0.67723346,-0.611351,0.97303575
0.55629396,0.04847068,0.5334991
-0.05965493,-0.5352824,0.21715258
0.80688506,-0.33116233,0.82999516
-0.36532724,0.7961582,0.22334656
-0.89655733,-0.4513106,-0.5668119
0.5020069,0.20524424,0.51863986
0.9833185,0.86631864,1.5106022
0.75547814,-0.60881007,1.0422868
0.7886755,0.6699154,1.1529329
0.9501878,-0.73052436,1.3299865
-0.95868635,-0.84602445,-0.17121156
0.6491095,0.3494671,0.71715057
-0.02525137,0.46173593,0.1821164
0.15440279,0.93178105,0.93645215
0.22131988,-0.5364379,0.49798533
-0.88183033,0.69485354,-0.3133132
-0.2684708,-0.6286806,0.11101516
-0.22641066,-0.66741985,0.2062222
0.013340665,-0.20631987,0.052059434
-0.28893703,-0.55425924,0.019298077
-0.12706828,-0.8915664,0.58236396
-0.98307115,0.90022993,-0.09180919
0.7699283,0.8155868,1.3082086
0.23934978,0.61985314,0.5953191
0.35295418,-0.9346652,1.1158304
-0.71585155,-0.30136693,-0.55470395
-0.774419,-0.967119,0.09113209
0.93275744,-0.3720079,0.9457066
-0.672176,-0.76097226,-0.07887243
-0.9346391,-0.54721254,-0.5116927
0.5153124,0.46298036,0.6910914
-0.123198256,0.39685768,0.040423833
-0.68175966,-0.114773646,-0.61234915
0.37919465,-0.38237277,0.5019095
0.45738965,0.6655319,0.85516423
0.29879296,0.30523562,0.3759291
0.5231299,0.95564115,1.2837563
-0.7665921,-0.4384313,-0.5005491
0.8836484,-0.7496891,1.2988498
-0.7529054,0.48288697,-0.45505223
0.7650457,-0.6918907,1.1617942
-0.42885438,-0.30608213,-0.3413104
-0.56124353,0.515072,-0.26420107
-0.157837,0.93661314,0.61292845
0.06533675,0.3569521,0.19354637
-0.10616893,-0.65065473,0.31286
0.40648547,-0.97239786,1.2028515
-0.7135194,0.529458,-0.3889322
-0.5002369,0.75461066,0.06435694
0.8838738,0.20875092,0.8219247
-0.74723035,0.20274624,-0.6297247
0.131715,-0.08401475,0.14440171
0.18396722,-0.38829798,0.32758352
-0.8538864,0.1070802,-0.738991
0.33731905,-0.014460974,0.33367988
-0.26408133,0.34311816,-0.1318319
0.05545778,0.92457706,0.80172944
-0.6706439,-0.10613924,-0.6230396
0.10270646,0.117858425,0.116883606
0.4435877,-0.27554002,0.50215364
-0.10681641,0.7621977,0.4569504
-0.099334784,0.6623711,0.34462884
-0.58600354,0.120336115,-0.529275
0.3198574,-0.5487618,0.61451995
-0.37433654,0.68607163,0.08633763
-0.2827735,0.20174037,-0.23906535
0.4097647,-0.29137182,0.48820803
-0.6529936,0.95948845,0.19486445
-0.57603854,0.6799412,-0.10001958
0.7461474,0.39216003,0.82692873
-0.23781243,0.31183627,-0.13303861
0.30141085,0.7549914,0.8345722
-0.34693545,0.5009957,-0.095987804
0.9754037,-0.051170465,0.84960127
-0.17979981,-0.56110895,0.14294186
-0.6491405,0.90347046,0.13428493
-0.24144328,0.6186725,0.14532858
-0.46223503,0.059350345,-0.435187
-0.2647463,0.11034519,-0.26288366
0.6531242,-0.50975704,0.84120464
-0.2901921,0.32981247,-0.1683178
0.61391455,-0.58444846,0.90038514
-0.7318139,-0.8215058,-0.05109446
0.07279369,-0.3231725,0.17602189
-0.98417246,0.95716417,-0.03008029
0.32099646,-0.6765693,0.7558969
-0.76655036,0.9224069,0.062621474
0.43462995,0.3787851,0.57164997
0.07506658,0.9530973,0.8654566
-0.66257614,0.85805523,0.05066898
-0.50662756,0.49086526,-0.23892286
0.56502247,-0.6089828,0.88704944
0.33579767,0.012893752,0.33961886
-0.4528076,0.40131688,-0.27231836
-0.18927503,-0.80909115,0.4151843
0.06143221,0.50373095,0.29969355
0.3935247,-0.63007796,0.76783353
0.39558265,0.035227872,0.3685885
-0.4727204,-0.7570737,0.09099845
0.56870395,-0.93101275,1.2973982
-0.11905099,-0.1716939,-0.10030067
-0.38142172,-0.28281823,-0.30493551
0.9357587,0.40065786,0.98062354
-0.2693503,0.8351747,0.37375242
-0.49530616,0.56634426,-0.17336656
-0.41537857,-0.012432212,-0.39228967
0.8177511,0.79968613,1.3233294
0.4155647,-0.6722004,0.84134436
-0.039456252,-0.17098677,-0.023108972
0.8681137,0.47106558,0.9893286
0.7044797,0.6603254,1.0666741
0.26568615,0.7600797,0.79625934
-0.12301653,0.49595848,0.11127317
-0.6671262,-0.85356194,0.03681274
-0.04229918,0.67174876,0.39629868
0.40163997,0.62756115,0.7918894
-0.73872364,-0.5257529,-0.38981035
0.5162578,0.9668975,1.3137121
0.46454474,0.08352696,0.4430616
0.7528814,0.27352443,0.7544829
0.16229121,0.45315692,0.36481348
0.5693977,-0.9956769,1.3719808
0.7900678,0.54983634,1.0043579
0.8198844,-0.84240997,1.3747673
-0.2991396,-0.39000636,-0.15777424
0.9651331,-0.3714392,0.96491355
-0.35264933,0.70840836,0.14335513
-0.7075361,-0.67081124,-0.20922913
-0.8456539,0.3000775,-0.6719267
0.43555295,-0.043581665,0.42752042
-0.770973,0.64195406,-0.30898106
0.44438785,-0.68200636,0.87815106
0.7616927,-0.6784183,1.1266466
0.6838391,-0.7436487,1.1583335
-0.73384595,0.33060098,-0.56157666
-0.4173011,0.70069534,0.07013853
0.22800085,-0.9241293,0.9721196
0.22317986,0.08413037,0.21868685
0.6664623,0.03747352,0.61651766
0.27893302,0.29765198,0.37099418
-0.31468576,0.8746765,0.38035983
0.326826,0.9286147,1.0828184
0.48523974,0.63759595,0.86320555
0.7704998,-0.0796354,0.6996202
-0.5214901,-0.27338946,-0.44931847
0.32096556,0.7082628,0.81548285
-0.63434166,0.5186905,-0.3326399
0.7604162,-0.39660132,0.851086
0.5952706,0.045146603,0.5547758
0.55679256,0.3201968,0.62493336
0.22916986,0.21074863,0.27999493
-0.8624702,-0.9224857,-0.0024676777
0.5164902,0.34152424,0.6186633
-0.088636436,0.6220199,0.3136976
-0.64504623,0.23734511,-0.5288102
-0.2983157,-0.9322306,0.4569443
-0.37442136,0.52848303,-0.06154146
-0.602009,-0.6921109,-0.10320424
0.8451102,0.5616829,1.0455474
-0.7111152,0.75672704,-0.09624932
0.044792224,0.3295799,0.16343771
-0.48870122,0.015645547,-0.45821953
-0.11775553,-0.7570658,0.41950718
0.46260175,-0.5423233,0.7227095
-0.7445102,-0.011419331,-0.66007906
-0.15776926,-0.6861588,0.29852322
0.16389929,-0.55058515,0.45877215
0.010299618,-0.8267997,0.6566035
0.56876296,0.16174023,0.57931334
0.40405262,-0.6554337,0.8124377
-0.8633603,-0.66174716,-0.31777138
-0.8691369,0.06933522,-0.77768314
0.22935021,-0.59486735,0.5655754
-0.48926646,0.28190115,-0.38541088
-0.25033727,-0.5294357,0.043671247
0.26746336,-0.45696118,0.49750045
-0.09661715,0.2449512,-0.04441132
0.9933136,0.9937134,1.6683748
-0.00029888528,-0.060720485,0.01258724
-0.9191027,0.52506304,-0.5260754
0.32906067,-0.013671996,0.330523
0.9575593,-0.2957373,0.9158944
-0.9257038,-0.5370213,-0.50680375
0.64890814,-0.54825824,0.8834117
-0.9021076,0.47596422,-0.5438726
-0.49152374,-0.78277296,0.08889583
0.38704115,-0.8349541,1.010228
-0.7975353,0.788017,-0.123711295
0.68263936,-0.13855597,0.64773923
-0.3240258,0.18564874,-0.2872797
-0.38431096,0.26250863,-0.31992653
0.3048558,0.92484707,1.0488427
0.58353615,-0.39989486,0.71566486
-0.26079035,0.15704337,-0.22244978
0.52501446,0.9413676,1.2623527
-0.73166656,0.69864714,-0.21172333
-0.30278274,-0.2301953,-0.2535475
0.8766395,-0.6459772,1.1672565
-0.3904432,-0.4291864,-0.22978473
-0.7489561,-0.77996993,-0.101292275
0.87064147,-0.7476875,1.2770791
0.980877,-0.63527375,1.2157712
0.80540514,-0.44759947,0.915304
-0.47988445,0.40811285,-0.30618793
0.34140518,0.12638344,0.35446718
0.33939004,0.58609086,0.6672673
0.20529953,0.8724364,0.88218534
0.82798994,0.25239444,0.7959438
-0.23688878,-0.36025602,-0.105742134
-0.33711442,0.94497836,0.4505154
-0.6513305,0.9446502,0.1732453
-0.30736268,-0.8409846,0.35082597
0.34399197,-0.25193775,0.40196607
0.1128054,0.040585246,0.10471489
-0.6931418,-0.5609052,-0.33647004
0.64770794,-0.4128555,0.7667093
-0.20759417,0.28088993,-0.13349955
-0.4770853,-0.15287727,-0.43014136
-0.9017831,0.7420403,-0.24845015
-0.73638564,0.4267517,-0.51786137
-0.31667662,-0.26538423,-0.23788576
0.03986657,-0.8359355,0.69150066
-0.37416646,0.5304188,-0.10268156
0.9470529,-0.5077382,1.0844085
-0.79956484,0.32685146,-0.6130122
0.2390735,-0.21690693,0.29204485
0.0938796,0.07853996,0.09128007
-0.8376854,0.8436009,-0.08295683
-0.014438037,-0.79434747,0.5788938
-0.16716531,0.99796575,0.65781516
0.5497364,0.89478,1.2276601
-0.42486984,-0.35235152,-0.2929656
0.8979508,-0.51920974,1.0564688
-0.33806193,0.72691363,0.17078218
-0.7349657,-0.845973,-0.017376004
0.76938426,-0.3303432,0.79609305
-0.5328653,-0.17285465,-0.462835
0.12802893,0.5082708,0.39190567
-0.37335867,0.36526978,-0.23154427
-0.5815386,-0.9810764,0.27622485
0.8716828,0.7266699,1.2784845
0.84046966,0.60747963,1.0998172
-0.9359565,-0.92348695,-0.058574982
0.2906538,0.7591892,0.8226266
0.5259615,-0.12242585,0.5146068
-0.90518236,-0.4085714,-0.62447184
0.7472192,-0.71631426,1.1631076
-0.8784155,0.319756,-0.6537248
-0.70348597,-0.5362993,-0.35715893
0.83885354,-0.64962786,1.1541564
0.9446635,-0.78320557,1.3852742
-0.66161186,-0.6770517,-0.17048772
0.85676795,0.70106393,1.2326953
-0.92909956,0.96663886,0.0027112043
-0.65363353,0.46999288,-0.40904483
-0.62733567,-0.8611527,0.08651132
0.99396926,0.7752103,1.3977233
-0.8288968,-0.10180041,-0.72779316
-0.36294731,-0.94631726,0.43893623
0.12492153,0.16176932,0.16359176
-0.16903836,0.64407474,0.22824967
-0.02174264,-0.7192314,0.47373068
-0.26937407,-0.5177827,0.028526818
0.84503305,0.5583331,1.0665253
-0.96777374,0.21382475,-0.75788677
0.0882758,-0.32099864,0.19735546
-0.06594272,-0.13309056,-0.051527143
0.9773936,-0.9565076,1.6337239
0.34137747,-0.94793344,1.1032454
0.15634687,-0.30358025,0.259222
-0.2291109,-0.12652518,-0.20855038
0.2142883,0.13415176,0.24606605
0.34962612,0.58766925,0.6917403
-0.22612308,-0.15613213,-0.19426785
-0.17729108,-0.5944023,0.17005223
-0.26234883,0.119497284,-0.24830867
-0.29013717,-0.6406318,0.107025824
0.064375766,-0.5091638,0.3223374
-0.52887756,-0.5289443,-0.21368009
-0.9626124,0.44154367,-0.62579465
0.16971986,-0.48065585,0.40071976
0.75094265,-0.23740204,0.7263406
0.9088373,0.33396548,0.88048077
0.10973298,0.96105194,0.9264324
0.12553875,0.05214092,0.12780555
-0.25852558,0.20546645,-0.21127708
-0.75026196,-0.5362673,-0.40464845
0.6377214,0.28041112,0.69161
0.02963833,-0.45907128,0.23038286
-0.78090954,0.9024237,0.008987261
-0.25066048,0.46071655,-0.029118063
-0.081625424,0.15462878,-0.071024895
0.8034304,0.41173306,0.8986794
-0.73581344,-0.041160095,-0.6957171
0.8739787,0.63467705,1.1568239
-0.38787934,0.6046188,-0.041535027
-0.95581084,0.58652985,-0.4768202
0.63143015,0.024451813,0.5754651
-0.9630084,-0.4757561,-0.6031513
0.11919367,-0.20725854,0.16131341
0.19306557,0.61108375,0.5729217
-0.46616188,-0.5866578,-0.08803287
0.33428144,0.48493382,0.55481154
0.21058194,-0.5283707,0.4960363
-0.58663803,0.8965185,0.150786
0.373315,0.66231674,0.7849166
0.66839486,-0.027268022,0.62358856
0.5979136,0.15545729,0.5625279
-0.0839384,-0.25393638,-0.0055651045
0.15823409,-0.6667041,0.57993835
-0.93838006,0.4697752,-0.59204197
0.35973093,-0.8438098,1.0122286
0.078773566,0.61040616,0.45336995
-0.7600237,0.8371347,-0.046860594
-0.19422004,-0.90111786,0.5343021
-0.21177162,-0.21227148,-0.15653442
0.14420192,0.76530445,0.69877386
-0.11464304,-0.9506132,0.65231264
0.11427303,-0.81384397,0.72924894
0.6690821,0.12370437,0.6472317
0.5575033,0.9533157,1.3255239
-0.49735928,0.07973936,-0.47344202
0.95076,0.99637836,1.6573906
0.69942784,-0.36775666,0.7809622
0.98598504,0.78797054,1.395221
0.92489195,0.3203936,0.8977461
0.6042084,-0.30967453,0.6688217
0.9436047,-0.44237453,1.0128999
-0.56298065,-0.11053087,-0.5240751
0.8600086,0.91935396,1.5088388
0.24857028,-0.11892599,0.24683793
-0.2735409,0.023040244,-0.26179934
-0.19328704,0.23478822,-0.1235438
-0.92713624,-0.072757624,-0.7879044
0.35932484,0.92836154,1.1166018
-0.7400784,-0.53132653,-0.3881073
-0.55999535,0.6975169,-0.04838611
0.2238745,-0.5151609,0.5007433
0.008064914,0.80143267,0.6007504
0.1773323,-0.57781035,0.50917107
0.7142354,-0.2164437,0.6981222
-0.7307498,0.91078126,0.081458665
-0.5644721,0.88960785,0.1772216
0.49334747,0.47737303,0.704715
-0.8682992,0.4660686,-0.5521857
-0.87913877,-0.06058369,-0.75736713
-0.25950465,0.029379133,-0.25268722
0.047225032,-0.4755227,0.27621728
-0.97027874,-0.9838006,0.0010015959
0.4418308,0.04050177,0.43552175
0.46426582,-0.8978422,1.1747769
-0.68122303,0.2680424,-0.54943407
0.8553434,0.18645748,0.7970156
-0.30479118,0.7200415,0.19418134
0.4189286,-0.23739606,0.45921364
-0.4550335,-0.16513948,-0.40943968
0.95855445,-0.21971557,0.85723436
-0.7435998,0.9616783,0.13556784
-0.6600107,0.3119773,-0.49584207
-0.49100542,0.40041888,-0.31359532
-0.5446313,-0.8537617,0.15845978
-0.67370903,0.87795705,0.06735576
-0.5040818,-0.46367753,-0.28355014
0.07459608,-0.030799782,0.0632485
0.3670004,0.8425836,1.0045652
-0.2580817,0.51505554,-0.00430629
0.14720675,-0.76511526,0.7126799
0.7997469,-0.41992557,0.8979051
0.27652848,0.5124211,0.5370651
0.3796095,-0.06808946,0.3859636
0.5931445,0.64506006,0.9670801
0.8755494,0.36658174,0.89788985
-0.91147894,-0.6512237,-0.39119622
0.8166714,0.95047385,1.4906707
-0.7536021,0.6785778,-0.25665563
-0.66708684,-0.22287422,-0.56334245
0.6487935,0.93419915,1.3760539
-0.80929035,-0.8290808,-0.103622645
-0.41424906,0.6061472,-0.04096798
-0.19641404,0.5252165,0.077748574
0.23024121,0.64555484,0.63651544
0.08959329,-0.91973466,0.82043874
0.3341739,0.85007846,0.984323
0.6186692,0.87377,1.260886
-0.9727361,0.70889413,-0.34822372
0.6114333,-0.118143015,0.6158318
-0.78801054,0.2042755,-0.6716015
-0.93175775,0.8099054,-0.18176916
0.04592176,0.12428687,0.059760697
0.22867042,0.3976935,0.3857609
-0.9008727,0.02273627,-0.790881
-0.6510794,0.42453504,-0.41544396
0.59747136,0.17231178,0.5846975
0.29221,0.35828725,0.42577672
-0.31936762,-0.3627901,-0.1839468
0.7808521,0.49026987,0.9372796
-0.033161703,0.4921769,0.21120362
0.1439216,-0.74354666,0.668822
-0.56204367,0.636967,-0.13177449
0.23586726,-0.711852,0.73383605
-0.13238925,-0.42578003,0.02864222
0.10583882,0.75955534,0.6549299
-0.808729,0.41984388,-0.5361191
-0.2761137,-0.13418224,-0.26540604
-0.67230976,0.77743465,-0.07530073
0.46115816,-0.5835413,0.7545266
-0.7535106,0.08054813,-0.6775808
0.11317179,0.4603043,0.34208617
-0.8800424,-0.22296928,-0.71997595
0.46509308,0.78837395,1.0382884
-0.7008021,0.037047084,-0.6510098
-0.05968666,0.6082975,0.28297278
-0.08852291,0.231766,-0.043795917
-0.78670675,-0.7594039,-0.17382257
-0.3695473,-0.5623741,-0.04173446
-0.36540255,-0.5805598,-0.027954156
-0.65464616,-0.42895302,-0.4254618
0.9257529,-0.23277022,0.8644074
0.4669743,0.2952906,0.5191993
-0.8129002,0.8843354,-0.02081281
-0.98693377,-0.19405925,-0.79969925
-0.1172088,0.86777335,0.5685531
-0.41635412,0.5468254,-0.08333665
0.24204275,0.12567833,0.25698882
0.71372163,0.91713196,1.407538
0.08913888,0.6065642,0.44194648
0.35285777,-0.93983537,1.118318
0.1008165,-0.008621319,0.10479245
-0.63486004,0.27959856,-0.50693154
0.13387011,0.9713894,0.95211047
0.57950336,0.12531592,0.5778603
-0.9498917,0.020121027,-0.804755
-0.9239459,-0.77937084,-0.22760971
-0.78556,0.6320267,-0.31511173
0.17149338,0.20866717,0.23872294
0.55086,0.9506969,1.3115522
-0.22797005,0.4192969,-0.046434857
0.51396513,-0.08868703,0.4955233
-0.08824602,-0.6215549,0.28114623
-0.36506093,-0.49888086,-0.10254413
0.66596246,0.9488477,1.4106207
0.5665466,0.8418767,1.1986141
-0.17283829,0.16466913,-0.13735594
-0.86639315,0.72103715,-0.2453945
0.29383993,0.4985551,0.51638126
-0.8434035,-0.2890002,-0.66586614
0.11796759,-0.017940387,0.12613063
0.45755085,-0.04707715,0.43752834
0.8548828,0.25524887,0.8323107
-0.081639506,0.8590932,0.5584825
0.06285887,0.5669246,0.38897166
0.11101063,0.9880713,0.9310252
-0.491778,-0.6456151,-0.07703235
0.8033853,0.12458058,0.71450984
0.15461242,0.30193695,0.2413997
0.8485873,0.73403597,1.2738252
0.42466015,0.8534556,1.0860943
-0.48707592,-0.83296245,0.17307203
0.64422464,0.8941672,1.3091038
0.91713715,0.9936252,1.6265576
0.7914319,-0.93572253,1.4845245
-0.058354713,-0.98987126,0.7769735
0.96024597,0.029032866,0.8254941
0.2640241,0.79847187,0.8485588
-0.16791531,0.20112586,-0.13081743
-0.37369442,-0.29585224,-0.28639936
0.16764942,0.04532915,0.17375155
0.15108225,-0.56853634,0.45280442
0.7286433,0.10872985,0.69381064
-0.6259349,-0.99845415,0.2459285
0.6663356,-0.2864773,0.6926848
-0.86740375,-0.21989809,-0.71011674
0.7770732,0.6293569,1.0957307
-0.3737573,-0.6310619,0.03415703
-0.3741237,-0.8368727,0.28595465
-0.6826065,-0.6367094,-0.23909454
0.5348651,0.9891292,1.3484384
-0.6386745,-0.18935373,-0.56866616
-0.72788584,0.4625192,-0.46890613
0.24956751,0.45944774,0.460602
-0.72945344,0.10630695,-0.6568084
-0.4555556,0.9733389,0.3645891
-0.07395918,0.24751475,-0.013901206
-0.794282,-0.0126156835,-0.7096757
-0.20666805,0.22697118,-0.15100487
-0.41631815,0.47163886,-0.18892485
0.28950682,0.7881695,0.865601
-0.8410935,0.31909373,-0.63115203
-0.8334679,0.59202284,-0.39708948
-0.70188546,-0.21912102,-0.5953638
-0.8444371,-0.9817951,0.067199185
0.9016505,-0.59007835,1.1275162
-0.83597785,-0.81608605,-0.13236076
0.536716,0.21927337,0.56025475
0.3003656,0.67137516,0.7408883
-0.41923487,0.9227708,0.32437682
-0.99096256,0.65650123,-0.4053696
0.3687575,0.3868395,0.52350247
-0.67388374,-0.02927189,-0.61949253
0.8055549,0.8715177,1.405457
0.01182866,0.30571842,0.10883757
0.22817887,0.50908285,0.47386032
0.78756934,0.29540035,0.8024032
-0.87320143,-0.5423072,-0.50159246
0.17514144,0.6541292,0.5772538
0.95337725,-0.36505437,0.9439132
0.38371935,0.4397162,0.57158715
-0.24882081,-0.3114961,-0.14200996
0.2706488,-0.22138558,0.3194305
0.9870155,0.15107904,0.8578827
-0.46749744,-0.1686042,-0.4307424
0.70024014,-0.16217314,0.66322637
-0.5762711,-0.82743007,0.09622079
-0.60773903,0.45382047,-0.36590007
-0.5566095,0.5771839,-0.20507188
-0.8454681,-0.31871542,-0.63908637
-0.7564141,-0.9007996,0.05333585
0.11885821,-0.5030206,0.37420532
0.42046702,0.7479792,0.9289578
0.06663206,-0.12909342,0.09270978
-0.4342252,-0.29401234,-0.34756944
-0.3760848,-0.30446288,-0.28318566
0.7352175,0.9295778,1.4339583
0.67210764,0.09113522,0.6343621
0.6677647,0.3474222,0.7532618
0.14596075,0.69458723,0.60522664
0.56890947,0.2617113,0.6034579
0.21995896,0.028432963,0.21794489
-0.20856774,0.42745885,-0.018209942
-0.52973574,0.04022035,-0.5101938
-0.58389825,0.6101941,-0.19261505
0.77775115,0.020050913,0.70596516
-0.2016648,-0.91264564,0.5219582
-0.37029046,-0.35921842,-0.2243687
-0.34260672,-0.16611266,-0.30159768
-0.32425588,-0.647488,0.08507801
0.80298936,0.2529808,0.79473865
-0.39192596,0.69901747,0.074071154
-0.5287056,-0.731487,0.005949718
-0.79901105,0.14680485,-0.70399624
-0.89153725,0.32973498,-0.67700964
-0.0954973,0.067350596,-0.07847382
-0.23190881,0.030673524,-0.22932029
-0.9004033,-0.31091267,-0.6821211
0.5181405,-0.7156451,0.97997147
-0.98864377,-0.5573493,-0.5320858
-0.98400795,0.09772961,-0.8335273
-0.8760422,-0.31606954,-0.6541965
-0.63846374,0.12095223,-0.5745104
-0.5404811,0.89938325,0.21571486
0.34778866,0.11053055,0.34945303
0.47155875,-0.8297949,1.1075898
-0.102802716,-0.78801644,0.4636305
0.8821787,-0.7841336,1.3522297
0.5059058,-0.9871601,1.3098204
-0.21764743,0.71100265,0.2682984
0.0053448644,0.8653726,0.6845743
-0.5766455,0.4639888,-0.3474146
-0.40491092,-0.5531448,-0.10081714
-0.7961141,0.604944,-0.34020826
0.4416411,-0.5585519,0.72556835
-0.24851678,0.71050215,0.24025477
0.16452156,0.39337847,0.31121022
-0.032054044,0.6606341,0.38836852
0.24269763,-0.41428748,0.40937608
-0.8696039,0.5762834,-0.45271176
-0.5475601,0.17975903,-0.47742513
0.8249095,0.14827742,0.7755799
0.10562479,0.51206964,0.3730864
0.077528924,-0.8528192,0.73180085
-0.3573308,-0.5538967,-0.030387865
0.65153235,0.12701564,0.6428036
0.24556069,0.5831405,0.5733348
-0.36019188,0.7431253,0.17828761
-0.8002944,-0.2058322,-0.660339
0.4252653,0.09899707,0.43415567
-0.06642783,-0.5508547,0.23422514
0.7665775,0.7392117,1.2200028
0.78777677,-0.731565,1.2128636
-0.91887444,-0.19115798,-0.7628433
0.9044673,-0.08891212,0.798901
0.7082912,-0.33960545,0.76207983
0.87387085,0.80819994,1.3946772
-0.08508186,-0.11078125,-0.07554978
-0.009174536,0.2560808,0.05346514
0.3296945,0.81308323,0.9333677
-0.2890372,-0.85807127,0.37820968
-0.12203393,0.68409526,0.33748436
0.40815008,0.48351806,0.61642206
0.31495062,0.60835445,0.65674144
-0.5113802,0.22803648,-0.4469041
-0.46229637,0.33534604,-0.33274657
0.2330988,0.28378093,0.31070197
0.5856336,0.31656682,0.6371914
-0.14932646,-0.45143172,0.04692869
0.7036039,-0.1119695,0.6565365
-0.23850118,-0.5480095,0.05751881
-0.12231462,-0.096529104,-0.11448444
-0.5442917,-0.8287453,0.12491731
0.2083215,0.6357974,0.5957327
-0.8976938,-0.2819187,-0.6984587
0.3046015,-0.8536455,0.9503561
-0.77853703,-0.53287315,-0.42056867
0.72000206,0.19630894,0.70904547
-0.43394056,0.75464296,0.10114698
-0.17004341,0.43932065,0.023276087
0.6554207,-0.36178556,0.731861
-0.39381838,0.36232358,-0.252099
-0.78438777,-0.5984436,-0.3678752
-0.15393932,-0.9413927,0.60685885
-0.30998015,0.06191446,-0.30724177
-0.901919,0.35133556,-0.66884375
-0.2700296,-0.3816253,-0.13716292
0.04536958,-0.86635447,0.7395044
-0.84301,-0.30311286,-0.66116923
-0.4237349,-0.5211138,-0.13233146
-0.5958008,0.49898493,-0.32635617
0.300246,-0.81833357,0.92627084
0.05600775,-0.71028477,0.5326445
-0.95695084,0.27000716,-0.7251143
-0.32541096,-0.25042993,-0.25527072
-0.8759931,-0.03940942,-0.7548944
0.095175266,-0.20352931,0.13153343
-0.6017242,-0.98975354,0.25205088
-0.34029013,0.62130165,0.036171354
-0.68345994,0.77684766,-0.06832607
0.98569155,-0.7608139,1.3754637
0.8352316,-0.86529475,1.4243857
-0.72315174,0.40412343,-0.49897113
0.29262933,-0.31745148,0.39174193
0.7313191,0.3056789,0.76361144
-0.49214476,0.48658314,-0.25080547
0.026880559,-0.05925172,0.022380115
-0.064248666,-0.29611468,0.014453214
0.9797106,0.7727115,1.4007849
-0.26446998,-0.4344922,-0.084177874
0.27175608,0.4038666,0.44174373
0.33074856,-0.16458008,0.36204225
0.94622463,0.1795825,0.8475992
-0.57749593,0.27900216,-0.46811765
0.26017916,0.046363395,0.26185444
0.2837594,-0.81605655,0.91842866
0.18698786,0.31086996,0.27996725
-0.7467661,-0.119237565,-0.6825645
-0.96257627,0.08691077,-0.81455475
-0.5904842,-0.3489216,-0.43508804
0.6553156,-0.66640884,1.053851
0.6401619,-0.8674353,1.2927098
-0.112202674,-0.33125645,-0.0040879436
-0.93038666,-0.5780888,-0.4815674
0.8273443,-0.4429557,0.94734967
0.40713364,0.70868486,0.87450886
0.7873581,0.6137198,1.0695415
-0.22277156,-0.79047805,0.37774086
-0.67552584,-0.7345235,-0.11811166
-0.3411963,0.6539851,0.07747494
-0.3111436,0.076681666,-0.2985935
0.0131867435,0.12769385,0.011715522
-0.79042023,0.19449414,-0.67781854
0.92929465,0.291095,0.8887768
0.03999422,-0.27032503,0.11896212
-0.92224747,-0.7940178,-0.19508076
-0.2167641,-0.06854516,-0.21020734
-0.17516877,-0.3089515,-0.07476248
0.3361203,0.9617448,1.1476799
0.32487464,0.041106112,0.32835564
0.9947791,-0.82106537,1.4566593
0.29334384,0.035956558,0.2843778
0.15585397,0.82076186,0.78897345
-0.34270266,0.11335979,-0.34389582
-0.5304258,-0.17465013,-0.48106217
0.60057926,0.13598298,0.58202195
0.83582604,0.9072017,1.4695733
0.8888232,-0.124601595,0.7860371
0.2238918,-0.05362442,0.22685789
0.42379302,0.75640714,0.9624428
0.078105725,0.84502697,0.734681
0.101338334,-0.2812822,0.1879368
-0.77075034,0.34254223,-0.5972575
0.3353058,-0.44975227,0.54872257
-0.03816441,0.97090536,0.7900448
-0.12994204,0.3371453,-0.019257631
0.4307703,-0.25536084,0.4746857
0.6171695,0.55480087,0.8889652
-0.601623,-0.61657935,-0.19407302
0.21797419,-0.6647704,0.6264409
-0.25748277,0.3149154,-0.16169575
0.39310834,0.7308118,0.8894378
0.870126,0.16700001,0.80428046
0.32446444,-0.6123835,0.7025297
0.88910353,0.40849647,0.9503163
0.43920085,-0.030828424,0.42251682
-0.8263342,-0.1831469,-0.7034214
-0.71070933,-0.6597688,-0.22076464
-0.10905117,0.99433804,0.7422378
-0.5448187,0.93558717,0.25226638
0.56241983,-0.42647263,0.719985
0.9052797,0.8678193,1.4701115
-0.6367685,0.5617977,-0.2726114
-0.74905807,0.5416265,-0.39018756
0.5539058,0.9723598,1.3357449
-0.6289675,-0.117432,-0.56614107
-0.6324594,0.99737096,0.23584251
0.8342551,-0.8266546,1.3779898
-0.99765116,0.5442233,-0.5465524
-0.9687349,-0.6942375,-0.36407384
0.70624274,-0.8391705,1.297091
0.29427487,0.92820454,1.0498894
-0.86117476,0.7005748,-0.29839754
-0.093134426,-0.45655248,0.09833199
0.6261499,0.5281276,0.8635123
-0.536769,0.75736934,0.033519626
-0.3475728,-0.5312284,-0.071205154
0.12336176,-0.8462619,0.76114935
0.65430224,0.022422627,0.61529636
0.5699729,-0.35006508,0.6565884
0.77564436,0.5945762,1.0428727
-0.09355931,0.26765147,-0.02190515
-0.09084006,0.22420467,-0.06520085
0.19965993,0.6198882,0.57694066
0.25731203,-0.36728436,0.38643008
0.5216,0.55529875,0.79582363
0.11401819,-0.98195803,0.9417173
-0.46449897,-0.9407723,0.3329452
-0.6398583,-0.46411508,-0.38237938
-0.6505497,-0.44266465,-0.41252762
0.76493144,0.3056937,0.80689466
0.7010851,0.26122794,0.7072839
0.71958107,0.005008931,0.660633
-0.21929735,0.055010233,-0.21094917
-0.41478553,0.2571666,-0.33801976
-0.06837521,0.72908235,0.43774724
-0.8831482,0.39144146,-0.6311458
-0.58906066,0.52999675,-0.28144157
0.8002491,-0.09434774,0.728333
-0.29893723,0.07272111,-0.28530085
0.6605461,-0.12886786,0.61995727
0.3462385,0.96062106,1.142044
-0.36444336,-0.90613383,0.38146013
0.1872003,-0.85327506,0.8397473
0.70903444,-0.30649486,0.7519009
0.5606145,0.267958,0.59707195
0.14929578,0.8798229,0.84928924
-0.70037675,0.37458098,-0.5107373
0.3178891,0.51183885,0.57940876
-0.5891897,-0.45705616,-0.3769414
-0.9648638,0.3906912,-0.67003626
0.8843566,-0.1099035,0.7762195
-0.08251389,-0.97114855,0.72839785
0.36304834,-0.33035052,0.46823815
-0.61185026,0.09151674,-0.5694901
0.36037698,0.6903804,0.8007363
-0.33371603,-0.47669524,-0.104883306
0.39555135,0.67823213,0.82821053
-0.8661805,0.25487414,-0.7055003
0.93395084,0.56966513,1.1153736
-0.8734954,-0.9472302,0.014086722
-0.050328117,0.115975834,-0.04779712
-0.94448626,0.6059241,-0.45725083
0.3200348,-0.25763217,0.37107232
0.88156366,0.7272332,1.2822468
-0.43195122,0.30770144,-0.3154271
0.4874646,0.8980961,1.2045702
0.61668724,0.34685224,0.71629095
0.8371686,0.05292419,0.73501873
-0.19292924,-0.5450286,0.09478745
-0.5954966,0.4350502,-0.39154
0.15546644,0.6900468,0.61672246
0.43113774,-0.24810849,0.49366528
0.4502747,0.30727848,0.52161986
0.6784643,0.42894402,0.81906754
-0.9327396,0.17966522,-0.7743411
0.7012381,0.29995096,0.74865544
0.283459,0.05967768,0.27909034
-0.5775458,0.20528527,-0.5020411
0.74651724,0.4023222,0.83526874
-0.27240083,0.6692517,0.17394134
0.51567435,-0.5813546,0.8307565
0.8918123,0.72436804,1.2736669
-0.8063417,-0.8099887,-0.11601247
0.90158933,-0.65286446,1.1972502
0.9399189,-0.26349953,0.9029541
-0.9284609,-0.5128192,-0.53604364
0.3398221,0.7801871,0.9081781
0.059280794,0.850186,0.7063473
0.87149805,-0.21479657,0.7957838
-0.4214296,-0.9363459,0.35795122
0.0026307204,0.22682592,0.06350609
-0.8774345,0.1042065,-0.73748
0.75099933,0.8816831,1.3738276
0.5245328,0.029527422,0.49091786
-0.606647,-0.026137754,-0.5723169
-0.49013275,-0.08025645,-0.47411597
-0.85196555,0.33314502,-0.6304018
-0.80346006,0.8325665,-0.07734466
0.17685434,0.67856187,0.61666226
0.1428645,0.9498047,0.92501384
0.4974311,-0.41634545,0.66022855
-0.30977365,0.07557192,-0.2920925
0.49507588,-0.83019567,1.1179245
-0.0067436188,-0.12480581,0.020789217
0.751048,0.27787077,0.7565742
0.22948237,0.5529714,0.5239713
-0.8098379,-0.95492595,0.062176853
0.98698795,-0.63975245,1.2132697
-0.10781525,0.03045052,-0.10921632
0.6560731,-0.13390315,0.6336961
0.3502284,-0.88510007,1.0350726
-0.87325263,-0.081705056,-0.75537354
0.90012336,0.88698846,1.5028522
0.19801526,-0.5555254,0.50755835
0.4601523,-0.6050885,0.78963816
0.23570354,-0.34322467,0.35489655
-0.60746634,-0.6832269,-0.11341563
-0.5862855,-0.005901494,-0.55524486
-0.92526144,-0.5647349,-0.49550456
0.7208223,0.2591268,0.73024255
0.7653391,0.36461282,0.81594294
0.5145106,0.13471878,0.5212012
-0.13711226,-0.18269384,-0.09239106
0.670053,0.2984676,0.7086777
-0.15444207,0.2096767,-0.10265591
0.6062522,0.35006273,0.6895918
-0.38261104,0.37110958,-0.2240398
0.082430914,0.6650888,0.5038187
0.82385576,0.8438899,1.3786986
0.7809609,-0.5734167,1.0196887
-0.6739067,-0.69216406,-0.15079384
0.21883596,-0.9220866,0.9722072
-0.33643267,0.7966223,0.23694243
-0.34743413,-0.4414023,-0.12898497
-0.44085047,0.28690213,-0.3421091
0.9686133,-0.833158,1.4533052
-0.27374893,-0.789518,0.31023276
0.81792897,-0.9390019,1.5055307
-0.7122763,0.17424558,-0.62506616
0.28414282,0.1621558,0.29807064
0.5696246,0.38008502,0.6831509
-0.6341018,-0.1789738,-0.56579685
-0.9493583,0.518316,-0.5574287
0.47187173,0.69468737,0.90783465
-0.93601364,-0.5251638,-0.53591114
0.6789963,-0.7112399,1.0853134
0.5692161,0.8202058,1.1591065
0.7511696,0.72573406,1.1966348
-0.4429265,0.13036619,-0.41206452
-0.00685075,-0.9720904,0.79581696
-0.88980854,0.8943423,-0.0729092
-0.6294166,0.857072,0.06318595
0.54557544,-0.27125826,0.5763304
-0.614998,-0.3268669,-0.4837909
0.9682791,-0.5301396,1.1014599
0.75619775,-0.77549255,1.2538116
-0.87798876,0.15377295,-0.7475733
-0.6755496,0.19912098,-0.5977069
-0.87096894,0.66184556,-0.34623873
0.68486714,-0.19262433,0.66464746
0.56393313,0.13395722,0.5317565
-0.17483187,0.58031285,0.16361141
0.40689334,-0.85528743,1.0506684
-0.41924167,0.45019358,-0.1851149
0.80554146,0.90548927,1.4566394
-0.06148922,0.87871814,0.62715626
0.29666856,-0.71821606,0.7962022
0.8858267,-0.24390577,0.8346088
0.9976904,0.48018223,1.0610012
-0.58218837,0.17770976,-0.50519854
-0.042481877,-0.021728825,-0.038676407
0.98709345,0.6569183,1.2420202
0.10433135,0.3448965,0.23852777
-0.5717234,0.16558366,-0.5189169
-0.60514677,-0.17203625,-0.53906584
-0.95659274,0.26945558,-0.73856384
0.574223,-0.67365474,0.97957313
-0.83914167,0.5301701,-0.46058264
-0.96955603,0.22483423,-0.77645785
0.38163677,-0.89912325,1.0823094
-0.32932523,-0.0001366049,-0.32233453
-0.55987203,0.93546623,0.2420427
-0.68677837,-0.30372488,-0.53673154
0.27064383,-0.86970836,0.96627283
-0.45365325,0.088544875,-0.44229618
0.40248784,-0.2809925,0.46128306
-0.8322432,-0.61566246,-0.35726574
-0.5777106,-0.94025,0.23859715
0.79850405,0.5162443,0.9584266
0.74835986,-0.20226191,0.7259418
0.397909,0.09250884,0.41566837
0.6819609,-0.11114388,0.63995314
0.22866401,-0.75215006,0.7528733
0.9630317,0.8549911,1.4822413
0.10738585,-0.9904194,0.9170669
0.97104436,-0.25056085,0.8948774
-0.16449077,-0.36372572,-0.035480548
0.90738213,-0.6713123,1.2146275
-0.86670494,-0.5854744,-0.42021123
-0.24546222,0.66381204,0.19121556
0.78426224,-0.84869355,1.3541375
0.77095854,0.8398415,1.3332398
-0.6119426,-0.053990528,-0.55880165
0.44221523,-0.08185455,0.43402308
-0.05831259,0.83817416,0.58794653
-0.33260947,0.6110131,0.053670675
-0.21650787,-0.6101596,0.14360435
-0.112632416,0.4941506,0.13912956
0.6700358,-0.11862228,0.6487014
-0.96412235,0.07452669,-0.8218164
0.66746706,0.82863456,1.2437602
0.06012436,-0.4416147,0.25881734
-0.06618378,0.69253814,0.3799907
0.034394197,0.8665935,0.70255685
-0.37202388,0.34916675,-0.22681947
-0.6166938,0.6097093,-0.21310681
-0.9049806,-0.17671347,-0.7536505
-0.22867773,0.6206304,0.14434291
-0.46893877,0.97926635,0.36532792
0.6385532,0.8535846,1.2732689
0.3596794,-0.107207656,0.35717186
-0.04206625,-0.7624179,0.4990532
-0.8246068,0.9799006,0.09775419
0.6723703,0.12145839,0.62873155
-0.73993564,-0.054462127,-0.67735696
-0.7085693,0.34691733,-0.520787
-0.25640517,-0.35735843,-0.12019096
0.3931064,0.49542212,0.6321658
-0.16407317,0.16493572,-0.14207666
0.69074893,-0.7604204,1.1761565
0.5710215,-0.60889715,0.9022815
-0.82826346,0.13752407,-0.71859986
0.3564639,-0.62212765,0.7150772
0.6608281,-0.38929847,0.7674803
0.32985106,0.9553321,1.0921144
-0.24839142,-0.8228652,0.3819432
-0.93052435,-0.101475075,-0.8100637
-0.7085837,-0.34495473,-0.5172374
-0.013885717,-0.78154576,0.56083924
-0.77790827,0.1388301,-0.7092577
0.86814654,-0.09073233,0.7754449
0.03723491,-0.75357455,0.585873
0.2890037,0.86298245,0.94022006
-0.6535863,-0.47507107,-0.3680428
0.11283508,-0.033133622,0.12189166
0.8634311,-0.7520973,1.3027793
-0.66022927,-0.7400161,-0.09557393
0.31217375,-0.2036817,0.34469986
-0.5841,-0.4961484,-0.31684542
-0.5335596,0.15854713,-0.47049794
0.4862995,-0.59280485,0.82042134
-0.57077867,0.74402326,-0.026158975
-0.5163926,-0.7224947,0.0038812214
-0.1479,-0.03448805,-0.12984751
-0.2861167,0.85559356,0.3842986
0.24589725,0.61868554,0.6181507
-0.42557442,0.7129625,0.05639598
-0.29410517,0.2319249,-0.22390914
0.38988984,0.34821612,0.4873785
0.018229853,-0.53998613,0.29801694
-0.5631929,-0.3791614,-0.3821714
-0.053217176,0.8316779,0.584661
0.37483162,-0.87955314,1.0560794
-0.7565958,-0.71381974,-0.20675679
0.07585396,-0.76797116,0.6305197
0.5729619,-0.11084003,0.54049677
-0.6464172,0.5428655,-0.31071365
-0.04132846,-0.5715666,0.27836433
-0.75191176,0.95338035,0.121295355
0.61669433,-0.68497664,1.015238
-0.78538924,-0.28676388,-0.61992145
-0.59069455,0.6942718,-0.08814454
-0.023109639,0.784592,0.55408025
0.42931265,0.7476099,0.9422343
0.67757916,0.9279811,1.3988624
-0.5368659,0.10395658,-0.5029439
0.013874664,-0.7336556,0.52301115
-0.71414477,0.5711563,-0.34367263
-0.2293433,-0.8218259,0.38152325
-0.006189333,0.54996955,0.30245438
-0.8122093,0.89800984,0.003081613
0.82080436,0.6510115,1.1414628
0.6684216,-0.7907682,1.1966813
0.96864384,-0.47368118,1.0573719
-0.37475312,-0.99538726,0.49138504
0.5712878,0.97142357,1.3519013
-0.81944263,0.8367436,-0.059397846
-0.26790997,-0.737406,0.25019407
-0.13859874,0.45116138,0.05504977
0.57868886,-0.8232363,1.1815696
0.9209137,-0.8450382,1.4484582
-0.19301276,0.81077725,0.4276858
-0.08710901,0.8624691,0.60129005
0.2243856,-0.25706753,0.28978345
0.9754971,0.13336667,0.8272107
0.5720265,0.37130225,0.6711331
0.09511932,0.45066586,0.30288717
0.6836024,0.055076662,0.6288899
0.48301172,-0.9926427,1.3065568
-0.17494802,0.3605134,-0.041492935
-0.62493825,-0.4095257,-0.43173447
-0.94826704,-0.38580763,-0.66776097
-0.84790975,0.426927,-0.5645599
-0.01623971,0.95346457,0.7745764
-0.8036745,-0.25467363,-0.6583506
-0.4727812,-0.019970875,-0.45714232
0.041687522,-0.084462516,0.041646432
0.677731,-0.33734483,0.7457437
0.042126957,0.58839655,0.39203238
0.85023415,0.9817899,1.5962069
0.40455183,0.2836485,0.46711078
0.13510406,-0.23177333,0.18755437
0.27146617,0.30212426,0.32847896
0.020367058,0.44065422,0.20962712
0.5786042,-0.7570278,1.0796496
-0.24615404,-0.7073748,0.24393706
-0.5367003,0.70837855,-0.04995773
-0.8642811,0.13796648,-0.7391003
0.8353525,0.3754439,0.88064647
0.9438826,0.30794564,0.9085123
0.99905807,0.99652845,1.6818316
-0.28376776,-0.5409568,0.006023682
0.1722297,0.44737425,0.3674638
0.6851977,-0.9522573,1.4367055
0.63674456,0.061180234,0.6068082
-0.7483731,-0.013226941,-0.6800882
-0.17505974,-0.9899417,0.6606919
0.8592452,-0.30905655,0.8659324
0.35922447,-0.5251632,0.6278573
0.28797343,-0.30172193,0.35904375
-0.774254,-0.14589997,-0.6635664
0.8089381,0.5985325,1.0852004
-0.79356706,-0.10630364,-0.69389856
-0.90309566,-0.111538656,-0.7746531
-0.2448496,-0.026971487,-0.23720972
0.8323087,-0.4423989,0.9484743
0.62652427,0.7684304,1.140342
-0.015487641,-0.42026326,0.15836093
0.061467998,0.3243227,0.1726091
0.34282458,0.50195676,0.5864611
0.8116226,-0.4277685,0.92446107
-0.0012444879,-0.39748424,0.15676367
0.06733515,-0.64796346,0.49554268
0.3193878,-0.7162447,0.7998922
0.16318154,-0.0076070894,0.15412886
0.34442338,0.23808566,0.39769
0.08608411,-0.44933912,0.2754727
0.65454835,-0.047507007,0.6132727
-0.5360334,-0.27246645,-0.436435
0.05427204,-0.20924222,0.1047188
0.20781752,-0.46338314,0.4036868
0.2056789,-0.9069496,0.9552958
0.9936154,-0.8422115,1.4966226
0.03626501,-0.41505313,0.20108292
-0.5650172,0.09442709,-0.5198728
-0.4225693,0.4971191,-0.1677799
-0.9737851,-0.2125443,-0.7795065
-0.94921714,0.42160696,-0.6243395
-0.010792192,-0.8772586,0.69205964
-0.9907386,0.0445312,-0.8255707
-0.23045431,-0.55847466,0.068762735
-0.4158288,-0.6819061,0.06561519
-0.80891156,0.18064791,-0.6963025
-0.18068902,-0.979824,0.63901925
-0.59314084,-0.98981166,0.27901652
-0.17298478,-0.6642261,0.23979588
-0.99407953,0.9850726,-0.014551446
0.403632,-0.48685881,0.62620157
0.41684175,-0.99299335,1.2286315
-0.6123563,0.19915144,-0.5211315
0.16195452,-0.7467091,0.6926445
-0.6256829,0.49721846,-0.34425846
-0.59149176,0.06354118,-0.5404216
-0.76631856,0.59793293,-0.32640117
0.060970534,-0.2663837,0.10997765
0.29989058,-0.327921,0.40424046
0.5855521,-0.12712747,0.5586265
0.71203053,0.9664498,1.4670217
-0.9690588,-0.59698623,-0.4805337
-0.16054714,0.9663563,0.6598384
-0.2982021,-0.70911914,0.18716556
0.49577254,0.19369985,0.5109077
0.44268137,0.18567398,0.46259397
0.10852627,-0.16081604,0.13427773
-0.0490366,-0.061669715,-0.05186935
-0.919818,-0.06364255,-0.78750414
0.31614283,-0.28294313,0.37719226
0.741434,-0.09276975,0.684175
-0.5297594,0.9173268,0.25489014
-0.031212568,0.4065266,0.13479087
-0.9487658,0.67753553,-0.36450002
0.69795793,-0.14373699,0.6530162
0.25343508,0.4893331,0.4945571
0.9509942,-0.91978735,1.5807562
0.7364498,-0.4892759,0.92465967
-0.8901333,-0.4012945,-0.61727154
0.9175736,0.59441465,1.1556637
0.550902,-0.4493754,0.71493644
0.5081288,-0.29990497,0.59151447
0.37249613,-0.47418183,0.61448574
-0.75683075,-0.68579745,-0.23285505
-0.8323106,0.50563276,-0.47884783
0.4471091,0.52850103,0.6986565
-0.470425,0.86918885,0.22679035
0.4722529,0.14099325,0.47150323
-0.0039290073,0.459646,0.21297947
0.39558002,-0.73827094,0.9186282
0.5096007,0.59528315,0.84698606
0.1379368,0.2736174,0.22111993
0.47613266,0.7012731,0.939508
-0.17367224,-0.6507053,0.23464002
-0.54352015,-0.6688679,-0.08830637
-0.19851476,0.41258827,-0.013559012
0.17672952,0.5077595,0.42445102
-0.07385321,-0.24494427,-0.017723847
-0.80946225,0.4546542,-0.5080731
-0.16372855,-0.8194442,0.4468521
-0.9360362,-0.23963246,-0.7351595
0.9795183,-0.6523665,1.2233768
-0.15021102,-0.17509615,-0.120449126
0.5144047,-0.6385716,0.87768847
0.9393651,-0.5977848,1.1656789
0.48316243,0.3338844,0.5582176
0.38480866,0.44872302,0.5613157
-0.22578849,0.6021554,0.14155364
-0.87188286,0.35140216,-0.63622034
-0.3539055,-0.96094656,0.43699393
0.57175773,0.40234426,0.7105422
0.47401518,-0.7241454,0.9661419
0.4383841,0.77718484,0.98663145
0.501299,0.17957024,0.5166655
-0.40618116,-0.46646103,-0.18260406
-0.22799602,-0.69017744,0.23344931
-0.8869722,0.20205458,-0.7436415
-0.4921001,0.53216773,-0.18367958
0.8700043,-0.19336192,0.8062261
-0.75844437,0.33145037,-0.57228667
-0.28161418,-0.86298317,0.40854132
-0.4443029,-0.89405,0.2773725
0.0038710246,0.5873957,0.34162587
-0.6923839,0.040619727,-0.6473383
0.037007045,-0.21681593,0.07643451
0.58941877,-0.6532057,0.97470945
-0.58529055,0.8806432,0.15089077
0.4363003,0.70697236,0.90707433
0.7104922,0.46328855,0.8409749
-0.015268343,0.2176515,0.033599123
-0.5930709,-0.13597873,-0.54612064
0.50164807,-0.9773299,1.3186064
0.5554333,0.627012,0.9050704
0.75184923,0.08964749,0.694071
-0.8727149,0.06142265,-0.76348597
-0.20761217,0.45573738,-0.0055943136
-0.57137585,-0.53450066,-0.276047
-0.80215746,0.70733714,-0.24537422
0.631901,0.38131186,0.7496896
0.111228086,0.21985625,0.16213912
-0.066113986,-0.4209279,0.10394219
-0.9643826,0.6855397,-0.37713256
0.8020827,0.49038112,0.9509461
-0.079194926,-0.03696688,-0.09096305
0.03698268,-0.042918846,0.031180182
0.98937315,-0.8271224,1.4688295
-0.9716273,-0.5698639,-0.5109055
-0.20071968,0.7567683,0.34415737
-0.4582942,-0.4762558,-0.20566463
0.030511823,-0.9247668,0.7892254
0.63126475,0.70565444,1.0715151
-0.9241428,0.12799762,-0.7812777
0.7101403,-0.055302743,0.67088556
0.20177957,-0.17424849,0.22093804
-0.2833532,-0.2647426,-0.20567432
-0.9367139,0.8400676,-0.16317746
0.10673587,0.9129888,0.84993464
0.7191967,0.4467205,0.8520254
0.8054237,-0.50450236,0.97723484
0.17783183,-0.024971046,0.17810582
-0.5346495,0.84816885,0.16279387
0.9057811,0.80730283,1.3869133
0.7091881,-0.48445007,0.87357
0.24253733,-0.13929838,0.26304075
-0.8917002,-0.030752378,-0.78053355
0.42867604,-0.441084,0.61841655
-0.3319852,-0.15682305,-0.3142125
-0.18163325,0.91222703,0.5686794
0.6974762,-0.25929818,0.7018879
0.57389534,-0.5269466,0.837762
0.9722054,0.44880518,1.0367483
0.039182678,-0.9103033,0.7758555
-0.5903392,-0.91135204,0.17181362
0.2835584,0.6942834,0.7282081
0.28047967,0.88529795,0.9946241
-0.70879066,0.74420464,-0.11846434
0.26728958,0.8035909,0.8746038
0.86178774,-0.72501165,1.2430544
-0.7187947,0.47088563,-0.42970088
0.6042907,-0.73821265,1.0701984
0.6137117,0.2520001,0.638145
-0.8915755,0.90668225,-0.05294703
0.99557674,0.18529107,0.8688258
-0.826461,-0.9465196,0.028953595
0.68429977,0.4497027,0.83290666
0.2822492,0.13833089,0.30057696
-0.93528813,-0.4634862,-0.59567356
-0.8576989,0.3093798,-0.6545987
0.54385185,-0.89796156,1.2183628
0.9324282,0.93143195,1.5687569
-0.19271798,-0.8580488,0.48980016
0.68776023,0.9286787,1.3953917
0.7128158,-0.964019,1.459295
0.4887578,-0.03469377,0.45656335
-0.27914467,-0.38863173,-0.13900726
0.6743039,-0.56710184,0.9263267
-0.26328424,-0.5599136,0.06389783
0.17951214,0.97030854,0.9784191
0.32683524,-0.78470176,0.89367014
-0.8352273,0.50687975,-0.49207148
-0.70226747,0.8004246,-0.04311441
-0.22758812,-0.9691051,0.5781932
-0.030807339,-0.09252634,-0.021095553
0.39994183,-0.630392,0.77722573
0.328825,0.115167275,0.338501
0.8606432,0.6622589,1.1894151
-0.8032615,0.057934236,-0.7185086
0.98813874,0.68121403,1.2942076
-0.82862234,-0.8971899,-0.019260945
0.6805698,-0.17226706,0.63118166
-0.0774959,-0.19503623,-0.030519152
0.39323476,-0.15659627,0.3914817
-0.56160486,0.8315181,0.12399339
0.292137,0.38165373,0.45327893
-0.36810324,0.5567591,-0.06740272
0.98666376,0.86379105,1.5020797
0.6272074,0.25346443,0.66933924
0.914221,0.019656593,0.797502
-0.9863383,0.9091155,-0.09677514
-0.23384076,0.079431444,-0.19883157
0.9783601,0.08514138,0.8345396
-0.80203706,0.8399231,-0.058522567
0.80254686,-0.088843025,0.7372174
0.8586335,0.42830065,0.93992317
0.79996943,0.120159,0.73429596
0.78792244,-0.75609434,1.2328752
-0.15094043,0.8081337,0.4586314
0.5492769,-0.5289574,0.7996652
-0.3524437,-0.028697295,-0.34356552
0.40701768,0.4688556,0.604198
0.77165043,-0.31734025,0.79515445
-0.62607294,-0.59388226,-0.24090381
-0.6384188,0.111979134,-0.58412266
-0.31280494,-0.5805691,0.04041921
-0.47029498,0.6295215,-0.062467728
0.2764213,0.05811641,0.2639446
0.63444465,0.601398,0.9278645
0.48220935,-0.622006,0.8450241
0.7516325,-0.87645894,1.3836302
0.5740882,-0.75716215,1.1064103
0.4184926,-0.24492079,0.47678933
0.8301029,0.717201,1.23306
-0.21759455,-0.9527691,0.57197315
0.16613998,-0.60991514,0.53311974
0.62826914,-0.59272945,0.9430497
-0.6735939,0.39467788,-0.47240058
0.2157646,0.7050593,0.6911019
0.88929886,0.2416284,0.81393445
-0.027812388,0.9358585,0.71967417
0.93641937,-0.84293306,1.4631271
0.35799417,0.53147745,0.62318116
0.948649,-0.7436703,1.3408159
0.40463918,0.7004561,0.88109905
0.90747774,-0.7560698,1.3378122
0.28018382,0.9760257,1.0845028
-0.75843745,0.95027566,0.073067755
0.038269125,-0.4598185,0.25288245
-0.56544906,-0.1914721,-0.5030184
-0.29927444,-0.884679,0.40873545
0.46477303,0.5444016,0.7265818
-0.45119312,-0.6733916,0.022513691
-0.24656436,-0.9310382,0.51327115
0.5385999,0.6416627,0.8942478
-0.9470017,-0.060849648,-0.82025343
0.036973238,0.8610401,0.7119933
0.2205705,-0.97456133,1.0298058
0.5055634,-0.94932854,1.25763
0.7192195,-0.8401908,1.3044688
0.2154893,0.4774491,0.43303508
0.8297233,-0.59658635,1.0897835
0.7945267,0.9544533,1.5051326
0.705987,-0.67599994,1.1033239
-0.7653092,-0.38366023,-0.5555373
0.6678342,-0.9669549,1.4017591
0.79032964,0.25680023,0.76622033
-0.63682556,-0.75926805,-0.023754394
-0.42867193,0.12338459,-0.38675386
0.75956345,0.64512,1.1094723
0.64004374,-0.9194424,1.3417376
0.30887353,-0.32195598,0.4115165
-0.6923418,-0.84981203,0.009070324
-0.19750214,0.6036822,0.14857905
-0.89778334,-0.17467417,-0.75606835
0.38086715,0.5502218,0.6813715
0.32710195,0.31475666,0.43336126
-0.8781881,0.20946234,-0.7249485
-0.19248992,0.38644662,-0.038725868
-0.033104867,0.7135208,0.4555017
0.4012806,-0.7221263,0.8867152
-0.83407015,0.88832366,-0.034762826
-0.2588713,0.5448297,0.04455657
-0.67904633,0.9351389,0.13105027
0.76940197,-0.66767615,1.1522105
-0.8749398,0.50045776,-0.5216344
0.51812196,0.5049183,0.7315552
-0.08188945,-0.99917954,0.75690174
0.687085,0.4503558,0.8492955
-0.27163684,0.9968585,0.5584362
0.36510023,-0.78358877,0.93859124
-0.9218056,-0.57262206,-0.4610826
0.376637,-0.3195296,0.47561675
0.1901204,-0.01235422,0.19775347
0.40689164,0.55638343,0.70654887
0.89829296,0.02963914,0.78071415
-0.85171807,0.8491238,-0.10426869
-0.1061783,0.52580637,0.17421068
0.45580757,-0.9518676,1.2303703
-0.7629485,0.15233193,-0.66555864
0.092763424,0.8037776,0.70856243
-0.39089006,0.4340698,-0.20348275
0.4897021,-0.28437346,0.546877
0.35622647,0.66911244,0.784444
0.31643564,-0.61316746,0.691773
-0.9992762,0.11968894,-0.8139229
0.7579012,0.77640045,1.2607757
0.9200053,0.721054,1.2989389
-0.81207484,0.59291464,-0.37649304
0.56787443,0.33453572,0.6451636
-0.23890908,-0.64835894,0.17393464
-0.39594397,-0.2806026,-0.32654575
0.720866,0.5253666,0.91594005
-0.53976154,0.7701868,0.0696758
-0.055508822,0.5550958,0.24927278
0.18335016,0.38593048,0.3459576
-0.18280748,-0.5223644,0.07035284
-0.5909744,-0.64224005,-0.15624373
0.3842788,0.8317555,1.0218682
-0.4431531,-0.91215533,0.29533395
-0.41396928,-0.13419476,-0.39889058
-0.48176536,0.19481947,-0.43749437
0.38939935,-0.43677893,0.58407485
0.19260982,0.06542912,0.18825246
0.77015734,-0.4354082,0.88755155
-0.097566,-0.9667989,0.7032473
-0.9571125,0.71519387,-0.3398613
-0.074264385,0.509242,0.17457376
-0.27150604,0.2977184,-0.18790303
0.76975036,0.09812954,0.7008094
0.76872396,-0.6084711,1.0560322
0.79840267,0.27547687,0.7943667
0.5628546,0.044154823,0.5170942
0.7462761,0.41239652,0.85583305
-0.5317922,-0.7863991,0.060859367
-0.082146876,0.075095646,-0.08842264
-0.7080451,-0.044223715,-0.6475227
0.49244615,0.5581677,0.78270096
-0.037201475,-0.94313335,0.7432034
0.4860098,0.121725544,0.48132935
0.4564316,0.9285108,1.1792744
0.65717334,-0.97793496,1.4265934
0.33342513,0.99702746,1.1594602
0.6590702,0.8766827,1.2837656
-0.38528705,-0.4126093,-0.21716745
0.7922592,0.37787428,0.8622949
0.37896848,0.73802215,0.88349295
-0.5010773,0.35445824,-0.3455311
0.07235118,0.6829133,0.5178103
0.8630578,0.2013353,0.7984562
0.16611841,0.98002344,0.99726516
-0.5689392,0.12985493,-0.518264
-0.109734625,-0.74843633,0.4220988
-0.608269,-0.84417844,0.082916185
0.7323775,-0.51964074,0.9282723
0.9378233,-0.474116,1.0387448
-0.845309,0.2200979,-0.6932134
0.16878231,0.19244389,0.2197432
0.27734974,-0.31973323,0.3774914
0.6989332,0.11745793,0.6592923
0.56008804,-0.6018298,0.888259
0.7947919,-0.4942983,0.9412616
-0.93283665,0.23245633,-0.7465167
0.86104506,0.69890815,1.2057637
0.9017425,0.20955765,0.8236175
-0.86437356,-0.611998,-0.3885405
-0.9830357,-0.5665375,-0.5207171
0.008398577,0.60502166,0.34970286
-0.8553164,-0.7114011,-0.26956427
-0.23335955,-0.3816148,-0.07836845
-0.73732007,0.7537743,-0.14427264
0.8586187,0.062646165,0.7623425
-0.3387436,-0.19219123,-0.301768
0.36960328,-0.24658875,0.43200058
-0.2199034,-0.47785145,0.034507543
0.60257214,0.1673068,0.5875521
-0.76869243,0.76483643,-0.16088548
-0.9082932,-0.6356216,-0.39427885
-0.28223,0.96446764,0.5178608
-0.1516942,-0.16072194,-0.11440808
0.7987068,0.3090633,0.8011839
0.9849214,0.14021839,0.8540287
-0.28880408,0.6151306,0.08818768
-0.21003453,0.8718831,0.48297912
0.94633436,0.37270206,0.95241296
-0.6120068,-0.33999875,-0.44713095
-0.8064325,-0.742366,-0.18529895
0.39678356,-0.13814236,0.4065601
0.38070086,-0.79185176,0.96677846
0.0050382814,0.76780415,0.5799892
-0.068018064,-0.053391017,-0.07774626
0.43964016,0.7513388,0.9863403
0.49505275,-0.8917641,1.1895798
0.13167353,0.09196002,0.14266974
-0.17757083,-0.89795613,0.55206525
-0.3356833,-0.16488072,-0.2834697
0.4590682,0.10273736,0.46628073
0.7332329,-0.15740018,0.71131647
-0.48619956,-0.3156153,-0.35159692
0.71329373,-0.73772466,1.1631058
0.20868348,0.907745,0.9491833
-0.94491273,0.10073954,-0.8059717
0.262147,-0.62676543,0.6400762
0.032495216,-0.86990905,0.70255613
-0.60888094,0.14751716,-0.5513199
0.3452658,0.7549516,0.8821603
0.17393759,0.21970424,0.21033199
-0.13022842,0.08579416,-0.11767704
0.20776308,-0.14074197,0.23124662
-0.4294294,0.76294,0.1366771
-0.054351047,0.065712996,-0.04998561
-0.45773315,-0.820304,0.16555497
0.9760171,-0.988277,1.6527537
0.868621,-0.39489448,0.9192956
0.39157677,0.7325907,0.89371413
-0.062379595,0.020933809,-0.06238906
0.97087693,0.7895411,1.4119773
0.824798,0.7062803,1.2050052
0.8495953,0.22135958,0.8020047
-0.8567168,0.25402403,-0.69230187
0.27390927,0.53231144,0.5522872
-0.5386706,-0.75532824,0.039333295
-0.61603165,0.25908744,-0.5162344
-0.49820364,0.6563524,-0.046964068
-0.3138684,-0.12206339,-0.2757336
-0.7891526,-0.08517212,-0.70476776
-0.07529605,-0.96458685,0.7279821
0.4513898,-0.8990281,1.165346
-0.18739834,-0.12227681,-0.16860712
-0.26731235,-0.20618112,-0.21754673
0.77679276,0.6100742,1.0472386
0.49551165,0.19346744,0.5128742
0.9464408,-0.14544968,0.82315916
-0.6651797,0.63525057,-0.22877839
-0.023347277,0.51237357,0.24783106
-0.66460246,0.98971045,0.21814278
0.2490212,-0.46177733,0.46505547
0.74489844,-0.16001834,0.7030036
-0.65519804,0.16467212,-0.58448136
0.93914485,0.36221936,0.949819
0.45892322,0.8940508,1.1583766
-0.9310104,0.85835975,-0.12104889
0.748787,-0.7973518,1.2868336
0.93983626,-0.9905622,1.6478012
0.23271903,-0.774064,0.80180967
-0.09354845,-0.5471796,0.19460216
-0.6325743,0.879182,0.09523804
0.86262745,0.028907517,0.7649266
-0.70905334,0.16922455,-0.6114073
0.7920252,0.5485541,1.0084409
-0.14625475,-0.9336116,0.61428213
-0.6961485,-0.117687754,-0.6255611
0.9327245,-0.024442844,0.811215
0.947097,-0.29661095,0.92265433
-0.35265586,0.4789874,-0.10847905
-0.8588299,-0.5931121,-0.41721565
0.4563281,-0.75352025,0.9794276
-0.74703604,-0.57535684,-0.34041494
-0.8419758,0.5248704,-0.47712958
0.081656836,0.6070083,0.43740523
-0.6133572,0.3010831,-0.48289037
0.42960808,-0.39951694,0.5680587
-0.67070675,0.894033,0.09444857
-0.55576146,-0.7954457,0.048498046
0.5980407,0.6413967,0.9551337
-0.49602342,0.8324571,0.16435163
0.7072978,-0.036507696,0.65272194
-0.15648179,-0.89357495,0.55916816
-0.11643446,0.1428878,-0.088959314
-0.98949206,-0.18272823,-0.79954904
0.21066691,-0.6171535,0.5804763
0.11301263,0.041147094,0.117536485
-0.8724219,0.6253558,-0.3985193
0.02744434,-0.22910702,0.058438756
-0.763874,0.24711621,-0.6244653
0.17369533,0.40111628,0.33491948
-0.7801067,-0.3904446,-0.5562652
0.14592117,0.97704244,0.94642943
0.65967,-0.60138243,0.96533287
-0.28821185,-0.6763501,0.16116607
0.025581665,-0.59931767,0.37686744
-0.51757723,0.16476873,-0.48330376
-0.65457255,0.06327811,-0.5962941
-0.9763267,0.10270905,-0.8232015
0.33182088,-0.9244711,1.0591381
-0.7026535,0.09385599,-0.63434595
-0.81086934,-0.6510953,-0.30985826
0.79916,-0.44470313,0.90267503
-0.07872939,0.70272714,0.38556406
0.3600893,-0.9319181,1.1243634
-0.82305884,-0.39649975,-0.5749148
0.03562091,0.45571518,0.2485339
0.017993186,0.17345636,0.045986272
0.9529892,-0.6553982,1.2357386
0.7117731,0.66896385,1.0959477
-0.2677112,0.7347988,0.25135228
0.20389113,0.11602795,0.21387622
-0.61764824,-0.61822057,-0.20878595
-0.25885537,-0.34945711,-0.12334324
0.7941754,-0.9023159,1.4401697
-0.37295327,-0.2960852,-0.27707285
-0.44630867,-0.9736309,0.38281086
-0.027835507,-0.38607863,0.12354214
0.070866264,0.11727934,0.07292592
0.59859,-0.60514003,0.9201336
0.49598747,-0.6105074,0.8454966
0.14439003,-0.5616977,0.4626992
-0.27648228,0.8046984,0.32799777
-0.5348161,0.66671926,-0.06491906
-0.5801307,-0.41501707,-0.37079555
0.7948828,0.5614653,1.0322675
-0.81003195,-0.49580818,-0.4769389
0.4903409,-0.22276662,0.5309555
0.634837,-0.6934823,1.0609976
0.102093525,-0.20055704,0.13150111
-0.4966482,-0.95919144,0.3180383
-0.89079434,-0.6745572,-0.33817717
0.7616863,-0.33799362,0.8149771
-0.5197872,0.9486956,0.28501874
0.26141205,0.78942454,0.8459305
0.6441238,0.043498516,0.5933513
0.22129956,-0.13605583,0.24248502
0.6658092,0.0019596198,0.6246742
0.8897771,0.30124888,0.8659366
0.9245726,0.9586002,1.6027305
-0.48244613,-0.5719251,-0.12575988
-0.98582214,0.62382096,-0.46628127
0.14341342,0.0042721233,0.13216177
0.0602907,-0.82392716,0.6862775
0.112934835,0.61091214,0.46483785
0.15526915,-0.8060838,0.7604111
-0.9488448,-0.9072297,-0.09768524
-0.6718581,0.88896084,0.09169927
0.45125657,-0.8046002,1.0449529
-0.9181777,0.563097,-0.49903995
-0.27394035,0.96302325,0.5265934
0.5422774,-0.13761036,0.53615177
-0.9525069,-0.662807,-0.39592615
0.54637516,0.48185933,0.7536008
-0.54190826,-0.22187959,-0.48412147
-0.09246466,-0.2069978,-0.055383623
-0.55883914,-0.8443116,0.13312635
0.9893039,-0.26033497,0.89689076
-0.26138934,0.9023352,0.47793952
-0.14909169,-0.92585313,0.6145177
0.47019455,-0.14595896,0.47613752
-0.7780293,0.47153038,-0.48336285
-0.8294292,-0.6637726,-0.29810902
0.36022627,-0.2252584,0.3915166
-0.30976766,0.34078148,-0.19051738
0.24492165,0.13058303,0.25940472
-0.5338367,-0.87184113,0.17263407
-0.9053616,0.27012202,-0.7077633
-0.27858034,0.52986187,-0.00037652854
-0.08529227,-0.20918453,-0.026773745
0.75780135,-0.31283885,0.7859121
0.7097746,0.7047892,1.1144452
-0.5900563,-0.19919401,-0.5086184
-0.038522113,0.6448004,0.34814253
-0.79471767,-0.33404297,-0.6278843
-0.60243213,0.34342983,-0.46159932
-0.46270007,-0.94376624,0.3441311
-0.77288836,0.8370354,-0.05677701
0.9650263,-0.9554561,1.6205083
-0.5574453,-0.26462713,-0.453416
-0.48827434,-0.7963311,0.119328976
-0.36282894,0.1526038,-0.33427697
-0.5275591,-0.5184474,-0.2316432
-0.856182,0.5574131,-0.43558648
-0.14032742,0.6223747,0.23675275
0.26638848,0.6643213,0.6802277
-0.44749177,-0.02146982,-0.43717003
0.4206608,-0.4395739,0.6139278
-0.5665739,0.7924095,0.042792913
-0.20339274,-0.12223364,-0.17848001
-0.29078308,0.48057434,-0.07222422
-0.60735023,-0.3238251,-0.45412943
0.9070086,0.92300224,1.5399624
0.049963936,-0.7445657,0.589067
-0.8577086,0.701261,-0.29907367
0.083651006,-0.40129215,0.23562609
0.87087,-0.6058547,1.1236773
-0.77055633,0.07108058,-0.7013368
-0.82392865,0.72311133,-0.23846056
0.51779807,-0.46514663,0.7277888
-0.82704216,-0.5513636,-0.44856855
-0.40213537,-0.30922973,-0.29251203
-0.7136384,-0.8925172,0.079895735
-0.84470826,-0.44340795,-0.5484783
0.7578032,-0.12355387,0.7011519
-0.5302968,-0.0572441,-0.5032366
-0.80046403,-0.3116152,-0.6154579
0.9385456,-0.7412081,1.3490028
-0.77858114,-0.4045045,-0.5448542
-0.29297024,0.36501205,-0.1519348
-0.87280476,0.009352416,-0.7500168
0.3732552,-0.2904269,0.45772752
-0.52885586,0.58580583,-0.149066
0.16306466,-0.54276264,0.4376407
-0.7622684,0.31193042,-0.5977246
0.1777579,-0.33673766,0.27969646
0.22343747,-0.6499926,0.6339744
0.39108914,0.7421083,0.910304
0.6076006,-0.39348826,0.7190046
-0.6387077,-0.17525503,-0.576929
-0.48656246,-0.44149208,-0.28895345
-0.7573901,0.8342234,-0.056127332
0.6022966,0.57900476,0.90987283
0.40187442,-0.10203384,0.39130372
-0.77117366,-0.86443275,6.864729e-05
-0.89684665,0.6599637,-0.34948546
-0.1571696,-0.19403104,-0.14216772
-0.7626368,-0.31080833,-0.60273397
0.8280227,0.68126225,1.1635469
-0.8739982,0.9995904,0.06535163
0.8803609,0.6051166,1.1246679
0.82841444,-0.38813075,0.8970737
-0.06973797,0.31016967,0.03332339
-0.04347166,-0.9466769,0.74758315
-0.05132447,0.5134482,0.20676129
-0.15857026,0.9578186,0.64598644
0.39059606,-0.9959983,1.2340641
0.38381937,0.7779023,0.9348644
0.22858544,0.27124003,0.31139278
-0.94541955,-0.023320582,-0.8015674
-0.17960188,0.2971245,-0.09454837
-0.9552727,0.4144222,-0.646506
0.8171956,0.32252505,0.8230674
-0.9614344,0.1454245,-0.8141775
0.9731858,-0.2207527,0.8667228
0.09652262,0.41076106,0.26476276
-0.023061583,0.23503605,0.032003097
-0.18935099,-0.40309957,-0.034739163
0.8727714,-0.8601331,1.428554
0.42926574,0.88780344,1.1267726
0.060774673,-0.5590088,0.3630905
-0.49955967,-0.87152964,0.18389368
-0.837414,0.20428154,-0.7035996
-0.72348464,0.93408054,0.11067574
0.78042305,-0.04646965,0.7095815
-0.2159398,0.82897526,0.42005944
0.6445496,0.1664704,0.62994456
0.2635965,0.3103244,0.35930863
-0.6255183,0.34010944,-0.4717218
0.02271857,-0.33784807,0.14024433
-0.019351155,0.17614654,0.007920467
-0.17709935,-0.28141895,-0.09413868
-0.2595448,0.2297345,-0.21589828
0.40606675,-0.17431542,0.43278095
0.96811986,0.8686495,1.4993429
-0.195403,0.5092635,0.06999101
0.13234371,0.43417725,0.32809687
-0.34819862,0.51517916,-0.06745061
-0.5143447,-0.7634661,0.07569469
-0.9923266,-0.8296388,-0.19871134
0.4204616,0.36372072,0.52994645
-0.13431902,-0.1310358,-0.09983745
0.25978616,0.39298657,0.4201428
-0.05798174,0.41639632,0.117364764
-0.9760274,0.781993,-0.27697626
-0.91312844,-0.122825705,-0.7831116
-0.7802211,-0.927952,0.06579522
0.7674043,0.6066808,1.0496794
0.23405105,-0.31738338,0.35071898
0.06530566,0.7804449,0.6285406
-0.57118326,0.5885562,-0.19928123
-0.5846735,0.68617094,-0.10401676
0.8055745,0.084165506,0.7301282
0.68876755,0.46498287,0.8511307
0.9651131,-0.6568798,1.2439878
-0.084584,-0.5239889,0.19441773
0.2914383,-0.025776276,0.29722157
0.047524102,-0.39294854,0.20162518
0.40015748,-0.0012012353,0.3760205
-0.9018046,0.812621,-0.18226714
-0.5794666,0.5772875,-0.22718312
0.73256975,-0.2464044,0.7347306
0.8336688,0.6256019,1.1130478
0.52868444,0.559902,0.8052868
-0.122730605,-0.23424727,-0.06798996
-0.102696344,0.43249744,0.08898741
-0.51171595,0.026178213,-0.48848477
-0.066969216,-0.071958266,-0.06464713
0.22657956,0.9865675,1.0429322
0.8991532,0.8130264,1.3850684
-0.7066084,0.177885,-0.6097965
0.045740087,0.7472301,0.5608675
0.40336475,0.73583287,0.8912397
-0.69417924,0.61143404,-0.2725426
0.8523113,0.06428891,0.7629168
0.39616328,0.743868,0.9032684
-0.2653337,-0.28402677,-0.19282669
0.43460587,0.3938711,0.58690757
-0.19437702,-0.5692316,0.11061179
-0.12562996,-0.47269565,0.085575424
0.13593653,-0.040774897,0.1420614
-0.24051045,0.9028408,0.4917712
-0.2616591,-0.18667753,-0.23613583
0.6479003,0.46999046,0.8258753
0.8510922,0.028529795,0.7238059
0.92444295,-0.91638386,1.5462539
-0.5757006,-0.8334118,0.09874937
-0.7389391,0.8917901,0.055440787
0.32824615,-0.7899295,0.9348432
0.06446703,0.91263336,0.80610734
0.19526255,0.14460956,0.2163365
-0.20782556,0.420313,-0.030729955
0.5249052,-0.9590374,1.3061255
0.076054804,0.98594403,0.9063374
-0.11990754,-0.84115666,0.51945066
0.9579328,-0.14411336,0.82897294
-0.4926452,-0.40876895,-0.31919172
-0.43597615,0.57062846,-0.10072683
-0.73628277,-0.583285,-0.33827296
0.39716145,0.70979756,0.87847805
-0.58804697,0.8380503,0.09580963
-0.47134706,0.1319481,-0.44240698
-0.14185391,0.6699462,0.27149543
0.62372893,0.8416857,1.2328936
-0.080376975,0.020495962,-0.079502225
-0.43088076,0.6309774,-0.020700818
0.3643194,0.40049893,0.5070195
-0.83410364,0.68968636,-0.27199343
0.66402394,0.33630523,0.7215595
-0.91188043,0.6457241,-0.38136116
0.52372223,-0.8020345,1.1071339
0.06830548,-0.95060277,0.86175925
0.47573015,0.49711657,0.7025462
-0.9286416,0.78097636,-0.24376565
0.59860855,0.9936614,1.3973254
-0.86129564,0.7337187,-0.2591486
0.81533384,-0.020664526,0.73908377
-0.38453963,-0.28269032,-0.3000028
-0.014325965,-0.56779224,0.30265993
0.62423635,-0.76520354,1.1363789
-0.88427067,-0.08293736,-0.78611505
-0.6465535,-0.107872196,-0.59369695
0.037198838,0.6396934,0.4342869
0.8923485,-0.51409876,1.0570658
0.21657175,-0.4027196,0.39110866
-0.039003015,0.9560217,0.74728376
-0.8580161,0.6452148,-0.3559962
-0.56394625,-0.48156655,-0.3190095
0.10273572,-0.33916372,0.21218942
-0.2582829,0.044171933,-0.24654804
-0.17027378,0.36658528,-0.044552542
-0.010521111,0.97784287,0.79942954
-0.7828891,0.57663107,-0.38171485
0.2746672,0.72534347,0.76059115
-0.48169342,-0.24755205,-0.39768943
0.9178148,-0.012565737,0.7920811
0.52643454,-0.5901951,0.8515386
-0.8411161,0.1320606,-0.7224398
0.22249696,0.628601,0.5943223
-0.7048883,0.33827963,-0.52618545
-0.34739313,0.5938625,-0.009450702
-0.93425447,-0.0004751754,-0.79666495
0.16636427,-0.94148487,0.9372683
0.3274256,-0.81531376,0.93191093
-0.3318685,-0.46336392,-0.10975793
-0.76196295,0.82894903,-0.05271135
0.18967171,-0.9589101,0.9676961
0.5955012,-0.37812674,0.70508504
-0.80099607,-0.0024068544,-0.713292
0.552338,0.8789266,1.2228937
0.6833876,0.16321927,0.6624043
-0.5235205,-0.65407556,-0.076580934
0.4663585,0.55102426,0.7386918
-0.88979197,-0.74108607,-0.26488778
-0.85228914,-0.3459805,-0.6334015
0.026625039,-0.5365456,0.30064905
-0.41931742,0.2238163,-0.36252645
-0.50854534,0.16052237,-0.45244116
-0.98086214,-0.91280776,-0.09308252
-0.16359483,0.5896297,0.17706883
-0.8443779,-0.12776048,-0.7151519
-0.9166914,0.7724883,-0.23001242
-0.2592434,-0.31597507,-0.14548086
0.23470888,-0.5497517,0.5404044
0.89076483,0.42459822,0.9521464
-0.9128793,0.55724347,-0.49276316
0.6584213,0.07448654,0.6198324
0.52956635,-0.55915326,0.82125807
0.0026923758,-0.740821,0.5117379
0.9167472,-0.9617795,1.592192
-0.7150666,-0.2544267,-0.58925587
0.052002743,0.1936855,0.08695571
-0.8409422,-0.74374634,-0.22999948
-0.2307081,-0.29059735,-0.14416894
0.38300022,0.26163024,0.42288452
0.8737141,0.5453832,1.0594753
0.41337502,-0.86401105,1.0917289
-0.16560173,0.15977292,-0.1574695
0.11807261,-0.87822044,0.816349
-0.047394294,0.79152983,0.5424981
0.72168607,0.6657406,1.0893915
-0.8601777,0.21656415,-0.7101649
-0.26751882,-0.5406951,0.01929463
0.9699578,0.2013275,0.88047177
-0.36412346,-0.06406502,-0.35078532
-0.04767129,-0.0448125,-0.04111291
0.42266533,0.083802335,0.41147298
-0.24836364,0.09164721,-0.24341056
0.6600108,-0.4582092,0.8147124
0.45788205,-0.9529666,1.2353196
-0.059013586,0.5749565,0.26908395
-0.72536373,0.99526876,0.16702804
-0.2649068,0.83221316,0.38073507
-0.120270245,0.2307867,-0.07268043
0.9338232,0.4417089,0.987518
-0.9799245,-0.59133655,-0.49191922
-0.41552404,0.21359783,-0.3688546
0.78784466,-0.5481114,0.99505997
0.047005154,0.8553549,0.7100383
-0.013022114,0.22317007,0.027119732
0.120589115,-0.90350235,0.84411734
0.43855572,-0.90631926,1.1648515
-0.2804568,0.043739244,-0.26580203
0.43806943,-0.037430316,0.42367658
0.40906045,0.871172,1.0921377
-0.67990243,0.4812572,-0.401145
0.5156046,0.23582739,0.5415428
-0.21750571,0.69898516,0.23945004
-0.5350745,-0.43532747,-0.3184277
0.6474794,-0.3759444,0.75669485
-0.26191425,0.90658706,0.48227125
0.25145766,-0.21560287,0.3052172
0.17071074,0.19373213,0.19997983
0.4780239,0.81503797,1.0713582
-0.5919286,0.38144535,-0.40583956
0.53009075,-0.62570137,0.8823077
-0.44177926,-0.9125337,0.3125303
0.88786334,0.5774435,1.1085315
-0.16645655,0.090624444,-0.15326768
0.7797624,-0.5024223,0.93533784
0.5026324,0.6759397,0.9438628
-0.3260385,-0.018407654,-0.31091842
0.22262922,-0.4266522,0.38832888
0.26482442,-0.36690724,0.40120247
-0.5770333,-0.7734481,0.01099064
0.69661707,-0.51620865,0.9082363
-0.5377614,-0.41787905,-0.33037063
0.43647236,0.9007644,1.1371005
-0.3018559,0.7219102,0.1988766
0.7667836,0.27326804,0.77724177
0.8750342,-0.7780173,1.3662266
0.48877046,-0.6432838,0.868516
-0.18177786,0.4111081,-0.026966639
-0.14089498,-0.73027396,0.35900924
0.9370723,-0.59834766,1.1696492
0.20752679,-0.3005786,0.29884365
-0.80454963,-0.015065171,-0.7199541
-0.6308509,0.39909974,-0.41376317
-0.75216544,0.9132232,0.052298244
0.007229343,-0.3957474,0.16985872
-0.7272132,0.11691606,-0.6571157
-0.38659135,-0.3751977,-0.24046215
0.23696133,0.21242623,0.27903813
-0.5360106,-0.7284254,-0.016671967
0.337549,-0.5720895,0.64037603
-0.7489488,0.23768042,-0.62675214
0.39270702,0.28651187,0.46003106
0.7311838,-0.5297597,0.9541284
-0.9399307,-0.24853252,-0.7574664
0.3289569,0.06089468,0.33502313
0.7387147,-0.5740038,0.9979039
-0.6813231,0.4464338,-0.43634322
-0.3664791,-0.97022057,0.4525488
0.8744765,0.83898634,1.416727
0.5599075,-0.5577652,0.830257
0.21756619,0.13321942,0.23449636
-0.3227018,0.5805961,0.011031738
-0.9964155,0.7885717,-0.25361192
-0.7741452,-0.84838074,-0.02711211
-0.09769423,0.89096385,0.606284
-0.23336674,-0.6888224,0.2200886
0.552012,0.047097813,0.52669454
-0.63488454,0.43240884,-0.39609858
0.35057318,0.15760107,0.357989
0.66101015,0.6913774,1.080018
0.40881842,-0.85371643,1.045978
-0.45110485,-0.7554538,0.112831086
0.8231035,-0.5846376,1.0810837
0.63106734,0.7084645,1.0693117
-0.8592567,-0.9166199,-0.016439429
0.28461975,0.90740275,1.0120723
0.4069545,-0.30538377,0.49633098
-0.6883059,-0.38872272,-0.50036293
0.02091432,-0.70129234,0.5053011
-0.057092752,-0.047559842,-0.061406113
0.98464686,-0.9279264,1.6115943
-0.16929455,0.25184324,-0.108770736
-0.32046044,-0.7492806,0.20849372
0.7216239,0.75578785,1.2028575
0.59806335,0.8647773,1.2464018
-0.28797075,0.95184493,0.5005213
-0.22496079,0.0036132252,-0.24017103
-0.19644396,0.42740646,-0.01750452
-0.40477085,0.2825113,-0.29888648
0.9326078,-0.75998604,1.3721305
-0.3254898,0.76783353,0.26430276
0.68701255,-0.5493012,0.9313277
0.17484316,0.83663005,0.828312
0.7150404,0.19060579,0.69095033
0.40989763,-0.3355221,0.51289326
-0.16141327,0.35752296,-0.026643535
0.16254678,-0.26173258,0.23658377
-0.15634526,-0.25595573,-0.087178886
0.0084865885,-0.35014233,0.13429725
0.12569544,-0.61393833,0.49640808
-0.8148925,0.90388477,0.012709402
0.3639517,0.6948012,0.81200564
0.09985835,0.9066763,0.8273095
0.05918936,0.78441757,0.63175535
-0.9672374,-0.45358324,-0.6152318
-0.57493126,0.6970453,-0.06911874
0.30749542,-0.151099,0.3180848
0.7877518,0.53247935,0.9678732
-0.16076285,0.94120914,0.6317369
-0.44028068,-0.16786273,-0.39721084
-0.707825,-0.14985411,-0.6190892
0.6835375,-0.5722748,0.9466975
-0.16186655,-0.08210512,-0.15616465
-0.9095168,0.8157367,-0.16881587
-0.09451902,-0.7227787,0.4034577
0.20014526,0.21140137,0.2386395
-0.06556577,0.15425037,-0.042612318
0.012942028,-0.43607813,0.19342105
0.31172654,0.0003393185,0.30476317
-0.020134512,-0.69003737,0.42547688
-0.926004,0.70844537,-0.32183605
0.19535206,0.34612516,0.31176344
-0.009414143,-0.8280813,0.6229272
-0.73538977,0.0879488,-0.6696165
0.86143845,-0.1995346,0.7906149
0.52463186,-0.027601792,0.49975526
0.12337182,0.87360305,0.8134901
0.9183206,0.5316148,1.0740881
0.31701198,-0.040690195,0.3127541
-0.6966757,-0.7531417,-0.108178556
0.1138531,-0.8581328,0.77922416
0.25995365,-0.33819604,0.381963
0.6684891,-0.33260518,0.743257
-0.17732243,-0.07596879,-0.16996104
0.060162906,0.63610137,0.45688313
0.2607705,0.5220962,0.5389663
-0.95569825,0.016616022,-0.8236957
0.52314085,-0.8887055,1.1994379
-0.3375838,-0.94063264,0.43428245
-0.8609024,-0.8073211,-0.12902568
0.42481285,-0.60286456,0.76822287
0.26479623,-0.2035179,0.3004124
0.9740448,-0.5807456,1.1720022
-0.5615351,0.11768355,-0.49897376
0.89189684,-0.14466202,0.791748
0.9598455,0.8222815,1.431399
0.057754062,-0.9669661,0.86059135
-0.2052596,-0.09318041,-0.20227212
-0.83638626,0.6592496,-0.3209817
-0.2575432,0.8035259,0.36793393
-0.28954428,0.004668043,-0.28421235
-0.53434026,-0.78213066,0.0564638
-0.7962718,-0.5744482,-0.40562555
0.9699249,-0.40924832,0.98585325
0.88147223,-0.01869418,0.7706559
0.008156826,0.8006257,0.59129125
-0.9159663,0.77012163,-0.2445276
0.5752324,0.15881358,0.5499512
0.3234201,0.6560806,0.7424382
-0.22504689,-0.99288297,0.6115446
0.93771946,-0.56496793,1.1305002
-0.05823018,-0.51232946,0.1833023
-0.27916062,-0.26083142,-0.2053521
-0.23328407,0.3226014,-0.12740864
0.07759596,-0.35934305,0.17831562
-0.054880887,0.43942624,0.13265307
-0.28492227,-0.9568928,0.51239127
0.6666602,0.9456485,1.3882759
-0.23223574,0.5521604,0.048062917
-0.7529605,0.019237917,-0.6741615
0.8142334,-0.103514776,0.7253903
0.60689443,0.0140263345,0.5900592
0.6283808,0.24424428,0.63930714
-0.3577047,-0.4072925,-0.16983712
-0.7282249,0.38984898,-0.51223034
0.653925,0.5802302,0.9493271
-0.21232726,0.21678728,-0.14358637
0.8996229,0.97568804,1.5923383
0.38536492,-0.5182279,0.65239894
0.8664308,-0.78633696,1.3344729
0.29705024,-0.11464565,0.3183799
0.9918348,-0.9551133,1.6293049
-0.098107964,0.5498727,0.2075763
0.18847477,0.30799446,0.28939274
-0.1337913,0.32873407,-0.02256161
-0.56192386,-0.72594965,-0.021205697
0.86934304,-0.037716396,0.75648284
-0.24317198,0.41997278,-0.07733683
0.8714328,-0.44462454,0.96689385
0.4537861,-0.29631954,0.5310689
0.034930818,-0.06010049,0.04535272
0.03910922,-0.054256126,0.049291737
0.4903985,0.24575524,0.5407426
-0.71211004,0.53622264,-0.3668387
-0.71495414,-0.67539394,-0.21181719
-0.20852472,0.47529882,0.03651146
-0.032998156,0.91511214,0.71353847
0.38868958,-0.27190313,0.44373655
-0.54838663,-0.37967813,-0.38751245
0.7493183,0.2887287,0.7695735
0.42429554,-0.3485475,0.53383285
-0.4126049,-0.17926076,-0.37033102
-0.46929628,-0.6730625,-0.017155297
-0.9734043,0.44004655,-0.63554907
0.36738822,0.46069044,0.5647608
-0.6311026,-0.41827533,-0.42535517
0.7576655,0.60774213,1.0451592
-0.8015496,0.1040775,-0.71918225
0.08933287,0.3707496,0.21811849
0.16176645,0.527369,0.43422213
0.967886,-0.24948813,0.88426745
0.36970547,0.771773,0.9243293
-0.32155824,0.15029418,-0.28168955
0.86287725,0.53213584,1.0331961
-0.54472065,-0.34712693,-0.39335698
0.6339055,0.08865875,0.618485
-0.9774879,-0.52949417,-0.57159585
-0.45148817,0.26813722,-0.36767215
-0.21413296,0.44546896,-0.008103212
-0.8338755,0.44554353,-0.5367894
-0.8791772,-0.41437727,-0.6118476
0.9842071,0.8535413,1.4999509
-0.5000889,0.07751768,-0.456791
-0.9986153,0.86866874,-0.1476525
0.1932022,-0.3818219,0.34148428
-0.26980942,0.4809256,-0.029314244
0.7673319,0.10424887,0.7050268
0.48482373,-0.24401852,0.532953
0.5409687,0.9031211,1.2318504
-0.588412,0.98762304,0.277207
-0.3048625,0.69038427,0.16509084
-0.6052013,0.9054632,0.1609569
0.6517335,-0.013815365,0.60021466
-0.23250629,-0.29695368,-0.14277822
-0.34714985,0.28517765,-0.25882924
-0.8589594,0.7896054,-0.17158297
0.92601526,-0.30264384,0.8883873
-0.4832228,-0.25826663,-0.38028592
-0.33261192,0.257114,-0.27166465
0.9461254,-0.28327695,0.8883775
-0.0687982,0.31520802,0.03758421
0.64196885,0.5087488,0.84595966
0.9838917,0.019351691,0.8316988
0.90434164,-0.42476934,0.96355134
0.91808444,0.87809426,1.5033132
-0.13331915,0.08798757,-0.115661174
0.7066982,0.98401976,1.4728243
0.01635242,-0.73113924,0.5198168
-0.19382173,-0.857107,0.4745868
-0.3222986,-0.71891975,0.18409567
0.55601496,-0.9246944,1.2718372
0.33609143,-0.88637704,1.0433717
-0.46180722,-0.5797687,-0.12030908
0.91809934,0.52485275,1.067564
0.971953,-0.16642648,0.8566691
0.063484065,0.9442875,0.85010254
0.5366352,-0.83252925,1.1764991
0.3154285,-0.6721468,0.7589975
0.6518721,-0.41831732,0.77099186
-0.7507179,0.9767214,0.1478408
-0.62783796,0.0466127,-0.5857834
-0.037667885,-0.43544382,0.12569623
0.46216795,-0.14641216,0.47905156
-0.39607078,0.22942433,-0.34926167
-0.76435447,0.20306846,-0.6520708
0.5737926,0.3484489,0.6601235
0.055684194,-0.3980067,0.2369421
-0.1931049,-0.1752127,-0.15382376
-0.10939174,0.85555845,0.55617726
0.94575554,-0.6183758,1.1770229
0.53950024,-0.049551114,0.5159834
-0.79468954,-0.27341503,-0.6533105
0.2968884,0.97973514,1.1095476
0.5633958,-0.70210344,0.9921169
-0.17235292,-0.7230184,0.3301796
-0.35866016,0.21661559,-0.2998393
-0.10025207,-0.4851537,0.14086837
0.99780786,0.08024681,0.8497304
0.4680363,0.21466427,0.49564105
-0.41650006,-0.69244957,0.04554668
0.79783225,0.5236249,0.98792696
-0.76686364,0.7873403,-0.10881073
0.76490355,-0.9200138,1.4421678
0.5338912,-0.611183,0.8655556
-0.21411295,-0.8963446,0.5109102
0.5950011,-0.6335442,0.9657858
-0.04973393,0.69797415,0.4034486
0.5247302,-0.29827824,0.593843
0.22932336,-0.3014773,0.3131485
-0.2921631,0.7568918,0.24778755
-0.28162736,-0.39222795,-0.10037025
-0.5845355,0.653505,-0.13789387
-0.7344777,0.30671528,-0.5663439
-0.358914,-0.5035265,-0.09136556
-0.62208223,-0.8727096,0.096749924
-0.9632254,-0.9773788,-0.0064152116
0.56366014,-0.66805947,0.94533455
-0.268705,0.3290387,-0.15632798
0.33983442,-0.05774309,0.32774386
0.9751514,-0.91137224,1.5708143
-0.38244468,-0.92278373,0.39242753
-0.24915543,-0.5188345,0.009755031
-0.37103483,0.49647033,-0.12586075
0.13799638,0.29906344,0.21555337
0.9267304,-0.10607222,0.8178394
0.26458338,0.11799676,0.28595147
-0.90457773,0.090573125,-0.7904597
0.93298966,0.7488205,1.317646
-0.1611765,-0.8759874,0.5254623
-0.11068722,-0.2134997,-0.079013355
-0.04697866,0.95650923,0.73221296
0.011660273,-0.8714944,0.7140503
0.27847517,0.30542517,0.3737245
-0.0038245954,0.048706144,-0.014350852
0.5622696,-0.8362856,1.1881444
-0.7026477,-0.69046605,-0.184785
0.80309457,0.9404239,1.496527
-0.41610703,-0.33263856,-0.30563587
-0.64686656,0.22710502,-0.55693084
-0.97723496,-0.11218534,-0.8149811
0.26203123,-0.85333943,0.90267473
0.81039464,-0.28539923,0.80650616
0.8460009,-0.086076766,0.7448817
-0.7233936,-0.21826404,-0.6118981
-0.21917531,0.8768282,0.48012784
-0.83060426,-0.36627054,-0.59339726
-0.9728353,-0.014942398,-0.81143117
0.44687894,0.9852929,1.2680839
-0.6679756,-0.64882594,-0.22755674
0.19212931,0.71124715,0.65582776
-0.6287146,-0.46058422,-0.39324328
0.60222125,-0.8549621,1.2266856
-0.7814319,0.16117206,-0.6820551
-0.12566572,0.118622966,-0.11676258
0.7775398,0.52405566,0.98061055
0.67934364,0.9511771,1.411488
-0.5158505,-0.4957314,-0.23581265
-0.4792515,0.87901527,0.23525739
0.6219846,0.87072945,1.2554846
0.039664585,-0.023730313,0.031285066
-0.85326475,-0.93800634,0.037206464
-0.35720968,-0.599924,-0.023441948
0.53170204,0.5310287,0.7761883
-0.21814899,-0.22575887,-0.16760287
-0.6385895,-0.5798881,-0.2607327
-0.9843311,-0.9502757,-0.05051972
0.51055026,-0.85711867,1.1583451
0.6732164,0.8871522,1.3297825
0.28213108,-0.048341073,0.27659145
0.52748466,-0.07665647,0.5121399
0.8581116,0.5665075,1.0802037
0.9031491,-0.5453211,1.0689398
-0.4014016,-0.61384606,-0.011437302
-0.96626204,-0.037422173,-0.83339274
0.8876452,0.60057384,1.1432067
-0.85915285,0.88792443,-0.041064225
0.8665029,0.5506373,1.0465844
0.21129665,0.5580162,0.5111089
-0.25899816,0.06757894,-0.23707104
-0.92459154,-0.032793976,-0.794107
-0.50974715,-0.40467644,-0.34246022
0.3084514,-0.3251018,0.41271973
0.5577987,-0.592301,0.86223125
-0.06318875,-0.031490702,-0.053190988
-0.34047744,0.030845761,-0.3257155
-0.63190675,-0.036796123,-0.5850887
0.40069646,-0.1827796,0.4253814
-0.6124891,0.45401472,-0.38128313
0.13921456,0.9040206,0.86981684
-0.7796863,0.16243991,-0.67195153
0.089340135,-0.6653263,0.52455735
-0.4099034,-0.5668585,-0.072181605
0.489095,-0.55720514,0.77123547
-0.6463038,-0.38929522,-0.45300552
0.13390602,0.47483635,0.3495603
0.2878965,-0.014800907,0.2768946
0.3611817,0.707763,0.83343434
0.88155,0.58106405,1.1216097
-0.5786954,0.6726768,-0.10966232
-0.56978226,0.7434858,0.004943704
-0.7374842,0.6733128,-0.23674381
-0.5809106,-0.5985297,-0.21319194
0.77707386,-0.21976021,0.7391784
-0.017445246,0.22309962,0.0118437745
-0.6693139,-0.8343218,0.012700821
0.57839054,-0.7940065,1.1387137
-0.38179618,-0.601647,-0.011375111
-0.54759836,-0.8702904,0.17515534
0.468919,0.9977409,1.2898262
-0.16925865,-0.6340522,0.23896877
0.7013801,0.20028527,0.6810324
-0.92611676,0.04140919,-0.7982369
-0.5062224,0.2275971,-0.43114892
0.8935898,-0.26535273,0.83635277
-0.68540263,0.1074087,-0.61922044
-0.008345168,-0.00019919666,-0.008873958
0.94641435,-0.90679,1.5461868
-0.58989525,0.07573303,-0.55084884
0.037793387,-0.62741905,0.43461847
-0.44500625,0.27916557,-0.36635253
0.15526365,-0.68053865,0.6077152
-0.82319885,-0.525566,-0.46378964
-0.4948829,0.4549061,-0.2691792
-0.6443595,-0.44816616,-0.41624454
-0.5274805,-0.38019866,-0.3592451
-0.23325177,0.88323045,0.47147048
0.7430434,-0.3788163,0.79850435
0.30209705,0.57154006,0.61939347
0.7056444,-0.16631521,0.678663
0.28044435,-0.55262023,0.54722047
-0.35027635,-0.077752076,-0.32839578
0.56294954,0.9122393,1.2701089
0.68617994,-0.43615422,0.82996297
0.68386936,-0.93249434,1.3965749
0.88513714,0.20528814,0.83700585
0.02798577,-0.7105023,0.5112854
0.42340788,0.8635099,1.0953286
0.7912549,0.6428172,1.1192282
0.9670937,0.7853641,1.3858194
0.72043926,-0.81210744,1.2689111
-0.28093907,-0.29625762,-0.20433736
0.15296534,0.74721557,0.6730297
0.9407787,-0.0930536,0.82302463
-0.44771022,-0.28605837,-0.33457732
0.9340525,0.3825654,0.9584522
0.75239515,-0.13157396,0.69524455
-0.6219721,0.1619452,-0.55893224
0.44770247,-0.5356324,0.71506834
-0.92562026,0.08848665,-0.7975002
0.027055988,0.2259798,0.091360345
0.23129316,-0.55740845,0.5208718
0.37048697,-0.011724827,0.37853622
-0.82388616,-0.2806431,-0.65181273
0.32535443,0.3646957,0.45066553
0.27650943,0.083500154,0.2828457
-0.13685955,0.41245103,0.03171853
-0.6712098,0.64771146,-0.21741067
0.03704673,-0.8147085,0.6585037
0.6219479,0.3577224,0.70435905
-0.7463151,-0.4648027,-0.46463656
-0.7209803,-0.101839975,-0.65703714
-0.029403748,0.9765123,0.7930219
0.40946382,-0.5978684,0.7584482
0.30236313,-0.8401482,0.9412954
0.73406976,-0.22699757,0.714317
-0.3930302,0.7477032,0.14939748
-0.08850614,-0.696271,0.38430426
-0.4274609,-0.376177,-0.2670473
0.7122289,0.50389516,0.9127892
-0.918648,0.28043967,-0.70527136
-0.14664276,-0.75016564,0.3876962
0.65264,0.82343155,1.2265972
0.7132418,-0.5217454,0.9225212
-0.0900224,0.34085217,0.032229282
-0.5155282,-0.9344773,0.28427014
-0.4629553,0.66697466,-0.027746093
0.49567518,-0.4762443,0.7064279
-0.40242255,0.21396755,-0.3580639
0.55390495,0.7595765,1.0751994
0.06153937,0.9545348,0.8628255
-0.037531495,-0.74569005,0.49380118
-0.008647361,-0.4244099,0.17348205
-0.7376142,-0.08045845,-0.6803131
-0.5027978,-0.17624468,-0.4486394
0.29039803,0.26298484,0.33591282
0.5609659,0.20711906,0.5647271
0.8349613,0.004574475,0.7409952
-0.61821026,-0.8379342,0.079981655
0.44935706,-0.55098444,0.7306816
-0.47540295,-0.8424443,0.1865224
0.18019415,0.95557874,0.96171236
-0.043420542,-0.9099306,0.6884643
0.122907944,0.33272323,0.25066873
-0.5197336,-0.78406453,0.07515591
-0.17410749,0.10309266,-0.16401808
-0.028974487,-0.8171414,0.5896521
0.36996704,-0.24059932,0.40794343
0.92372626,0.9770727,1.6192698
0.2788297,0.18283145,0.30996642
0.14261547,-0.0017337832,0.13791125
0.96286833,0.21982206,0.8776917
0.9006781,-0.13501672,0.7885453
0.83084595,0.87205905,1.4203686
0.92716116,0.48157033,1.0298616
-0.17881587,0.14024599,-0.17422964
0.33135164,-0.5370051,0.5999091
-0.4791875,-0.56465,-0.14542273
-0.12248424,0.7554053,0.42626625
-0.14741848,-0.71873236,0.32076162
-0.6009588,-0.8481243,0.07868699
0.41673565,0.6310239,0.79395086
-0.9285589,0.42942888,-0.6156369
0.31718695,0.39597097,0.45732966
0.24638774,-0.577712,0.59321386
-0.40139973,0.321012,-0.2746236
-0.76945096,0.2521908,-0.6334822
-0.28040934,-0.5819728,0.05448327
0.9340012,-0.6705214,1.2418743
-0.5063359,-0.75912815,0.06911931
-0.7974001,0.19582973,-0.6833528
0.5270143,-0.12736736,0.5289456
-0.09222382,-0.49353513,0.14502099
0.3705701,0.5689379,0.6571457
0.44868666,-0.49979657,0.6904464
0.1954426,-0.062241677,0.20318319
0.015650889,-0.37855315,0.16301484
0.022538757,0.140418,0.037007917
0.78918916,0.2695602,0.78217596
-0.10470813,0.78525823,0.46094847
-0.3789403,0.8481768,0.2984186
0.09870235,-0.84124196,0.7440105
-0.100953646,-0.06600873,-0.10113076
0.3455777,0.72137743,0.8291954
0.63881105,-0.67169905,1.0322798
-0.8080739,0.761791,-0.16436201
-0.20553558,-0.716803,0.27099106
-0.33987138,0.6517357,0.074171335
0.97541803,0.68506545,1.3180335
-0.13878058,0.8829046,0.55604935
0.7675915,-0.1990521,0.7406505
0.6160563,-0.45395598,0.7894992
0.13251652,-0.29356366,0.21517086
0.20141307,0.15797281,0.23028538
-0.7900875,0.78343284,-0.14681806
-0.5109479,-0.20993917,-0.43119532
-0.040361688,0.18574126,-0.005112809
-0.27830192,0.9317148,0.4823122
0.41497618,0.27251777,0.48907754
0.3002564,0.58620846,0.61843866
-0.5968246,-0.6847062,-0.115045756
0.5945718,-0.51761544,0.8551255
-0.8817441,0.7367303,-0.2674141
0.45674554,-0.38536447,0.5818857
0.9223365,-0.98015803,1.6214347
0.86201626,-0.3379832,0.8576211
-0.2641508,0.8933372,0.44999227
-0.30269358,0.011709035,-0.30169335
0.24109562,-0.66791475,0.67958957
-0.9972533,0.55076116,-0.53890425
-0.86584455,0.35055807,-0.6219274
0.4860236,-0.042227164,0.47667336
0.9522201,0.7161163,1.3001744
0.6417922,-0.21356793,0.6512128
-0.67899853,-0.9794542,0.19107653
0.46963415,0.21480721,0.5054518
-0.06909707,-0.5729112,0.2526245
0.41368073,0.5497777,0.67964685
-0.10134803,-0.0987966,-0.08985101
0.5529362,-0.32213575,0.6334459
-0.6810592,-0.7639398,-0.082619995
-0.1589179,0.9626348,0.63381493
-0.72663724,0.116218686,-0.64568645
-0.054998133,0.66395724,0.36378562
-0.9402479,-0.8258138,-0.17912579
0.32237482,0.25185424,0.392363
-0.45504135,-0.27403042,-0.3674416
-0.47710836,-0.50894517,-0.19852628
0.7288276,-0.1248084,0.6911643
-0.90733373,0.9025723,-0.08003712
-0.87022847,-0.042709596,-0.76076764
0.4271696,-0.8125348,1.0355746
-0.91554457,-0.23094298,-0.7444829
-0.6324877,0.059692457,-0.5996668
-0.23976749,-0.7628513,0.32274544
-0.94044137,-0.51254845,-0.55682766
-0.093985975,0.07018742,-0.07940724
0.023237204,0.043893877,0.024751954
-0.20869808,0.011468407,-0.19086087
0.6027021,-0.8671036,1.2539119
-0.030728072,0.10340731,-0.032213323
-0.49579594,-0.9252643,0.29693025
0.97609186,0.12655814,0.8518361
0.93048126,0.18528439,0.82674634
-0.711067,0.49938318,-0.3984203
-0.7435306,0.9475522,0.117250204
-0.43037134,-0.4020264,-0.25433835
0.6616329,0.9245126,1.356534
0.76433134,0.9892239,1.5194299
-0.4624696,0.2997562,-0.35772642
0.31319708,-0.15952502,0.32676607
-0.1595405,-0.20676982,-0.13370924
0.012702024,0.30856356,0.095531575
-0.3006335,0.0053609377,-0.29046112
0.30404142,-0.3070245,0.3875626
0.07838519,-0.33645833,0.17846052
0.5904031,0.77713424,1.1477708
-0.25288135,0.6360158,0.13994265
0.15611833,0.21486893,0.20373198
-0.7194891,0.79130393,-0.06710817
0.92122567,0.37776908,0.9345861
0.25578964,0.71505505,0.7350609
0.6669315,-0.20797414,0.6490245
0.6235599,-0.93919295,1.368512
-0.34554034,0.98745817,0.5013639
-0.6333847,-0.6312488,-0.20072767
0.34964895,-0.2518632,0.4064995
-0.9684021,0.39080074,-0.69420236
0.9121814,-0.28375146,0.8753821
-0.5514679,0.34223598,-0.42142108
-0.53280747,-0.19974874,-0.46940157
-0.50839126,0.31203657,-0.38363886
-0.33080167,0.9493396,0.45138437
-0.47154897,-0.4121889,-0.2852891
-0.27702385,0.35534468,-0.15872931
-0.8158627,-0.23636976,-0.6624795
0.7381454,-0.8014045,1.278402
-0.61476886,-0.1000645,-0.56425065
-0.8773024,-0.8086964,-0.16205451
-0.08539981,-0.02106527,-0.07543379
-0.44576806,0.052538645,-0.4204411
0.9149382,0.7435054,1.319833
-0.34514427,-0.014847518,-0.34957597
0.15832697,0.7524127,0.6861939
-0.11823573,0.9355401,0.64100194
0.30543032,-0.67375463,0.75017595
0.3415794,-0.96634907,1.1595529
0.31684846,0.21735351,0.357172
-0.007923801,-0.056341153,-0.0037035355
-0.8804763,-0.87027925,-0.07606045
-0.38053754,-0.6415468,0.026654365
-0.31779557,0.9727002,0.5005802
0.605941,-0.69039595,1.0190434
-0.9640249,-0.88112795,-0.13026491
-0.46252367,-0.617877,-0.07809487
0.055817902,0.48042953,0.2986885
-0.7600782,0.112941876,-0.66407764
0.4724932,0.3555107,0.5777085
0.15467282,-0.07054505,0.17512058
-0.5220931,0.7230581,0.012931112
-0.73049635,-0.32122564,-0.5789418
-0.7031146,-0.377346,-0.49607715
0.25231346,-0.029213397,0.24826857
-0.6299107,-0.9718157,0.22623618
-0.57972234,0.27406675,-0.45754856
0.16170426,-0.89184964,0.8698057
0.047151677,-0.9252608,0.79299873
-0.80285835,-0.61516476,-0.36065105
-0.11192474,-0.7309646,0.38616592
0.5350445,-0.096728005,0.5181982
-0.13175388,0.82096183,0.4895449
0.76629555,0.31785795,0.8044552
0.07801151,-0.9407231,0.82851964
0.33329308,-0.023279449,0.34057608
-0.5160447,-0.7372039,0.043529738
-0.651802,0.7076853,-0.12669633
-0.76808643,-0.67845577,-0.23314808
0.429468,0.79540646,1.0072654
-0.9994523,-0.57264656,-0.5038767
-0.8084231,-0.1091241,-0.72059685
0.22929302,-0.36175355,0.35903367
0.34346762,0.62507045,0.7211191
0.48430386,0.4447365,0.6496107
-0.9769317,0.34633875,-0.6878054
-0.7906251,0.1858416,-0.6761463
0.6357839,0.49281713,0.8309761
-0.5169114,-0.8411062,0.14779127
-0.95913374,-0.005017445,-0.81873107
-0.79596794,0.10026095,-0.7062123
-0.7470076,0.2235514,-0.6180535
0.98748595,-0.68087935,1.2963585
0.3210191,-0.3995984,0.48351613
0.27543166,-0.486351,0.5141729
-0.40430093,-0.06784635,-0.3865895
0.75973326,-0.98484206,1.4913807
-0.47656476,-0.706323,0.024440236
-0.3316776,-0.13348216,-0.3073406
0.06135273,-0.8466301,0.7213509
0.10670151,0.8492095,0.7710791
0.16207974,0.5955726,0.5084602
-0.6396083,0.3288786,-0.4767
-0.81154704,-0.054299098,-0.7204591
-0.4603805,0.053396046,-0.4448733
-0.050051596,-0.82503426,0.57718015
0.98832303,-0.08058414,0.84258765
-0.044048794,-0.17678371,-0.004944993
-0.52471274,0.8072928,0.100153156
-0.8716928,0.7423055,-0.24170515
-0.70034903,-0.7166041,-0.15891288
-0.4628468,0.41903827,-0.2678663
0.9729654,0.35073462,0.96114886
-0.32094324,0.85128933,0.33665472
0.1096184,0.99549264,0.9470104
0.028199933,-0.042088877,0.051718008
-0.3969921,0.33640453,-0.27472055
-0.1717596,0.4020454,-0.012523068
0.49035347,0.31563264,0.5623378
-0.8871962,0.45698604,-0.5695296
0.43085653,0.34921592,0.5367842
0.011233117,0.11126715,0.0076006535
0.9028423,-0.7510437,1.3096524
0.28084376,0.41746664,0.4568992
0.8916504,-0.97205764,1.5745262
-0.0066046487,-0.13039787,0.0055517796
-0.3196569,-0.3381684,-0.21833219
0.22205731,-0.7159866,0.7023636
0.45738137,0.9692617,1.2394372
0.49307263,-0.55702835,0.78245777
0.74189675,0.48080504,0.9180637
-0.7690813,0.052307893,-0.6901681
0.7211678,0.82691425,1.2936772
0.40384012,-0.11885247,0.42397356
0.5462505,0.51799226,0.78292567
0.08854738,0.79314876,0.6599042
-0.42254123,0.18939665,-0.37354454
0.9177796,-0.95757467,1.5866472
0.69699454,-0.18971203,0.6733383
-0.97241485,0.2870422,-0.7369686
0.8231916,0.5003371,0.9794959
-0.47711244,-0.47626856,-0.22334038
0.42748982,-0.8188724,1.0311702
-0.9031345,0.17914726,-0.74666697
0.060694396,-0.94045043,0.816193
0.7588784,-0.375529,0.83392644
0.013512229,0.25380096,0.078916535
-0.42189077,0.9443596,0.37768102
-0.6887865,-0.6424819,-0.21187316
-0.64675814,-0.22851321,-0.53983516
-0.4922355,-0.99448943,0.34505147
0.029898731,0.43879887,0.21684419
0.8527338,-0.58194184,1.0755934
-0.53447616,0.23458955,-0.45754454
0.32523215,0.5055356,0.58949023
0.6998291,0.10962959,0.6357617
-0.41244856,0.64439416,0.009211688
0.028960098,-0.43717745,0.21699247
-0.04430527,0.93138474,0.7094858
-0.83099127,-0.5704274,-0.41675735
-0.8770921,0.80571246,-0.16502243
-0.015971826,-0.8994034,0.71353364
0.5257705,-0.846507,1.1505706
0.08336693,0.25691617,0.13807163
0.986782,0.34609863,0.95002276
-0.94647384,-0.4157529,-0.63103515
-0.61447924,-0.98430085,0.26380453
0.28521013,0.49649432,0.52569866
0.027661178,0.43906274,0.22827432
-0.47292727,0.3263996,-0.3457201
-0.7443286,0.45528606,-0.4663132
0.6988935,-0.08537694,0.6466587
0.5173007,0.4521092,0.7081828
-0.7818937,-0.7521722,-0.17229067
0.13043061,-0.21018869,0.15306175
0.24784277,-0.53542256,0.52405965
-0.24732247,-0.2502773,-0.19845648
-0.65246385,-0.10204626,-0.57464993
-0.36904472,-0.9525939,0.43754607
0.7062835,0.6677501,1.0812075
-0.47226766,-0.2952511,-0.3728477
0.9384501,0.40741476,0.9855478
0.6054234,-0.4469528,0.76011664
0.65426934,0.64736795,1.0378333
0.85922784,0.8512403,1.4142647
-0.4252241,0.6543004,0.003393209
-0.17446172,-0.19331826,-0.12777184
0.73219323,0.7693918,1.2204375
0.01722986,-0.6785241,0.4606411
-0.8051354,0.8345041,-0.07765693
0.72062796,-0.095072694,0.66360724
-0.21495998,-0.8487485,0.45158866
-0.33887145,-0.78315127,0.23084846
0.7619191,0.8360563,1.3085198
-0.94596493,0.5914186,-0.4865591
0.7699809,-0.07373167,0.699467
-0.4074607,0.5848852,-0.0582399
-0.2907824,-0.38658902,-0.14579499
0.24659379,-0.34034058,0.36272246
-0.02961066,0.5949134,0.3316591
-0.8696358,0.7367651,-0.24381179
-0.43662864,0.975211,0.3979173
-0.8303387,0.103908695,-0.73326874
-0.68452764,-0.6524569,-0.21217011
-0.34580326,0.7265976,0.1636853
0.9668684,-0.22235242,0.8730555
-0.23310792,0.20611924,-0.20759054
-0.0379479,-0.49549964,0.2059273
-0.5450064,0.84310937,0.14718743
-0.6931059,-0.6590283,-0.23704341
0.5263275,0.958664,1.2974312
-0.8487605,0.62154263,-0.3548053
0.05049978,-0.85716563,0.70156515
0.8390438,-0.84479755,1.4211274
0.24002147,0.23676777,0.3020255
0.31583205,0.6041628,0.6754849
0.49173653,-0.7755148,1.0468924
0.41427428,-0.9507198,1.1868945
0.6853643,-0.29373074,0.7130327
0.51296693,-0.17430584,0.5002815
-0.98982817,0.09099407,-0.8314849
-0.21520442,-0.283796,-0.13385037
-0.22552417,0.4650061,-0.008639297
-0.2452784,0.5999565,0.1192598
-0.69384706,-0.73347026,-0.15100417
-0.8994922,-0.15662767,-0.770563
0.33397654,0.74558836,0.85066426
0.97776586,0.62279356,1.2169373
0.731089,0.5709979,0.9844521
0.54698974,-0.7668036,1.0853301
-0.14192998,-0.3232808,-0.03291836
0.065173015,0.08742926,0.0740772
0.6602779,-0.76333433,1.1617166
0.57944447,0.8033342,1.1564118
-0.6246944,0.71346045,-0.10086514
-0.4694018,-0.62773764,-0.074159026
-0.5390052,-0.7330173,-0.005312017
0.5911514,0.42614743,0.72806704
-0.76876295,-0.9150259,0.065453716
0.58155876,0.77789897,1.1277797
-0.6951199,0.13560437,-0.61552745
0.1216759,0.14393426,0.1315074
-0.8954274,-0.97959363,0.045718208
-0.114167,-0.97445154,0.68998426
0.4561996,-0.8664644,1.138128
-0.7242982,0.48810282,-0.41801545
0.76798946,-0.5964279,1.0369021
0.74015796,-0.7366548,1.1852012
0.5618559,-0.68939257,0.98794186
-0.8178403,0.20944104,-0.6637683
-0.07213596,0.016591573,-0.07417694
0.41331,-0.026895232,0.4082145
0.660493,0.024275845,0.61595315
-0.85534036,-0.93904495,0.011545135
0.1372697,-0.12520915,0.13416348
-0.5848173,-0.78745335,0.03539613
-0.120445825,-0.27167782,-0.042196292
-0.5670405,-0.17097427,-0.5049747
0.89098495,0.29591078,0.8832526
-0.94809026,0.57597727,-0.49670327
-0.5898182,-0.22525963,-0.49994355
0.88371456,-0.6178791,1.1433761
0.7732495,-0.42741302,0.89775324
0.2387539,-0.72634405,0.74085665
0.600201,-0.8431093,1.2334036
0.48940918,-0.9415663,1.2284553
0.7017513,0.98621744,1.4598325
0.079157926,0.7103315,0.5515933
-0.19400127,0.6355527,0.19418737
0.70760196,-0.9963186,1.4739666
0.501474,-0.77595,1.0750549
-0.28730527,0.07919127,-0.2906089
0.09958365,-0.35283846,0.20606498
-0.145057,0.19086517,-0.11248511
0.83927804,-0.42876866,0.90988475
-0.3007813,-0.8611292,0.36788678
-0.8939006,-0.18925864,-0.7399737
-0.48510537,-0.9823929,0.35848346
-0.91876185,0.60425955,-0.450991
0.38428074,0.054666687,0.37937954
0.69731843,-0.9599403,1.4525782
0.82761645,0.8622735,1.4146999
-0.64922434,-0.5163544,-0.34819764
-0.14830574,-0.05237541,-0.16052842
0.28739432,-0.72982234,0.7908103
-0.22227444,-0.836677,0.4129483
-0.1593053,-0.3350004,-0.057066966
-0.43247998,0.1693439,-0.41615343
-0.69869226,-0.03565669,-0.63804495
-0.2853093,-0.8551221,0.37097684
-0.13275014,0.9649555,0.67769045
0.10649227,0.16261512,0.13514628
-0.8553972,-0.3807926,-0.61378664
0.16652918,-0.16259938,0.19711599
-0.5225548,-0.87423074,0.2121327
-0.15585557,0.66010135,0.25475982
0.6023858,0.22925436,0.61480075
-0.18531245,0.44488114,-0.010294402
0.3641692,-0.47070447,0.56594056
0.15123396,0.83328545,0.800425
-0.32005644,-0.9172626,0.42712986
0.4356797,0.9398747,1.1958265
0.24391672,0.45204923,0.43206713
0.057274032,-0.37633595,0.19772488
0.39192382,-0.78420454,0.94275683
-0.5448803,0.094039515,-0.5166944
0.5217611,-0.91465753,1.2493986
-0.13721976,-0.65224206,0.28504387
-0.8573211,-0.7510539,-0.23640025
-0.19281629,0.24835925,-0.15414634
0.5925206,0.34008092,0.6648368
0.038984932,-0.27429673,0.13465613
0.10705992,0.22149666,0.1565581
0.22212152,0.26930958,0.2981775
-0.7376499,0.7222297,-0.18843485
-0.48302636,0.93265283,0.3131356
-0.023014735,-0.40652716,0.12611334
0.77154297,0.6623914,1.1298269
0.9655023,0.040091053,0.82318896
-0.35361096,-0.70948225,0.12901105
-0.8663671,0.95133066,0.022723002
0.063134134,0.8194398,0.6748936
0.07027849,0.6513709,0.49845973
0.7520462,-0.057810303,0.6926663
0.2393023,-0.3116654,0.32838863
0.89942497,0.15189724,0.8136294
-0.20740768,-0.42735955,-0.01604902
-0.2555889,0.29971114,-0.16266026
-0.68896437,-0.98647374,0.2003466
0.88685983,-0.832783,1.4179633
-0.46984902,0.76989806,0.11289978
0.45460695,0.46528342,0.67617124
0.28980634,-0.6195923,0.65911025
0.3578835,-0.39927223,0.5222442
-0.111940965,0.2202801,-0.057350483
-0.3535794,-0.9536657,0.4406321
0.39380023,-0.9399257,1.1608859
-0.6205442,0.65288275,-0.17623109
-0.51958686,0.744569,0.034998197
0.63955444,0.6114103,0.9742175
0.2743712,0.21723561,0.31579617
-0.2101603,-0.5703585,0.09739428
-0.732206,0.018351974,-0.67800295
0.4640354,-0.8371484,1.0867475
0.16911213,-0.13640721,0.19367434
-0.36472467,0.3250872,-0.24436478
0.27358598,0.53098917,0.54715824
-0.35455903,-0.67908245,0.09943117
0.87406385,0.9850221,1.5879834
-0.2787635,-0.5870178,0.071629025
-0.46363816,0.7163104,0.04313962
0.961262,0.22141156,0.83407724
0.051441766,0.80265725,0.6422271
0.14480707,0.44012263,0.34408084
-0.8332222,-0.3332485,-0.62772447
0.006277157,-0.8174999,0.62178814
-0.9547126,-0.0062562083,-0.84037244
0.4535775,0.986818,1.2740161
0.20589317,-0.99636877,1.063551
-0.29473653,-0.4925191,-0.030541211
0.24793574,-0.8360414,0.884069
0.03880013,0.25976494,0.103348665
0.8653007,-0.25069472,0.8328369
-0.52733856,0.98199886,0.31934845
-0.25816658,-0.7675796,0.3016571
0.36879212,0.28537965,0.41986683
0.8748595,0.8637982,1.4380993
-0.4016852,0.0960863,-0.38377523
-0.5603031,-0.14581457,-0.49240765
-0.9323248,0.11539106,-0.77205217
0.32595524,0.89614093,1.0285988
0.26353106,0.46281034,0.46074212
-0.41878954,0.46393588,-0.17625883
-0.41045436,-0.5694111,-0.06927454
-0.67090946,-0.8268675,0.005238071
-0.07189604,-0.49180403,0.16435252
0.48799354,-0.4734777,0.679722
-0.27465647,-0.77133477,0.27711672
0.6583393,-0.13534056,0.614072
0.073626764,-0.35523897,0.19806372
0.3965548,0.7112869,0.86669177
0.7755426,-0.5358663,0.9629285
0.7136982,0.8770287,1.3465279
-0.61705345,-0.6063232,-0.22214171
-0.37502405,-0.8862868,0.35008666
-0.2212779,-0.58161557,0.11536176
-0.80053,-0.3446399,-0.6120968
-0.5905403,-0.24570309,-0.4873715
-0.04361533,-0.9582872,0.7373178
0.36224887,0.8908768,1.065512
-0.098660186,-0.42630795,0.07331935
0.8526748,0.112749435,0.7780384
0.3506335,-0.26720157,0.40482503
0.0082728965,-0.86624855,0.66739106
0.9238831,0.8789501,1.5096351
-0.92992187,-0.8553516,-0.1412496
-0.61771214,0.484475,-0.34661764
-0.26675618,0.19110103,-0.22794962
-0.10656712,0.51118153,0.14028451
-0.14328855,-0.3410934,-0.021164058
0.2585811,-0.6084369,0.6167987
-0.250617,-0.5839876,0.08340212
-0.17165817,0.7434116,0.35089806
0.5404549,0.19805221,0.5354385
-0.2725473,-0.9124529,0.4717213
-0.7425883,-0.24354315,-0.61021304
-0.90296376,-0.7626858,-0.24536873
0.42983964,0.93527853,1.1934274
-0.010665555,-0.65517247,0.3801011
0.8668196,-0.96658504,1.5711578
0.2299193,0.3448593,0.34588787
0.8306863,0.9702948,1.5617683
-0.32472625,-0.9551595,0.46090403
-0.5762539,-0.0034282936,-0.5463688
0.47864237,0.8436998,1.1194228
-0.067313984,0.91529804,0.6887619
0.13574988,0.60921896,0.48397842
-0.073036276,-0.9041982,0.67430323
-0.35772792,-0.617151,-3.0744224e-05
-0.36585915,-0.41185042,-0.18926315
-0.17817669,0.64712304,0.23127866
0.6392705,0.016146775,0.58303565
-0.47410804,-0.0485529,-0.4483347
0.41146693,0.7111809,0.8848339
-0.3181293,0.4474919,-0.11619242
-0.17990838,-0.51506114,0.07903077
-0.3085409,-0.98250407,0.5214672
-0.043224223,-0.6657411,0.3859058
-0.6906365,-0.004424566,-0.63022923
-0.6552426,0.8543657,0.04716646
-0.43961725,-0.7010862,0.04072308
0.9532786,-0.590075,1.1725686
0.6395941,-0.47989225,0.8031396
-0.72233766,0.3151274,-0.55894864
-0.03997176,-0.016256968,-0.054152448
0.617013,0.12764978,0.5922164
-0.10801322,-0.891507,0.60521233
-0.5163144,-0.70730287,-0.0027802903
-0.9400268,-0.12993847,-0.8040817
0.94598097,0.23818232,0.86593795
0.5885498,0.18943529,0.5937286
-0.12912579,-0.71408015,0.35936233
-0.49196833,-0.05873499,-0.46563756
0.49663988,0.5961568,0.8327496
0.25670952,0.3186221,0.3408354
-0.9132605,0.027220681,-0.7854016
0.85748184,0.5649054,1.087967
0.7803017,-0.6102179,1.0512439
0.6992092,-0.27560276,0.7114774
0.17893076,0.53927076,0.45849434
-0.20577608,-0.6414418,0.20263585
0.9967142,-0.87569535,1.5306257
0.61446404,0.8990724,1.3039808
0.45609573,0.059919793,0.45021236
-0.27326837,-0.8139128,0.33586085
0.56846887,0.48226506,0.77049047
-0.64544994,-0.13220938,-0.5966346
-0.25356486,-0.005364666,-0.24916324
-0.33262536,-0.0066997563,-0.31359032
-0.92547804,-0.008657447,-0.8061437
0.11308274,-0.9869446,0.9326076
-0.04069386,0.078135915,-0.030251626
0.5442891,0.89693356,1.2495333
-0.39377972,0.42771637,-0.2084328
-0.54955757,-0.7349535,0.0070628366
-0.036151916,-0.91611314,0.7232821
0.9679638,0.400729,0.9851381
-0.5332846,0.34129044,-0.3922156
-0.3806393,-0.696794,0.09655225
0.93031305,0.27913934,0.8963308
0.13940224,0.25450212,0.20700134
-0.33989128,0.13985144,-0.31202227
0.6003846,0.9277904,1.3286486
0.6472876,-0.021754272,0.60404545
-0.19143748,0.46903577,0.016100526
-0.32314548,-0.5738996,0.007666474
-0.03814549,0.58126557,0.2902134
-0.64467984,-0.044882223,-0.59093493
-0.87899876,0.8905237,-0.04703402
0.56128144,-0.03263653,0.5210945
0.4303173,-0.92211705,1.1751368
-0.29138324,-0.9703485,0.5103282
-0.39519385,0.7624032,0.15301757
7.3886644e-05,-0.17691937,0.041625243
-0.7143868,0.052605905,-0.6609601
0.3328846,0.72485495,0.8414665
-0.40645418,-0.20855282,-0.3505697
0.2097144,0.51232654,0.45139515
0.8718249,0.8795839,1.4660025
-0.4293125,-0.3492739,-0.2933965
0.9121543,-0.2098888,0.83935547
-0.04679024,-0.8811145,0.65057033
0.3953656,0.6507653,0.7998112
0.98065567,0.5421891,1.1080179
-0.91177934,0.48202226,-0.5793555
-0.92967916,0.356678,-0.6904668
-0.35181913,-0.65432966,0.06419892
-0.34373105,0.1095763,-0.33532605
0.12628552,0.802182,0.7146867
-0.35841173,-0.37329733,-0.21571857
0.072521694,0.9908073,0.90079975
-0.65392846,0.7536724,-0.07754809
-0.0012986477,0.70453393,0.47749302
0.5983842,0.39014003,0.71764296
-0.9804991,0.01980831,-0.84496754
0.04036682,0.096088804,0.057989717
0.6381949,-0.6532126,0.9974187
0.9348231,0.11298701,0.7940057
-0.2560761,0.043283526,-0.25303483
0.8968407,-0.66419035,1.2061008
0.059460033,-0.52617294,0.33933696
-0.6328552,0.59999186,-0.22785689
-0.6456669,0.86439323,0.07431776
-0.5003136,-0.30050611,-0.40319958
0.072567455,-0.26102874,0.12909488
-0.8937996,0.89416033,-0.07515067
0.91166914,-0.10103424,0.7897955
-0.21202849,0.37342042,-0.058969684
-0.80762595,0.7450036,-0.18390566
-0.7856808,-0.2274726,-0.6629321
-0.07688624,-0.4727302,0.14776042
-0.36107975,0.39704186,-0.18824776
-0.6980068,-0.8163313,-0.03679032
-0.8561375,0.6864881,-0.3041558
-0.6650336,0.12941921,-0.59697527
0.2943407,-0.7972543,0.8907554
0.18230066,0.2391863,0.22745
-0.5036475,0.9949309,0.36334774
0.9310604,0.7955024,1.3820345
-0.8364361,-0.025546664,-0.7473562
-0.52083313,0.029509261,-0.48997033
-0.32109344,0.83110875,0.30843672
0.19485201,0.50253236,0.42340985
0.80956984,-0.047469847,0.7320496
-0.22218888,-0.18308848,-0.18308458
-0.24907763,0.7291512,0.2572501
0.5373106,-0.44894356,0.7048927
-0.7126032,-0.9274466,0.10898152
-0.24024926,0.42181256,-0.036328286
0.75725466,-0.2101006,0.7413172
-0.71986914,-0.42113364,-0.47360858
-0.17367889,-0.49602073,0.07391199
-0.6174472,-0.9426818,0.18256493
-0.42595625,0.026317488,-0.42011446
0.4850049,-0.5448237,0.76051086
0.5805789,-0.25424924,0.61117494
0.4738981,0.92693853,1.2230818
0.21228857,0.0029802762,0.21774468
0.4211851,-0.18205708,0.45654485
0.6913424,-0.99607486,1.4642792
-0.4373163,0.9799562,0.4195192
-0.9053384,0.33706033,-0.6768243
0.97523844,0.9998595,1.6845946
-0.71460867,0.39091134,-0.5105763
0.726296,0.59793955,1.0196501
0.2809639,0.34088716,0.41650054
-0.06330268,0.5096047,0.18370898
-0.46067855,0.5491446,-0.13805316
0.72516024,0.021758053,0.67050874
0.73498994,-0.28964582,0.75239724
-0.8996547,0.61012006,-0.41123316
-0.9920333,0.27017048,-0.76532644
-0.9725881,-0.21907522,-0.76958483
-0.92050713,0.25010008,-0.73091376
-0.6607453,-0.07420428,-0.60423386
0.6461209,0.24354655,0.6646913
0.96148723,0.5098721,1.0646714
0.2118457,-0.19910154,0.23938398
-0.43334943,0.7504437,0.103378385
0.4885011,-0.27276272,0.5316486
0.4276552,-0.13721406,0.429424
0.6420126,-0.8461618,1.2371551
0.37461683,0.8542843,1.0348455
-0.8414058,0.23079996,-0.70074606
0.6083773,0.018323468,0.57487845
0.36968994,-0.40539044,0.52680254
-0.63292974,0.4776073,-0.37439138
-0.79186565,-0.76261365,-0.1602919
0.37222764,0.8260658,0.9867842
0.4863026,0.0014588769,0.4896303
0.66522795,0.7371091,1.122766
0.38563746,0.13865736,0.40238762
-0.81790847,0.34987718,-0.5995284
0.38048998,-0.5882181,0.71834356
-0.7782912,-0.0431958,-0.67600757
0.13974613,-0.53871703,0.4269583
-0.9999954,-0.2714428,-0.7672873
0.3790197,-0.32173833,0.4804144
-0.72905,-0.082978606,-0.63114125
0.3735939,-0.16233005,0.40509984
-0.580473,-0.0783025,-0.5460539
-0.09685437,0.6809426,0.37756938
-0.8042988,0.5117808,-0.46022686
0.9514864,-0.68183005,1.2650846
-0.59483045,-0.21684526,-0.4934625
0.8652502,-0.17593326,0.7924527
-0.5421655,0.9797689,0.29680687
-0.41248775,-0.37953714,-0.25059327
0.81008816,-0.5307377,1.0181068
0.46196222,0.93141145,1.2026453
-0.6765105,0.03759047,-0.6171572
-0.8002992,-0.26749822,-0.64964175
-0.21646191,0.30638924,-0.12711954
-0.48603576,0.8978876,0.24791399
0.024657084,-0.85462284,0.70166516
-0.5312413,0.17974071,-0.46834853
-0.27662042,-0.58088,0.06472598
0.98989075,-0.49647087,1.0894368
0.15757465,-0.90635175,0.87924045
-0.47218475,0.4968073,-0.2174975
0.29308227,0.94519067,1.0561423
0.48008344,0.28621072,0.5569274
-0.55222136,0.046217676,-0.51416093
-0.40259624,-0.94836617,0.38055572
-0.97295284,-0.5387518,-0.5390969
-0.46791956,0.03195709,-0.44963622
0.5103742,-0.41690272,0.6708764
-0.6393153,-0.31839672,-0.50925654
0.9268719,-0.3767645,0.9467688
-0.9095977,0.3497554,-0.66515857
0.46688586,0.9090115,1.1766222
-0.3521886,-0.7147274,0.15569729
-0.4364607,-0.56426656,-0.10725419
-0.7952882,-0.46020165,-0.50369406
-0.81461096,0.6663802,-0.29052973
-0.5023485,-0.96490794,0.32825246
-0.95846426,0.35723412,-0.69949937
0.21453483,0.074000984,0.22476915
-0.54201573,0.64115775,-0.10097842
0.5959504,0.32796264,0.6761838
-0.351792,0.48455268,-0.10424298
-0.7369497,-0.5805727,-0.34755412
-0.73536265,-0.8925713,0.040396627
0.9805869,0.6545427,1.2386172
-0.25072885,0.40722138,-0.060579643
0.0806093,-0.5606795,0.39659265
0.17906523,0.26357803,0.2572538
-0.08822978,0.55003136,0.21651103
-0.6659938,0.5039838,-0.36213073
-0.9779741,0.04299131,-0.8321173
0.39777756,0.5061641,0.6524766
-0.9560515,0.8192019,-0.19877
-0.3613235,-0.7704515,0.19872086
0.88153136,-0.9582802,1.5620472
0.17760962,-0.27623135,0.24800177
0.052367855,0.8645636,0.7099425
-0.5406089,0.33997375,-0.39593247
-0.47572893,-0.9341099,0.30202654
0.14203005,-0.51172096,0.4032461
-0.5019669,0.31356412,-0.36319578
-0.45014897,-0.77450484,0.09585796
-0.97659045,0.21059653,-0.7958888
0.05042872,-0.60785514,0.4158356
0.59551424,-0.30694258,0.6620004
-0.6341751,0.9468423,0.17589624
-0.3345422,0.26133877,-0.274898
0.21074812,0.5385523,0.49156353
0.32586184,-0.99232835,1.1448858
-0.26519933,0.24307302,-0.21078284
0.845186,-0.18659768,0.7695126
-0.09998222,0.93512046,0.6778368
0.6619824,0.45475268,0.827224
0.8561008,0.22184971,0.7965026
0.67111856,-0.2890558,0.7070633
-0.72717154,0.31891304,-0.5564449
-0.042059433,0.5810066,0.28558877
0.44817224,0.7124445,0.9201762
0.96543765,0.22050206,0.8749192
0.8251029,-0.14469276,0.74939567
0.07616089,-0.09857766,0.09806271
-0.5821316,0.7589293,0.0061285323
0.6439165,-0.56331664,0.92597276
0.9732071,0.5148593,1.0827292
-0.99791694,-0.8547405,-0.16354623
0.22720107,0.178672,0.2479226
0.20001106,-0.11895089,0.20626712
-0.47874802,0.4086081,-0.30027214
0.6636618,-0.5615714,0.9254092
-0.5339279,0.43448445,-0.3226844
0.12450904,0.048520956,0.12946305
-0.72995245,0.23039243,-0.6137721
-0.70879763,0.65575445,-0.23773187
-0.26919362,-0.15442531,-0.23886004
-0.37974343,-0.15030454,-0.34815526
-0.71578825,-0.92715883,0.11598185
-0.95505905,-0.9817759,-0.0040630545
0.66608983,0.06478748,0.6168401
0.41393042,0.17671151,0.43627283
0.4497058,-0.21183108,0.48172265
-0.8780943,-0.65742564,-0.3662802
0.25008342,-0.74048537,0.7701292
-0.215199,-0.5111666,0.045616098
-0.48326153,0.77604073,0.0849512
0.9718765,-0.5722399,1.1297989
-0.37883362,-0.16141777,-0.34675193
-0.44971764,0.22121064,-0.38625646
0.23545088,0.44599724,0.4419175
-0.9852231,-0.2955958,-0.73938924
-0.947132,0.121503174,-0.7803977
-0.6042099,0.59000087,-0.23529418
-0.09864106,-0.5821439,0.22542077
-0.88501465,-0.22666545,-0.7110957
-0.26563722,0.0654972,-0.24709937
-0.5412844,-0.3423783,-0.39302334
-0.062295746,-0.43706378,0.1284072
0.39567167,0.15939736,0.41005024
0.88173056,-0.5288954,1.0616034
0.10234987,0.44206583,0.3019452
-0.04343547,0.90525484,0.6920743
-0.14977537,-0.5368652,0.15480588
-0.052348454,-0.07079589,-0.038577236
0.6686001,0.6131338,0.9800963
0.34910077,-0.5585934,0.6463069
0.8365497,-0.84524286,1.4001561
-0.3030879,-0.07079392,-0.29123276
-0.03687629,0.9824087,0.7856061
0.46432233,0.5367298,0.7380594
0.034905024,-0.19314732,0.06561365
0.94674003,-0.9451829,1.5774219
0.18160002,-0.6815225,0.62498146
-0.5407892,0.8381142,0.12249336
0.94666183,0.90236276,1.5474929
-0.8577608,0.7364468,-0.23404837
0.38666117,-0.6091581,0.73169297
-0.7797629,-0.8564637,-0.016303355
0.8529633,-0.9630949,1.5494543
-0.06037793,0.41558293,0.12047798
0.81089807,0.08630814,0.72531116
0.48870018,-0.6290568,0.8457463
0.698674,0.061210927,0.65242356
0.012985882,0.8085603,0.6258255
-0.7967299,0.524141,-0.42448583
0.99717623,0.1836869,0.8880089
0.6204717,-0.057349436,0.5815771
-0.29119766,0.47407225,-0.07326266
-0.33690766,0.485698,-0.08261641
-0.9136792,-0.7597254,-0.23891579
0.5993799,-0.115570806,0.5821829
-0.43201256,0.29058263,-0.34097454
-0.024442328,0.92607045,0.7300466
0.68798244,0.9905766,1.4843158
0.32737637,0.48602852,0.5571856
0.8132559,0.9281998,1.4761918
-0.78101856,0.9680565,0.12298406
-0.24644925,0.7308047,0.24846315
-0.6333972,0.5167945,-0.33483642
-0.65333843,-0.34713018,-0.48639458
0.6761292,-0.36088085,0.7444448
0.58138543,0.30075777,0.62790936
-0.43705258,0.015649613,-0.41373768
-0.8108197,0.9637215,0.06849916
0.47727582,0.07628278,0.46433723
0.71767616,0.25901693,0.7344388
-0.39227745,0.55803394,-0.07504731
0.46006688,-0.7463644,0.9700449
-0.52293396,0.34210932,-0.38333094
0.77844363,-0.28769955,0.7772578
-0.8343831,-0.6893194,-0.29085118
-0.09603851,-0.6596535,0.32282564
0.16452977,-0.35060275,0.2777324
-0.9062232,-0.4407941,-0.58586204
-0.074641645,-0.54154426,0.23577952
-0.44371182,0.59181803,-0.10609664
0.22092554,-0.08867844,0.2195381
-0.47206214,-0.9349658,0.30282342
-0.63701147,-0.7790326,-0.032882255
-0.43633583,-0.99295807,0.4181068
0.5144759,-0.13250755,0.50572795
0.029091613,0.39760008,0.1788108
-0.3354605,-0.5226421,-0.05267031
-0.21890491,-0.01013158,-0.19514814
-0.23526044,0.94435924,0.54740304
0.6797148,0.28057036,0.6993119
-0.9918485,0.47383624,-0.6181679
0.07416341,0.6317102,0.46733263
-0.67755187,0.98454064,0.19911236
-0.5600438,-0.11166204,-0.50889343
0.8843362,-0.78307873,1.3478563
0.65134376,-0.37686694,0.7343594
0.958455,0.7076613,1.3125755
-0.4019299,-0.89726245,0.3153859
0.53779846,0.8375571,1.1659
0.312101,0.6030651,0.66744417
-0.6738448,-0.8085498,-0.0060310843
0.84019274,-0.37811425,0.88324285
-0.27418843,-0.03179786,-0.25715798
-0.08527207,-0.09663782,-0.066630304
-0.048039854,-0.32549885,0.054028254
0.54879266,0.8350969,1.1670856
-0.028047055,-0.2216848,0.033237576
0.7306429,-0.7309445,1.1614792
-0.9246368,-0.14374769,-0.76426286
0.066450454,-0.07261888,0.06934351
-0.6597833,0.86649334,0.066964455
0.83322763,0.027356345,0.7494358
-0.51229656,0.103058174,-0.47633675
0.6779896,-0.8385726,1.2729338
0.86928236,0.8658597,1.4361376
-0.676503,0.6881714,-0.17555484
-0.44855955,0.8970948,0.2913713
0.6101149,0.23567764,0.63808376
-0.6048993,0.2638923,-0.504502
-0.68777686,-0.26939,-0.5620752
-0.80513567,-0.43957916,-0.538131
-0.68974113,0.04308807,-0.62901384
0.34136057,-0.6631131,0.7603826
0.27345142,0.2505179,0.34560513
-0.9048547,0.35275948,-0.66191435
-0.36918497,-0.97121954,0.4618762
-0.03743085,-0.27425528,0.040401034
0.5801725,0.13290836,0.56996745
-0.6077476,0.3482089,-0.43726394
0.5274358,0.31778777,0.60915774
-0.38209414,-0.61810625,0.00047875886
0.27216986,0.30694672,0.36528966
-0.60602033,0.38876897,-0.42236707
0.6403941,-0.37109333,0.74217826
0.88518405,0.8450883,1.43698
0.5342823,-0.11561878,0.51448923
0.28044578,0.35577297,0.40130308
-0.88723093,-0.287031,-0.7016014
-0.6039321,-0.053012155,-0.56345
0.59733564,-0.66065013,0.964021
-0.83608276,0.98824996,0.062153224
0.7407797,0.048088644,0.68039125
0.12743305,0.38065228,0.2662788
-0.4217249,0.2729258,-0.31335193
0.6255959,-0.029021611,0.59733695
0.1100043,-0.3444765,0.23722123
0.8734078,-0.28489983,0.84605426
0.17766687,-0.07746631,0.17073458
-0.9333894,-0.9213233,-0.064835384
0.9450524,0.3704501,0.9509833
0.64573616,0.588421,0.9532855
-0.9434073,-0.5214353,-0.5345052
0.4288449,0.63686466,0.8077175
0.56765795,-0.26118124,0.61652374
0.4383261,-0.10440035,0.42789218
0.83506703,0.22430274,0.77784145
-0.3464621,-0.78730905,0.26013806
0.2639569,0.36871746,0.40826234
0.82309115,-0.28432313,0.8167821
0.35695085,-0.96203333,1.1570748
-0.797073,-0.732252,-0.20159711
-0.221897,0.7079952,0.26768798
-0.61810046,-0.32515684,-0.46604127
0.66694504,0.5140332,0.86629325
0.6107414,0.86521417,1.2631322
0.0951677,-0.2857671,0.19830729
-0.078448124,0.9124095,0.65227467
-0.39690554,0.47969887,-0.16118632
0.03557079,-0.65016717,0.45096084
0.5860995,0.43411595,0.7288866
0.71568197,0.6002687,1.016636
0.66659373,-0.3520104,0.7440848
-0.5653576,-0.8245374,0.09230087
-0.033839732,-0.27816552,0.01896072
0.22598726,-0.94397753,0.99888927
-0.29121098,-0.3120248,-0.19315667
0.7501808,-0.23861967,0.7396904
-0.9556984,-0.5107667,-0.5708939
-0.6625132,0.39994845,-0.45008743
-0.14361356,-0.7307488,0.36350843
-0.4846262,-0.93239677,0.30394137
-0.50968575,-0.99443454,0.34781638
0.10033923,0.8090544,0.7292103
-0.9939169,0.4497082,-0.64544237
-0.047421362,0.24080198,0.025605958
0.49809742,-0.30810228,0.56732976
-0.21417235,0.11810648,-0.21110976
-0.44955152,-0.4776027,-0.19640313
-0.22321768,-0.7268438,0.28836986
-0.22061454,0.5404512,0.061260518
-0.8769599,0.76224023,-0.20738123
0.13187169,0.430311,0.31399167
-0.08784,0.7320781,0.430136
0.16331221,0.47875577,0.3943453
0.6418141,-0.1938799,0.660183
0.7313678,0.06999079,0.67116636
-0.42709935,-0.2879515,-0.32266632
0.66946447,-0.22260511,0.67320895
0.02814831,-0.530544,0.3055774
0.4887606,0.1357756,0.4912498
-0.32306013,0.8133876,0.29810908
-0.52212197,0.9587291,0.30047953
0.57930607,0.6903825,1.0070103
0.29017353,0.95118576,1.0814717
-0.38180298,-0.49725178,-0.116297506
0.7235537,0.7249862,1.171299
0.32428965,-0.030761875,0.3202023
-0.16615468,-0.9761572,0.6598648
0.43726668,0.99329984,1.260756
0.48173726,-0.47347546,0.6865767
-0.22066636,0.10469237,-0.21379569
0.1407401,-0.2640913,0.19622824
-0.14044419,0.34703967,-0.02020733
-0.6135026,0.92230433,0.16754915
-0.5381178,0.5525349,-0.20570724
-0.07775946,-0.35597074,0.056048032
0.20236623,-0.12989801,0.2181779
0.1343712,-0.84888643,0.79452837
-0.53365386,0.7969,0.09407406
-0.9076522,-0.1819026,-0.7531715
0.20227435,-0.17051929,0.23140979
-0.613604,-0.23326534,-0.51383716
-0.89918905,-0.36798993,-0.6493474
-0.22642131,0.4297379,-0.04765456
0.6062269,0.23428838,0.6272054
-0.120185,-0.8236016,0.50731826
-0.42291382,-0.6423786,-0.002735768
0.76069486,0.9488009,1.4866705
-0.1678587,-0.6261058,0.21220748
-0.81166714,-0.0230028,-0.7254299
-0.72981256,-0.9446882,0.1011361
0.8553946,-0.1240294,0.78305906
0.39136547,0.6873852,0.84253174
-0.40773565,-0.1224121,-0.38577747
-0.8694467,0.7967987,-0.16456383
-0.74165535,-0.89338833,0.032466497
0.10318288,0.42319432,0.2649929
-0.6422527,-0.15897486,-0.5804869
0.38206264,0.06430094,0.39851528
0.51167274,-0.35277176,0.6034274
-0.38988388,0.639777,0.009782299
-0.012885174,-0.63929796,0.40469402
-0.84749407,0.80209494,-0.14659347
0.5907153,-0.92998374,1.3439617
0.74587303,0.7693819,1.2349054
0.6235942,0.442724,0.78567296
0.20206812,-0.22255078,0.26005402
-0.019568106,0.87004745,0.6659301
0.41843808,0.6888017,0.87320983
-0.5421709,0.5247926,-0.24077436
0.069069006,-0.80732095,0.6594225
-0.8069743,-0.7788854,-0.14082626
-0.6526033,-0.13717727,-0.58816135
0.5387743,0.7529835,1.0579637
0.814988,-0.8256844,1.3731537
0.38644812,-0.4036513,0.5421236
0.024995217,0.26506272,0.0937626
-0.06929682,-0.42758474,0.1140941
-0.79233074,-0.23823102,-0.6698755
0.84185576,-0.79426974,1.3342389
-0.39069778,0.19808888,-0.3398798
-0.0037969265,-0.3466791,0.11623908
0.85809207,0.37499005,0.87805855
-0.7621404,-0.58884346,-0.36180118
-0.5289725,0.82033306,0.12383815
0.76310074,0.32859296,0.7880355
0.7421196,0.8153819,1.2964611
0.4190177,0.044029094,0.38056198
0.07224551,-0.5659831,0.3926894
-0.69503105,0.21275598,-0.61235464
0.101613685,-0.20595798,0.1470116
-0.64383894,0.19922109,-0.5535382
0.85701734,0.02374124,0.7652558
-0.05646909,-0.6073333,0.30354142
-0.051702354,-0.5082485,0.20368317
0.7849583,0.12933256,0.6988547
-0.21260604,0.9428386,0.5500245
0.94438565,0.84917855,1.4604241
0.47785145,-0.65806705,0.8743828
0.9582228,-0.53303546,1.0901191
-0.8967803,0.81931627,-0.15556605
0.07777172,-0.48534834,0.31661737
0.72083056,-0.8160649,1.279017
0.51275855,-0.4784781,0.7357316
-0.46197936,0.45630726,-0.22952464
0.18157949,-0.6325716,0.564336
0.9532968,-0.32045692,0.90276104
0.03380471,-0.85241574,0.69700414
0.7509512,0.18992956,0.7342316
0.806066,-0.84236145,1.3754878
-0.0031541858,0.8195101,0.61058766
0.12737173,-0.7050685,0.62246746
-0.90481114,0.19676012,-0.7422746
0.010045977,-0.3988676,0.17705497
-0.3903901,0.99795,0.43490103
0.8944897,0.07046451,0.8012988
-0.77573,0.3322911,-0.58512664
0.5514271,-0.20816056,0.5678737
-0.26547953,-0.94021016,0.50909173
0.7328817,-0.41963527,0.8452658
0.7142981,0.88303155,1.347615
-0.14233874,-0.60815364,0.22280346
0.012551864,0.16637886,0.022284929
-0.77547103,0.3358031,-0.56433547
0.8029494,0.5992485,1.057752
0.82494134,-0.03447513,0.74356586
0.35074288,0.016547697,0.34931418
-0.7737204,-0.11771596,-0.6897906
-0.5489332,0.41490945,-0.35077712
-0.07118758,-0.5603848,0.23820929
-0.29779637,0.23351653,-0.23743862
0.15622705,-0.9561502,0.94820917
-0.5318668,0.70090866,-0.023491178
0.5690197,-0.10031111,0.5272901
-0.70491856,0.97476923,0.17893133
0.60818505,0.23781796,0.6133677
-0.33392948,0.34768817,-0.19514762
-0.015795944,-0.0008396861,-0.017056528
0.24582502,0.19543552,0.30533326
0.07987213,0.09662226,0.10038332
0.98011065,0.67688805,1.2704258
0.6513057,-0.7862038,1.1976137
0.953614,0.5743568,1.1413705
-0.07372909,-0.53158313,0.19837932
-0.07911557,-0.80392766,0.53279597
-0.097950034,-0.019227732,-0.099394575
-0.6374573,0.952197,0.20618886
0.4706901,-0.6745557,0.88230896
-0.15871921,-0.32913962,-0.0487552
-0.5911751,0.10158746,-0.5477791
-0.38653833,0.5025403,-0.12744722
0.29766256,0.29281986,0.384968
0.9605842,0.1363832,0.85728043
0.34331027,0.7882729,0.92584825
0.10870383,0.29313377,0.21178412
0.8765091,-0.48865616,1.0169824
0.1668076,0.46912125,0.37979266
-0.4758119,-0.07135107,-0.4590022
-0.6491296,-0.022555826,-0.60490227
0.7409383,0.1632288,0.70232505
-0.2304906,0.4338374,-0.032608014
0.40121543,0.12695758,0.41194373
0.18558303,0.8132221,0.78953266
0.70696634,-0.9704455,1.4629817
-0.42297798,0.6530369,0.000647187
0.3372437,-0.07957339,0.32734004
0.025720727,-0.42525676,0.20715755
0.29559892,0.40879795,0.4718156
-0.32893974,-0.8300717,0.33360517
-0.8677757,-0.75677514,-0.22974487
0.06668302,0.9818939,0.8874147
0.98560095,-0.720936,1.3383671
0.5291903,0.8263045,1.1334527
-0.9323437,-0.30344743,-0.7154019
0.9646747,-0.8126995,1.4359872
-0.21769485,-0.94189066,0.56771165
-0.77945167,0.5592773,-0.40163496
0.75764996,-0.60615,1.0365747
-0.8655007,0.45679766,-0.55088884
-0.9977498,-0.8300216,-0.20481299
-0.04525158,0.21982381,-0.010274063
0.5992499,0.95375067,1.3502427
-0.029443132,-0.023483502,-0.03278173
-0.8963435,-0.89392275,-0.042664815
-0.12717564,-0.0461451,-0.1164474
0.4120192,0.3658984,0.5412469
0.9701459,0.6124011,1.2000284
0.1796414,0.6386198,0.5650427
0.77914685,-0.97020197,1.5245148
0.94078135,0.4310108,0.99213654
0.7024412,0.56768215,0.9589927
-0.6622324,0.75130284,-0.08725405
-0.6195181,0.9595477,0.23952773
-0.3860834,-0.73065466,0.12631854
-0.42697626,-0.6308743,-0.040174287
-0.59631014,0.1918989,-0.5268257
-0.35928345,0.88420665,0.35595477
0.5575913,0.67069185,0.96444976
0.33606184,-0.84067667,0.9775528
0.8423164,-0.28694987,0.82714754
-0.80126226,0.7862749,-0.1504577
-0.39045462,0.058773726,-0.3863907
-0.527368,0.872126,0.19832069
-0.82249725,0.5127905,-0.46553513
0.4158648,-0.32049054,0.49209
-0.79768264,0.85904914,-0.051728737
-0.13140762,0.57415706,0.18080403
0.71233684,0.13638811,0.6762213
0.9242794,0.92646474,1.5666406
0.029746309,0.28122494,0.10102157
0.5827203,-0.9758721,1.3695568
-0.941219,-0.24820353,-0.7533895
-0.22229184,-0.5990688,0.12335099
0.74945897,0.33989456,0.79236346
0.58969796,0.024444014,0.56367576
-0.40081933,-0.92346036,0.3615306
-0.7820173,0.51303464,-0.44385636
-0.74853426,0.7937776,-0.09051836
-0.09163231,-0.7429824,0.42930043
-0.95762163,0.6254767,-0.42266044
0.28041276,-0.3478094,0.40673918
0.42827222,0.016124828,0.41762155
0.44679928,-0.5952648,0.7822623
0.30766726,-0.019436812,0.3058222
0.6748948,0.42751205,0.80985624
0.22114348,-0.9897502,1.0608281
0.26362425,0.19819634,0.29983693
0.9897745,-0.2167321,0.8942455
0.33478945,-0.5969934,0.6912241
0.7993653,0.20382537,0.76306856
-0.28241926,-0.84543216,0.38654554
0.14212954,-0.6932211,0.595219
-0.19291778,-0.6968802,0.27808747
0.5106253,-0.82175756,1.1024843
-0.5024764,0.8946775,0.24211028
0.68957454,-0.23108573,0.69355464
0.41543275,-0.7332096,0.9275013
-0.5029106,-0.87135893,0.19655986
0.6296098,0.95486665,1.368235
0.2151486,-0.119296156,0.21973898
-0.9430416,-0.5571,-0.49665183
-0.1285346,0.65776706,0.28961048
0.21257202,-0.5928467,0.5618161
0.19638628,-0.3919035,0.34392434
0.24543776,-0.91088855,0.9735459
0.692772,-0.65966356,1.0589918
0.8805355,0.24718858,0.84366804
-0.44715557,0.14098231,-0.39893126
-0.75623214,0.60837847,-0.3232698
-0.9859069,0.019494312,-0.83552736
-0.39383933,-0.20840271,-0.32890165
-0.4110704,0.4823677,-0.16354609
0.7374388,-0.53280944,0.9461814
0.92036945,-0.44473955,0.9940571
-0.3497396,-0.7173653,0.14679536
-0.3213391,0.3378509,-0.18633673
0.72835743,0.520228,0.92297494
-0.7657761,-0.36089802,-0.5730643
0.9890318,0.7780227,1.3798174
-0.9415214,-0.7719702,-0.2531774
-0.82772946,0.5874201,-0.40060842
-0.24601185,0.59518594,0.08957836
-0.99286866,-0.6671498,-0.41788563
-0.10110638,-0.29437092,-0.004901105
-0.16551948,0.97207165,0.63386554
0.8874768,-0.50974286,1.031801
-0.47747654,-0.17974263,-0.42593104
-0.6640597,0.72613287,-0.10126224
-0.29350638,0.10071356,-0.2787784
-0.49255836,0.4731946,-0.2398404
0.0720477,-0.8313283,0.71934783
-0.69300807,-0.7925785,-0.05669755
-0.18878874,-0.17520021,-0.15872751
0.62632036,0.94946384,1.3820505
-0.468208,0.8943785,0.25219932
-0.80538136,0.96938366,0.08513424
0.046680573,-0.24185805,0.103048034
-0.2646965,0.28371605,-0.18367797
-0.40681913,0.3915783,-0.24888283
0.65151256,0.79328114,1.1918796
-0.78923225,0.79508,-0.12379327
-0.06311825,-0.4307219,0.12599574
0.82966834,-0.33741325,0.8399252
-0.7851842,0.23200302,-0.6621827
0.8872477,-0.51821643,1.0422796
-0.038043004,-0.923288,0.73257667
-0.64661515,-0.47356522,-0.37965852
-0.86930037,-0.44586802,-0.5851425
-0.09575903,0.97308946,0.7085379
0.6485696,-0.53118306,0.86630815
0.45051235,-0.41830447,0.60394377
-0.43571693,-0.61178803,-0.056674626
0.8803827,-0.9522852,1.551979
0.18206848,-0.2820512,0.23971164
-0.6240754,0.5225583,-0.32678226
-0.42911983,0.7047541,0.0631599
-0.89907414,-0.32625213,-0.67514205
0.92618454,0.42668387,0.96351
-0.5475525,-0.05460528,-0.5196394
-0.627889,0.019068884,-0.5720646
0.0022333662,-0.5124428,0.2584042
-0.15151244,0.39420444,0.003482666
0.5475359,0.5937945,0.86871886
0.22939673,-0.12275884,0.24643938
0.05420653,0.13155608,0.07946374
-0.38227817,0.71486986,0.12961863
-0.5747773,0.6959028,-0.084312946
-0.04455434,0.71298355,0.43649462
-0.8103427,-0.6291984,-0.35853884
0.36134076,0.47095138,0.5641648
-0.66795534,-0.5002211,-0.35510567
-0.26681575,0.2721237,-0.18250926
0.8958544,-0.41293266,0.9518634
0.4658204,-0.785263,1.0267773
0.34121692,0.84407,1.0050975
-0.26923957,-0.34406415,-0.14234766
0.90698814,0.8632167,1.464405
0.5953145,-0.08677893,0.5802332
-0.54762435,0.5999282,-0.17026095
-0.96268165,-0.69413346,-0.36201477
-0.121119216,-0.096494764,-0.106384784
-0.16275129,-0.28231576,-0.085058235
0.41730177,0.5596744,0.70415926
-0.5817457,0.22364013,-0.48602232
-0.49319074,-0.91704804,0.2718201
0.30385816,0.27473947,0.37924433
0.0071313186,0.92173207,0.75778025
-0.055523254,0.10241074,-0.030612756
0.46344712,-0.6073338,0.82171255
0.40650335,-0.11621765,0.3973913
0.36080495,-0.20099132,0.4116318
0.34769514,-0.35903135,0.47437942
-0.65316796,-0.1697243,-0.5874869
-0.039981976,0.22825325,-0.0010707541
0.63863736,-0.87262243,1.2804121
0.5652305,0.10738023,0.54743296
0.840435,-0.53546727,1.0153908
0.116391055,0.5007228,0.35328203
-0.25431424,-0.037289437,-0.23658852
-0.67129314,-0.7284749,-0.107149705
-0.9078814,0.39442018,-0.64065784
-0.38286406,0.9757828,0.43133715
0.40319502,0.19443363,0.43914098
-0.970642,0.46417677,-0.5939343
-0.14355415,-0.5935125,0.1901
-0.68744344,-0.7374722,-0.11530681
0.8434247,0.3879649,0.8974385
-0.7277356,-0.88569355,0.043212686
-0.7663848,-0.6405779,-0.29242754
-0.1119773,0.905958,0.6110521
0.55825645,-0.24739891,0.5834302
0.52584565,-0.9198873,1.2386184
0.7347348,-0.5510391,0.97336155
0.46865317,-0.4487463,0.6479324
0.9054488,0.87279457,1.4825777
-0.017685099,-0.98804885,0.7969493
-0.9236273,-0.5692316,-0.47958884
-0.14856611,-0.49646753,0.10461243
0.39570656,0.016876895,0.40557837
-0.08615956,0.5760121,0.2222315
-0.5539956,-0.09254247,-0.52354825
-0.08347738,0.6115973,0.27971146
-0.76513195,0.8177449,-0.079453275
-0.8764549,0.40032297,-0.6119538
-0.76562274,0.4769411,-0.47254807
-0.85747844,0.38526487,-0.60778475
-0.20087194,0.023321778,-0.19535677
0.061477333,-0.13080195,0.07299773
-0.51256347,-0.21171148,-0.44390652
-0.055398133,-0.11954676,-0.032557394
-0.07248953,0.7738181,0.5094364
-0.5642924,-0.27186918,-0.4591653
0.8361479,0.41062823,0.9155294
0.37016758,-0.22127838,0.41839856
-0.44354323,-0.581999,-0.09361354
-0.7790628,0.702835,-0.23723185
-0.021360323,0.5295919,0.24692811
0.44843957,-0.82674074,1.0647975
0.88707215,0.10704032,0.7914611
-0.14844133,-0.75974804,0.39181972
0.077785835,-0.5748032,0.40661106
-0.76971215,-0.63135076,-0.30957597
0.9776317,0.043706708,0.8369101
-0.46555072,0.6877912,0.00869209
0.6389927,-0.10514298,0.60811955
-0.43837023,0.35888922,-0.3159655
0.30584157,0.63038087,0.6952262
-0.17280044,0.25933832,-0.0965313
-0.94710773,-0.9821968,0.0034431997
0.79831606,-0.67571443,1.1666851
0.5664087,0.7491672,1.0644499
0.036935877,0.34771132,0.14870653
0.61744964,0.21494253,0.6255802
0.94092995,-0.54978573,1.1207211
-0.16567612,0.37806076,-0.014381592
0.4408587,-0.79456866,0.9979446
-0.32627565,0.24225444,-0.26342216
0.72387296,-0.8604875,1.3218255
0.29340357,-0.060008977,0.3090773
-0.61573005,0.8116242,0.04396533
0.969021,-0.68196803,1.2881533
-0.32709527,-0.46042562,-0.105628304
-0.86320424,0.3263756,-0.64226705
0.1831757,0.080978714,0.1769425
0.8337063,0.6519138,1.1544983
0.45505145,0.055079184,0.43532813
0.2932222,-0.52204096,0.5417216
0.965255,-0.8838423,1.5181682
-0.18338114,-0.57527536,0.15400542
-0.43238088,0.50730467,-0.15433782
0.88223755,-0.7452594,1.2996161
-0.4900226,0.9474628,0.30328318
0.17909305,0.48657626,0.41666347
0.26239368,-0.22451673,0.3104758
-0.44648618,-0.8173527,0.19967392
0.73842645,0.8448434,1.3414534
-0.3425363,-0.029570987,-0.31435
0.9640105,-0.1485757,0.839759
-0.40716648,0.9940572,0.4338956
-0.051310983,-0.5464819,0.22612303
0.3344937,0.7695754,0.9006333
0.40327713,-0.13619736,0.4107616
0.58150125,0.9707506,1.3692247
0.0509316,0.24626459,0.12932824
-0.2601893,0.89793736,0.4803456
-0.8701879,-0.70471597,-0.29622433
0.7521593,0.6458039,1.1028063
-0.7990133,-0.37750575,-0.5843439
0.6003812,-0.9980676,1.3947748
-0.8171136,0.12112762,-0.7331691
-0.6430652,-0.3762372,-0.45471242
0.5176503,0.24807177,0.5564593
-0.85626054,0.69143873,-0.30394208
-0.5057249,0.58021617,-0.15724239
-0.6059743,-0.4226687,-0.39144352
-0.35742489,-0.8643766,0.32147732
-0.039375257,0.43754673,0.15809584
-0.7862395,-0.08586478,-0.6928906
0.0131555395,0.5923051,0.33949155
-0.99903923,0.85458523,-0.16392536
0.42516258,-0.62287813,0.7926507
0.46119958,0.06991149,0.4553237
0.7056781,-0.06316454,0.65488
-0.6500802,0.44392955,-0.42554206
-0.27755785,-0.49535358,-0.016892731
-0.93445975,0.78645635,-0.23141058
0.36813417,0.4661219,0.57222885
-0.5139495,-0.32063702,-0.39569786
0.78096825,0.26837677,0.7589831
-0.6412958,0.72533095,-0.08756605
-0.5459574,-0.24620646,-0.46205717
-0.7289411,0.77981704,-0.09288071
-0.6149795,0.07965926,-0.5816681
0.07218972,-0.7320073,0.5761992
0.23454838,0.705291,0.71764845
-0.111845404,-0.88716185,0.58659774
-0.899972,-0.98564047,0.034452796
0.6140316,0.36314458,0.7014857
-0.6088187,-0.6487905,-0.15874384
-0.17320774,0.96208245,0.63451594
-0.15083265,0.32181942,-0.06384104
0.8043529,-0.22885193,0.78075016
0.29369074,-0.3232476,0.40406635
-0.08855115,-0.055988397,-0.07427857
-0.24161853,0.7423354,0.27088863
0.8592168,0.89825785,1.4925389
0.91888195,-0.88744426,1.492661
0.0452721,-0.9538826,0.83010525
-0.38456655,-0.0010370242,-0.3552655
-0.42639226,0.93658143,0.36529917
0.8893722,0.14381139,0.8058127
0.72203153,-0.9981725,1.505543
-0.870175,-0.83787066,-0.12010238
-0.11796684,0.82707506,0.50842273
-0.7112083,-0.7945199,-0.06182928
-0.57364917,-0.79510933,0.064828254
-0.5398691,-0.67531645,-0.069819264
-0.8404078,0.73759073,-0.22972336
0.4552506,-0.18264851,0.4651517
0.005106796,-0.13293111,0.01963959
0.6353495,-0.60077685,0.94185936
-0.9619669,-0.59287685,-0.4753417
-0.4649192,0.81163275,0.15964311
0.36680743,-0.073644586,0.37708795
-0.9631088,0.16517839,-0.79046625
0.010252423,-0.8357996,0.6481328
0.92211545,-0.98436844,1.6126177
-0.07902703,-0.5637429,0.24538827
-0.13514453,-0.050811607,-0.12471211
0.20049366,-0.9935281,1.0525
-0.14022449,0.016329788,-0.15225017
0.39689243,-0.53964293,0.6911753
0.27481604,0.8108886,0.87631106
-0.32418254,-0.33249596,-0.21432549
-0.5613532,0.63707834,-0.13949099
-0.03859542,0.9221636,0.7139446
-0.14963675,-0.18732923,-0.10981771
-0.9997981,0.92846525,-0.076566055
0.035600312,0.13414045,0.027320012
-0.2836848,0.7790078,0.2867253
-0.28876662,-0.1563459,-0.24338572
0.9461192,0.9549158,1.6005799
-0.20556708,0.6316079,0.17893182
0.8394917,0.994771,1.5809764
0.123990074,-0.91460264,0.86820006
-0.5673424,-0.28899822,-0.4543534
-0.58564824,-0.0889478,-0.54946625
-0.73461145,0.45449623,-0.45620984
0.56271845,-0.39061093,0.69411767
0.90317225,0.4431281,0.981468
-0.9633505,-0.9171781,-0.090320185
0.7200667,0.9521255,1.4611715
0.58415216,0.71365666,1.0278647
-0.6931582,0.85219324,0.014456645
0.9728734,0.16733828,0.8349924
0.6805951,0.22698896,0.68482995
-0.643164,0.8526661,0.053152766
0.9371956,-0.24719916,0.85056424
-0.100656085,0.54884547,0.20531616
-0.89672226,0.49618185,-0.53852123
-0.26395163,0.71322805,0.24893895
-0.346115,0.18346968,-0.28800383
0.77922493,-0.6512627,1.1071817
0.8147876,0.15017276,0.7550941
0.8998583,-0.124804005,0.81809175
-0.45390424,-0.40240797,-0.28608873
-0.8971962,0.19830146,-0.7379081
0.8170904,0.77137285,1.2966197
-0.20961007,0.7138307,0.2859269
-0.12715572,0.29974085,-0.04679861
-0.26658046,-0.36820245,-0.12794238
0.46764964,0.86810124,1.1390862
-0.18665776,0.95992875,0.6109578
-0.019321125,-0.1423661,-0.00066300994
0.430318,0.9654588,1.2204088
0.87217337,-0.25961414,0.8320227
0.93997926,-0.03517004,0.8144263
-0.094922364,-0.3921417,0.07016328
0.0874193,-0.91920334,0.8323697
-0.5792282,0.25559548,-0.48004374
-0.66391957,-0.71713203,-0.11548868
-0.27122474,-0.18110405,-0.22442296
0.62346923,0.35403427,0.7000113
0.7903188,-0.009625937,0.70256287
-0.015271703,0.25209355,0.05147328
0.12054953,-0.8972017,0.8318184
0.19500418,0.94937104,0.97661084
-0.5205992,0.99910635,0.34261778
0.18077324,-0.96540505,0.9924404
0.27929655,-0.9988927,1.1103779
-0.15751092,0.9667161,0.6600564
0.23680547,0.29520005,0.32379714
-0.47372788,-0.6198067,-0.06769971
0.53305656,-0.9606797,1.295621
0.48373657,-0.29100093,0.54913646
0.96077883,-0.0719073,0.8006183
-0.5078996,-0.64215547,-0.084650695
0.7635176,-0.047564026,0.70487094
0.46314502,0.7288075,0.9299542
0.3152532,-0.8485304,0.9629607
0.5605235,-0.1573024,0.54369956
0.25878155,-0.52396286,0.52722484
-0.90858257,0.21916883,-0.7433193
-0.10485775,0.092503116,-0.104187325
0.878983,-0.132305,0.7839845
0.2975352,0.3118761,0.37590286
0.12318654,-0.012803541,0.115848415
-0.28605756,0.51908904,-0.0047800154
0.13662054,0.38511625,0.2931262
-0.80765045,-0.8286865,-0.09306768
0.18677387,-0.5372037,0.46211985
0.14958474,-0.9720752,0.97144705
-0.1645095,-0.45031774,0.034896843
0.5694084,0.7744529,1.1121899
0.17440972,-0.5283422,0.45355207
0.09029453,0.31629932,0.17189458
0.52541643,-0.24144241,0.57117677
-0.17240494,-0.32031342,-0.05364707
-0.86030036,-0.51321024,-0.49030617
0.5417771,-0.22374485,0.57277304
0.68139976,-0.90345013,1.3467658
0.7879085,0.6924831,1.166486
-0.68082213,0.08559863,-0.61833644
0.51097405,-0.6348902,0.8808163
0.23635764,0.14704487,0.26464897
0.17697248,0.6212797,0.57153195
0.2575443,0.64552575,0.6619167
-0.93312454,-0.58433324,-0.47702527
0.63202584,-0.89818674,1.3121498
-0.8429676,-0.45646292,-0.5179796
-0.8088335,0.07303214,-0.72987324
0.2214129,0.66681457,0.6615075
-0.6163194,-0.37662488,-0.44680047
0.16132118,0.7709361,0.7208728
0.45733362,-0.8113595,1.0637954
-0.9089499,0.013103902,-0.7857874
-0.12310894,0.30539733,-0.021435803
-0.42241716,-0.23301291,-0.3400027
-0.3997511,-0.7222228,0.10981629
-0.34144652,-0.7386625,0.17541008
0.7295794,0.6544815,1.087525
-0.04790166,-0.89145327,0.6653546
0.99495876,-0.72781736,1.3417116
0.41333964,0.1310413,0.42082402
0.27431464,-0.60112864,0.6125501
-0.47269422,0.14030953,-0.43430713
0.9380841,-0.81620413,1.4249556
0.10458356,-0.38839406,0.25427064
-0.14262447,-0.8038069,0.4637817
0.5301289,0.022048093,0.49461114
0.25136057,0.402252,0.39893958
0.6175094,0.0029390743,0.5915612
-0.64802736,0.82236063,0.011825314
0.18003367,-0.4612644,0.39453384
-0.11771905,-0.7156907,0.39707655
-0.0861632,0.8238089,0.5415065
-0.9532137,-0.15364096,-0.7911734
0.34140155,-0.862672,1.0142046
0.98831695,0.30915543,0.9505776
-0.88767815,0.22811706,-0.7196618
-0.29714757,0.5529616,0.012125386
0.24283417,-0.26024395,0.30880404
-0.38993493,-0.34194547,-0.28080574
0.29279548,0.37702492,0.42876068
-0.8200993,0.29803184,-0.6410124
0.15251364,-0.1880132,0.20482214
-0.4807136,0.6545566,-0.031336848
-0.599397,0.13914,-0.5551514
-0.29392153,-0.32036304,-0.18038678
-0.6271631,-0.5422272,-0.2983275
-0.9658797,-0.69367886,-0.34659633
0.6504075,-0.46242034,0.8169232
-0.5948664,-0.7104396,-0.0802855
-0.22487395,0.5484975,0.065451115
0.61266667,-0.18827505,0.6056055
0.49731222,-0.8922106,1.191006
0.8440951,-0.29626736,0.8225965
-0.96771723,-0.5256862,-0.55220634
-0.15678588,-0.48155826,0.06129523
0.61608607,-0.00902615,0.5837276
0.6865861,-0.21583329,0.69388115
0.6701804,0.072615474,0.63101536
-0.6363202,-0.510357,-0.33890453
-0.67674905,-0.5610121,-0.31442612
0.7409932,0.5658501,0.9847488
0.40238056,0.9596214,1.1965501
-0.41422573,0.11650123,-0.3784845
0.91204613,0.35825118,0.9254065
0.39310545,-0.4147505,0.57128185
-0.7641661,-0.83476406,-0.041681953
-0.67864734,0.2226076,-0.56239986
-0.4949081,0.7408809,0.046149917
0.28274977,0.97678083,1.0877742
-0.37507114,0.9770565,0.45236003
-0.69965833,-0.24249117,-0.5569143
0.6508831,-0.22744867,0.66197735
0.7879291,-0.792896,1.277363
-0.75793785,0.26673114,-0.5974281
-0.6152997,0.4507636,-0.37552986
-0.6440574,-0.2551248,-0.546852
-0.90471876,0.9906109,0.04275706
0.27168694,-0.46730623,0.4838966
-0.91559505,-0.13455549,-0.76842254
-0.54821485,0.57391304,-0.2022558
-0.22189748,0.41934562,-0.048095096
-0.32095438,-0.6446966,0.08824522
0.28996858,-0.63104194,0.6694607
-0.81101793,-0.3962678,-0.55593383
-0.29516214,-0.0930838,-0.29556933
0.62930983,0.91199225,1.327715
0.23084998,-0.32576892,0.32475793
0.59293085,0.47632432,0.7810054
0.939999,0.4117316,0.9825331
0.23004183,0.2838892,0.30627093
0.9945778,0.7296382,1.3314804
0.8750408,0.7010186,1.2335705
0.745663,0.8496993,1.351275
0.62115157,-0.8895455,1.312962
-0.5632935,0.42156813,-0.37114665
0.76554054,0.66707045,1.1339798
-0.88448757,0.7941564,-0.20323846
0.84933895,-0.6576298,1.1889691
-0.9583281,-0.38181368,-0.662219
-0.15956606,0.28198406,-0.07262329
-0.72694474,0.08902428,-0.6661033
0.7973021,0.35427308,0.8257373
-0.3326439,-0.09520411,-0.32697767
0.4338563,-0.047280356,0.4048693
0.059710268,0.38413578,0.19775936
0.34720463,-0.013271352,0.3366804
0.3845161,0.4172563,0.5559508
0.41365805,0.6141505,0.77979475
-0.1703002,-0.5564249,0.14927961
0.04917458,0.92907166,0.8107821
0.92100716,0.9658915,1.5953928
-0.9198138,-0.40570354,-0.6336242
0.82567966,0.9008637,1.4677373
0.7548372,-0.85901904,1.3571131
-0.6103984,-0.10088128,-0.57877314
0.81322944,0.6469945,1.1299874
-0.8387101,0.6836468,-0.2965281
-0.4724651,-0.8444182,0.20022665
0.4106805,-0.5055173,0.640542
-0.50210637,0.6699881,-0.051667772
0.49017495,0.23972645,0.52369016
0.8366096,0.2175243,0.8043617
0.81713843,-0.4914284,0.9690033
-0.7459939,-0.05419978,-0.67827505
0.31742486,-0.46713376,0.5376406
0.4367777,0.5693321,0.758134
0.44000694,0.3906783,0.6134262
-0.94084936,0.63563365,-0.41163784
0.8380598,0.15636396,0.7555317
-0.14741763,-0.20413052,-0.11462786
0.71533155,0.29015273,0.7343215
0.8284182,-0.9561593,1.5203414
-0.27501577,-0.6328083,0.10667653
-0.25400668,0.11602572,-0.21565402
0.5658105,-0.01874172,0.5128159
-0.6726134,-0.43538275,-0.41969717
0.5717364,0.46315014,0.73845655
-0.006544244,0.2063013,0.055154357
0.6134867,0.83419657,1.2265171
-0.32485074,-0.010039671,-0.3236846
-0.66324365,-0.06891984,-0.61451584
-0.84586424,-0.7763502,-0.18015046
0.64620876,0.20278773,0.6413042
0.017024152,-0.66530204,0.43066698
-0.5320535,-0.22253421,-0.4477388
-0.86762434,0.3408225,-0.6464366
0.06753565,0.8990631,0.784784
0.67623615,0.9859711,1.4490414
-0.96939796,-0.5809043,-0.49868563
-0.16793019,0.97452766,0.65048826
0.39702794,0.069917925,0.39857247
-0.40950894,0.4114827,-0.24823856
-0.039487083,0.34670892,0.08740972
0.5360537,-0.7674012,1.0649204
0.2709219,-0.6809669,0.7090743
-0.3220506,0.8127013,0.30321404
-0.57965964,0.79597896,0.044553835
-0.01188243,-0.096258566,-0.016797237
0.75952053,-0.77855307,1.255681
-0.76482594,0.7742075,-0.12906778
-0.9061318,-0.5880442,-0.44935742
-0.22707874,-0.84947544,0.43180183
-0.28872824,-0.26320836,-0.21457882
0.38039875,-0.6866877,0.8151439
-0.76425254,-0.057200134,-0.70638293
0.29041246,-0.38952172,0.44032744
0.74391073,-0.26084045,0.7309949
0.5380455,0.6880021,0.97982526
0.979022,-0.45256987,1.0541553
0.14851822,-0.4744541,0.37425953
-0.393874,-0.59089607,-0.03427724
-0.05208841,-0.09673359,-0.060412504
0.6669754,-0.36647823,0.7557881
-0.15003976,0.79667825,0.43940926
-0.16804932,-0.7927174,0.41656163
0.1188618,-0.7675458,0.6733438
0.4429348,0.048077673,0.44985148
-0.56603605,0.9735449,0.2817879
-0.22714244,0.72611195,0.29875425
0.87964827,-0.62461036,1.1362199
0.38868502,-0.00044490528,0.37930042
-0.95907,0.86847943,-0.11725333
0.5822528,0.33121744,0.65912056
-0.513891,0.9001718,0.23328869
0.65879333,-0.7061729,1.1061126
0.07758092,0.774423,0.6601329
-0.89300686,0.78377116,-0.18998244
-0.46510494,0.75693613,0.1028384
-0.968255,-0.7500299,-0.28362778
-0.96501166,-0.60059327,-0.46109554
-0.22702512,0.16272552,-0.20416151
-0.42069802,0.6739356,0.019337852
-0.38545918,-0.15003413,-0.35790178
0.35788435,-0.25918072,0.41186428
0.4839283,-0.2795958,0.549524
-0.33845505,0.051540058,-0.34370416
0.015289217,-0.96275425,0.7994657
0.6830177,0.767522,1.1893349
0.7954245,0.26117286,0.7778454
0.9786154,0.7870765,1.4231261
-0.24474259,0.08779084,-0.2473124
0.28770524,0.26072532,0.346085
0.61136854,0.41304553,0.75722474
-0.17529328,0.594662,0.1818103
0.43101576,0.8009,1.0117818
0.20210735,0.9312371,0.98045874
0.7815563,-0.06680126,0.70743525
0.7992525,-0.87936765,1.421862
-0.76762444,-0.49265105,-0.45844144
-0.7555079,0.48359066,-0.4639078
-0.2202017,0.10172402,-0.19501626
-0.15227005,0.15396985,-0.14043064
-0.2664149,0.41328743,-0.0925283
0.4011123,0.9646445,1.1832885
-0.39041856,0.72876436,0.12623169
-0.5056414,0.32359922,-0.3769261
-0.8180611,0.19232698,-0.68411314
0.99304324,0.5536139,1.1418841
0.031327326,-0.20930396,0.0671939
-0.76803684,-0.4124792,-0.53994524
-0.066692874,-0.59125394,0.27349213
0.8447117,0.83430594,1.387741
0.15419148,0.3796418,0.2996334
-0.5495606,0.67647475,-0.08361394
-0.22137834,0.3015249,-0.13525301
-0.64830476,0.89738923,0.11024253
0.24782303,-0.27687368,0.31077337
0.37036607,-0.77788997,0.9320297
0.3582002,-0.23644042,0.3988712
-0.78937626,-0.024349658,-0.71936595
-0.98326373,0.5931839,-0.48216876
-0.839152,-0.9943036,0.076629445
-0.9827147,0.6233687,-0.46710837
0.032338385,-0.8295679,0.6625941
-0.7293487,-0.4690885,-0.460429
0.2594129,0.6089372,0.5990748
0.43254003,0.47588068,0.63720006
0.7940233,-0.6434653,1.115917
0.54182315,-0.6069979,0.865089
-0.4514416,-0.06068948,-0.42451298
-0.23795813,-0.2892657,-0.13943575
-0.5549021,-0.03243434,-0.5180278
-0.81100386,-0.4404371,-0.52980846
0.65014887,0.918216,1.3436246
0.65600246,-0.22429246,0.6537963
0.60118395,0.020600893,0.55897593
-0.36336207,0.27256382,-0.2870285
-0.59026617,0.48578656,-0.32187274
0.7706058,-0.48735338,0.9478392
0.5329559,-0.15571113,0.5184698
-0.026628261,0.4946472,0.2130502
0.794898,-0.44195762,0.90743965
-0.15556012,-0.29141113,-0.06899668
-0.34636188,-0.20591946,-0.29202506
0.19983542,-0.11023319,0.20875709
0.21178311,-0.12515746,0.23381366
-0.20201428,0.10564788,-0.17763086
0.5134186,-0.47410363,0.73105323
-0.703055,0.74605227,-0.13155024
0.31926495,-0.3435043,0.42788047
0.6024045,0.13628599,0.584067
-0.33512828,0.40130228,-0.17413586
-0.18336788,-0.28074598,-0.104989275
0.32210302,-0.32313728,0.41911164
0.043867934,-0.035122972,0.04809882
0.008132137,0.45002785,0.21282236
0.2596158,0.09179204,0.27975714
-0.55989665,-0.010688341,-0.5324984
-0.24838108,0.13490659,-0.22263905
-0.82409567,-0.5530925,-0.43323827
0.82255065,-0.20903149,0.7809019
0.00072708994,-0.3681418,0.13248903
-0.09987169,-0.002063663,-0.08743289
0.33022255,0.690738,0.7820733
-0.6030923,-0.19445533,-0.5177082
0.46417964,-0.081394464,0.46137527
-0.13457486,0.5277713,0.13279785
0.14488123,0.13593213,0.17225297
0.76789385,0.19988589,0.73847675
-0.73781615,0.3364976,-0.5714105
0.3110402,-0.6176035,0.66822356
0.18006787,0.45704845,0.38085884
0.3767794,0.259372,0.4338702
-0.82543445,0.3883942,-0.58475447
-0.03756776,-0.49451157,0.20090011
-0.5914548,-0.5048954,-0.28978756
0.7189068,-0.7793611,1.2294008
-0.31287456,-0.16620435,-0.27630398
-0.04109156,0.7584349,0.50042695
0.7343294,-0.04147169,0.67584205
0.37897512,-0.21825579,0.4117453
0.85050523,-0.75085956,1.2908686
-0.52608,-0.096403785,-0.5066435
0.39504272,-0.764056,0.9331244
-0.68161184,0.06125755,-0.6252888
-0.9895168,0.9069432,-0.102512345
-0.53619397,0.8337362,0.1205456
0.65998733,0.05955721,0.6150901
0.015667712,0.9313904,0.7883287
-0.6961691,-0.98860544,0.16960919
0.7614797,0.9302556,1.452241
-0.90403116,-0.992455,0.04049831
-0.6175371,-0.5337129,-0.2762768
-0.93813753,-0.58615327,-0.46590737
0.36992285,-0.5254066,0.6453142
-0.37938532,0.96608293,0.4331116
0.70752084,-0.80538285,1.2389684
0.45414898,0.22036114,0.49828616
0.026648598,0.49942493,0.26079118
-0.969973,0.74875766,-0.29762068
-0.3680339,-0.063033424,-0.3506716
0.061669398,0.49451745,0.3132063
0.33099687,0.77515787,0.8944019
-0.20914209,0.6460015,0.20114571
0.34642947,-0.38164043,0.4881306
0.01095798,0.84223205,0.6662065
0.99242234,-0.48678488,1.0610658
-0.43262693,-0.5806767,-0.07966096
-0.42210966,-0.47162268,-0.19676563
-0.7672432,0.63064855,-0.31723762
-0.32336724,-0.7333661,0.20839812
0.026201196,-0.64525384,0.42392692
0.43439472,-0.2375217,0.4832955
-0.80948067,-0.30577558,-0.6446631
0.7591025,-0.4804865,0.92645067
-0.15267757,0.9444977,0.6212091
-0.27304208,0.66748637,0.17509714
-0.56470805,0.14450076,-0.501363
-0.72971046,-0.52370507,-0.39623827
0.3178122,-0.73094296,0.82062984
0.9127616,-0.23860194,0.83549756
-0.08124207,-0.8886462,0.63399625
-0.17136796,-0.6633527,0.2415621
0.97936046,-0.42696777,1.0081235
-0.663806,-0.47624886,-0.3777968
0.06763573,0.033569746,0.06402722
0.92245984,-0.8085713,1.3881283
0.39999777,-0.40786043,0.55013883
-0.22234957,-0.99322695,0.62220025
-0.8225596,0.4276937,-0.5409362
0.29889786,-0.38056943,0.42736775
0.7614335,-0.6442562,1.0846095
0.4358947,0.36249202,0.5555501
-0.2617661,-0.6807511,0.19070156
0.83660036,-0.5179622,1.0076324
0.8914539,0.8212052,1.3877006
-0.33847818,0.7370917,0.17803267
-0.7250565,0.8937567,0.043411106
0.87237746,-0.35945764,0.8863993
-0.6497021,0.30737376,-0.5200957
0.19539568,-0.076654546,0.19458257
-0.3514594,0.39638543,-0.17898005
0.4304643,-0.535858,0.7112603
0.34187788,0.77582806,0.89657706
0.8068189,0.021031827,0.7235067
-0.36695263,0.27269045,-0.2877057
-0.8351588,0.5431598,-0.4382554
-0.035037313,0.81957144,0.59879506
0.9750061,0.08371486,0.82994807
0.35993233,-0.77158284,0.9187753
-0.6297867,-0.41735402,-0.40223852
-0.9444002,-0.52756554,-0.53780663
-0.07020991,-0.30602285,0.012484816
-0.3763843,-0.4827766,-0.12389467
-0.29830796,-0.63824016,0.117236
-0.02732143,0.63541037,0.365725
0.24290894,-0.9596702,1.0500268
-0.42648414,0.27944887,-0.34669086
0.9275277,0.6563303,1.2169837
-0.90236664,0.22188878,-0.74725926
-0.8580774,-0.675177,-0.31438622
0.6130905,0.7446469,1.1051941
-0.77838373,-0.1375553,-0.67190236
-0.6637881,-0.08742351,-0.6080726
0.3256724,-0.13402562,0.3425434
-0.010050291,0.99882823,0.7995967
0.4230337,0.78738004,0.97510314
-0.5690409,-0.9329188,0.24075434
0.7062368,-0.3852025,0.8055379
-0.2340651,-0.39301392,-0.09724661
-0.839884,-0.40353408,-0.6049042
-0.6457746,0.54897636,-0.3070581
-0.033870686,-0.56521475,0.2717583
0.79287237,0.77852535,1.2679731
-0.749209,0.027928209,-0.6768914
-0.22007786,-0.6391502,0.19501564
-0.5221852,0.55862606,-0.18982747
-0.31042564,0.39201146,-0.15893598
0.11572682,0.1989064,0.15996897
-0.2646077,-0.1871124,-0.2126285
-0.5126326,0.19269235,-0.45015982
-0.96167976,0.8083953,-0.22060724
-0.6581283,0.76883334,-0.047873452
0.7850308,-0.01271259,0.7208546
0.48716456,-0.56058604,0.76780343
0.02713967,-0.5057547,0.26770008
-0.43307906,-0.841904,0.22548658
-0.29533362,-0.4917487,-0.06492068
-0.50670296,0.75408393,0.05391285
0.808499,0.06907656,0.7159411
0.09320697,-0.022385675,0.08071441
-0.06647224,-0.31565478,0.024352565
-0.36853367,-0.06785914,-0.35039482
0.36027637,-0.04010569,0.3432072
-0.44805694,0.31814396,-0.33152726
0.37666136,0.7029245,0.83345574
0.2800225,0.17231837,0.31087583
0.6980559,-0.11935532,0.65702176
-0.6320395,-0.071829095,-0.5835299
0.46451122,-0.711812,0.9404945
-0.05401382,-0.9761086,0.76969117
0.25530374,-0.18251795,0.28935006
-0.42473954,-0.98768306,0.391113
-0.9735708,-0.32821724,-0.7406055
-0.689256,-0.7725261,-0.083773434
0.17804697,0.93623686,0.94478375
0.4635761,0.31104946,0.54098713
0.9390814,0.055461157,0.8153129
0.15615548,-0.574433,0.4906426
0.059251424,0.25263882,0.10587922
0.92994785,-0.32926494,0.90550333
-0.872549,0.75764006,-0.24240546
0.14012696,0.76637954,0.69204956
-0.5965025,-0.7364523,-0.051986378
-0.0065629883,0.39433244,0.14856312
-0.763234,0.8478723,-0.035224963
0.69585735,-0.55706906,0.9513708
0.92656153,-0.058871005,0.7759064
0.42566556,0.55879533,0.7193305
0.78318983,-0.64371425,1.1133766
0.023642147,-0.27316016,0.07585082
-0.27092025,0.4721417,-0.052562237
0.2972858,0.36226144,0.4221809
-0.12759171,-0.84161925,0.5344607
0.7668458,0.7303885,1.2035025
0.4350067,-0.4946504,0.67332613
0.071425326,0.48300946,0.30024177
-0.48009774,0.27126613,-0.3883139
-0.55863905,-0.03854313,-0.5209605
0.6764631,0.011959508,0.6398781
0.3953355,0.32417348,0.50246364
0.88619584,-0.76365936,1.3432398
-0.7946165,-0.9297708,0.046056535
0.32958665,-0.913065,1.0654238
0.9409567,-0.8901751,1.523694
-0.53782934,0.27639613,-0.45005962
-0.18161148,0.29950953,-0.09095736
-0.20798144,-0.7607113,0.3507397
0.075618684,0.9230023,0.81951946
-0.8701125,0.7060651,-0.28833166
0.7065553,0.8254613,1.260225
0.86294705,0.057292406,0.7737879
0.9066735,0.30324695,0.88376504
0.76142454,-0.22149312,0.7424041
0.33124712,-0.6137173,0.70410234
0.15346186,-0.9555319,0.93887466
0.8088467,0.14761063,0.7590855
-0.4619908,-0.021589642,-0.4418549
-0.07537339,-0.7713191,0.46785146
0.19744146,0.80695206,0.8006157
-0.17675723,0.38777015,-0.033369947
0.7733034,-0.30210042,0.78998214
0.9325833,-0.52459395,1.0800599
-0.26984456,-0.83937037,0.3713618
-0.49011844,0.5080349,-0.22089584
0.06253797,0.69128686,0.51750046
-0.42806062,0.6905653,0.05389083
-0.5358345,-0.40584198,-0.3519563
-0.0013367541,0.4551901,0.20960143
0.95812684,0.53151894,1.1104357
0.3977972,-0.5930727,0.7285009
-0.9144803,-0.86739665,-0.11129143
0.14122829,-0.42938337,0.3225412
0.9850678,0.23857854,0.8834428
-0.076005414,0.4327981,0.11480903
0.041768458,0.6469457,0.43748006
-0.73350376,-0.09807077,-0.6599938
0.2705034,0.84464145,0.898865
-0.9591657,0.9971511,0.01299535
-0.7565595,0.5990545,-0.33964065
0.30276945,0.75351423,0.84336925
0.6030641,0.87345165,1.2451695
0.14306837,0.1314062,0.15179594
0.1899602,-0.18403435,0.21747692
-0.94789606,-0.81642973,-0.1945459
0.9610029,0.26252162,0.9063442
-0.13830407,-0.6006766,0.2077698
0.8751824,0.95270944,1.5426065
-0.96450424,-0.9195337,-0.07668341
-0.48275036,0.5438865,-0.1808694
-0.16027331,-0.3331174,-0.054206856
-0.9523324,0.910537,-0.07204007
0.8360981,-0.7097251,1.234758
0.7393577,0.31937516,0.7904375
-0.6464483,0.8167379,0.016418625
-0.90306723,0.480471,-0.5582948
-0.45048314,0.7201631,0.052478448
-0.51838493,-0.49628204,-0.26470006
0.80017895,0.5242924,0.97992814
0.43862137,-0.6665847,0.8424026
0.34663403,0.35158712,0.446942
0.6028625,0.79088783,1.1610365
0.4918154,0.012397832,0.45745474
-0.3499979,0.009336046,-0.3600236
-0.2501638,0.09891822,-0.23829858
0.43545532,0.7243813,0.9369144
0.27055782,0.8903048,0.98336923
0.36224112,0.2639422,0.40109003
-0.8781995,-0.49723828,-0.5170751
0.060563326,-0.28693283,0.1420381
0.6919741,-0.58308065,0.9654336
-0.6725968,-0.09651853,-0.6049856
-0.110936746,0.9693384,0.69426
0.19671698,-0.5057738,0.43895355
0.44138172,0.29725048,0.5240318
-0.3053086,-0.8687331,0.37849754
0.8949561,-0.40338063,0.92541444
0.7967235,0.31977656,0.80519927
0.19946156,-0.6710292,0.62658733
0.5141155,0.005409881,0.49099404
-0.3038405,-0.42691913,-0.095147856
-0.28555632,0.48463094,-0.024476383
-0.100353904,0.7435085,0.43696854
0.173315,-0.24865678,0.25434202
0.32452574,-0.6914126,0.77034426
-0.66815805,-0.120274976,-0.61682016
0.702255,-0.051525187,0.6389952
-0.85413176,0.49599853,-0.51480746
0.8719624,-0.45361108,0.9809974
-0.4157685,0.6507375,0.01658864
-0.18303749,0.5992852,0.17344424
0.89913857,-0.66150963,1.2108061
-0.16257372,0.30799603,-0.07261365
0.18905908,0.74595326,0.7303699
-0.58102745,-0.3603387,-0.44828266
-0.71825814,-0.0566284,-0.66068184
-0.010122663,-0.97771883,0.80161613
-0.35053006,-0.9493163,0.43323484
-0.1334991,0.5236428,0.13630973
0.64541715,-0.97301376,1.4275047
-0.8566686,-0.07746527,-0.7446251
0.6385448,0.75181377,1.141563
-0.8601992,0.054511253,-0.75934994
-0.72156763,0.5799075,-0.3283485
0.8672426,-0.02348923,0.761725
0.96097934,0.78291404,1.404143
-0.65924,-0.41646534,-0.43186405
-0.2911327,-0.38864303,-0.1486783
0.05457126,0.70045346,0.53837734
0.7491175,0.6927259,1.1364479
-0.49236974,0.44321007,-0.27077422
-0.98119694,0.9848407,-2.9133898e-05
0.05800374,-0.38194886,0.19565964
0.721089,-0.9345358,1.4179196
-0.9615613,0.3433231,-0.7092369
-0.55999005,0.6928488,-0.051702697
-0.08704022,-0.9484969,0.68177134
0.28585815,0.5187912,0.5432394
-0.9715306,0.0718487,-0.82597643
-0.20034632,-0.33977118,-0.088995114
0.18766041,0.6751561,0.63636
0.44317076,-0.9357713,1.2026659
0.12759528,-0.7576904,0.656508
0.5477664,-0.18026775,0.5353621
-0.007534939,-0.5247741,0.2588072
-0.2862259,0.32104978,-0.19058812
0.9538234,0.9964813,1.6694579
-0.23871222,-0.28554007,-0.16799489
0.6232364,0.30598477,0.6719064
-0.59088874,-0.749057,-0.018230164
-0.97057647,-0.18585801,-0.8003621
-0.8447106,0.87654656,-0.06268613
-0.2957958,-0.88960236,0.42253083
-0.5426052,0.16159675,-0.46998912
-0.55581886,-0.8009478,0.065860726
0.47902313,0.30822614,0.56778383
0.62208265,0.32512873,0.6809638
0.40419176,-0.46806854,0.62729615
0.26903477,-0.9637665,1.0779963
-0.52220756,0.32233125,-0.40721145
0.31465468,-0.6415684,0.72160923
-0.80008674,-0.25573185,-0.64702433
-0.29923132,0.7025853,0.17528994
-0.3717268,-0.94658715,0.41176465
0.65080297,0.34791592,0.72250265
0.05172191,-0.8784012,0.7579707
-0.2726136,0.22961298,-0.20544289
0.8503049,0.1430832,0.77918357
0.5693026,-0.24807672,0.60540867
0.6605174,-0.04627184,0.63502306
-0.6552556,-0.86689115,0.081564575
-0.49221504,-0.87078774,0.21408978
-0.7855906,0.09217802,-0.71211374
0.8718784,0.45337448,0.9682155
0.14182183,0.9967177,0.96658176
0.3277474,-0.2561264,0.3941144
-0.4795478,0.5911429,-0.110868104
-0.601069,0.91895956,0.19350702
0.77341914,-0.48184422,0.916675
-0.021573696,0.61797625,0.3267857
0.026486453,0.9014286,0.7424478
-0.04968941,0.46420598,0.17383355
0.44584262,-0.4635034,0.6497269
0.08214437,-0.8806566,0.7852967
-0.08744344,0.9879048,0.7254081
0.83545524,0.656317,1.1566241
0.95767385,-0.42080417,0.9977673
-0.6962497,-0.48432076,-0.4050163
0.7144086,0.92475116,1.4151059
-0.72409034,-0.40990916,-0.49701282
-0.97719526,-0.8132117,-0.22163418
0.669774,0.9155886,1.3669661
0.99308634,-0.52687114,1.0962884
-0.91112393,0.5387104,-0.50966394
-0.37918392,0.41468364,-0.19684969
-0.3782118,0.634353,0.018461375
0.6069733,-0.70058167,1.0444548
-0.288324,0.800156,0.30850863
0.27627167,0.01857901,0.27096522
0.6070778,0.12161793,0.5931899
-0.2244416,-0.1807518,-0.17842883
-0.97152007,-0.5617753,-0.5045883
0.8099027,0.34750232,0.8245262
0.1478485,-0.22018638,0.19905767
-0.42188078,0.55494064,-0.11379019
-0.60498434,-0.47464266,-0.34738958
0.6023586,-0.41107365,0.72704643
-0.6170717,0.13278355,-0.553073
0.67332006,-0.14900114,0.6430067
0.61352164,-0.29791257,0.6680554
0.1330569,0.7692775,0.68421626
0.8256272,-0.036951605,0.73540014
0.29557833,-0.389775,0.4493126
0.17985821,-0.88631326,0.8965523
0.6405223,0.941282,1.378827
-0.9335459,-0.5979446,-0.4339091
0.8081069,-0.36938983,0.8447908
0.64914536,-0.83791864,1.2305751
-0.3301749,-0.39712536,-0.16358039
0.5678146,0.6515829,0.94809514
0.43287557,0.92045254,1.1780416
-0.59383196,-0.7876935,0.027336491
-0.09155166,0.24564475,-0.019605067
0.0721708,0.47785723,0.30373472
0.092802614,-0.07596903,0.09919635
-0.96173185,-0.6134456,-0.45914775
0.4300271,-0.18183446,0.45040482
0.8228359,-0.3391365,0.8301687
-0.7618317,0.44500515,-0.51232046
0.34707883,0.64931875,0.73580885
0.43724886,-0.45557058,0.6228081
0.9430258,0.21675082,0.87229306
0.6565964,0.2550045,0.67039114
-0.52365804,0.6961778,-0.044568986
-0.90932953,-0.1966033,-0.7572357
-0.102232344,0.7800588,0.46442425
0.38873973,-0.9011648,1.1044718
0.74155176,0.49165177,0.9255995
-0.09737156,0.32965204,0.00868462
-0.50134766,-0.8663402,0.18979764
0.39696974,0.8510486,1.0429157
-0.8201225,0.153008,-0.7070926
0.9093063,0.3703477,0.91056615
0.7656653,0.0721959,0.6900999
0.9148641,0.94857,1.5808966
-0.5120802,-0.6375385,-0.07617547
-0.57198715,-0.5613417,-0.23303719
0.38393387,0.19211672,0.41296858
0.40569636,0.90502656,1.1115761
-0.9260219,0.6614022,-0.38255742
0.4116931,0.992755,1.2221156
0.20460948,-0.37888473,0.34847507
0.6051811,-0.49819478,0.79749924
0.84409726,0.66420025,1.1633835
0.7163114,0.49970064,0.89949733
-0.43208346,-0.57736474,-0.096465245
-0.87937176,0.55079865,-0.47453782
-0.40217924,0.12571122,-0.3812182
-0.86517805,-0.15457846,-0.7469097
-0.42826402,0.597983,-0.05873046
-0.49061692,-0.691514,-0.020875089
0.6474806,0.78302234,1.1690285
0.24072249,-0.54055274,0.5172466
0.97573805,-0.06402257,0.84417444
0.7112046,0.05554325,0.6528527
-0.46481803,0.57807183,-0.14363056
0.5805809,0.5363603,0.8204371
0.9070893,-0.47014385,1.0132388
-0.9748266,0.93708944,-0.038855545
-0.5908403,0.634615,-0.1618659
-0.8638292,0.7504048,-0.22861573
0.988529,-0.096285656,0.83906466
0.63887054,-0.66621894,1.0271997
0.8564708,0.12067791,0.7604739
0.97816104,0.075586565,0.8635141
0.06347425,0.041917175,0.052408375
0.4189308,-0.8373408,1.0406573
0.7716703,-0.26853514,0.7607785
-0.71040535,-0.25868094,-0.5990113
-0.8847038,0.12458849,-0.7577892
0.3062237,0.79036856,0.8811371
0.10015795,0.4234149,0.27508286
-0.21699408,-0.05399082,-0.20375046
-0.23444118,-0.36686397,-0.097731285
-0.27591762,0.19996028,-0.24203488
0.15297587,-0.41553208,0.31339976
-0.3115414,-0.07420334,-0.29395074
-0.78262985,-0.102302864,-0.68768805
0.83182216,-0.04715234,0.7336579
0.7715885,0.07302981,0.6900088
-0.8920645,0.051151533,-0.7803864
0.025827285,-0.7977362,0.6170764
0.21940637,-0.7289439,0.7225674
0.48009178,-0.2459585,0.5247211
-0.4707109,0.35418996,-0.31991765
0.3916227,-0.9421036,1.1489128
-0.24224691,-0.5993391,0.097333506
-0.039720807,0.43117428,0.14197284
0.022845786,-0.9241055,0.78327924
0.5028489,-0.83715945,1.1184098
-0.36894768,0.2808147,-0.2757146
0.29858118,-0.1854929,0.32787913
0.49455282,0.7429385,0.9890272
0.43087742,0.89864767,1.1507224
-0.8889739,-0.3411219,-0.6649032
0.7955914,0.27142283,0.7967703
0.96592516,-0.11072188,0.8186157
-0.84739935,0.19774742,-0.7121426
0.80088806,-0.39836317,0.8993452
-0.9343683,0.041401334,-0.79055744
0.108378425,0.3160825,0.20197035
-0.2519085,-0.6001638,0.10359936
-0.9501707,-0.120665036,-0.8043554
0.12036823,0.11993108,0.12279439
0.57237715,-0.67185664,0.9738411
0.54366857,-0.4361738,0.7085721
0.5161584,-0.8551765,1.1632743
-0.63886607,-0.79032254,-0.026035625
0.88535076,0.8527482,1.4349709
-0.22257173,0.18991281,-0.20707963
0.17187442,0.33109644,0.2791431
0.3870915,0.0551054,0.38528606
0.113392465,0.5243951,0.38601577
-0.4326149,-0.44748825,-0.2059474
0.21376878,-0.33977428,0.300168
0.85494095,-0.5098346,1.0102246
-0.4367735,-0.7840434,0.15911812
0.35588744,-0.8101021,0.9805842
-0.67256886,-0.4873401,-0.3855276
-0.7047447,0.60339934,-0.2965022
0.6752471,-0.37428838,0.77621794
0.34695664,0.3297326,0.4344425
0.6899619,0.11970818,0.65670645
0.36580944,0.40154982,0.54575515
0.78894585,-0.59234995,1.0558609
0.5890598,-0.8479662,1.2141392
0.8618449,0.5278385,1.0267711
0.599175,-0.19498812,0.6135096
0.6659864,-0.24555832,0.66387767
0.8934914,-0.59440094,1.1142927
-0.7289416,-0.4298833,-0.49254978
-0.014305302,0.6012231,0.3444423
-0.18543358,-0.5769911,0.12487666
-0.19579993,-0.023702042,-0.20839548
-0.18785977,0.114580795,-0.16982198
-0.06654759,-0.5063666,0.19505548
0.39020544,-0.28528836,0.46185502
0.8750015,-0.7515776,1.3155671
-0.9660635,-0.10406206,-0.80513775
-0.3521881,-0.74231654,0.16622734
0.68506,-0.4156424,0.79753995
-0.959913,0.89839894,-0.10486471
-0.66013664,0.38173762,-0.46371388
0.24524696,0.92164147,0.9790715
0.7391719,-0.5757442,0.99356127
-0.6854365,0.918093,0.12094719
0.77701575,0.32683146,0.8128866
-0.77739424,0.8332322,-0.064122885
-0.45821866,-0.3973355,-0.29566965
0.034709014,0.11359329,0.045023628
-0.8153118,0.3025989,-0.6496486
-0.3790511,0.7750251,0.1769521
0.86492693,0.84159034,1.4141772
-0.32795024,-0.19666843,-0.27761716
-0.3927205,-0.8969966,0.33686167
-0.6806617,0.7404864,-0.09800386
0.36808705,-0.35873607,0.47819874
0.07975202,-0.51065534,0.33612195
0.35284922,0.94739944,1.1197555
-0.7824897,-0.6322208,-0.30734703
0.8674912,-0.54551315,1.0511466
-0.1153942,-0.4708603,0.09328351
0.5918027,-0.70816374,1.0416564
0.7234488,0.8875688,1.377709
0.6917335,-0.15554991,0.69780785
-0.75804853,-0.9757294,0.114682004
0.801479,0.9791778,1.5210222
0.7071732,-0.9927013,1.4842446
-0.84356886,0.42733943,-0.57378095
0.43643534,0.8338541,1.0569954
0.43397096,-0.4719928,0.6436501
0.9689471,-0.7949777,1.4113815
-0.13543026,-0.61358804,0.23864684
0.17137268,-0.6285292,0.5526349
-0.07535215,0.25086385,-0.009081498
-0.3721549,0.48378366,-0.13389605
0.5902025,-0.43957752,0.73669404
0.6757606,0.8573556,1.2915539
-0.07623454,-0.3526412,0.046962745
-0.91656166,-0.5421087,-0.50087357
-0.15219559,-0.41670752,0.007669887
0.13806362,0.9143509,0.8831812
0.359996,-0.11042279,0.35666475
0.12347245,0.20579918,0.17278779
-0.011155852,-0.2639206,0.06343081
-0.2169901,-0.6944998,0.24502395
-0.28271195,0.3337949,-0.1723761
0.059602436,0.10114159,0.06481556
-0.8722049,-0.5718939,-0.4441836
-0.40084353,-0.3793045,-0.2300562
-0.4841276,-0.5663849,-0.16365631
0.1970801,0.1664082,0.2391714
-0.8665695,0.21301895,-0.71591526
0.57912767,0.6472329,0.9703287
-0.617306,0.54705346,-0.25333077
0.6043573,0.54874516,0.85449576
-0.091409124,-0.78853977,0.49613583
-0.4823184,0.86123604,0.18972819
0.44313058,0.6314696,0.81312704
0.38468993,0.17148808,0.39940163
-0.109399654,0.5076972,0.15943985
-0.6296228,-0.17497674,-0.54385775
0.82790303,-0.70625716,1.2090245
0.9369362,-0.41085395,0.987434
0.12981974,-0.44086996,0.33026844
-0.5709762,0.0876246,-0.5496901
-0.9513371,-0.9070898,-0.09912296
0.56485033,-0.9637208,1.3511443
0.5615998,0.841829,1.1744925
-0.044131543,-0.014721177,-0.046822213
-0.76924706,0.20863405,-0.672843
0.4127229,0.3310578,0.5095785
0.87761855,-0.25825843,0.83515394
-0.17335655,-0.5102979,0.090009205
0.57753515,0.96193147,1.3400105
0.522763,0.85473186,1.1548785
0.9977188,-0.92912215,1.6090046
-0.20516928,0.83769864,0.42320493
0.5447384,0.46495983,0.7200323
-0.43710977,0.14666831,-0.3936367
-0.47124785,0.017992204,-0.46226206
-0.09558289,-0.072428994,-0.089058876
0.9537553,-0.6003423,1.1805369
0.43108627,0.19479719,0.4477922
-0.08241377,-0.16970831,-0.0650551
-0.7601058,-0.48304307,-0.45822302
-0.8512569,0.07608675,-0.7493673
0.4056609,-0.18064235,0.42790112
0.7476777,0.7876811,1.2606317
-0.83388245,0.44103155,-0.54148835
-0.75470114,-0.9137236,0.049478654
-0.208992,0.43456936,-0.019043507
-0.038105905,0.364855,0.08774034
0.4097028,-0.7410378,0.90207237
0.33716357,0.788938,0.90096414
-0.8347005,-0.6633338,-0.31179252
0.55519885,0.9670671,1.3246098
0.6892242,-0.4892004,0.8697803
-0.103210054,0.21831882,-0.040398147
-0.43415874,-0.12636803,-0.4250491
0.86948794,0.074280396,0.7949012
-0.25311455,0.32831845,-0.1263464
-0.09029461,0.69413245,0.38673735
-0.8501794,0.45742646,-0.54153436
-0.2582029,0.8972256,0.46292198
0.9894731,-0.91712415,1.5742546
-0.88572836,-0.3188045,-0.6742432
0.5555024,-0.9123962,1.2750946
-0.2844906,-0.7755317,0.27479056
-0.9215107,-0.80734265,-0.19806986
-0.035855822,-0.07751121,-0.009404712
0.1799699,-0.41985717,0.36420718
0.26147738,0.359205,0.38294396
0.7147453,-0.22207649,0.69973123
0.68134123,0.9293612,1.3811283
0.36816972,-0.21483302,0.40404278
-0.5523037,-0.6712237,-0.07978752
-0.707602,-0.9143419,0.08973768
0.72313064,0.9065949,1.3914841
-0.40143192,0.5896358,-0.043551918
-0.2550281,-0.5389298,0.041659888
-0.84642965,0.45781034,-0.540347
-0.37602702,-0.0036696338,-0.37050584
-0.84099346,0.28172415,-0.68054926
0.10454641,-0.47845295,0.34362382
-0.9385333,-0.19229971,-0.7610709
-0.3427918,-0.76406544,0.20990506
0.4361886,0.4298515,0.60033715
0.093916856,-0.46859953,0.3244985
-0.7905713,-0.24182302,-0.6542156
0.6160234,-0.46857208,0.79724306
0.9452146,-0.041245118,0.79593915
-0.62866414,-0.4468494,-0.39222103
0.14563939,-0.70442235,0.63787645
-0.81025225,0.14470167,-0.7186494
0.1865761,-0.9892708,1.0135885
0.5770902,0.6926272,1.0130856
0.52788025,0.88661796,1.2164814
0.32091987,-0.80252624,0.9306253
0.12501425,0.42778155,0.2927677
0.45015162,0.044029217,0.44680488
-0.34036925,0.49170342,-0.08746242
-0.50007707,-0.23116955,-0.42108667
-0.7517588,0.6776994,-0.25586998
0.76074183,-0.96110874,1.5019186
0.39203638,0.79415053,0.96483886
-0.41815123,0.1164856,-0.41236767
0.59799093,-0.10530646,0.57071126
-0.5970401,-0.9500455,0.21433559
-0.71591675,-0.7827198,-0.08194359
0.0033040452,-0.3088404,0.098962486
-0.61497664,-0.023119071,-0.56577426
-0.24043779,-0.74824256,0.2989358
0.60770756,0.086822234,0.57969266
-0.84465563,0.9279862,0.0068658977
0.66930056,-0.6545387,1.0339779
-0.8100088,-0.7345589,-0.21849336
0.0021502376,-0.45212898,0.19673021
-0.89245564,-0.63659704,-0.38105917
-0.6410672,-0.81746256,0.021013519
-0.51019794,0.26200676,-0.41948542
-0.9104916,-0.7241339,-0.28799653
-0.06297546,-0.00587782,-0.054848906
0.48177993,0.66080856,0.89188534
-0.9894781,-0.6517648,-0.4183712
-0.059523042,-0.8421416,0.5895472
-0.7978203,-0.9958714,0.111823454
0.3409853,-0.32816073,0.4253763
-0.7924315,0.7366934,-0.18427317
0.9236388,0.9421404,1.5787176
0.54353184,0.3218969,0.61748207
-0.9500239,-0.94108087,-0.046661202
-0.5502405,0.9199941,0.24155337
0.7497498,-0.8629201,1.3650907
-0.19066072,-0.28492087,-0.10773412
0.25699434,-0.9910761,1.0917678
0.61085856,-0.09724141,0.5836723
0.5304705,-0.73727864,1.005774
-0.6725319,-0.13868672,-0.6044172
0.44499224,0.4643361,0.64541423
0.670897,0.1715547,0.6654838
-0.96644264,-0.3036147,-0.72811645
0.6810793,-0.34897807,0.74775535
0.7521608,0.35814607,0.8023558
0.79239047,-0.107640475,0.73200446
-0.19230795,-0.7654768,0.37361267
0.011289464,0.9389316,0.7751864
0.13494137,-0.38893571,0.28221202
0.70676214,0.7492404,1.1830493
0.6862442,-0.08745258,0.6232142
-0.11161311,0.5673116,0.22218247
-0.06426492,0.87072164,0.6250267
-0.17573479,-0.43940544,0.031273656
-0.676936,0.5453809,-0.32903454
0.46996766,0.460043,0.6438027
-0.9079902,0.844419,-0.14031748
0.28082237,0.57762957,0.60016227
-0.39671162,0.410411,-0.22478983
0.74436843,0.44609615,0.87549543
-0.6667739,0.42953917,-0.436226
-0.08634655,-0.8014563,0.5115039
0.19142036,0.3418667,0.29647547
-0.95177114,0.38516092,-0.66520095
-0.15553364,-0.23709439,-0.087720856
0.4394416,0.8842668,1.1185629
-0.17284688,-0.2733588,-0.09320824
0.6376167,0.8535122,1.2549438
0.5211038,-0.98988944,1.3276105
-0.78132033,-0.009751289,-0.6953826
0.95201117,-0.40276983,0.97629124
0.9219736,0.50703126,1.0564477
0.43924707,-0.20144407,0.4514191
-0.77905995,-0.27147633,-0.62739086
-0.001393475,0.7838219,0.5708564
0.63082325,-0.27996832,0.6747787
-0.5474678,0.045702703,-0.5173153
0.97278893,-0.98099244,1.6557239
-0.7117473,0.56307703,-0.3457968
-0.49028733,-0.67652166,-0.016716044
-0.89501315,0.40580565,-0.6253287
-0.9365306,0.61348975,-0.43692896
0.80863476,-0.7853905,1.3125782
-0.98452973,0.81748116,-0.21550405
0.7738822,-0.96017534,1.5027477
-0.3096763,0.4293648,-0.110646755
-0.41911247,0.5223057,-0.13260928
-0.03532284,-0.30889595,0.06659417
-0.81453234,-0.75965655,-0.18996464
-0.414011,-0.9439091,0.3759144
-0.5101386,-0.95241064,0.29855853
0.0037931837,0.4603729,0.20810041
0.41605353,0.7171943,0.894938
-0.8053913,0.34969425,-0.596535
0.6336546,0.8394468,1.2508992
0.5810223,0.05745332,0.5608355
-0.09933723,-0.2364946,-0.027804257
0.54765654,0.57324475,0.841062
0.799863,-0.9310732,1.448622
0.74978346,-0.9270334,1.4361751
-0.059080828,0.4035806,0.08198098
-0.06989532,0.19560432,-0.033759385
-0.45013204,-0.15332428,-0.41298303
-0.27712822,-0.54453444,0.013723673
-0.97565496,0.077505,-0.8127027
-0.105670124,-0.78023285,0.47475407
0.28519097,-0.028929478,0.28788602
0.6061502,-0.6594827,0.9890749
0.34994453,-0.9730395,1.1555669
0.2973905,-0.010873381,0.30000973
0.5748921,0.12028761,0.55189866
-0.23105572,0.17701986,-0.20435327
-0.9466301,-0.2735301,-0.73961914
-0.17044815,-0.19115356,-0.12542257
0.5323074,0.20013262,0.53882456
-0.7033419,-0.075508654,-0.63566935
-0.099949904,0.90073925,0.6242292
-0.7889371,-0.53911006,-0.4121335
0.06237111,-0.25700876,0.12621884
-0.16530596,0.46627703,0.032587092
-0.0066762716,0.16446052,0.02403348
0.049590293,-0.09678342,0.060243227
0.68905985,0.5458776,0.921676
-0.75378364,-0.27267691,-0.610027
-0.66533244,0.43704176,-0.43409237
-0.5112212,-0.07144122,-0.48382863
-0.3940185,0.3053271,-0.2981674
-0.09027695,0.6901978,0.36299893
-0.9165879,-0.8981246,-0.08263602
0.9378409,0.27189404,0.8877726
0.3841659,0.969771,1.1697845
0.534715,0.5040617,0.7683079
0.8998774,-0.74843323,1.3291466
0.9121577,-0.042211678,0.80739003
-0.3848571,-0.43572372,-0.19496785
-0.60562044,0.9567085,0.24508947
-0.9082122,0.0009510269,-0.7841223
0.17924277,-0.40213957,0.33044222
-0.4137426,0.006575892,-0.41303486
0.5597898,-0.43297857,0.70891124
-0.07844976,-0.77546513,0.4991661
-0.9574006,-0.8308366,-0.18408236
0.26457033,-0.8375267,0.90544826
0.6683717,-0.5245231,0.89351505
-0.10349197,0.32543552,0.015565285
0.27168733,0.33285454,0.37708873
0.7893289,-0.54411775,0.9928722
-0.5633862,-0.0027684483,-0.54553485
0.6354383,0.18798545,0.64520043
-0.9101053,-0.53792065,-0.50124794
0.894788,0.5055642,1.0434583
0.09040981,-0.04352152,0.10190615
0.7960797,0.017283114,0.70614445
-0.5690819,-0.9660883,0.27237976
0.10208565,-0.29481527,0.16910775
-0.060536783,0.45250905,0.13172308
0.72644633,-0.6334252,1.0590066
0.100561865,-0.59058535,0.45469722
-0.75920177,0.8253776,-0.0403989
-0.21911284,-0.26760745,-0.14854422
0.4634587,-0.1442779,0.4571384
-0.82010007,0.9149087,-0.0036044666
0.48870358,-0.21320812,0.50999767
0.0068355077,-0.5923327,0.3624006
0.6534142,-0.686032,1.0729529
0.68758833,0.2800549,0.72708577
0.6772473,-0.6809069,1.0669957
0.15339662,0.93871325,0.91595083
0.9603508,-0.97649187,1.6385994
-0.30267617,0.7620498,0.26186246
0.8281074,-0.779929,1.2959905
-0.8160515,-0.4193495,-0.5510298
0.36719412,0.23733969,0.40965828
0.92413884,0.9001748,1.5109327
-0.9222652,-0.45408037,-0.5819064
0.16061287,-0.19955228,0.19708806
0.93113905,0.6147512,1.1729722
-0.23049065,0.46619928,-0.017910127
-0.77493554,0.37648198,-0.54740375
0.99033713,0.8402718,1.4736958
-0.60716766,0.6403727,-0.18462746
0.87472475,-0.7006323,1.2329036
-0.5663188,0.6237013,-0.15695459
0.55124384,-0.39570966,0.67832226
-0.48342845,-0.4818762,-0.2377849
-0.66598403,-0.54526097,-0.31234705
-0.5800558,0.88833445,0.15586442
-0.53674936,0.5861941,-0.16984954
-0.111628175,0.27839923,-0.055267878
-0.90912443,0.36173964,-0.6553234
-0.012768129,-0.5325803,0.2637755
-0.8635856,-0.944865,0.0003779635
0.9257253,0.95189786,1.5861069
-0.20473383,-0.106571265,-0.19667612
-0.27336496,0.03551334,-0.26722088
0.8494688,0.72522444,1.241666
0.75270265,-0.21326916,0.7246242
-0.20170031,0.012826642,-0.21005511
-0.6113297,0.084032126,-0.5704535
0.88901734,0.30471277,0.8794261
0.20654078,-0.7657119,0.7551778
-0.14718437,0.9229745,0.58899194
-0.5537208,-0.87503356,0.18011343
-0.79030526,-0.82566625,-0.072253264
0.036799323,0.51382047,0.29587623
-0.49408737,-0.3144493,-0.37123358
0.14006354,0.94019866,0.90697443
0.63024294,0.34210467,0.71314245
-0.6028763,0.45776725,-0.3520428
-0.99148875,-0.73312616,-0.3317493
-0.8819079,-0.13576178,-0.7582712
0.1257364,0.31509086,0.22348338
-0.94070846,0.27341035,-0.73132426
0.05478039,-0.11975045,0.07850476
0.91567373,-0.39230537,0.94366235
-0.83450925,0.10506698,-0.72968304
0.3622746,0.113104664,0.34859863
-0.07662753,0.07420169,-0.050203554
-0.89399976,-0.6822893,-0.33096004
-0.7708522,-0.020862812,-0.701463
-0.49525145,-0.71089095,0.008601627
-0.58327353,0.08039698,-0.5447292
-0.028197812,0.9099321,0.7223105
-0.2889313,0.4559527,-0.0855348
-0.06685355,0.46661997,0.15113114
-0.58583426,0.22278868,-0.5022746
0.4443197,0.4959686,0.6810312
0.92403716,-0.579783,1.1189587
-0.11215175,0.19601856,-0.08308161
-0.42364663,-0.27217707,-0.3187805
0.54449826,-0.45675904,0.730962
0.5848363,0.8631277,1.2369335
0.33556795,0.800735,0.91728413
-0.5046461,-0.45864716,-0.27403128
0.361377,-0.07867681,0.36699826
-0.26380786,-0.16208526,-0.2149332
0.72965515,0.13450018,0.6975487
-0.21560389,0.91950357,0.54554516
0.28401804,0.83300215,0.9239827
0.81738985,-0.9306757,1.4847087
-0.6213162,0.34300253,-0.45849073
0.29968044,-0.015128442,0.30960536
0.98913014,-0.50635344,1.0937567
-0.747713,-0.7927124,-0.08251954
0.81398505,-0.7431304,1.2750783
-0.98895603,-0.3457546,-0.7139426
0.20672165,0.13803829,0.21777456
0.061036814,-0.4452069,0.2565528
0.9913371,-0.24206924,0.9017766
-0.48426887,0.95436424,0.33075812
0.37164587,-0.27790183,0.43007392
-0.60611445,0.5201914,-0.3008638
0.75838184,0.51801276,0.9619569
0.20483372,0.49198213,0.44426256
0.023356972,-0.5226426,0.2855903
0.74231714,-0.68944144,1.1282429
0.20896168,0.73275435,0.7125243
0.9837326,-0.9822103,1.6531218
-0.12582882,0.28660434,-0.03215192
-0.024741178,0.34703973,0.10205204
0.09585645,-0.87008315,0.77216583
-0.010811311,-0.2820678,0.045450527
0.98711705,-0.09129136,0.8227971
-0.99739933,-0.34876603,-0.7240184
0.4337384,0.99725366,1.257689
0.18372144,-0.31868392,0.28054133
0.90430105,0.9677941,1.6034037
0.31442735,0.014984991,0.31895417
-0.55701345,-0.95717674,0.29577258
0.16238263,0.4213679,0.34475607
0.893257,-0.87218964,1.4886851
-0.4624614,0.467492,-0.2237902
-0.885968,-0.22239333,-0.72778296
-0.486159,0.72727704,0.016928291
0.48235065,-0.65585566,0.8840808
0.40897948,0.95804065,1.1938481
-0.3248478,-0.2780302,-0.24203332
-0.7102663,0.97091067,0.14604023
0.0894803,-0.3632872,0.21959323
-0.92042637,0.06979826,-0.78755474
0.1377289,0.07186096,0.13555329
0.51627356,0.9874943,1.3132946
0.8965488,-0.26471975,0.8385398
0.58792996,-0.042395964,0.5480465
-0.72290725,-0.28390783,-0.57909346
0.16493075,-0.09517985,0.18717486
-0.8119997,-0.52639693,-0.4503399
0.94594306,0.76854193,1.3540844
-0.54372567,0.010440944,-0.5194315
0.035497703,0.44745994,0.22384676
0.6220435,0.20064078,0.61041105
-0.47333312,0.63470936,-0.06009188
0.41868046,0.6354469,0.7976475
-0.9674697,-0.6044922,-0.4664392
0.92971194,0.57382107,1.1072254
0.14596973,0.15848175,0.17713769
0.14516725,-0.50430644,0.4033047
-0.12528601,0.9943151,0.6900425
-0.8877457,-0.1422038,-0.73771864
0.2677108,0.5913034,0.60988325
0.02373971,-0.87210727,0.7151609
0.49833876,0.6620396,0.9156075
0.045812078,-0.049647436,0.067219436
-0.4603229,-0.7140003,0.035800036
-0.85274863,-0.6640728,-0.32186878
-0.7489624,0.3945122,-0.51983565
-0.39317515,-0.053765994,-0.3836904
0.31214955,-0.3383297,0.41182747
-0.6157927,-0.8706499,0.10776857
-0.046337698,-0.2937831,0.043610416
-0.26874605,-0.3324195,-0.16968642
0.020931643,0.35575876,0.15057269
-0.32994512,-0.56452155,0.010796189
-0.084905446,0.24520403,-0.013952897
0.5045112,-0.023802536,0.48489216
-0.96621096,-0.5276356,-0.55629545
0.4948882,0.90799874,1.2178795
-0.7063868,0.7242924,-0.15060626
-0.4493854,0.9683918,0.3800851
0.3831342,0.44111416,0.562418
-0.59864795,0.11247417,-0.5749531
0.111404315,0.21385126,0.14998254
-0.63710004,-0.18738125,-0.5576973
-0.9987783,0.11159821,-0.8434655
0.6342984,0.8502417,1.2552145
0.1734941,-0.86762196,0.8689629
0.6982797,0.6930931,1.0993825
0.011532708,-0.16210575,0.04363462
-0.15378182,0.23241498,-0.106038444
0.8440676,0.25141165,0.80165684
0.8071013,-0.7602762,1.2923784
-0.1134982,-0.8035947,0.46464774
-0.68545055,0.7996955,-0.043724
0.009748326,-0.8627607,0.7044359
0.6646125,0.31925923,0.7166285
-0.71560466,-0.12106414,-0.6614432
-0.5075046,-0.05659679,-0.49002892
0.4127579,-0.69693947,0.86566275
0.05276529,0.5756926,0.38973862
-0.9769755,-0.33038867,-0.72679293
-0.6699706,-0.6488336,-0.20436801
-0.7649221,-0.93974686,0.09226905
-0.87694454,0.13182367,-0.76004344
0.38129005,0.22589004,0.42158866
-0.9355676,0.21334966,-0.7558093
-0.21043971,0.44584054,-0.012966978
0.75850296,0.3910584,0.83660537
0.18194021,-0.64977527,0.5865941
-0.19314653,-0.4328486,-0.0076304995
-0.79931253,-0.1845119,-0.7067724
0.5865854,0.48079532,0.77867866
-0.26863793,0.5473267,0.021307738
-0.11761631,-0.4825827,0.10274226
-0.27974167,-0.06353518,-0.26795623
-0.42742372,0.1172052,-0.39930728
0.75822717,0.19750918,0.71922433
-0.7952229,-0.40328252,-0.5225171
-0.30287564,0.5349927,-7.372086e-05
-0.2650249,0.39077738,-0.10964102
0.9111727,0.7716442,1.3441751
-0.90934664,-0.43748575,-0.59245855
0.6290745,0.037644,0.58150953
-0.051503677,0.60558987,0.3024816
0.38244563,-0.25278512,0.43237942
0.95503116,0.37972474,0.95607114
0.25966877,-0.66057515,0.6869017
-0.2608322,-0.4708199,-0.03473867
0.8741446,-0.5327726,1.042023
0.7336582,-0.20013683,0.6982415
0.23811015,-0.32189003,0.33091095
0.68808675,-0.62147164,1.0008402
0.23093405,0.42420152,0.4011503
0.10068293,-0.5745107,0.44803563
-0.2700844,0.70427793,0.18860625
-0.8206171,0.56984806,-0.40860206
-0.0661832,-0.28079528,0.028650336
-0.84454715,-0.92189634,0.026625166
-0.3720232,0.4974362,-0.13216513
0.43236974,-0.27458835,0.48375225
0.7086431,-0.37388182,0.7843609
0.34293878,0.09255463,0.3513804
-0.76072025,-0.7386586,-0.18310103
-0.6241253,0.72970563,-0.05667391
-0.36089146,0.3345161,-0.2552281
-0.4919104,-0.46049723,-0.2585522
-0.98509514,-0.2518045,-0.7764845
-0.9954677,0.05687753,-0.84291494
-0.5639743,-0.3283878,-0.41912857
0.07730797,0.45769316,0.29839805
-0.51917726,0.23341696,-0.4445091
0.26831114,-0.09207433,0.28022718
0.043286532,0.68922734,0.5069666
0.09157368,-0.2397448,0.13989376
0.07566302,-0.98272103,0.90309125
-0.9510693,-0.13077472,-0.8091697
0.22453874,-0.60747147,0.5930889
-0.6409354,0.8693358,0.08790316
-0.95336676,-0.7354365,-0.29483935
-0.38728166,-0.37488127,-0.24414754
0.7416705,0.54889786,0.970408
-0.26779377,0.4347022,-0.071942255
0.939483,0.73534054,1.3142416
0.108725324,0.3250101,0.2115383
-0.5335721,-0.55056274,-0.20310085
-0.46596,-0.8589576,0.22304545
-0.04419827,-0.4314945,0.14125633
0.2056045,0.39287212,0.34864175
-0.009094534,-0.92285115,0.7430162
0.22790748,-0.4242708,0.4196233
-0.7118433,-0.5275641,-0.3796011
-0.3530619,-0.034375843,-0.35184488
0.23065998,-0.7131621,0.6999082
0.43924716,-0.5823281,0.7616691
-0.7074122,-0.36091268,-0.51532084
-0.6798497,0.8768956,0.06633394
-0.6299061,0.656023,-0.17002182
-0.025992092,0.8521304,0.62062705
0.65101,0.5789135,0.9380284
0.33327803,0.33368444,0.45178318
0.94493026,0.1632805,0.819887
0.8628332,-0.5117458,1.0267421
-0.5453346,0.76783353,0.033892512
0.91145426,-0.17555253,0.8397672
0.97015417,-0.05585262,0.82160383
0.4061215,-0.09283733,0.41055402
0.51378137,0.50895983,0.7560978
-0.65497905,-0.1135791,-0.5899394
0.23296969,-0.43265364,0.42088404
0.59603715,-0.5674855,0.8632306
0.6802175,0.510982,0.8769074
0.017221231,0.9831207,0.8459531
-0.0890944,0.37389913,0.05666242
-0.47929674,0.6359532,-0.06756657
-0.8515732,-0.5772695,-0.42151588
-0.24355447,-0.06567884,-0.20734827
-0.13121848,-0.20830931,-0.08943416
-0.07887998,0.23547088,-0.01641453
0.14767724,0.9643328,0.9501604
0.9555141,0.9940785,1.6484139
0.1887338,-0.68411934,0.6545318
0.97815174,0.9809782,1.6572508
-0.26370707,-0.13652207,-0.2588163
0.6938116,0.043595094,0.63985187
-0.9451991,-0.2123352,-0.7670766
-0.042342395,-0.095703095,-0.028581701
-0.98998284,-0.18759403,-0.8089295
0.99737537,-0.18677987,0.868647
0.24663416,-0.9376887,0.9963777
-0.60710603,-0.67706907,-0.12287959
0.24075808,0.6258828,0.6086837
-0.33532274,0.25749278,-0.26576355
-0.38806957,-0.824418,0.26138553
-0.60016626,0.280165,-0.48292997
-0.8439907,0.5831027,-0.42892867
-0.79989785,-0.89696497,0.013684521
0.31605148,-0.89306206,1.0112586
0.85042375,0.45255262,0.9610414
0.2225908,0.2729672,0.29860735
0.5186169,-0.034195717,0.51049036
-0.20233259,0.336922,-0.10363952
-0.7891999,-0.71288913,-0.21771549
-0.13436976,0.28870627,-0.04808635
0.8308873,-0.9212311,1.4867812
-0.93692756,0.44940513,-0.6136694
0.77689284,-0.71102744,1.1777675
-0.98589593,0.9941593,0.00708385
0.83310014,-0.47200352,0.9687713
0.46641693,0.343927,0.5804837
-0.5170181,0.82512796,0.12657654
0.1190146,-0.46756777,0.3437702
-0.25694817,-0.93225026,0.52296615
-0.9314788,0.18528621,-0.7721189
-0.81033766,-0.5442335,-0.43266073
-0.69552195,-0.08044747,-0.6101844
-0.12527856,-0.50983167,0.121292196
-0.4150572,0.8470351,0.2431267
-0.34522244,0.527299,-0.05711402
0.52567106,-0.7649978,1.0634441
0.090516225,-0.18630765,0.11956874
0.5783174,0.39614454,0.71491826
0.5883183,-0.50949407,0.8174277
0.9132165,-0.22458774,0.8448589
-0.42292166,0.2677462,-0.32879937
0.12734295,-0.5674739,0.44500285
0.75778663,-0.2758776,0.7675785
0.9060077,0.5486726,1.0706294
-0.23161103,-0.14739545,-0.20205837
-0.38004532,-0.8317983,0.2503866
-0.50404376,-0.18449034,-0.46258897
-0.7737061,0.2313608,-0.64606154
0.58699185,-0.8794903,1.2464706
0.44817206,0.6780062,0.8972786
0.84629184,-0.45918044,0.9536272
0.20748574,0.08964694,0.22932044
0.47930524,-0.6185414,0.82345957
-0.24417311,0.111514464,-0.24582423
-0.34217176,0.2121807,-0.2865964
-0.8645641,0.644273,-0.35252485
0.41363296,-0.0046212743,0.39398026
-0.14740402,0.9724241,0.66528314
0.21135451,-0.070868954,0.21792799
-0.13799652,-0.71285427,0.3850923
0.19855398,0.5585221,0.5007676
-0.39707094,0.46143463,-0.16896033
0.98299265,-0.4069032,0.9826469
-0.771314,-0.5946021,-0.357738
-0.645137,-0.30987716,-0.49570954
0.37226167,-0.9815142,1.1957573
0.81802446,0.77620894,1.2849743
-0.2130961,0.09394301,-0.20272993
-0.7624518,-0.7812696,-0.111988276
-0.95959437,0.7433715,-0.28755385
0.84830475,0.66022736,1.1568973
0.8138812,0.41197187,0.9022369
0.61579674,-0.00069377496,0.5782445
-0.68365085,-0.8634496,0.05383435
0.9784014,0.16434927,0.850485
-0.67283684,-0.56268096,-0.30606154
-0.22977774,-0.5619949,0.08223802
-0.11517737,0.9426146,0.6625848
-0.7936825,0.02181892,-0.71454144
-0.73816866,-0.66886103,-0.22650799
-0.7944881,-0.39988342,-0.5726253
0.07955416,0.68831867,0.54176813
-0.4631411,0.63340837,-0.060528345
-0.81706643,-0.24520047,-0.6487821
-0.68759483,-0.3933499,-0.48512587
0.7184387,-0.29363364,0.75060654
0.5674454,-0.13455555,0.54981565
0.40100452,-0.8411243,1.0349809
-0.4466163,0.4354398,-0.22323246
0.6267346,0.0019124442,0.58401006
-0.9731402,-0.2905652,-0.7360175
0.71763575,-0.62420726,1.0267361
-0.27886283,0.9899914,0.5720369
0.010526746,-0.68857765,0.46115506
-0.79719865,0.56166404,-0.41563505
-0.31640556,0.5022607,-0.078990236
0.70277894,0.045776077,0.65608555
0.99624455,-0.42916483,1.0429591
0.52689713,-0.19003533,0.54050547
0.043263227,-0.6443454,0.4451961
0.52622914,-0.7997792,1.1114423
0.061315123,0.9338192,0.8180859
-0.81936383,-0.36782452,-0.5831005
-0.6387459,0.06687586,-0.60693
-0.96033555,0.79492,-0.22049092
-0.5207141,0.47020975,-0.29035616
0.9573968,0.60662436,1.1874517
0.8201729,0.41495067,0.9026723
0.91511154,0.8206352,1.4186246
-0.10271864,0.31323087,0.009962352
0.9341292,-0.61209166,1.1829039
0.27098528,-0.6823314,0.71703833
-0.019136524,-0.97679317,0.7992237
-0.051370833,-0.21361226,-0.009340325
0.21965122,-0.9111466,0.9673763
-0.123300165,-0.7271368,0.40332508
-0.42989746,0.53720975,-0.14008273
-0.8981249,0.032650884,-0.79019296
0.016594877,0.27456293,0.07775553
0.22530717,0.5821976,0.54617083
-0.10802716,-0.045443654,-0.092235975
-0.70915556,0.7128596,-0.1719967
-0.62153226,0.11984179,-0.5702818
-0.82968336,0.29302645,-0.644816
-0.007918622,-0.6055294,0.3540738
0.748627,-0.7340343,1.2106887
-0.8358691,0.28961134,-0.66148394
-0.5683587,0.8146614,0.07781617
-0.7853824,0.6375131,-0.3153723
0.51375365,-0.3105574,0.5958806
-0.24691221,0.27840984,-0.16214485
-0.3873677,0.99436945,0.45203066
0.4679271,0.7397021,0.9395185
0.41494516,0.020077495,0.40529487
-0.98930967,-0.8667872,-0.1584302
0.061496258,-0.758163,0.5988037
-0.54886705,0.33146843,-0.42230275
0.10684541,-0.5199483,0.37657356
0.094101764,-0.2667295,0.15961036
0.5972754,-0.92259187,1.3159815
0.12481878,-0.7437141,0.65658677
-0.057372067,-0.48900926,0.18497854
-0.45878837,-0.025903717,-0.42958054
-0.8440169,0.57491577,-0.43455496
-0.678248,-0.94484895,0.1488579
-0.19098909,0.46352264,0.009061232
-0.6893957,-0.03664358,-0.63321865
-0.8820734,-0.05592238,-0.7606117
0.6853475,-0.086720094,0.63439745
-0.990073,-0.19704737,-0.79485977
-0.356783,0.3615808,-0.19422677
0.11496336,0.16746636,0.13621068
0.004811677,-0.7569207,0.5468719
-0.7819332,0.17665642,-0.6943105
0.868995,0.57508284,1.0931255
0.50883377,-0.39037314,0.6311233
0.68870395,0.1671829,0.6674538
0.51204866,0.24171324,0.5504378
0.33539864,-0.91928476,1.0661774
-0.16065592,-0.13515562,-0.13012637
-0.5487153,0.52471113,-0.23237805
-0.34653327,-0.26395473,-0.26684904
0.22685918,-0.534458,0.51831007
-0.97209877,-0.1323592,-0.8104516
0.33792275,0.5910925,0.6687301
0.061846472,0.69513583,0.5442354
0.815191,0.010028952,0.7127446
-0.2184723,-0.6677492,0.21604486
0.076956406,-0.86592263,0.76159894
0.6028429,-0.19633041,0.597863
0.034747917,0.7370567,0.5547184
-0.64594597,0.85461223,0.090815865
-0.645446,0.0888444,-0.5966269
-0.47209123,-0.81959194,0.16138834
0.49492848,0.7822777,1.0640359
-0.66170675,0.67386544,-0.16795978
-0.90432477,-0.28050286,-0.6976221
0.7205451,-0.80580056,1.2671987
0.64455867,-0.99186677,1.4334047
0.7316391,-0.20664804,0.70624024
-0.04490011,-0.44825253,0.15516844
-0.73993313,0.7089952,-0.19681671
0.40774578,-0.6481409,0.7986255
0.51638436,0.75027263,1.020785
0.5545354,-0.80335236,1.1398933
-0.9774135,-0.25068325,-0.774197
-0.75197417,-0.7634904,-0.14462855
0.70343566,0.3708164,0.77332896
-0.109580554,-0.30103874,-0.018125271
-0.6397471,0.60814464,-0.22813287
0.029359855,0.9222233,0.78010964
-0.981891,-0.22944698,-0.76398057
-0.85752195,0.74011266,-0.23316787
-0.11041419,0.16572358,-0.08101318
0.3931912,-0.39414412,0.5390044
0.19696477,0.3510206,0.33086333
-0.55617106,0.77449113,0.041956082
0.21172246,-0.7561628,0.73645693
-0.44564807,0.07151185,-0.40954843
-0.3792054,0.35314512,-0.26127183
-0.12858108,0.16619614,-0.078304194
-0.16956358,0.25512597,-0.10461362
-0.24892847,-0.044900924,-0.24982606
-0.79585856,0.7975727,-0.114358254
-0.13133998,-0.30616572,-0.049382124
-0.39390483,0.3017964,-0.2968008
0.49533215,0.48241276,0.7060071
0.20586956,0.06819259,0.21142699
0.64585906,-0.58193946,0.93147063
-0.08066201,-0.565739,0.2199104
-0.3058308,-0.3072788,-0.21355096
0.017617697,0.72108585,0.51209044
-0.20296997,0.7752426,0.3669418
0.5483705,0.97761416,1.3407106
0.8498293,-0.61909235,1.1321942
0.2022073,0.03225265,0.22064233
-0.7566686,-0.7049187,-0.21695362
-0.33252364,0.98685205,0.48899972
-0.31660292,0.40042433,-0.15780713
-0.4784452,0.60678047,-0.10307705
0.38802835,-0.010115195,0.37884754
0.05841538,-0.8624017,0.7249016
-0.15096101,0.71400285,0.34065443
-0.8457938,0.61058396,-0.40109396
0.92679596,0.30751187,0.8924863
0.7276077,-0.51659596,0.9302337
0.4756793,-0.055404756,0.45496783
-0.5274201,0.9792911,0.30510145
-0.25734937,-0.8278389,0.40052336
-0.610782,-0.6614636,-0.15555225
0.083725095,-0.4334611,0.2572444
-0.39269435,0.5770145,-0.03613992
-0.7243502,-0.453367,-0.45553625
0.8516179,-0.4925392,0.9940344
-0.8563967,-0.44686806,-0.5391127
-0.10194394,0.020256534,-0.099219784
-0.3562671,-0.9562657,0.43454045
-0.6213364,0.033243805,-0.5896066
0.26991275,-0.527405,0.54820424
-0.20878693,-0.98020405,0.61167115
0.90665025,-0.7581399,1.3227326
-0.8770758,0.93180466,0.0024216804
0.021501983,0.9732779,0.8282714
0.38223147,0.85017717,1.0186529
-0.5365458,-0.6190271,-0.14081904
-0.569565,0.5804653,-0.23506783
-0.13468449,0.82328093,0.49443513
0.25112936,0.1283291,0.27771828
-0.16614507,0.3253626,-0.06186431
-0.46478406,0.13650797,-0.42672765
-0.47102132,0.68724513,-0.0017286687
-0.023132883,-0.7313762,0.49975988
-0.2658793,-0.10109209,-0.24144757
0.4113616,-0.31308353,0.50280195
-0.87818986,-0.123181954,-0.761396
-0.882911,-0.358893,-0.643324
0.15384296,0.120103285,0.16484247
-0.615998,0.34777865,-0.4646259
-0.94653827,-0.7082866,-0.33687773
-0.6207618,0.9386023,0.20303608
0.071983404,-0.32297546,0.15535827
0.27834648,-0.027995052,0.28284597
-0.121366985,-0.22262317,-0.06656767
-0.7368887,-0.13631566,-0.65981776
-0.12624201,-0.47427857,0.08591856
0.1579537,-0.9272158,0.91318285
-0.44850287,0.60680294,-0.072366126
0.6671049,-0.7589352,1.1689496
0.8917147,-0.52546453,1.0522125
0.28304037,0.38768956,0.4233613
0.3642801,0.050642677,0.3612984
0.17235,-0.36752912,0.30313206
0.27105373,-0.48800573,0.49786088
0.28096247,0.1744852,0.3200328
-0.29922065,0.2051418,-0.2419352
0.54810333,0.6471247,0.9310197
-0.9775898,-0.31499624,-0.7378671
0.95327497,0.30447662,0.91027355
-0.0822055,-0.20920683,-0.03681387
-0.5655077,-0.0051368056,-0.5241862
0.55339867,0.9751569,1.3465577
0.45373154,-0.292516,0.5231073
-0.9542643,-0.44217023,-0.61396164
0.65038115,0.7706293,1.1780125
0.05629244,0.969051,0.8697744
-0.26026332,-0.54015183,0.020068493
0.8876611,-0.60063004,1.1272409
0.5145146,-0.09000054,0.5145498
0.3804589,-0.2612028,0.45301503
-0.78437495,-0.084989525,-0.71084577
0.06453819,0.18889233,0.08500272
0.40032125,-0.65578073,0.804174
0.9727997,0.0130174495,0.81378216
-0.09130159,0.069157906,-0.07511436
-0.80796033,-0.6151902,-0.35227177
0.46201068,0.8771419,1.1738063
0.88108176,0.5861309,1.0854256
-0.12375668,0.79679054,0.4744366
0.39775553,-0.41133863,0.5480317
-0.8634376,-0.6632208,-0.3293987
-0.7699031,0.82677054,-0.059513908
-0.3114185,-0.3252306,-0.20793554
-0.33466393,-0.5729628,0.00039159157
0.9226753,-0.15525122,0.80398256
0.8276069,0.21047406,0.78639084
0.31642273,0.11293263,0.32388622
0.8115971,-0.34389564,0.8437561
0.121068865,0.29435983,0.2098595
-0.64844465,0.8079816,-0.0050674784
-0.6248933,-0.4222434,-0.40342334
0.35689452,0.6250025,0.7472319
0.13825756,-0.009377068,0.12415898
0.73457825,-0.753104,1.2112799
-0.35944661,-0.23726377,-0.30170226
0.51842386,-0.21038072,0.52346575
-0.23930557,-0.36644104,-0.11499514
0.7862851,-0.35262632,0.83072835
0.28693044,-0.9970978,1.1218934
-0.9743729,-0.47621718,-0.60097474
0.55870765,0.85064155,1.1844156
0.7867842,0.61499166,1.0814465
0.0051883203,0.12864454,0.025815679
0.91975236,-0.40473133,0.97764724
0.5300215,-0.37894738,0.6366536
-0.25683454,0.99754465,0.59914076
0.61528975,0.59514016,0.9104554
-0.8716931,-0.2733816,-0.68703765
-0.74797887,-0.27722654,-0.58211714
0.32051668,0.7816426,0.87720037
-0.62151426,0.4228302,-0.39603162
0.710069,0.90523803,1.3617898
0.96016335,-0.73003393,1.320378
0.62924415,-0.0699481,0.57665145
0.7261168,0.74847156,1.200209
-0.9363761,0.6974554,-0.32628173
0.08083415,-0.69014525,0.5352582
-0.036009587,-0.98889923,0.8023632
0.095602766,0.6017505,0.45387784
-0.88711256,0.9765908,0.03737757
0.05656388,0.028313277,0.043504126
-0.6540938,0.793039,-0.015706893
0.04831634,0.8216304,0.67370325
0.16389242,0.83459,0.7993421
0.48260313,0.072270095,0.4858369
0.80470383,-0.6348653,1.1164634
0.19665438,-0.59959245,0.5603403
-0.5804531,0.7749184,0.02797852
0.6337479,0.009856156,0.6025236
-0.2783199,-0.3175857,-0.17894553
0.6400593,-0.6329107,0.9887308
-0.5228597,0.5965641,-0.15718031
0.6608949,-0.9764296,1.4369819
-0.94830805,-0.69485426,-0.34582338
-0.30561414,-0.7484166,0.21734396
0.5567375,-0.4149034,0.6915203
0.20266983,0.86536866,0.89368296
0.30047956,0.924912,1.0507125
0.52159774,0.1915464,0.53409475
-0.9640578,-0.66076857,-0.38029367
-0.24625994,-0.013257088,-0.245835
-0.63262933,-0.40510207,-0.4186513
0.86790305,-0.5253443,1.0398985
-0.60980386,0.51675105,-0.28901887
0.57823616,0.49889606,0.80461484
0.30220887,0.4969472,0.5532435
0.76108503,-0.9936827,1.5131482
-0.4578445,0.6187067,-0.06632993
0.06526594,0.58790475,0.39484555
0.42675814,-0.034167755,0.42102537
0.793922,0.31672844,0.8189763
-0.77225316,0.85749346,-0.0185188
0.9938523,0.23362613,0.90669477
0.044475462,-0.93469083,0.8169629
0.5558813,0.35473362,0.64287555
0.70464915,-0.30869746,0.7454267
0.19882464,-0.8369037,0.83925855
-0.070901625,0.9052293,0.6641101
-0.038954586,0.9111083,0.6951389
0.8145834,0.08075732,0.7343121
-0.62009037,0.6813931,-0.1252025
-0.7634504,-0.8365783,-0.04969603
-0.29615524,0.3833446,-0.13862626
0.2932649,0.84541076,0.9536097
-0.5401878,0.9711818,0.29668993
-0.6971935,0.31128085,-0.5531093
0.26930118,-0.5652054,0.58803326
-0.9005275,0.20992395,-0.7393012
-0.9917071,-0.22383083,-0.7914864
0.91934633,0.062050566,0.8063086
-0.4346097,-0.114465944,-0.395797
-0.84762305,-0.5401317,-0.4550925
-0.6537392,0.19481502,-0.5757762
0.9642839,-0.28685722,0.914501
-0.8020859,0.40112728,-0.5583434
-0.99206,0.61814266,-0.46321705
0.538159,0.6465879,0.9281571
0.70383316,0.55548334,0.9568085
0.3098284,-0.66698015,0.7417139
-0.5701731,-0.65138614,-0.12668389
-0.47727627,-0.86457783,0.23265868
0.6465812,-0.12114623,0.6128253
0.6344835,0.53176045,0.8632796
-0.6722932,0.6401118,-0.21079656
0.12922983,0.07651033,0.13399
0.37992904,-0.25557795,0.44101137
0.36889365,0.5863315,0.6998311
-0.9508646,0.15702392,-0.7916645
0.15958361,-0.9252861,0.9022418
-0.40574473,0.58065146,-0.059387814
-0.7589927,-0.1760107,-0.663649
0.62091637,0.46163112,0.77853316
-0.043433707,-0.009787292,-0.041894086
0.3415072,-0.9906567,1.1712239
-0.13638085,0.45373496,0.060610246
-0.45977393,0.3679399,-0.32202008
0.83641535,-0.44118273,0.93265754
0.5476149,-0.18560742,0.54987746
0.14174278,-0.09757868,0.14547265
-0.47918478,0.041171025,-0.44780046
0.6957343,-0.9284174,1.3919604
-0.08861211,0.047733784,-0.086778626
-0.61745864,-0.3253349,-0.45809782
-0.2896994,0.013471849,-0.30471048
-0.06054266,-0.43383196,0.14280634
0.6311727,-0.8965318,1.3160057
-0.97036874,0.22216126,-0.78097665
-0.61287147,0.4092449,-0.39881307
0.47878844,-0.80042017,1.066112
-0.8026156,0.46600598,-0.4961487
-0.0047195414,0.97615325,0.8132121
0.62380856,0.04376481,0.5896644
0.28700122,-0.6441977,0.6913555
0.9243189,0.540687,1.0842992
0.12888041,0.6652804,0.56387573
-0.8495383,0.7834285,-0.15935773
-0.92093,-0.7175149,-0.29135805
-0.8980704,0.39420888,-0.6579031
0.37404054,0.60478866,0.73077756
-0.84438956,-0.9192465,-0.003830252
0.30092502,0.16894564,0.3276531
-0.8608361,-0.19803321,-0.7216775
0.7182185,-0.19627075,0.6880163
-0.15326503,0.5298824,0.13243468
-0.39110154,0.09838278,-0.37391508
0.91577566,-0.67022216,1.2174267
0.35033947,0.06396809,0.35687202
0.844715,-0.79438496,1.340874
0.9343676,0.23096544,0.84914714
0.3395466,-0.14483069,0.36532184
0.3380507,-0.83432084,0.9681253
-0.74791694,-0.031443264,-0.6857936
0.41177392,-0.60109353,0.75738096
0.5424614,0.8237834,1.1328824
0.3992926,0.78605855,0.9630091
-0.047449857,0.96656746,0.73671746
0.67446405,-0.11498802,0.6394209
0.49481216,-0.09830847,0.46050215
-0.3920618,-0.77419263,0.19561346
-0.7353528,0.29585978,-0.58056194
0.81558365,0.59991705,1.0788357
-0.9794627,-0.07718522,-0.82552415
-0.3776668,-0.4214562,-0.20474406
-0.5799455,0.658248,-0.1144476
-0.49990276,0.088698424,-0.4603236
-0.51302195,-0.30237654,-0.41022977
-0.5699468,0.27076396,-0.46921635
0.6624125,-0.2442049,0.68695074
-0.20237294,-0.28150672,-0.12437055
-0.16495544,-0.6110046,0.19706881
-0.35177246,-0.4878883,-0.11543355
0.30312172,0.572365,0.6252954
-0.03341069,-0.54892933,0.27472875
-0.037071057,0.972736,0.76554966
0.8125246,0.70844537,1.2105246
-0.47544253,-0.7273628,0.058153223
-0.55603844,0.45284426,-0.3173465
0.73512554,0.06045843,0.68329614
-0.86886036,-0.11525808,-0.7373564
-0.11387918,-0.700268,0.3621351
0.3370866,0.80497754,0.9342392
-0.767986,0.9270581,0.048945494
-0.33781725,0.15829165,-0.31470478
0.28188297,0.96065104,1.0645144
0.39361283,0.8900213,1.0981165
-0.21195312,-0.19702142,-0.17923504
0.79360235,-0.72642905,1.204984
0.21709462,-0.6385302,0.60157585
-0.27396202,0.6459327,0.13277385
0.59531856,0.76296717,1.1160294
0.5790725,0.1827617,0.57805014
-0.30858406,-0.08541741,-0.3123918
-0.64003104,-0.16155088,-0.5869484
0.83848983,-0.36556837,0.8687927
-0.46809307,-0.36511186,-0.3107757
-0.5135274,0.5679175,-0.1781967
-0.38989407,0.120892756,-0.37959215
0.5580232,0.5962466,0.8930698
0.40109327,0.14191364,0.4016886
0.5410141,0.9691997,1.3279604
-0.6266111,-0.18320864,-0.5503334
-0.8384931,0.9965055,0.10262994
-0.706226,-0.53459823,-0.34789523
-0.7438759,-0.06690298,-0.6765505
0.98720115,-0.95504785,1.6392552
-0.13781969,0.4311524,0.03628896
-0.8636228,0.77655727,-0.1931433
0.09990708,0.7226231,0.59103084
-0.12107564,-0.056231726,-0.12393394
-0.7002761,-0.33264196,-0.5453765
0.80122197,0.9500266,1.4987417
0.4371797,-0.26991126,0.5023506
-0.9804524,0.82044446,-0.20906213
0.9575635,0.5834887,1.1430252
0.962642,0.22601068,0.88839704
-0.2802899,0.40294027,-0.11055254
-0.14480594,0.6431027,0.26730946
0.31914535,-0.4715645,0.5345919
-0.41528606,-0.23768091,-0.3453221
-0.5021861,0.108048305,-0.46686003
-0.7217826,0.56511235,-0.3294797
0.7832109,0.7860436,1.2810587
-0.41164026,-0.4958902,-0.14155972
0.82578605,0.43996274,0.92618614
0.7559704,-0.86723125,1.3624882
-0.24913582,-0.29215792,-0.17894414
-0.64220935,0.66600126,-0.16739793
-0.5700131,-0.98353684,0.28541946
0.8220905,0.524468,1.0012401
-0.76171803,-0.3743904,-0.53980434
-0.23385252,-0.61164135,0.11771394
0.10072057,0.76021534,0.6453171
-0.072756104,-0.85653126,0.586817
0.9746233,-0.35200015,0.9437006
-0.9283219,0.4544142,-0.6119625
-0.42869535,0.603705,-0.0430311
-0.9378119,-0.8442933,-0.13749081
-0.7254362,-0.46211252,-0.45020363
-0.7190587,-0.22801563,-0.6073878
0.7044179,-0.6222486,1.0254889
-0.36391813,-0.14163543,-0.33993533
0.39072284,0.40640354,0.5478531
-0.058875315,0.3111715,0.047365952
-0.58996606,0.30519062,-0.45878673
-0.108153075,0.6916345,0.36051422
-0.9417965,0.74862784,-0.28217444
-0.966067,0.25938168,-0.74760747
0.4495282,-0.111306205,0.44671214
-0.20505704,-0.98683316,0.62708026
-0.7833175,0.9373635,0.041102026
-0.10636925,-0.64200634,0.2910738
0.89482415,-0.6158296,1.1525207
0.142327,-0.4826109,0.37143254
-0.21874261,-0.12101257,-0.18931723
-0.51916826,-0.9332974,0.28031364
0.39925158,-0.02447446,0.39303276
0.59386593,0.6603622,0.9863797
-0.4104471,-0.85082495,0.26848435
0.9317452,0.85822374,1.4769027
-0.34876552,0.018080821,-0.33526587
0.4546383,0.77999073,1.017472
-0.40803257,-0.7644623,0.15297127
-0.12164313,0.050125107,-0.12112385
-0.91917276,0.7437607,-0.28339133
-0.3079869,-0.7167067,0.17353983
-0.62775487,0.67617065,-0.14984353
-0.9438573,-0.6978781,-0.35533354
0.41476,-0.6870462,0.85894966
0.05551645,-0.45241582,0.2678234
-0.63593614,-0.88298726,0.09635775
-0.31744152,-0.27958435,-0.23410851
-0.2404228,0.5639174,0.075306214
0.65443325,-0.27815905,0.6648741
0.05851166,-0.94711286,0.8315353
-0.013082567,0.93706053,0.774676
0.77442724,-0.85546464,1.3633503
-0.18008018,0.18993837,-0.14288734
-0.23590098,0.26094034,-0.16594008
-0.4327811,0.6329851,-0.028547257
-0.73189473,-0.04131984,-0.66532046
0.9677018,0.78210455,1.4071175
0.7532464,-0.9987603,1.5108197
0.59603983,-0.8407435,1.2042297
0.95478797,0.84794074,1.4813098
0.7176563,0.22481798,0.6938185
-0.8094574,-0.3833964,-0.5786425
0.8058448,0.5900947,1.0595906
-0.74556893,0.48070052,-0.45507947
0.5193548,-0.16325472,0.52133894
0.19691236,0.024306715,0.20273228
0.71791095,-0.5614483,0.97095704
-0.986136,-0.8330263,-0.19487754
-0.7777989,0.43486777,-0.5115516
0.87365043,0.02849021,0.7832934
-0.046165463,-0.1043383,-0.022276105
-0.4268707,0.14306438,-0.4054814
-0.59082335,-0.51457447,-0.30035004
0.6472207,0.08079043,0.5992888
-0.14608586,-0.5844929,0.20370969
0.07741081,-0.7289701,0.58147824
0.3014377,-0.8868026,0.9983622
0.75364643,0.088914335,0.67632854
0.28013593,-0.3377251,0.39188364
-0.6397115,0.6878574,-0.12516508
-0.5776211,0.27469796,-0.45826897
-0.16190583,0.28274915,-0.09622723
-0.99856526,-0.35402212,-0.711169
-0.01868105,-0.22433986,0.026167532
0.77881604,0.76896936,1.2548223
0.2176383,-0.96232545,1.0322855
-0.9680764,0.5318442,-0.5548547
-0.03550035,0.7130567,0.44340387
0.6677476,0.18622175,0.63882744
0.17808083,0.057519227,0.19674623
-0.78504443,0.8890785,-0.0057923477
-0.59135985,0.569926,-0.22755623
-0.29251233,-0.5367585,0.0056180204
-0.3995633,-0.5902556,-0.050574224
0.55710495,0.9272925,1.2996727
-0.8758028,0.6405151,-0.37147093
-0.40705147,-0.9753871,0.40883648
-0.09516165,-0.075626396,-0.11732534
0.028898401,-0.55197984,0.3310995
0.8878866,0.12901776,0.79823476
0.9827918,0.812207,1.4248862
0.92886263,0.15543629,0.82241106
0.12645298,-0.76860195,0.6785092
0.40475488,0.6995561,0.867042
0.14313316,-0.3195558,0.24732773
-0.06981722,0.8537306,0.61627287
0.7860406,-0.70566285,1.1976451
0.853262,-0.25802356,0.7981438
0.09145846,0.03808355,0.10782087
0.32402083,-0.009578149,0.3261247
-0.12082165,0.7490469,0.39995548
-0.8165189,-0.3411569,-0.6291048
-0.2668274,-0.21264797,-0.20549335
-0.3487477,-0.12391164,-0.33109108
0.25059557,-0.15618083,0.26850536
-0.20107639,0.8540392,0.46477652
0.7221567,-0.20629162,0.7231461
0.5864406,-0.47193938,0.77245164
0.030167028,-0.34671244,0.14183466
0.21536875,0.77569854,0.78451705
-0.9154681,-0.70839494,-0.3076597
0.1947327,-0.9706683,1.0150489
0.9829095,-0.5843968,1.1830015
-0.8373345,-0.020039285,-0.73246
-0.23331864,0.13999897,-0.22594847
-0.32430422,-0.5175711,-0.051335033
-0.22063467,0.033471525,-0.23185405
0.72248495,-0.77532554,1.2107791
0.53571934,-0.93306434,1.2856054
0.94598746,-0.0032000986,0.81149864
-0.91375756,-0.60213256,-0.43844092
0.18704894,-0.9166346,0.9353881
0.2267876,0.34736425,0.3588576
0.83877105,0.2610191,0.8236996
0.2524114,-0.622907,0.6319829
-0.8815041,0.08996378,-0.766567
-0.81481177,-0.27416012,-0.6482848
0.33689997,0.67525506,0.77582926
-0.44086882,0.011339206,-0.41923946
-0.50740165,0.8030336,0.11477328
-0.14986499,0.30113018,-0.050298326
-0.24436451,-0.74908864,0.29137766
-0.86575365,0.81434673,-0.14826372
0.119905,-0.44739136,0.32407126
-0.073215,0.27953956,0.02734899
0.54651994,-0.91774654,1.2654994
-0.58747107,-0.866134,0.14179085
0.9820156,-0.14916463,0.84538627
-0.55746406,0.49685866,-0.2779134
0.17260954,-0.28506026,0.2616518
0.63816273,-0.89291745,1.3061237
0.11373998,0.4657414,0.33225465
-0.8093128,-0.30159113,-0.64385486
-0.96240216,-0.11343544,-0.81428814
0.07120568,0.50662315,0.33067665
-0.64980894,0.7155343,-0.109939486
0.77676725,-0.98197454,1.5198746
-0.38379648,-0.13618875,-0.35780844
0.21870302,-0.49998975,0.485703
-0.2812172,-0.18487103,-0.23659776
-0.11113653,-0.066870295,-0.11279355
-0.066588394,0.8239883,0.5496672
-0.84178966,-0.039036587,-0.7295152
0.85142666,-0.11391261,0.7614032
-0.66756505,0.13929257,-0.5924953
0.051284593,-0.7635574,0.59840596
0.58959025,-0.7830889,1.1444367
0.88120854,-0.17851058,0.81631833
-0.35430175,-0.33054122,-0.2306127
0.03335971,-0.38288286,0.17977215
-0.74101466,0.060442314,-0.6846768
0.95130694,0.62078255,1.1845171
-0.75649315,-0.80128866,-0.082362525
0.3760685,-0.35559714,0.48972827
0.31722438,-0.4322398,0.5118963
-0.10106069,-0.578975,0.23331027
0.39866042,-0.4596342,0.6073736
-0.5555901,0.95820725,0.26935294
-0.4445741,0.25424165,-0.37580943
0.1891352,-0.8376706,0.8320897
-0.9594256,-0.038934283,-0.8275386
0.90229905,0.36298832,0.9331046
-0.4321487,-0.59947544,-0.06117787
-0.94220185,0.8997564,-0.0890671
-0.5013247,-0.29907873,-0.39185005
0.26081687,0.784272,0.82163507
-0.78357875,-0.9753901,0.1190326
-0.5638996,0.6196146,-0.14139067
0.036538973,-0.42761338,0.2190098
-0.5780376,-0.6258531,-0.15480039
-0.006212861,-0.3791187,0.1328214
-0.34707707,0.6955265,0.12957422
-0.21180806,-0.2837569,-0.14591691
-0.34476888,-0.357394,-0.20143001
0.74883,0.83909863,1.3412024
0.6087435,-0.02075919,0.57405245
0.50137615,0.2039578,0.5207814
-0.32578307,0.5311194,-0.053973038
0.5474099,-0.7836092,1.1014451
-0.9432995,0.11316143,-0.78412294
-0.3417412,0.5517243,-0.050630048
-0.17753434,0.058993075,-0.17791721
-0.86865914,0.9556761,0.017063178
-0.6720718,-0.65646124,-0.19816712
-0.532547,0.00025776622,-0.5094605
-0.5913022,0.1124107,-0.5392584
-0.02880794,0.14379877,-0.00084217265
-0.118457966,0.74373204,0.4072778
-0.29257607,0.16923642,-0.26290953
-0.64896244,-0.7572107,-0.06413985
-0.9240843,-0.96238077,-0.0074962648
-0.26061082,0.007965058,-0.2313733
0.050232902,-0.90740365,0.7826768
-0.2813075,0.86256236,0.41182074
0.10956798,-0.2827366,0.19999486
-0.8805711,-0.18025638,-0.7206939
-0.68487966,-0.5000212,-0.37984228
0.9348931,-0.24901985,0.8610695
0.94793004,-0.6686595,1.2505484
0.06479103,0.48433566,0.30302534
0.69554985,0.8634256,1.3104148
0.68389535,0.63296217,1.0191777
0.88925195,-0.38816157,0.934131
-0.4958978,-0.55795705,-0.16884641
0.6545563,0.08823101,0.6197758
-0.97914445,0.9906922,0.024681931
0.59250265,-0.91265285,1.3043066
-0.85048777,-0.8551941,-0.08366502
0.23444071,0.20600288,0.27601454
-0.016342385,-0.25290927,0.04267148
-0.8706863,0.21296154,-0.73032135
-0.20147258,0.96621263,0.60030895
0.87252754,0.51145077,1.0282553
-0.3705095,0.46391842,-0.14875837
0.629821,-0.840475,1.2125686
-0.14375821,0.70560193,0.3456219
-0.3774588,-0.066041335,-0.34076372
0.27664667,0.24027099,0.31456065
-0.9430851,-0.66048,-0.3928062
-0.67224765,0.07816626,-0.6122429
0.274048,0.314969,0.37036434
-0.9970134,0.41044435,-0.67881876
0.5903124,-0.30649695,0.6498238
0.09114352,0.88177896,0.7952818
0.58222836,-0.23727877,0.6045224
0.8801865,-0.7645136,1.3188349
-0.4546955,0.9158594,0.323984
-0.86261594,-0.05166798,-0.7561823
0.2698206,0.50376964,0.5183679
0.6859697,0.40018398,0.78829765
0.79751015,-0.8844084,1.4200431
-0.5421695,0.8885636,0.20449832
0.99621826,0.71385247,1.3208498
0.8600294,0.2295447,0.8139541
0.50063825,-0.98657626,1.2904992
-0.06425609,-0.13061428,-0.047711246
0.55799866,-0.5435631,0.82324785
0.461796,0.052186947,0.432448
0.90260345,-0.85728145,1.4558896
0.042493574,-0.20022722,0.08530824
-0.3498638,0.06395495,-0.3430711
0.36803204,0.99095356,1.1795506
0.1179439,0.81669456,0.7490458
0.9025953,-0.67741364,1.2302318
-0.21684724,-0.31366572,-0.11383248
-0.34351268,-0.8450023,0.3227053
0.17193884,0.5868826,0.5088231
0.7609296,0.3855892,0.8213443
-0.051242966,0.9419347,0.71907294
-0.39515206,-0.05896997,-0.3907436
-0.48233566,-0.47189477,-0.24582723
0.27799305,-0.23568855,0.32585362
0.49222273,-0.5069461,0.72567624
0.89036137,-0.61271214,1.1422766
-0.2982939,-0.18161152,-0.27125555
-0.3334387,0.45178005,-0.12282269
-0.9425829,0.37303212,-0.6722241
-0.17564428,-0.07138121,-0.17305852
0.82857937,-0.88464046,1.4407439
-0.19509703,0.31449062,-0.10322167
0.34624597,0.45153406,0.5434881
-0.75755936,-0.06719917,-0.6809021
0.38737294,0.134319,0.39934227
-0.9163489,0.9291743,-0.02466931
0.09125062,0.2593429,0.16843645
-0.28944126,0.8887723,0.43766373
-0.39838263,0.3678872,-0.2494472
-0.29217538,-0.4022008,-0.122041814
0.54520535,-0.3313323,0.6109329
-0.77440786,-0.43037692,-0.52127844
-0.75157946,0.52661014,-0.4253074
-0.34821102,-0.029766886,-0.35382125
0.9685974,0.3148956,0.91076756
0.110720925,-0.85270214,0.7785263
-0.8365584,0.8111336,-0.14241843
-0.5653172,-0.40044475,-0.3932899
0.9218546,0.94085026,1.5763333
-0.711679,-0.9905743,0.17101955
-0.116452806,0.17181422,-0.09017249
0.22705553,0.7853846,0.79347444
-0.3184156,-0.7689678,0.2385248
0.33733767,-0.25658995,0.3957674
0.03198177,0.36476523,0.17157565
0.6293753,-0.85453606,1.254069
0.023511741,0.547879,0.33199993
0.2956364,0.62718046,0.6636269
0.22354954,-0.27645025,0.3038004
-0.27544242,0.6259112,0.12538044
-0.05747725,-0.94590116,0.7127558
0.6017441,-0.6892269,1.007298
0.26114348,0.61551225,0.6157764
0.19022733,-0.22726321,0.21545827
-0.5550757,-0.92455596,0.23137815
-0.42011225,-0.8705431,0.27543387
0.53862107,-0.9764659,1.3245548
-0.4785025,-0.7354633,0.06177079
0.26303604,-0.550025,0.5463516
-0.914522,0.7919636,-0.18821552
-0.72795963,0.08989907,-0.6457224
-0.29913393,0.2565017,-0.23364621
0.25590906,-0.84917307,0.92513007
-0.54510146,-0.6973579,-0.051837616
0.42847824,-0.73067737,0.90652
0.6101914,-0.59250826,0.93082356
0.031084057,-0.41417098,0.21802951
-0.37634033,0.9350882,0.4134973
-0.73667437,0.69102436,-0.20911448
0.25196674,-0.9837422,1.083931
0.7971878,-0.97033155,1.524108
0.934852,-0.18432966,0.8326545
-0.17953321,-0.862532,0.48593405
-0.21416901,0.56650716,0.10152619
0.24529141,0.20933841,0.29755828
-0.061780784,0.5398995,0.22298703
-0.8890497,0.08709634,-0.7787135
0.44153833,-0.561612,0.73151505
0.79983693,0.4488838,0.90231013
-0.24927016,-0.3393042,-0.120892115
0.18494694,-0.9787496,1.0063703
-0.23613194,-0.497674,0.009318457
0.042808283,0.47310174,0.26439855
-0.99438804,0.9141092,-0.09822269
0.6940062,0.23229831,0.70013195
-0.54432803,-0.8096557,0.08902495
0.017416727,-0.10646413,0.023401288
0.7091768,-0.16123702,0.6721837
-0.58686507,0.26264137,-0.49696034
0.4120629,0.31906337,0.50246143
-0.55128616,0.09424159,-0.5166062
-0.5807019,-0.70870936,-0.06524291
0.21181816,0.5640648,0.51713115
0.8666948,0.4587236,0.9712917
-0.8757543,-0.35880366,-0.6432976
-0.56207705,-0.45234454,-0.3324126
0.7652155,-0.9534316,1.479118
0.20512664,-0.8500221,0.86585015
0.21432012,-0.36574215,0.33623603
-0.849728,-0.30820993,-0.6559729
0.33291999,-0.38936815,0.4683856
0.14831693,-0.21181278,0.19736896
-0.32143325,-0.18410915,-0.26613325
0.73936605,-0.50643057,0.94749117
0.9871972,0.8101457,1.4499664
-0.67046934,0.036508195,-0.61721295
0.79978013,-0.4931762,0.9573936
-0.63034475,-0.053350817,-0.5731772
-0.5089644,0.50771064,-0.24172482
0.055166107,-0.3752399,0.1856665
-0.016606132,0.16867235,0.012903303
0.562142,0.1455747,0.5461977
0.21229073,-0.835188,0.8569635
-0.6265436,-0.38288304,-0.43790567
0.16538325,-0.40120742,0.33548477
-0.7054961,-0.7449708,-0.12761599
0.12109919,-0.5292276,0.37971765
-0.4883096,0.031419855,-0.47607842
-0.9519925,-0.99006575,0.017295696
-0.3516225,0.9797599,0.47818157
-0.27470163,0.19817798,-0.22430925
-0.7376137,0.9143867,0.054778177
-0.16765727,0.054659672,-0.15919386
0.896159,-0.39237925,0.93314344
-0.33016524,-0.9542793,0.47531077
0.48919624,-0.06968109,0.46525115
0.87462896,-0.4902502,1.0056553
0.13258539,0.32125807,0.23570114
-0.2403426,0.18746023,-0.22015849
0.2549841,-0.7275718,0.7693605
-0.36050656,-0.18817163,-0.3180554
-0.0453209,0.5830004,0.2872758
0.09540921,-0.2274148,0.11727965
-0.8253985,-0.9392797,0.044598054
-0.5642836,-0.02198357,-0.5439779
-0.83781165,0.1206682,-0.7340859
-0.46591493,0.8338584,0.18151693
0.89732516,-0.2126286,0.8348001
0.19789766,-0.5819558,0.5296526
-0.5522312,0.30737317,-0.41929778
0.87244093,0.20122825,0.79335934
-0.18098706,0.5505841,0.11875776
0.72825575,-0.2543218,0.7299196
-0.39031047,0.677037,0.07744784
0.5131256,-0.6474636,0.90082467
-0.6972838,0.15418059,-0.64194643
-0.37573636,0.15852214,-0.34738734
0.5873365,-0.12104151,0.55855757
-0.81507397,0.8914308,0.006005186
0.22387134,-0.3859021,0.3708762
0.008623945,-0.5674731,0.33054343
-0.15969819,0.63639045,0.25626257
-0.9773302,0.95453846,-0.026561309
0.37240928,0.5858285,0.7044417
-0.8231453,0.9766862,0.08573195
0.8791393,-0.41474584,0.9451709
0.9566889,0.38883117,0.97442114
0.7664606,-0.55715597,0.9789157
-0.35415655,0.99322087,0.48819876
0.0051110405,-0.25678557,0.0783871
0.66366905,-0.94897556,1.3866428
0.13193421,0.50709444,0.3711594
-0.21853866,0.6403511,0.17870687
-0.2991492,0.17578216,-0.25145847
-0.43576488,0.42440504,-0.23413211
-0.02189545,-0.36602378,0.11013026
0.64295644,-0.61710626,0.9639182
-0.06955778,-0.729655,0.44960764
-0.022552975,-0.09225207,-0.014319202
-0.5895151,-0.3646511,-0.43809596
-0.55432326,0.9998331,0.3105454
0.82452244,0.92717224,1.4848697
-0.14961296,-0.83943474,0.49670288
-0.6063469,0.346028,-0.44483355
-0.95197564,0.27289006,-0.7450605
0.118461736,0.7994722,0.7135619
-0.34777567,0.037193157,-0.33503193
-0.2960595,0.9706488,0.5358647
-0.34579045,0.9683086,0.4701797
-0.74917704,0.57875323,-0.34867617
0.2610136,-0.6867889,0.71388364
0.050772756,-0.36334544,0.18593758
0.012931793,0.79839015,0.6060557
0.91218096,0.45000306,1.0016125
0.7802461,-0.33949023,0.8144411
-0.20437303,0.2574426,-0.14055137
0.8454859,-0.058917545,0.73419076
0.2609665,-0.20888273,0.29113603
0.50331074,-0.5540196,0.778155
0.9756736,-0.44910187,1.032812
-0.36659178,-0.33582237,-0.23955402
-0.6743124,0.5991283,-0.29148352
-0.4382156,-0.7835938,0.1450404
0.46386677,-0.06584975,0.45410538
0.61478966,0.5279743,0.86093783
0.13740331,0.1519406,0.15186323
-0.7488535,0.88169974,-0.0036129942
-0.5934946,-0.77037346,0.0148816975
0.42532358,0.97167265,1.2112588
0.4528129,0.8687594,1.0969979
0.31753176,0.17809258,0.3335642
-0.76931685,0.4071337,-0.52291155
0.9251696,-0.0675394,0.79520047
0.35520297,-0.12137639,0.36610365
0.5644436,0.51079464,0.8037649
-0.13934916,0.9144475,0.5895155
-0.3161628,-0.26612306,-0.24108337
-0.908175,-0.439572,-0.5941619
-0.32240662,-0.68265224,0.12988849
0.66490227,-0.7499401,1.1310658
-0.07919754,-0.94737643,0.69648105
0.5471531,0.35690624,0.6433413
0.76203835,0.2908377,0.7599566
0.80084974,-0.25657102,0.78483
-0.98816484,-0.7806882,-0.25313985
-0.80742306,-0.12670521,-0.7096834
-0.25700718,-0.5780381,0.08199663
-0.35053164,0.49065995,-0.1072308
0.3724319,0.45715186,0.56657207
0.5518549,0.786953,1.0902841
0.19826671,0.9826107,1.0133816
-0.7550757,0.554839,-0.38498393
-0.8961793,-0.72732466,-0.2891706
0.34734815,0.02242776,0.3524366
-0.9475137,-0.88894784,-0.10469562
-0.50401354,0.94250035,0.29223284
0.5791689,0.07101783,0.5531428
0.7894344,-0.08529587,0.7196902
-0.15506902,0.30765295,-0.039844297
0.16557163,-0.5722627,0.47356117
-0.03315916,0.7470374,0.5023916
-0.2928215,-0.897565,0.44635895
0.8766275,0.41265225,0.9421715
-0.09973186,0.996936,0.7310226
-0.06587072,-0.034392927,-0.07655369
0.24553694,0.11724304,0.24261306
-0.60238737,0.88745797,0.1375395
-0.15279138,-0.19393156,-0.10397805
0.68138826,0.5151517,0.8903475
-0.7470199,0.4023643,-0.5163035
0.29466543,-0.22038355,0.32932144
0.9684102,0.86363995,1.5002819
0.07454937,-0.12422821,0.098592795
-0.8298196,-0.8099521,-0.119195744
0.5068853,0.108273566,0.49000147
0.07611936,0.17456236,0.11296571
-0.08058458,-0.90015674,0.6454271
0.78945607,0.12381832,0.73928773
0.5855065,0.76788884,1.1086333
0.6395638,0.65698457,1.0277544
0.20587173,-0.5047057,0.44668257
-0.25622907,0.68457913,0.18786094
0.20399198,0.08551427,0.2011521
-0.046733502,-0.51913553,0.21644212
0.72089976,-0.8314583,1.2829497
-0.6431835,-0.52541447,-0.32798958
0.8740663,0.50104815,1.0210998
-0.42044768,0.73968655,0.121923685
0.1073853,-0.4024142,0.27799448
0.33727738,-0.51282156,0.5886043
-0.6273685,-0.45569655,-0.37165934
-0.68676555,-0.3649486,-0.48996478
0.7818946,-0.72735447,1.2087443
-0.15862311,0.42650348,0.030486831
0.29063708,0.6814477,0.7329338
-0.27020445,0.10807477,-0.23949224
0.8360551,0.39328825,0.88048446
0.6649058,-0.4861558,0.8556996
-0.52820617,0.20702066,-0.46040404
0.383955,-0.24243142,0.4373561
0.43959665,-0.2932311,0.53062654
-0.46050724,-0.8797047,0.24345121
0.9607504,0.47454694,1.0458742
-0.3315872,0.50260067,-0.08432626
0.43147165,-0.73508835,0.933469
0.94783795,0.74904805,1.3557914
-0.09700542,0.7440358,0.43189195
0.63647985,0.9771452,1.4060653
-0.25168487,0.09932337,-0.2321755
-0.9406592,-0.7184818,-0.31172407
-0.873696,-0.11270498,-0.74681616
0.74832433,0.6740513,1.117586
0.046498403,0.72801715,0.54669935
0.63051695,-0.16360079,0.6251095
0.8849582,-0.23532668,0.8207741
0.56391084,0.710446,1.0212598
0.32906574,0.006045411,0.32610554
-0.6119331,-0.6485509,-0.15816905
0.1855562,-0.7923824,0.76988727
-0.8539237,0.62774485,-0.35896876
0.33898193,0.20704089,0.37551066
0.83000135,-0.5104485,0.98212165
-0.5636482,0.9539458,0.2582247
0.24205892,0.34476894,0.35060185
-0.04356401,-0.6955597,0.42016724
-0.42100137,0.18562715,-0.39096084
-0.426448,0.3676798,-0.28942916
-0.021459566,-0.87646806,0.663158
0.94653565,0.5993272,1.1784692
0.064549215,0.058770623,0.055568073
-0.20631038,-0.8492499,0.44252044
-0.25750062,0.7100491,0.23378581
0.92816633,-0.65313506,1.2072233
-0.5665555,0.49072304,-0.291771
-0.3747514,0.34126315,-0.25264263
0.2162085,-0.29782063,0.321429
-0.7397912,-0.6617259,-0.2620314
0.5890115,-0.41433054,0.7317962
0.5649375,-0.20369482,0.5785658
-0.026528714,-0.02866947,-0.029354947
0.34267408,0.5706091,0.6534116
-0.6434637,-0.95308656,0.181905
0.3540254,-0.7621081,0.89780587
-0.8340875,0.23444684,-0.67740333
0.31330207,-0.12275741,0.32397065
-0.4241037,-0.8852325,0.29414436
-0.40836143,-0.12253102,-0.38821566
-0.86377513,0.57056975,-0.43481955
-0.43390003,-0.06374692,-0.40576783
-0.7934387,0.9559056,0.08823746
0.37029126,-0.95764494,1.1514902
-0.022705961,-0.20681544,0.028264998
-0.83717835,0.3846661,-0.59886926
-0.74418306,0.0075631724,-0.675091
0.50579345,0.47968334,0.6839066
-0.66124433,0.26920077,-0.53626895
0.17787763,0.34796008,0.30081657
0.15666057,0.35131407,0.29039726
-0.8295785,0.67957425,-0.2998245
-0.5654152,-0.05098854,-0.5193763
0.72989994,-0.41693604,0.84368277
0.4833844,-0.3335169,0.5805173
0.21121797,0.24712819,0.2863821
-0.8368251,0.24493824,-0.6838081
-0.46347973,0.7686099,0.12141166
0.79844594,0.40944934,0.8626959
0.6642227,-0.5619087,0.90847945
-0.5963669,0.21408477,-0.52332723
-0.9570934,0.55790365,-0.50841504
-0.13998635,0.021302167,-0.13532141
0.11341007,0.32474133,0.22437076
-0.7279467,-0.575517,-0.34466353
-0.3619547,0.68791884,0.11340217
-0.4173873,0.9711799,0.38404727
-0.2991123,-0.75752544,0.2464325
-0.7365828,0.76873136,-0.13124497
-0.11808851,-0.18517424,-0.08300287
0.75702435,-0.044795208,0.6901977
0.5144109,-0.20768735,0.54585767
0.76042444,0.93162143,1.4424373
0.83743584,-0.77919334,1.3072121
0.19409396,-0.23119022,0.2407633
-0.16264749,-0.8940138,0.55623823
0.9237887,0.38747472,0.95108765
0.94682467,-0.8683682,1.4962044
0.87752575,-0.018308513,0.7628435
0.14291467,0.028634315,0.14952773
0.108236626,0.784432,0.676046
0.16316533,0.9292994,0.9065076
0.7123363,0.35539368,0.7753986
0.0733499,-0.85704,0.76065856
0.66155833,-0.82360935,1.2367089
-0.9299938,0.03991156,-0.7967431
0.65041703,-0.9942644,1.4340649
0.7994763,-0.8917316,1.4331218
0.228578,-0.10744465,0.23398966
-0.023542766,0.19841395,0.01182853
0.4613291,0.22984342,0.51303566
-0.42042384,0.18634962,-0.36105266
0.96979105,-0.07005763,0.8343426
-0.87129605,0.95923,0.038668424
-0.77076924,-0.84101355,-0.026151314
-0.80494535,0.34477365,-0.6107545
-0.9051513,0.81207126,-0.16475096
0.71353966,-0.23371744,0.7044892
0.01533547,-0.06538678,0.008964443
-0.9325687,0.2117994,-0.7493529
-0.251033,-0.99266666,0.6094945
-0.16284618,-0.26546508,-0.094184026
-0.27695602,0.080978334,-0.26041675
-0.13236295,0.1250272,-0.108273864
0.814146,-0.27444538,0.8092185
0.0441129,0.12564075,0.07116133
0.40652844,-0.52857655,0.67742926
-0.31901357,-0.74417716,0.19669446
0.8953165,0.0633207,0.7830825
0.27267513,0.18051279,0.31176743
-0.095976226,-0.8931987,0.60914254
-0.41832563,0.5594188,-0.083464906
-0.46865913,0.95561934,0.34990764
0.21721774,0.5051301,0.45331058
-0.006223157,-0.44089383,0.19767372
0.5578734,-0.49587625,0.7801808
0.27756372,0.23214479,0.3165989
-0.24968633,-0.7790187,0.31969896
-0.79164714,-0.63270295,-0.3218934
0.9816995,0.010965238,0.83318347
0.59698606,-0.0846854,0.5718493
0.4984047,0.62030005,0.8551701
0.87606835,0.8652692,1.4534963
-0.63440037,-0.24937057,-0.53628325
0.8469065,-0.9156351,1.5013939
-0.65527695,0.32497063,-0.5089788
0.41039097,0.83106893,1.0408579
-0.2753847,-0.4080765,-0.11098589
-0.34274197,0.76631284,0.21586284
-0.5479893,-0.71724564,-0.027743682
-0.71405244,-0.5287593,-0.3723542
0.69858515,-0.13284852,0.6543926
0.96577185,0.90967494,1.5380547
0.467695,-0.004842945,0.45422238
-0.49419254,0.79701346,0.11140027
0.5966063,-0.14524053,0.58596957
-0.88917124,0.09379531,-0.76122636
0.15623327,0.8430001,0.800459
0.4328,0.96420926,1.2481571
-0.16126586,-0.1506701,-0.14328004
-0.43291616,-0.25968468,-0.36312267
-0.35943237,-0.20102939,-0.31099427
-0.21091682,-0.5347435,0.0653313
0.75843096,-0.36937964,0.82834864
0.7715705,0.11577326,0.7258636
-0.80665445,0.2706305,-0.6495487
-0.67024,0.72457075,-0.11586501
0.29072738,0.74511003,0.83056825
0.98134923,-0.8161835,1.4413865
0.8500988,-0.21751319,0.81808287
0.5671676,-0.50330454,0.779891
0.8884692,-0.34817803,0.87299234
-0.45286286,-0.3141149,-0.33329463
0.5093966,0.24089716,0.53324157
0.945147,-0.7028625,1.2910817
-0.51141304,-0.38840538,-0.33480686
0.9544505,-0.49977788,1.0732913
-0.16250125,0.7424559,0.35229462
-0.8601488,-0.57237905,-0.44725367
0.14515395,0.2465913,0.20010868
0.7524397,0.5168146,0.9533577
0.51432157,-0.59445554,0.8328424
0.26311612,-0.6792748,0.6946704
0.043512132,0.38434994,0.19477727
0.5455076,0.15113837,0.5501305
0.19135156,-0.24512118,0.25091615
0.7293513,-0.07255867,0.6613518
0.7302854,0.70795053,1.1237442
0.114123434,-0.20586768,0.1476537
0.7608824,-0.24602407,0.7612636
0.09141334,-0.51402146,0.36466038
0.05554747,-0.15568662,0.06727402
-0.5639648,0.5927677,-0.18998905
0.7211067,0.7673858,1.2120461
0.09241873,-0.263115,0.15938567
-0.45576513,-0.59309536,-0.09390458
0.8796519,0.12222146,0.77860236
-0.091637954,-0.04252104,-0.087394275
-0.18651095,0.64572275,0.20397699
-0.9595272,0.23373364,-0.7575524
0.663651,-0.8502185,1.2908232
-0.69564974,-0.8499734,-0.0015850606
-0.986395,0.41510394,-0.6711811
-0.86091006,-0.53713995,-0.48055232
0.98467076,0.033786315,0.8482891
-0.7397196,-0.69775456,-0.22513694
-0.836116,-0.83943087,-0.104670204
0.53918546,-0.6607462,0.9319893
-0.9318844,0.39309612,-0.641297
0.53304374,0.25216144,0.58900017
-0.9913017,-0.3954459,-0.67759097
-0.73521066,0.544055,-0.3928431
0.15059465,-0.4540854,0.3509982
-0.7760749,0.36991048,-0.54629266
-0.68690234,-0.42983428,-0.43835893
-0.42255217,0.19938052,-0.37695554
-0.6528049,-0.9842896,0.2077556
0.3299385,0.26874954,0.3987372
0.04838831,-0.982389,0.8615177
-0.01495753,0.59869957,0.32707518
-0.12059104,-0.87554723,0.56505907
0.28612208,-0.2154827,0.35070196
0.12906846,-0.6956266,0.59277374
0.34055108,-0.6148202,0.70660526
-0.866624,-0.7038977,-0.29238677
0.49759492,0.39674333,0.6307255
-0.56683725,-0.02554717,-0.5540716
-0.39424267,-0.4857344,-0.1501176
-0.5568298,0.070953764,-0.50859845
-0.8248986,0.39444894,-0.56985426
-0.9881792,-0.39280787,-0.6828921
-0.1414829,-0.8104386,0.47938395
-0.005686869,0.4021891,0.16971228
0.7158437,0.028057568,0.64622825
0.81977445,0.31312835,0.83630675
0.22259733,0.5989142,0.55621445
0.41628435,0.17746373,0.42539948
0.51947945,-0.80257946,1.1080722
0.26062727,0.439902,0.45886084
-0.9273614,0.60970616,-0.43840116
-0.12745668,0.8315144,0.51337653
-0.5963058,0.15660614,-0.54585797
-0.45347255,-0.76013273,0.11354579
0.28817606,-0.8572855,0.9646994
0.73650265,0.027521923,0.6560416
0.13349627,0.10079507,0.12731238
0.5927108,-0.8613557,1.232433
0.8268164,-0.66391885,1.1761059
-0.87812716,-0.16318476,-0.7611177
0.3415116,-0.3781336,0.47784832
-0.86203307,-0.1874958,-0.734085
-0.54141325,0.27263448,-0.46412086
-0.79649067,0.09064775,-0.6939343
-0.30457735,-0.3159837,-0.19263755
0.19252913,-0.9026264,0.9332206
-0.39438072,0.21079275,-0.3533536
0.41343302,-0.056647416,0.39387006
0.99093395,0.40723836,1.0007609
0.94305193,0.39272794,0.96607727
0.5528659,0.5163529,0.7914577
0.12735157,0.6567445,0.5318495
0.044562574,-0.8141348,0.66732836
-0.6232483,-0.60234886,-0.24141616
0.563355,-0.28199717,0.61621046
-0.76541436,-0.8542634,-0.030438144
0.1061752,0.7534,0.6553252
0.73802656,-0.44383696,0.8878583
0.02089367,0.86311156,0.7020938
-0.76778114,0.24185044,-0.62473994
-0.27881363,-0.8292102,0.34138903
-0.38998896,-0.05953977,-0.3772509
0.68918914,-0.19916844,0.66375995
0.2060108,0.31289464,0.29269132
0.40478754,-0.26603124,0.45824507
0.5653038,-0.6473704,0.9520585
0.6782396,-0.28454992,0.69461244
0.4079819,0.81220627,1.0168926
-0.2951433,0.51428664,-0.032820128
0.9150809,-0.90855026,1.5195767
0.48999748,0.5970908,0.8160262
-0.040766194,0.12141483,-0.040027343
-0.9270645,0.29489347,-0.72432864
-0.70159787,0.9933975,0.19843513
0.051656894,-0.48300093,0.27855664
-0.037006143,-0.1475779,-0.005220869
-0.28161427,-0.3583317,-0.14445499
-0.7999585,-0.4663232,-0.48995924
-0.8835023,-0.73536557,-0.2674089
-0.015284697,0.047180332,-0.003570073
0.21369405,-0.18047617,0.24860486
-0.81537837,-0.11567312,-0.714876
-0.44892475,0.2655565,-0.38220832
-0.17618208,0.53315854,0.10236811
-0.4348631,-0.21131475,-0.37316328
0.33049774,-0.5718152,0.64035684
-0.8529831,0.28610736,-0.66882116
-0.015900195,-0.9062263,0.71433717
-0.12498253,-0.5084117,0.124025814
-0.6137243,-0.21377937,-0.51808906
0.08999194,0.91253495,0.81036645
-0.37207827,-0.19337934,-0.32628247
-0.7619911,0.55652297,-0.3905046
0.15863372,-0.58295923,0.47511184
0.4119606,-0.54884046,0.68857867
-0.49961007,-0.3954158,-0.33414152
0.21224146,-0.73087674,0.72072494
0.66227776,0.02490848,0.6120957
0.34299883,-0.28765225,0.42241988
0.55937713,0.39778346,0.6992137
0.5288971,0.22839852,0.56247455
0.039289713,0.5687365,0.35904372
0.5591999,0.098996386,0.5372564
-0.49486893,-0.7533841,0.08046452
-0.92660654,0.7144001,-0.3064836
-0.32525742,0.53153324,-0.031568784
-0.674546,-0.47345474,-0.4015828
-0.52931,-0.45118907,-0.28504026
0.13858336,-0.56802917,0.46682987
-0.5699527,-0.6645078,-0.101202
-0.7853357,-0.5565076,-0.41202343
0.42025462,0.7275748,0.90332836
0.38131097,0.29910463,0.47580603
-0.4296525,0.101561405,-0.3941932
-0.78333825,-0.36492887,-0.56258595
0.64849085,-0.84102243,1.2311972
-0.7883242,-0.27682352,-0.6432357
-0.032699745,0.04021553,-0.034154393
0.09494252,0.9682707,0.9176064
0.38788143,0.543432,0.67081326
-0.7735514,-0.7762899,-0.14788826
0.78425807,0.13732001,0.70731056
-0.070243835,-0.8062153,0.5295426
0.3798411,-0.8108088,0.9805008
-0.586923,0.53399235,-0.26028052
0.03811167,0.05558275,0.03711258
0.29150507,0.60406065,0.630106
-0.9718249,0.048128255,-0.8279048
0.7255434,0.25539124,0.71716356
0.028863378,0.034963164,0.02999217
-0.8283861,0.09120956,-0.73366666
0.5449394,-0.7349605,1.0327702
0.8744437,-0.12053506,0.78839886
-0.99047345,-0.42406842,-0.65400183
-0.70248455,0.019906403,-0.6400434
0.5383985,-0.5072386,0.7832528
0.15786451,0.64471793,0.57222116
0.4393093,0.0829697,0.42298526
0.4308577,0.40036485,0.578169
-0.27702445,-0.13162346,-0.25226077
-0.29131356,0.6593895,0.13281208
0.065850325,0.18342139,0.088283196
0.6138516,0.928002,1.3411891
-0.25155,0.8269767,0.37953225
-0.54003614,-0.9876893,0.3237529
-0.5834864,0.5677451,-0.23719217
0.9093203,0.11149282,0.79774636
-0.11495805,0.9913766,0.6939809
0.7109453,0.19801196,0.6903067
0.23676339,-0.46895477,0.44502628
0.027639477,0.95677364,0.8212564
-0.84006274,0.6823194,-0.30235648
-0.69901186,-0.143906,-0.5967252
-0.67512995,-0.41642907,-0.45273083
0.6925406,-0.09897578,0.6418578
-0.6817534,-0.51534694,-0.35469553
-0.2401277,-0.3848293,-0.09241388
-0.6495528,0.9411263,0.16409056
-0.21352202,-0.34513482,-0.09006198
0.73590994,0.5010852,0.93115896
-0.33316073,-0.28127843,-0.24598421
0.5520108,-0.53366274,0.8042217
-0.05456624,-0.8861492,0.6475811
-0.7773642,0.52680063,-0.4375256
-0.5284213,-0.68900156,-0.068727925
0.8889981,0.38015822,0.9185088
0.752304,-0.76379365,1.2207946
-0.14027627,0.34732136,-0.021527806
0.6720292,0.07291081,0.6117611
0.94688344,-0.07790729,0.8421411
-0.81014216,0.8233616,-0.07308666
0.33391434,0.86991435,1.0157906
-0.30740538,0.93502444,0.47136506
-0.6135808,0.5252272,-0.3174812
-0.7158529,-0.7461845,-0.14795348
-0.9812622,0.9858867,0.0035212236
0.86383444,-0.16847698,0.7957189
-0.030843558,0.8657008,0.65608805
0.7167857,0.87800765,1.3220413
0.63352334,-0.42367285,0.7678542
0.98854256,0.6290931,1.2410737
0.025391214,0.7707224,0.59851944
-0.87706584,-0.5378586,-0.5165958
-0.22335246,0.35993338,-0.08817634
0.31144366,-0.99369526,1.1518921
0.93115604,-0.9064963,1.5355388
-0.24087656,-0.6080656,0.12360122
-0.52874637,-0.9611781,0.29778022
0.9409728,0.5594655,1.1316866
-0.39034036,-0.38421643,-0.23048869
0.17894974,-0.47279242,0.39791086
0.4321608,0.9258914,1.1893014
0.90627223,0.73990756,1.299818
-0.58510965,0.8532207,0.12013764
0.5608351,0.40796566,0.7123841
-0.04833753,0.453218,0.14849623
-0.98580194,-0.33938256,-0.71396583
0.9605895,-0.061382223,0.8356382
0.22682859,-0.24661893,0.29731295
-0.9846976,-0.32806113,-0.72884166
0.8431675,-0.4128321,0.922192
-0.4791768,-0.24200855,-0.40246215
0.4824353,0.7433455,1.0055827
0.64210093,0.9302646,1.3486716
-0.4088742,-0.99616194,0.43385708
0.9529954,-0.45270905,1.0006975
0.9216621,-0.07600356,0.8194449
-0.83666444,0.18759333,-0.70342046
0.9566905,0.17009188,0.84293604
0.9565212,-0.9909507,1.6315417
0.08048999,-0.50145847,0.34285453
-0.9742106,0.44214815,-0.64061224
0.6873388,0.19884057,0.68294203
-0.80808145,-0.44150677,-0.54495585
-0.97556126,-0.5272565,-0.5532966
0.58488053,0.96485245,1.3434392
-0.48420444,-0.578975,-0.12515095
0.71153355,0.6688044,1.075392
0.53882617,-0.3214348,0.6064262
0.3519128,0.7295229,0.8488687
0.19160035,0.76667184,0.7324434
-0.83848715,0.14610271,-0.71461725
-0.49017724,0.6689742,-0.03146355
0.279375,0.17832209,0.30514687
-0.9405586,0.24993499,-0.7446757
0.4955586,0.56678545,0.81283367
0.89583427,-0.585745,1.1116331
0.87812907,0.026516033,0.75027883
-0.83089715,-0.9012354,-0.0070059085
0.38217807,0.8048693,0.96373254
0.8903845,-0.97306573,1.6062934
-0.36966518,0.27462053,-0.27937645
-0.31722283,0.22469346,-0.25282547
0.87202644,-0.32277435,0.8682087
-0.5930907,0.6398618,-0.16337895
0.026413439,0.029439636,0.036290824
0.4756637,-0.8368596,1.0731605
-0.32182816,0.99935514,0.5323031
-0.6542689,-0.24911767,-0.5506481
0.58211297,-0.5640041,0.85501826
-0.6624099,-0.38436365,-0.48200387
-0.40091625,0.06106844,-0.38021582
-0.80749166,0.56365395,-0.42874125
0.049893126,0.646629,0.45516518
0.97981805,-0.24931452,0.89156365
-0.0007750823,0.85206234,0.6701335
-0.50039953,0.8307986,0.15093787
0.7640764,-0.12708898,0.70899785
-0.7829193,0.15976956,-0.68568546
0.62328136,-0.063862905,0.5902726
-0.83084464,0.763123,-0.20100383
-0.3586103,-0.8655327,0.3231874
-0.6249056,-0.702108,-0.11182576
0.14664228,0.8208181,0.7692733
-0.24049672,0.1280854,-0.22663736
-0.44702208,0.93543863,0.33816957
0.98367447,0.7700503,1.3906002
-0.7434616,0.44256648,-0.476744
-0.6060983,-0.38848123,-0.44169196
-0.29541215,-0.0053654234,-0.27751234
0.9430597,0.34684938,0.9417192
-0.9527402,0.08482285,-0.804129
0.393509,-0.5219903,0.6524848
0.84884036,-0.95405346,1.550553
-0.6816301,0.33274448,-0.51338834
0.36772436,0.77029383,0.9180441
-0.23998578,-0.029208722,-0.23920712
-0.23789799,0.99330324,0.59613866
0.9369107,-0.10570795,0.8119845
0.29547274,-0.62950057,0.6761538
0.23911233,-0.2700862,0.32661906
-0.19109507,-0.17538445,-0.15035391
-0.7512233,-0.4442747,-0.49381855
-0.32661206,0.052895866,-0.2957081
-0.5995885,-0.8300376,0.07292334
0.23781887,-0.8952629,0.9555934
0.015744751,-0.62406385,0.37940666
0.80928373,0.89233714,1.4291435
-0.9928378,0.3634998,-0.69592434
-0.33971557,-0.8112167,0.26668227
0.52676004,0.92549074,1.2589796
-0.340027,-0.36617583,-0.20993897
-0.72917175,0.34802338,-0.53771544
0.66906524,-0.90509546,1.3599125
0.29715914,0.4573374,0.49158046
0.1264997,-0.42052206,0.30146646
-0.5677386,-0.9003471,0.17709154
-0.63734794,0.950382,0.18454073
0.17989363,-0.67608416,0.628612
0.33630645,0.43667954,0.50565976
-0.21704054,0.07643452,-0.2074322
-0.23791674,-0.47970036,-0.0018487086
-0.23150125,0.7396876,0.29263029
0.08979902,-0.3073997,0.1796489
0.18873084,-0.5320618,0.46866018
-0.39566553,-0.55379444,-0.08031088
0.77258784,0.50022894,0.94431
0.60424954,-0.5495432,0.857209
-0.79784137,0.92893565,0.05429689
-0.07289768,-0.8712699,0.6043552
0.98149735,0.38927093,0.99467105
-0.80042756,0.4026186,-0.5381008
-0.46007186,0.25181198,-0.39566925
0.68905896,0.31039202,0.73146075
-0.7585204,-0.49069154,-0.43375093
0.6689031,0.08157409,0.6473732
-0.8489371,0.61088246,-0.38018218
-0.9257977,0.17083177,-0.76328874
0.5433759,0.28841034,0.59001124
0.96235335,0.12773405,0.8561745
-0.0025027406,-0.44423896,0.21076237
0.15359363,0.97385514,0.9620086
-0.10855432,-0.23071507,-0.01990447
0.3496083,-0.4278506,0.54002106
-0.8970261,0.45207578,-0.5812986
0.86809784,-0.1164806,0.75954837
-0.21556605,-0.7608546,0.32229158
-0.6815337,0.5025736,-0.38486165
0.97389,-0.74714416,1.3533214
0.9557262,0.55022705,1.1163574
0.74551034,0.68601704,1.1223985
0.284081,0.5005718,0.5390978
0.97029924,-0.03559413,0.8198717
0.60910785,0.07006912,0.5887742
0.2848088,0.5009827,0.5276752
-0.60666645,0.32606253,-0.43713036
-0.93417317,-0.3619135,-0.6891565
-0.6604198,0.12341025,-0.60036796
-0.0061634374,-0.8557015,0.6810162
-0.95507604,-0.8048522,-0.21946953
0.06832186,-0.9502234,0.8420672
-0.2604288,0.38670087,-0.10560327
-0.8229602,-0.51614183,-0.47102398
0.2537389,0.63613856,0.6587965
0.17110167,0.04165433,0.18223226
-0.7502829,0.22834323,-0.6232648
-0.59919405,-0.5639192,-0.25839102
0.7881972,-0.529929,0.96840036
-0.17300752,-0.24960545,-0.12394525
-0.21692553,0.7725112,0.34336615
0.947188,-0.41696998,0.99514216
0.6549996,-0.8524965,1.2623717
0.8478628,0.75930583,1.2999262
-0.3615243,0.9683613,0.44445202
0.7461551,0.10010772,0.6873874
0.06712024,-0.7947359,0.6684062
-0.9453291,0.5157608,-0.5734717
-0.42212754,0.8665693,0.2685516
0.9121099,0.7892884,1.3578717
-0.8433365,0.9695603,0.058503125
-0.5795631,0.71843135,-0.054454256
0.91123635,0.25684863,0.85355085
-0.43039978,0.6620109,0.015971124
-0.0581913,-0.6126469,0.3128522
-0.4950222,-0.60978085,-0.116790235
0.70626414,0.49421173,0.8834398
-0.25845066,-0.637081,0.14658387
-0.12503386,-0.4028727,0.0574491
-0.5951399,0.8335614,0.09616264
-0.76135576,0.49635014,-0.44150567
0.5425435,0.4186592,0.6907829
0.26039928,0.2876799,0.34391108
0.2828501,0.7994677,0.89160913
-0.39707914,0.6689635,0.053578198
-0.68554926,-0.8612788,0.039309647
-0.13968968,-0.67194283,0.31272048
-0.42031193,0.31901085,-0.31003696
0.97509867,0.005486349,0.839483
0.79970145,-0.16031389,0.73189473
-0.20360544,0.7710384,0.3651743
-0.38324058,-0.11650813,-0.36022708
-0.9267087,0.8897484,-0.06463249
-0.2524821,0.07736194,-0.24733257
0.18734068,0.08060146,0.1837871
-0.17419328,-0.6567308,0.23881936
0.3093364,0.89750797,1.029204
0.08997046,-0.99128723,0.9158414
-0.35664728,-0.57339716,-0.03428906
-0.3935773,-0.005833671,-0.39157876
0.9411304,0.34760746,0.9248516
-0.21003918,0.72401345,0.2941707
0.6435222,-0.7073948,1.0771418
-0.13273793,-0.66330004,0.29808447
-0.9545775,-0.46163976,-0.60899407
0.16798048,0.4387824,0.36816874
0.23879553,0.37388414,0.3653377
-0.6448877,-0.86001974,0.08719095
0.97758645,-0.8189421,1.4576765
-0.8297417,-0.80106133,-0.14449903
0.6842044,0.8300287,1.2657971
-0.74303377,0.42418167,-0.50507325
-0.4884821,-0.72551215,0.033281177
0.6761082,-0.32507905,0.73079705
0.88890374,0.3899651,0.92664486
-0.5097735,0.5692188,-0.17989092
0.8100128,0.53332275,1.0122112
-0.7511743,-0.41691095,-0.48919767
-0.8415382,-0.05400385,-0.75275916
-0.94975466,0.93583894,-0.04692537
-0.20453846,0.6079979,0.15357016
0.4599398,-0.86481,1.1139952
0.23036891,-0.10513872,0.22774303
-0.41892466,-0.6114727,-0.039902132
0.0813626,0.6753048,0.53106153
-0.40523878,0.81084657,0.2116818
-0.684887,-0.82389903,0.0028226245
0.5391303,0.9460349,1.3146695
0.83136964,0.30048332,0.84819835
-0.887068,0.96184856,0.018897614
0.1980786,0.869582,0.8982687
-0.5041602,0.07507106,-0.4908658
-0.9664485,-0.94272906,-0.048532438
-0.78531206,-0.78942525,-0.1273445
0.42057887,-0.003618673,0.40124515
-0.49557543,-0.5194232,-0.1993589
0.20381412,-0.66395164,0.64132994
-0.059131496,0.010106892,-0.052807376
-0.0066036703,0.94391465,0.7619558
-0.5621356,0.55669135,-0.20374973
0.80578774,0.27807334,0.81720203
0.53274626,0.16971537,0.53843415
0.10626404,0.3257926,0.21582258
-0.41264954,-0.20505817,-0.34693858
-0.3960358,0.21633597,-0.3457444
0.84086084,-0.9130989,1.4981958
-0.8458619,-0.42854294,-0.5648254
-0.67576736,-0.5808962,-0.3049337
0.48886266,-0.22757731,0.5062136
-0.832591,-0.9197179,0.013344923
-0.41359577,0.6650764,0.01323013
-0.80746454,-0.01092381,-0.7180961
0.098061055,-0.66966933,0.543759
0.51420146,0.7556494,1.0373368
0.022611558,-0.6921057,0.4652134
-0.9979709,-0.9300231,-0.07061961
0.3778223,-0.9533156,1.1450607
-0.8969724,0.6504691,-0.38632476
-0.3735386,-0.57905143,-0.047900945
0.26404765,-0.6695398,0.7032704
0.7153908,-0.36640182,0.80020994
0.61645746,0.05977647,0.59247714
0.012521143,-0.14068367,0.04074707
0.17760693,0.44189638,0.3577726
-0.8665259,-0.81773317,-0.13632625
-0.23697351,0.47889477,0.0029796825
-0.5843088,0.80157226,0.040725857
-0.4090497,-0.21491456,-0.3502447
-0.65297866,0.47841704,-0.3734499
0.42569697,0.69076604,0.89768875
-0.3780058,0.9775737,0.45644307
0.8454381,-0.7429473,1.2597141
0.33069092,0.42874265,0.49629495
0.77151376,-0.89729595,1.4112779
-0.90754443,0.44905174,-0.5906829
0.85793215,-0.9698738,1.5672138
0.28106162,-0.794185,0.8470975
0.04853683,-0.8534303,0.7321019
-0.6952712,-0.67500293,-0.21859792
0.30667388,-0.71237063,0.79676294
-0.8802838,-0.78295213,-0.1987458
0.021948645,0.8650828,0.6843478
0.8981849,0.5885154,1.1084533
0.3033538,0.8232283,0.9209481
0.7932363,0.3630411,0.8411515
-0.08407091,0.8085548,0.5335103
0.867811,0.1522679,0.78228736
0.6270872,0.9715426,1.4013921
0.22053285,0.30949152,0.28615198
0.71726155,0.511736,0.9131625
0.7030605,0.5748648,0.9777104
0.56994575,0.72946167,1.0397364
0.9081167,0.1964873,0.8157123
-0.6768946,0.70164865,-0.16246592
0.76479673,-0.24004969,0.7391152
-0.86173624,-0.37133956,-0.63446313
-0.61852777,-0.6186602,-0.1807551
-0.23113541,-0.22451042,-0.18310496
-0.59577954,-0.42253476,-0.38394764
0.7438577,0.95064896,1.4521965
0.12338777,0.704713,0.62820035
-0.21730296,-0.49431723,0.035676397
-0.5459852,0.5594731,-0.20195925
-0.41768935,0.04042414,-0.40686724
-0.47221234,0.08096755,-0.4439147
-0.89365566,0.3027694,-0.6983918
0.09840995,-0.8396146,0.7382339
-0.94811183,-0.40110317,-0.6356359
-0.39608964,-0.44573775,-0.18564247
0.76712257,0.4831194,0.9336452
-0.108798966,-0.5625472,0.20154648
-0.032328665,0.34772795,0.08142486
-0.16566734,0.8685411,0.5121088
-0.36558205,-0.61283606,0.004377649
0.34892786,-0.24131025,0.38461822
-0.91020757,-0.4015482,-0.6217795
0.89090633,-0.60621244,1.1356403
0.20084812,-0.32099497,0.28974846
0.281636,0.650028,0.6786466
-0.14275229,-0.07636315,-0.14982226
0.079634234,-0.58989966,0.43416083
0.8212059,0.1164351,0.75458384
-0.24796811,0.13799329,-0.21645008
0.7689221,-0.04889254,0.70722663
-0.57274663,0.8788235,0.15959114
0.97749573,0.685604,1.2907149
0.13366836,-0.008794863,0.11979043
-0.092216134,-0.46820953,0.12527277
0.34891903,0.7380787,0.8677351
-0.84327614,-0.4020715,-0.57811004
-0.02434843,-0.5490444,0.27044803
-0.6281777,0.62186676,-0.21863234
0.10411364,0.9610812,0.90721965
-0.94589496,0.8322996,-0.17075229
0.6145365,0.82848674,1.2134066
-0.9072764,0.6348953,-0.40274242
-0.39221355,0.26071364,-0.3128045
-0.1285357,0.8926981,0.59924096
-0.74926305,-0.22925895,-0.6221066
-0.9457761,0.4441504,-0.6011201
0.7216447,-0.6676341,1.093234
0.21272457,-0.56323445,0.5239633
-0.7309297,0.20099618,-0.63691944
-0.5900437,-0.150833,-0.53635275
0.051260915,-0.8037837,0.656911
0.17205267,0.1189104,0.17203957
0.47482988,-0.13096493,0.47817007
0.02015214,-0.35452512,0.13747315
-0.42097625,-0.75292647,0.13704343
0.3217896,-0.90174633,1.036813
0.23770428,-0.7817615,0.7966372
-0.97316366,0.014975139,-0.8207892
-0.38032418,-0.41963446,-0.19443688
-0.43972537,-0.03952226,-0.41557226
-0.5259471,0.97580665,0.30201063
0.47798195,0.33501074,0.58760333
-0.33879176,0.8723864,0.3563979
0.7718416,-0.25489867,0.7490884
-0.9369568,0.1484501,-0.7976103
-0.29757392,0.29509816,-0.20965524
0.42140368,0.91659683,1.1379795
0.302188,-0.9088672,1.0387341
-0.6951136,0.18041235,-0.6059481
-0.17726798,0.057237472,-0.1725697
-0.010330354,0.23472565,0.03854447
0.6682824,0.57959473,0.93983716
0.74330646,0.19011645,0.7035354
-0.70140624,-0.37461868,-0.5036453
-0.79047734,-0.64703137,-0.30212495
-0.23613924,-0.9795141,0.58142227
-0.62832916,-0.22009626,-0.552992
0.007590525,0.29419497,0.10150775
0.106526285,0.92960364,0.86189735
-0.25272802,0.6331055,0.14138173
-0.29943863,-0.0890889,-0.28322324
-0.05480149,0.22897327,-0.0011207951
0.92715454,-0.69511145,1.26052
0.9502729,-0.75101316,1.3553625
-0.58953667,0.6402527,-0.15107687
0.15632884,0.3485381,0.27929658
0.021814063,0.43155324,0.20522983
-0.038599063,0.73769885,0.48659304
0.3943049,0.2643229,0.44698128
0.9862011,-0.016012823,0.8376788
-0.8853518,-0.8055444,-0.16564807
0.44067866,-0.90252835,1.1631486
0.47183767,-0.67557985,0.90037113
-0.99738586,-0.73311937,-0.33127365
-0.33991295,0.11160809,-0.30922058
0.5326701,0.33941835,0.6312428
-0.6016864,0.981412,0.24273148
0.037159167,-0.027499184,0.043148875
-0.44155586,-0.6776459,0.019135833
0.7500339,-0.98015195,1.5123622
-0.14611824,0.08904462,-0.12698862
-0.9187089,-0.6180813,-0.42098835
-0.88515615,0.97414565,0.031576727
0.41205153,0.41274726,0.5669132
0.6434788,0.61902696,0.9782702
-0.74018335,0.7957312,-0.08103936
-0.72530115,0.8712955,0.03037167
-0.9315419,0.33051077,-0.6834883
-0.7447308,0.633672,-0.28446764
-0.17395724,-0.10661141,-0.16236688
-0.1610606,-0.009067163,-0.16679107
-0.9317884,0.53769124,-0.54416263
0.88843226,0.19673455,0.8117552
-0.39312884,-0.63674116,0.011418991
-0.26206166,0.2958526,-0.18078575
-0.2069244,0.615924,0.17159326
0.8797859,-0.52638894,1.0369226
-0.663651,-0.17283827,-0.5864641
0.31010726,0.47251403,0.5230096
-0.53808606,-0.5175705,-0.23124258
0.087724194,-0.28695485,0.18519439
-0.4016447,0.042317078,-0.38265064
0.6685708,0.027414888,0.6205245
0.82071996,-0.7540348,1.2746428
0.7961556,0.8873844,1.4227877
0.80785024,-0.6589736,1.1526765
-0.54580647,0.24570014,-0.4514616
0.7833121,-0.9771604,1.5286453
0.59920233,0.1543918,0.5909021
-0.30863917,0.4230093,-0.120911255
0.03197738,-0.6520237,0.45339596
-0.8682193,-0.07366118,-0.7342537
0.14122099,-0.2700642,0.22384205
-0.38821965,-0.30640745,-0.29781893
0.841721,-0.9473938,1.5267218
-0.21283928,0.48622623,0.017234018
-0.5318046,-0.24366747,-0.4478718
0.060214035,0.8933623,0.77504003
0.13652834,0.5919574,0.47789714
-0.50886923,-0.23995385,-0.42473474
-0.7271375,0.1778044,-0.6337477
0.5578843,-0.50881594,0.7935953
-0.34988093,0.74206495,0.17731002
-0.9909461,0.18260695,-0.8115264
0.036792617,0.30769396,0.13069251
-0.091691986,-0.44066054,0.09616764
-0.069232345,-0.41943806,0.11593478
-0.7842011,-0.634924,-0.3064013
-0.17804644,-0.022097498,-0.16488226
0.37570953,0.2978192,0.4458213
-0.118295416,0.42370707,0.044697743
0.73370236,-0.19870456,0.7264097
-0.2593824,0.9965848,0.56985176
