x1,y
-0.81071967,-0.6192274
0.94752264,4.266274
-0.7420448,-0.5178759
0.057394993,0.053969804
0.61837137,1.4778769
-0.4953096,-0.33835992
0.6829791,1.8311687
0.114050284,0.124570034
-0.33612865,-0.25597045
0.73137844,2.144361
0.2440003,0.32591912
0.23076886,0.2913503
0.008019434,0.00027345697
-0.45052502,-0.31138664
-0.3902791,-0.28568256
-0.82384187,-0.6225156
-0.51255256,-0.36796936
-0.44434983,-0.3182094
-0.882597,-0.70309424
-0.77937055,-0.58176136
-0.45949402,-0.30378354
0.35450503,0.54873586
-0.63153005,-0.4312921
0.0436992,0.043651868
0.015806532,0.028365526
0.66807616,1.7220985
0.21832761,0.29332405
0.83399814,2.9995744
0.25620273,0.35419455
-0.9489687,-0.87911105
-0.23701586,-0.1940209
0.39809597,0.63149786
-0.04975621,-0.035422053
-0.16120426,-0.14866728
0.34309125,0.5098245
-0.42853424,-0.32366142
0.8179561,2.8524804
-0.1737128,-0.14730732
0.26243562,0.3478922
0.96466655,4.496946
0.57096046,1.2422389
0.06324632,0.049923535
0.71877515,2.0618873
0.12087544,0.15393887
-0.11669313,-0.09478443
0.74690586,2.26967
-0.94568926,-0.85123837
-0.18506773,-0.15983358
-0.31401506,-0.23234357
0.42817262,0.743657
-0.9748276,-0.9290057
0.32170495,0.4746412
-0.30727753,-0.251754
-0.8042132,-0.60049236
0.9606616,4.4280443
-0.5755425,-0.4004891
-0.30174014,-0.22767459
-0.5859068,-0.407601
0.3239824,0.4852216
0.5650326,1.2345285
0.72128165,2.0820336
-0.37800357,-0.28248465
0.049106784,0.061953016
0.32651526,0.48853904
0.25904197,0.36114812
0.4320544,0.7384638
0.5394546,1.1152222
-0.8050533,-0.599005
-0.66337794,-0.44795546
0.4686421,0.8682825
-0.04664893,-0.043191493
-0.14593242,-0.11400259
-0.08911975,-0.08557522
-0.25594798,-0.21450262
0.18213503,0.2159944
-0.3533489,-0.27043122
0.2736308,0.37157324
-0.5947258,-0.40337175
0.5153778,1.0225275
0.56319994,1.218634
0.15704164,0.18166947
-0.26135308,-0.19696522
-0.97120684,-0.9378124
-0.75693506,-0.56014794
-0.840626,-0.6384064
-0.97958994,-0.93198305
0.44443953,0.79850215
0.9121335,3.832957
-0.97766346,-0.9358816
-0.7746188,-0.56082016
0.72135174,2.0671103
0.3770045,0.6020159
-0.1905792,-0.17448092
0.985593,4.812663
0.14724268,0.16233413
0.33919802,0.5102534
0.30635273,0.45552728
-0.5545967,-0.37912408
-0.02375118,-0.02679296
-0.5671774,-0.40901998
0.01892906,0.006196494
-0.9384376,-0.8308604
-0.23608164,-0.17440365
-0.25557986,-0.21268873
-0.41673875,-0.29588354
-0.8415421,-0.62276626
0.54193413,1.133457
-0.15909027,-0.12750766
0.6279464,1.5153342
0.6714545,1.7803065
-0.5728052,-0.39357427
-0.15733977,-0.14464265
0.441948,0.7933893
-0.0010076927,-0.0073760618
0.7101365,2.0074196
0.14313802,0.18330093
0.25916195,0.3402725
0.5740469,1.2613
-0.7555558,-0.54245234
0.16849647,0.19932592
-0.82914025,-0.6305345
-0.47889775,-0.3185765
-0.5748566,-0.37151343
0.13415217,0.15648901
0.68780476,1.856729
-0.7343808,-0.50708973
0.53679305,1.1072655
-0.7138677,-0.49336532
-0.62065655,-0.42855528
0.83388036,2.9796293
-0.9805417,-0.94403505
-0.60571194,-0.41867384
-0.5688878,-0.38951415
-0.43623888,-0.293709
-0.27317658,-0.21559098
-0.79364395,-0.57072634
-0.06309144,-0.056385774
-0.20129927,-0.16178498
0.24986762,0.32727322
0.73503524,2.1904187
-0.4045595,-0.28804615
0.09297555,0.09986138
-0.25724527,-0.20173775
-0.91949946,-0.8010457
0.6421507,1.5955963
0.2684329,0.36586446
-0.9956555,-0.992336
-0.5008561,-0.3286445
-0.3820212,-0.28282303
0.6230631,1.5185776
0.52142644,1.0482194
-0.2077123,-0.17439802
-0.68531555,-0.4731535
-0.2279357,-0.18151523
0.62029266,1.4925355
-0.09521728,-0.112319216
-0.76825964,-0.5507026
-0.922905,-0.8211888
-0.33332947,-0.24120831
-0.70327437,-0.47393233
0.49008235,0.93433917
-0.44248638,-0.309872
0.75490606,2.3106349
0.23469858,0.30098343
-0.21267249,-0.18157314
0.22011511,0.2776046
-0.40965205,-0.2852359
-0.7173523,-0.48423913
0.9283552,4.0287337
0.1263229,0.14134891
-0.98534375,-0.9647598
-0.37937158,-0.27628818
-0.68093103,-0.4614283
-0.48363337,-0.33681408
-0.88856894,-0.7377129
-0.50982875,-0.34315172
0.3660322,0.58070886
0.6412191,1.5803612
-0.30521595,-0.23830001
0.044931497,0.054824322
-0.9164188,-0.7773894
-0.8183984,-0.6146539
0.103848286,0.119534425
0.68115383,1.8255847
-0.8240241,-0.6138547
-0.16290666,-0.15119393
0.94084936,4.1823606
0.47758508,0.8825849
-0.60479355,-0.39648074
-0.42965147,-0.31551242
0.8958325,3.642329
-0.5580246,-0.38637626
-0.11818524,-0.09817199
-0.28877988,-0.22012943
-0.019922337,-0.017136557
-0.5268396,-0.33944783
0.33670086,0.4983935
-0.53081805,-0.35210717
0.20420271,0.26823044
-0.28446138,-0.21261248
-0.49704772,-0.34886497
0.39000526,0.63124347
0.9304796,4.0428944
0.7387509,2.2025864
-0.82632923,-0.63518226
-0.09117243,-0.087187506
0.3895599,0.64711326
0.12523168,0.13996305
0.45271367,0.8125255
0.95024025,4.294059
-0.3154564,-0.24070661
0.5417463,1.1352983
-0.81185734,-0.6012211
0.73949647,2.2251291
0.5568645,1.1772565
0.04193492,0.036206745
0.64206696,1.5939493
0.3332469,0.51300055
0.10445247,0.11962172
0.89200103,3.581027
-0.7394696,-0.5081848
0.98593533,4.7940407
-0.6911343,-0.46422377
-0.039648075,-0.022300547
-0.537178,-0.3748642
-0.4561727,-0.30362412
0.26366395,0.35687727
-0.9305797,-0.82254285
0.88149357,3.4810214
-0.44075575,-0.32293344
-0.45493487,-0.31897658
0.72712743,2.1206567
0.5296724,1.0698451
0.34344387,0.51413554
-0.7072831,-0.47621822
0.53923345,1.115164
-0.27846742,-0.22798549
0.9877773,4.824102
0.34249908,0.5261219
0.6717861,1.7667279
0.46757057,0.84621644
0.18847668,0.20673016
0.4326381,0.74197686
0.19496766,0.25266045
-0.8976028,-0.7390041
-0.30895373,-0.24465594
-0.36716497,-0.2727106
0.42794642,0.7443286
0.1523464,0.17832792
0.2209776,0.2928739
0.69396317,1.9016486
0.05061428,0.05812862
-0.5634456,-0.3840807
-0.97512066,-0.9368088
-0.68100494,-0.45279872
-0.9388418,-0.85244095
-0.52587014,-0.3644929
0.26999438,0.3683784
-0.6971621,-0.46984628
-0.83615357,-0.6502982
0.94170916,4.19196
0.99381006,4.8940487
0.27404702,0.38132
-0.7828672,-0.5499934
0.64304125,1.5837802
0.07842739,0.07782758
-0.6358528,-0.42073
0.1513844,0.20781213
-0.92123574,-0.7917798
0.94494224,4.225018
0.651931,1.6509387
-0.47844616,-0.34399593
-0.16217622,-0.13150963
-0.20943284,-0.16277488
0.72298837,2.108447
-0.29073128,-0.22901401
-0.9040397,-0.76959014
-0.5706223,-0.3703397
-0.5688607,-0.37038645
0.8984821,3.6584034
0.84810954,3.129851
-0.39881343,-0.28008962
-0.9944658,-0.9861024
0.033995263,0.035508055
0.59447986,1.3424324
-0.46279004,-0.3343143
-0.12191195,-0.10958174
-0.65442157,-0.45002562
-0.34520945,-0.26935956
0.517706,1.0303628
-0.14343745,-0.1342271
-0.10545831,-0.09511838
0.5791033,1.2961938
0.5259455,1.0618
-0.6256944,-0.42604828
-0.16945565,-0.13418457
0.6977157,1.9338379
-0.086524636,-0.071654625
0.32352698,0.4513533
-0.3880757,-0.2865221
-0.88088286,-0.7224497
-0.67020196,-0.46378404
-0.19655822,-0.15378195
-0.29306594,-0.23256877
0.7912815,2.60119
0.09124534,0.10286806
0.2543108,0.34060234
0.37736544,0.59221613
0.06325186,0.0777015
0.5392913,1.1224813
0.566201,1.2345402
-0.29722807,-0.2248174
-0.8304297,-0.6219537
0.97270846,4.6036677
0.2852414,0.38590464
0.41783214,0.70650506
0.51339203,1.0008577
0.22592685,0.2810752
-0.058197062,-0.038805712
0.9693394,4.547459
0.45531482,0.8078256
0.69169754,1.8950255
-0.120649256,-0.09903078
0.809555,2.7560806
0.4643021,0.85050976
0.492256,0.93599033
-0.8261375,-0.6231829
0.23491341,0.30379522
-0.32956654,-0.26249492
0.33800334,0.50351554
0.13642822,0.16423175
-0.777621,-0.5423985
0.059975486,0.06770049
-0.09748312,-0.0927343
0.55288696,1.1608891
0.005276542,0.0037200137
-0.037675664,-0.04009218
0.43898195,0.77277595
0.3371758,0.50588256
0.98370874,4.765671
-0.2960946,-0.23256835
0.37671313,0.6169034
-0.6654829,-0.44588855
0.6091215,1.420601
0.5723112,1.265999
0.45164138,0.79658663
-0.76189846,-0.5519973
0.9750892,4.6305094
0.8852212,3.5334246
-0.25981703,-0.20826563
0.15463176,0.17661342
0.7777739,2.5054116
-0.010712019,-0.005177807
0.19832668,0.2632068
0.20648572,0.24514917
0.29850993,0.43716142
0.15100072,0.1571699
-0.18811156,-0.14930263
0.07895873,0.09736023
0.74288535,2.2477279
0.7282067,2.1363127
0.5450915,1.1299309
-0.17178479,-0.1391521
0.57194513,1.2436978
-0.2242873,-0.19268921
0.3281374,0.48197886
0.13485628,0.15220885
-0.39995065,-0.28620574
-0.094243445,-0.09308123
0.6607235,1.7055205
0.8255056,2.9035323
-0.5894091,-0.39682662
-0.08757038,-0.083244264
-0.13298889,-0.1072454
-0.021969406,-0.01035241
0.95325136,4.339276
0.037485026,0.019350005
0.6601534,1.6842123
0.32787415,0.49720567
-0.7856182,-0.57307154
0.3913136,0.654475
0.29411831,0.42471787
0.5169378,1.0331757
-0.85110295,-0.6638306
-0.5173849,-0.36510152
0.5385774,1.1080055
-0.25876805,-0.20164822
0.8216379,2.878157
0.03534082,0.041318353
-0.9979457,-0.98357004
0.39767194,0.651862
0.026927942,0.023357682
-0.3658113,-0.27855203
-0.9591186,-0.8785674
-0.60250753,-0.39829504
-0.6768122,-0.4390819
0.16570829,0.20036529
0.53910804,1.1154728
-0.53078717,-0.35667664
0.39544627,0.64490765
0.7996485,2.6774
0.24317205,0.32191887
0.5512953,1.1706483
-0.591537,-0.39335564
-0.8501229,-0.6590827
-0.2692244,-0.20177838
0.41801384,0.71429205
0.37219718,0.5913282
0.91015846,3.7906585
0.25995684,0.3533143
-0.17743108,-0.15242839
0.59426284,1.3448844
-0.69386417,-0.4705074
0.6260447,1.5183034
-0.26813906,-0.207482
-0.69198,-0.46830875
-0.6757187,-0.45880803
0.967195,4.526458
0.24644552,0.3444472
-0.65147084,-0.43928808
-0.46287492,-0.34856355
-0.25584045,-0.22822091
-0.88820106,-0.71837354
-0.78316855,-0.58694184
0.5235086,1.05003
0.57374793,1.2501842
0.9764692,4.654893
-0.86480725,-0.68421763
0.77836883,2.5019364
-0.36556792,-0.27760786
-0.34429884,-0.2500641
-0.7454355,-0.49905896
0.97260034,4.6091194
0.9619785,4.448638
0.7296592,2.1495218
-0.81843984,-0.59791714
0.68329924,1.8468101
0.26922798,0.35245758
-0.7424491,-0.5169365
-0.47648448,-0.33523208
0.37844828,0.604675
0.60688156,1.4129343
0.6961741,1.924087
0.087660484,0.0925532
0.06923983,0.08856883
0.36841804,0.5793368
0.5554451,1.1811486
-0.65882844,-0.4407455
0.47967532,0.9020386
-0.31662682,-0.23524445
-0.23248276,-0.1900901
-0.8445741,-0.6412816
0.17684153,0.2246984
-0.8131598,-0.60804754
0.82627124,2.9325852
0.24194062,0.31626326
0.9805637,4.7216043
-0.5086957,-0.34040806
0.35920113,0.5596972
0.92885995,4.0206676
-0.40284348,-0.302143
-0.8073547,-0.5969999
0.26795316,0.35828856
-0.26780167,-0.2009808
-0.45388472,-0.3332889
0.9871753,4.82406
0.50821865,0.9988963
-0.029210733,-0.03692446
-0.8999932,-0.7578898
-0.61676866,-0.41756564
-0.40244314,-0.28515765
-0.025606796,-0.03721996
-0.005500317,-0.015061159
-0.9505333,-0.86870056
0.88671255,3.5362225
0.08561436,0.10079499
-0.96054566,-0.8878642
0.40267038,0.6630863
-0.857297,-0.6729688
0.44234085,0.7814319
0.40298495,0.66530854
0.9698463,4.5666356
-0.31592515,-0.26234928
-0.71134543,-0.48203826
-0.8162615,-0.6067926
-0.85654783,-0.65910375
0.6206664,1.4773873
0.43709615,0.76982856
0.95183045,4.303169
-0.38162792,-0.29610834
0.6062049,1.4110004
-0.8139718,-0.6148442
0.80775976,2.767361
-0.89633936,-0.73436046
0.575767,1.2841545
-0.38528895,-0.2745115
-0.637614,-0.4239786
0.40902907,0.6713894
0.79175603,2.633081
0.52825207,1.0862336
-0.3738001,-0.28787714
-0.2928587,-0.22232777
-0.6213908,-0.42421865
0.6481232,1.6497532
-0.78581274,-0.58163047
0.80642784,2.7461019
0.2022685,0.25532845
0.1777099,0.21554397
0.6756429,1.8112272
0.3350665,0.51869214
-0.39152148,-0.30032665
-0.30096975,-0.22704269
-0.6538916,-0.44274265
-0.071873516,-0.05871131
-0.77969044,-0.5622132
0.306073,0.43176293
-0.6615423,-0.45897135
0.72786355,2.124205
0.40092516,0.6611025
0.7830225,2.5484521
-0.82593805,-0.63190144
0.59701866,1.3861963
0.76160944,2.381487
-0.91086036,-0.7668056
0.9981519,4.9709597
-0.39871135,-0.29830372
-0.5765576,-0.3801727
-0.17018956,-0.15539302
-0.9827292,-0.9701697
0.7718127,2.4616604
-0.46301824,-0.3307727
0.043183,0.041789312
0.24711904,0.3348686
0.5821836,1.2909008
-0.49958777,-0.35954022
0.43429273,0.7680324
-0.76467824,-0.5472016
0.40847033,0.6952536
0.83859104,3.0470695
-0.8299475,-0.62557304
-0.7665944,-0.54718804
0.114455,0.13087161
-0.90719914,-0.75661975
-0.625219,-0.4133056
-0.61961573,-0.4233998
-0.037505075,-0.031219289
-0.50302595,-0.35164788
-0.04895429,-0.049795683
0.042351577,0.04990838
0.46128878,0.832053
0.8919844,3.5964878
0.007494433,0.011352048
-0.28998932,-0.22865413
-0.48259318,-0.3268298
0.2693144,0.36366084
0.8858342,3.536296
0.5293098,1.0791245
-0.5877947,-0.39444247
0.7866083,2.5671005
0.47102663,0.867462
-0.7441103,-0.522024
0.42560482,0.74085855
-0.4212891,-0.30356386
-0.017206686,-0.0067085335
-0.39953738,-0.29594085
-0.8318815,-0.6316853
0.5371672,1.1036319
0.6573675,1.6985044
-0.536042,-0.35078445
-0.52072376,-0.35267106
-0.14008455,-0.12822942
0.62293863,1.4819442
-0.8454639,-0.65225655
0.6174227,1.4711237
0.84544593,3.1159678
0.12300833,0.12559412
-0.879217,-0.7122583
-0.46089447,-0.31775928
-0.77722704,-0.57038045
-0.48143286,-0.33221748
0.623564,1.4930555
-0.8886644,-0.73955745
-0.43235272,-0.31171417
0.033901524,0.032430183
0.748082,2.2862103
-0.50003564,-0.34698778
0.55665433,1.1800103
0.16713814,0.20878203
0.35273883,0.55227226
0.72353727,2.1063645
-0.9471687,-0.8435588
0.059466958,0.06514942
0.49442843,0.95061934
0.7692061,2.4283364
-0.73461163,-0.5001153
-0.3170967,-0.2424478
-0.8428884,-0.6549996
0.6698682,1.7514794
0.7147327,2.0445347
-0.03282937,-0.03095041
-0.9584094,-0.88322014
-0.7956037,-0.58757365
0.24871624,0.3287569
0.9652384,4.5006413
0.6777282,1.8165019
0.59584445,1.3455567
-0.16406024,-0.13647276
0.97042453,4.58436
0.6499457,1.6229731
-0.32869434,-0.24904537
0.49698207,0.96786743
-0.13495415,-0.12644215
0.32091135,0.47363883
0.9401077,4.1608915
-0.5070969,-0.34742427
0.5900044,1.3489413
0.18074864,0.23754014
0.8999418,3.6874774
-0.7310734,-0.52330965
0.439419,0.7679168
-0.9256937,-0.82558906
-0.50689304,-0.35057956
-0.35829094,-0.2556912
-0.13548848,-0.13295603
0.9305999,4.0483794
-0.8647972,-0.6962233
-0.6620343,-0.4310482
-0.59390557,-0.39615563
-0.1520066,-0.12345639
-0.87860024,-0.7096204
0.9308391,4.0610347
0.11970338,0.1467838
0.6265738,1.516246
0.54499686,1.1348848
0.32165027,0.4631809
0.8088188,2.783819
0.80476743,2.738845
-0.74445635,-0.5465708
0.8038566,2.7202468
0.04778207,0.054340586
-0.46386057,-0.30695722
0.21700093,0.2659806
-0.4381928,-0.30534178
-0.041984275,-0.044289924
0.6328757,1.5368798
-0.93560404,-0.81643724
-0.633822,-0.43726248
0.91316533,3.848508
-0.10980325,-0.11488681
-0.39335153,-0.28986457
0.8465591,3.1240406
0.8224278,2.8960238
-0.91151506,-0.772544
-0.27504396,-0.20619868
0.8256433,2.9156451
-0.6404561,-0.41855943
0.15642703,0.18898271
-0.35844398,-0.25807688
0.47313088,0.88035005
-0.6834751,-0.4616284
0.19210637,0.22771302
-0.99998313,-1.0093659
-0.49487248,-0.34628397
-0.67566955,-0.45486337
-0.5803386,-0.3972838
0.7208526,2.0767498
0.8295932,2.9546313
0.5100632,1.0193161
0.18021306,0.2258152
-0.538287,-0.38035345
-0.45055723,-0.3147801
-0.38022044,-0.2807014
0.5540109,1.1750928
-0.49423137,-0.34050673
0.94677883,4.267378
0.59292704,1.341685
0.9994354,4.9935765
-0.08164287,-0.07257435
0.17865637,0.21526387
-0.4391969,-0.31653824
0.20748918,0.25415838
0.9478006,4.2652087
-0.93923956,-0.8309769
-0.42142242,-0.30400354
-0.43741167,-0.31016907
0.96473974,4.483744
-0.7347012,-0.51894045
0.62472034,1.5085716
-0.4508923,-0.33323285
0.72120595,2.0925808
-0.024498198,-0.029841002
-0.51547784,-0.33489197
0.41946602,0.71736866
0.6831615,1.8169833
-0.05972158,-0.053580683
0.42797855,0.73426306
-0.636835,-0.42691773
0.87522435,3.4281967
-0.807101,-0.5925402
-0.5560986,-0.3786297
-0.42328048,-0.31540748
-0.694494,-0.4673428
-0.18663934,-0.15222225
-0.08452795,-0.06636117
0.037178516,0.037185498
-0.9184009,-0.78857255
-0.56178784,-0.3822993
0.6155265,1.4603742
0.6212093,1.4731203
-0.3399865,-0.25169373
-0.07765128,-0.06823228
-0.63309413,-0.43213138
0.6442798,1.6161988
0.91336745,3.8499215
-0.4172943,-0.2841542
0.56387585,1.2090206
-0.29522172,-0.2217487
-0.99473214,-0.97098285
0.19945545,0.24556312
-0.17920269,-0.13804828
0.5168701,1.0231115
0.49752817,0.96067315
0.8920625,3.5786138
-0.124361984,-0.12928261
-0.03497619,-0.04932795
-0.19918938,-0.1519681
-0.40612224,-0.29977107
0.27568442,0.37227705
0.6560735,1.6798079
-0.6843786,-0.47474605
0.96367866,4.492906
0.36761472,0.5960481
0.560222,1.1813625
0.99770916,4.970945
0.008062993,-0.012476289
-0.85741746,-0.68913597
0.58058345,1.2977259
0.741532,2.2162747
-0.6752057,-0.45701426
-0.9517252,-0.86808157
-0.72835267,-0.52427596
-0.35206717,-0.25522617
0.84856206,3.1410708
-0.9950656,-0.9849539
0.6075958,1.4136925
0.70970947,2.0085206
0.62210464,1.479902
-0.8355713,-0.6506994
0.35838,0.5584621
0.90780723,3.7860732
-0.7592745,-0.545263
-0.9366364,-0.82771134
0.7473181,2.2702143
0.28985932,0.4114796
0.29287094,0.40635878
0.92886287,4.0274124
0.5395312,1.11775
-0.20511022,-0.1552783
-0.12831776,-0.12477376
-0.710614,-0.5047275
-0.39190027,-0.25416666
-0.10919257,-0.09535513
-0.47782916,-0.32590073
0.8317457,2.9820228
-0.97639465,-0.9247176
0.17404418,0.21967484
0.5432162,1.1407337
0.464218,0.8590223
0.28746593,0.4043236
-0.17932901,-0.14136615
0.8369545,3.044023
-0.34210733,-0.25413847
0.5002683,0.97451395
0.85330194,3.1794934
-0.7432327,-0.5246941
0.8941621,3.6229498
0.55206543,1.1653749
0.23318332,0.3048078
-0.2532026,-0.19884141
0.80853087,2.7788944
-0.9119141,-0.78638625
-0.13634188,-0.11578718
0.5132678,1.0109121
0.6222809,1.5014036
-0.595443,-0.39269555
-0.9047907,-0.7462658
0.6057023,1.4066613
-0.15621546,-0.13366628
-0.71295255,-0.48484087
-0.8288633,-0.62392896
0.28127915,0.3657937
0.16563573,0.19161807
0.70798075,1.9988947
-0.936866,-0.83491236
0.7368545,2.2000263
0.77448624,2.4877462
-0.10740065,-0.09912074
-0.8466671,-0.65195024
0.8934864,3.6263926
-0.85594016,-0.66288763
0.18135062,0.21377423
-0.013686995,-0.015353525
0.6701729,1.7574816
0.0052137054,-0.0041112294
-0.06175944,-0.047467183
0.76130027,2.3673017
0.9280202,4.017475
0.09854022,0.12002922
-0.09055214,-0.08754373
0.66219026,1.7072915
0.6621869,1.7140191
-0.36123657,-0.27109534
0.15244731,0.19517896
-0.691766,-0.4828323
0.27108398,0.3484076
0.66797805,1.7527281
-0.62496984,-0.42484948
-0.35390592,-0.2709238
-0.102131434,-0.088829085
0.69016016,1.8828795
0.46274003,0.83540326
-0.36625922,-0.25797242
-0.5139329,-0.3430211
0.39140943,0.6569782
-0.04022507,-0.043255925
0.18710844,0.2316863
0.29739493,0.42462334
0.11737347,0.12970959
0.22614406,0.29608953
0.7750063,2.4862761
0.73639786,2.1934257
-0.7019315,-0.4859763
0.17299344,0.20705462
-0.121396005,-0.11392816
-0.42895985,-0.31205842
0.26229483,0.3544742
0.021767069,0.037416738
0.54980814,1.180308
-0.813138,-0.5947558
-0.3946385,-0.29031566
-0.9484355,-0.85625136
0.49191952,0.9198341
0.8249147,2.9102333
0.17475268,0.20783791
0.23395832,0.3239413
-0.90714973,-0.76525927
0.0075625964,0.008127442
0.053744465,0.056112625
-0.922051,-0.80234736
0.5647743,1.2284088
-0.44335973,-0.31905818
0.44689402,0.7990686
-0.1941493,-0.14831105
0.9912923,4.8720174
-0.5755897,-0.3915403
-0.8835288,-0.7223876
0.959811,4.4405165
-0.512316,-0.3493263
0.27066237,0.36447468
-0.25086355,-0.19266501
0.27925572,0.37968972
0.19211718,0.23540677
0.41454777,0.7017042
-0.9631133,-0.90523
0.67238843,1.7524577
-0.04266827,-0.036427766
0.037705604,0.017264625
-0.17794962,-0.16035983
0.97876495,4.6981325
0.60314274,1.4026825
-0.37721324,-0.27756715
0.56614256,1.2200555
-0.12601295,-0.11622447
0.7400267,2.2205489
-0.938307,-0.83749413
-0.289187,-0.23712263
-0.14036168,-0.1318912
0.48849916,0.92411816
-0.63539946,-0.4250987
-0.4274378,-0.30267096
0.44776058,0.78375113
-0.8463127,-0.6439216
-0.59775144,-0.41009998
0.5067331,0.9973869
0.7510573,2.286509
0.45765612,0.851726
0.05427657,0.07064173
-0.8018774,-0.6003117
0.6544515,1.6674526
-0.751922,-0.54265314
-0.2298431,-0.19056788
-0.8990013,-0.7471727
0.41935018,0.72129303
0.006989929,-0.0053447336
0.81521547,2.81579
-0.722515,-0.4926241
0.6383319,1.5911502
0.021337517,0.014071462
-0.26781523,-0.20196402
0.28713378,0.3896457
0.58083475,1.2911116
-0.119429454,-0.11813446
-0.53438866,-0.36750978
0.8315783,2.9931157
-0.3740045,-0.2747413
0.9964729,4.9445224
0.53464985,1.0930794
0.37563834,0.59413797
-0.97520053,-0.93727154
-0.10293735,-0.091963224
0.0049221516,0.0046205595
-0.2472472,-0.20299156
-0.7000538,-0.48647106
-0.2650991,-0.2079941
-0.8500533,-0.6707037
-0.41816217,-0.30103338
-0.8326414,-0.6406838
0.50484693,0.96408015
0.3423146,0.52663827
0.8798663,3.443528
-0.24014236,-0.21147844
0.57240194,1.2653415
0.17521441,0.2013166
0.29220685,0.39119783
0.09492254,0.11825076
0.5583203,1.1891246
-0.9160171,-0.77427125
-0.83902365,-0.6550818
-0.80815244,-0.61745644
-0.42261854,-0.30429232
0.18225758,0.2107541
0.2912351,0.41408667
0.42520735,0.73623693
-0.43847355,-0.30046192
0.3004255,0.42527318
-0.76462,-0.53274834
-0.98004156,-0.95173657
0.38936156,0.6332653
0.4312244,0.7454738
0.24428542,0.34269592
-0.4822601,-0.3217638
0.8549369,3.2020445
0.7513512,2.300166
0.031081121,0.04743392
0.97827953,4.67596
-0.4027609,-0.31049374
-0.01773143,-0.027099023
0.85584354,3.2067227
-0.07575574,-0.056813512
-0.057983544,-0.04444801
-0.8412148,-0.64977735
-0.5773072,-0.38481298
-0.68426955,-0.47430673
0.13053174,0.17100786
-0.36301684,-0.25588155
-0.8459391,-0.6562608
0.019944785,0.01961462
0.3384343,0.51630944
0.4730535,0.87588763
0.67503583,1.7678927
-0.03608721,-0.019497653
-0.21877629,-0.16790846
0.36824358,0.5826616
-0.9732705,-0.9281626
0.2670532,0.36395875
-0.18863615,-0.18517639
-0.09424943,-0.097206116
-0.40746093,-0.2750812
-0.74544895,-0.52021945
-0.19715068,-0.1842193
-0.38359535,-0.2878252
0.92023677,3.9041698
0.8870789,3.5327613
0.28783453,0.4017179
0.8074026,2.7697587
0.5025495,0.985718
-0.30821702,-0.23927762
0.20780133,0.25967777
-0.5593529,-0.38635498
0.3744165,0.6050069
-0.91038483,-0.7624587
0.6626835,1.7001195
0.16645965,0.1824699
-0.8831233,-0.7240647
0.74352235,2.2382753
0.7554028,2.3312795
0.7056317,1.9610069
0.54860395,1.147799
0.35585082,0.5484591
-0.20618175,-0.17878926
-0.7273217,-0.49819148
-0.42244944,-0.28229785
-0.30584574,-0.24022596
-0.28384706,-0.21260642
0.13097923,0.14714293
-0.58323437,-0.402544
-0.62067777,-0.42537433
0.4339254,0.76244515
-0.9849989,-0.9627397
-0.7009611,-0.48629558
-0.13008383,-0.1265525
-0.70183367,-0.47628364
0.9196251,3.920619
0.3402079,0.52782923
-0.13446097,-0.1125663
-0.77548933,-0.55514616
-0.22962742,-0.18103194
0.30120334,0.4274035
0.9376284,4.1397815
-0.054625273,-0.042484015
0.38482448,0.6120709
-0.609282,-0.39337713
0.24726674,0.33456805
-0.5218902,-0.33598748
-0.6037319,-0.41840377
0.018441124,0.007031797
-0.5766714,-0.38535774
0.44265506,0.78195864
0.8746732,3.4015856
-0.2127958,-0.18822907
-0.3550772,-0.26619118
-0.6482302,-0.43613243
-0.21920714,-0.1929708
0.11926818,0.13131234
-0.25406116,-0.19898081
0.24615243,0.33411
0.32484683,0.47654256
-0.8043409,-0.60387135
0.39556542,0.6492528
0.80063504,2.692689
-0.9474957,-0.8726946
0.10270442,0.10995356
0.20774874,0.25622654
0.41963068,0.7138605
-0.22846267,-0.19342737
0.63742065,1.5675402
0.07979293,0.08488988
-0.18212679,-0.14771403
0.4385134,0.76925087
0.85475105,3.2265005
0.6240033,1.4899352
0.86132956,3.275819
-0.46813047,-0.32681105
-0.7629741,-0.55861443
0.0686991,0.069982745
-0.91113913,-0.79126185
0.34917954,0.5345635
-0.51999694,-0.35816035
-0.091299824,-0.09051361
0.31112367,0.4397215
-0.033809394,-0.022536673
-0.5278759,-0.3612549
0.76074106,2.3715403
0.5290706,1.0786572
0.20214498,0.25435573
0.39708054,0.64882934
-0.16934821,-0.12966678
-0.24821581,-0.17668062
-0.67977685,-0.44894558
0.607183,1.4183652
-0.23791151,-0.19280921
0.38464794,0.63075024
-0.40011603,-0.29628035
0.59197855,1.362479
-0.7895132,-0.56861305
0.2500284,0.33026075
0.61518943,1.4606344
0.3205005,0.47634515
0.3922316,0.63509715
0.05197791,0.065171376
0.118063994,0.14659433
-0.8682131,-0.69661736
-0.4983937,-0.34760362
0.4438575,0.78329706
0.89084285,3.570707
0.08356191,0.07450506
0.45118266,0.8023968
0.36715975,0.56670696
0.9987686,4.999267
0.59000885,1.331624
0.25529468,0.34699833
-0.7696814,-0.55869055
-0.274676,-0.19800147
-0.4986021,-0.34490323
0.70735127,1.9766092
-0.107653975,-0.09048984
0.07059933,0.07855651
0.9296466,4.0506434
0.6733676,1.7746046
0.5796405,1.2897689
-0.7155607,-0.510422
-0.9544632,-0.8668324
-0.7489033,-0.5284621
0.48056665,0.9002195
-0.1785644,-0.15383051
-0.76506084,-0.54987997
0.478039,0.90147865
-0.6108319,-0.42070496
0.17808662,0.22406936
0.48308563,0.8939148
0.21612126,0.25641194
0.9872731,4.826412
-0.13167456,-0.12658715
-0.37638983,-0.2744695
-0.59760666,-0.40525544
0.007559262,0.011058577
0.70495987,1.973872
0.89383036,3.626123
0.94410974,4.2072678
0.06275668,0.07366804
0.21052068,0.26603433
0.16307953,0.17951159
-0.06805521,-0.06901792
-0.6955204,-0.49301562
-0.8690826,-0.712246
-0.12672421,-0.116841406
-0.6276646,-0.41132596
0.7733035,2.470999
0.5233999,1.068052
0.23681341,0.31082398
-0.90517604,-0.7483273
0.24449083,0.33779392
0.2421384,0.30973622
-0.12157749,-0.10769153
0.31550598,0.4522678
0.7158291,2.0441082
0.5159737,1.0436007
-0.053131595,-0.0568672
-0.475431,-0.34192073
-0.044325408,-0.05364409
0.89194167,3.5905793
0.6399731,1.624199
-0.94592065,-0.8395078
0.5659265,1.199345
-0.6588847,-0.44686535
0.14222267,0.15950449
0.6130351,1.4569128
0.12257685,0.12790705
-0.19227855,-0.17167659
-0.35746473,-0.27058446
-0.3897995,-0.28991285
0.674855,1.7915399
0.6501018,1.6388806
0.6467533,1.6337323
-0.43454197,-0.31571013
0.59783554,1.3816787
-0.92673033,-0.82133186
-0.58708745,-0.38956726
0.029005978,0.024873607
-0.18650767,-0.14830957
-0.7762235,-0.58456373
-0.9165591,-0.7954075
0.22234227,0.29744065
-0.37303743,-0.27566877
-0.9680765,-0.9271332
-0.13821074,-0.12850408
-0.38646576,-0.27730882
0.1532147,0.17281248
0.8596279,3.2609017
-0.38426733,-0.269071
0.994273,4.9214253
-0.8279103,-0.618794
-0.82344365,-0.6277054
0.42591986,0.74638927
0.4972636,0.96979713
-0.15425761,-0.13494271
-0.4279048,-0.3202369
0.5880042,1.3032211
0.9124779,3.8405583
0.9798038,4.688982
0.26890817,0.358087
0.48022947,0.9050984
0.64449316,1.5983012
0.59773964,1.3969079
0.9867846,4.807602
0.6208637,1.5012833
0.32514486,0.4904745
-0.24756812,-0.22400478
0.19597322,0.25111377
0.7607189,2.3691132
-0.38903987,-0.28319898
-0.9386949,-0.8373314
-0.3456356,-0.24757661
0.9204601,3.942576
0.5881351,1.315573
-0.62572026,-0.4210328
-0.97599804,-0.917336
0.33823884,0.5067823
0.15801744,0.18968438
-0.83403605,-0.6361091
0.9319928,4.0889487
0.2355864,0.31545228
0.30304196,0.45440158
0.7071956,2.0054572
-0.32587346,-0.24895385
0.11650597,0.13487455
0.15237665,0.20027608
0.9347111,4.090435
-0.737027,-0.5089697
0.51782614,1.0416672
0.15030241,0.17411171
0.69075805,1.8786265
0.6639035,1.7181234
-0.9759394,-0.92417103
-0.48709065,-0.3217973
-0.6383653,-0.42355064
-0.07657871,-0.083709426
0.81057495,2.796847
-0.9899879,-0.9586289
-0.023616048,-0.025527213
0.76958686,2.4318342
0.85242486,3.1674259
0.31459722,0.46832508
0.6595046,1.6764483
-0.35186362,-0.25069553
-0.42808107,-0.30858222
-0.9017607,-0.7540655
0.006405246,-0.027767258
-0.088335976,-0.09889991
-0.25616902,-0.21094745
-0.7733318,-0.56582975
-0.53847367,-0.35826603
-0.59264874,-0.3962891
0.88793683,3.5693753
0.9329207,4.084529
-0.9931568,-0.9862499
-0.6589042,-0.4342891
0.7775616,2.4974248
-0.9233198,-0.80742294
0.88690305,3.538649
-0.2398707,-0.177426
0.07737152,0.094370164
0.52763927,1.0815425
-0.5121898,-0.3310415
-0.798652,-0.5783437
0.6198964,1.4692934
0.9692528,4.562652
0.31755602,0.4800507
0.6504486,1.6289735
0.8826248,3.4916174
-0.5428404,-0.3791082
-0.29918808,-0.22955588
-0.5619479,-0.3685823
-0.8764325,-0.69518024
0.4645516,0.84698075
-0.7086848,-0.48228136
-0.8145812,-0.62495077
-0.28473026,-0.23952577
-0.8788878,-0.7018755
-0.6408834,-0.46306443
-0.8601176,-0.6869469
0.75455564,2.3290527
0.5594688,1.202582
0.7190296,2.0388958
0.73666215,2.1957881
0.8890181,3.5533874
-0.62669086,-0.42128736
0.80001813,2.6831963
0.050077803,0.045795903
-0.6675379,-0.47137135
0.31154674,0.44761294
-0.34599894,-0.24597019
-0.90706104,-0.77190745
-0.84270406,-0.65544575
-0.15256803,-0.13942829
0.6529671,1.6453645
-0.37794447,-0.28637427
0.5322517,1.0915117
-0.8885121,-0.7064217
-0.212535,-0.16560216
-0.7451195,-0.5188417
0.7270967,2.1427839
0.9358764,4.1212077
-0.3487686,-0.2491711
0.9777253,4.6777782
0.5046151,0.989824
-0.9975322,-1.006718
-0.029456448,-0.031713296
0.66820127,1.7399879
0.06775076,0.06652476
0.099921554,0.10427657
-0.10460076,-0.08038661
-0.20992225,-0.17725676
-0.94520646,-0.85396194
0.24346612,0.34418997
0.5334527,1.1017653
0.5803557,1.2919993
0.24927229,0.3423052
-0.3174455,-0.24842317
-0.95478064,-0.88022655
0.7915591,2.613811
-0.14190756,-0.12178397
0.2023509,0.25826517
-0.6108878,-0.42097935
-0.7160886,-0.49178034
-0.8263646,-0.62077796
0.5975304,1.3668921
0.29292142,0.4117213
0.24231851,0.3081791
0.8387955,3.0276859
-0.6825755,-0.4772519
-0.6594613,-0.43975273
-0.6210617,-0.41329062
-0.15326114,-0.11362949
0.7484435,2.276888
0.7629483,2.386998
0.18117547,0.22459114
0.3162858,0.45046562
0.7955247,2.6600018
0.24843791,0.33407003
-0.5404006,-0.37646002
0.40982813,0.6901099
0.5397816,1.1267201
0.27068925,0.35730365
-0.45286107,-0.30706692
-0.2001643,-0.17133676
-0.058815185,-0.08625141
-0.70940316,-0.47984225
-0.09555349,-0.07379272
-0.67760515,-0.47284693
-0.0010965118,-0.01780542
-0.8983785,-0.7368881
0.89706296,3.6459925
-0.5073103,-0.33442715
-0.06597138,-0.079808205
-0.9344956,-0.81328523
-0.61455697,-0.40326872
0.38649,0.6299383
-0.7763988,-0.5804075
0.25629833,0.34062
-0.99586225,-0.97761387
-0.06998135,-0.08227437
0.44268727,0.7755966
0.85258573,3.1820817
-0.014327648,-0.025714995
0.68106496,1.8355228
0.6051827,1.4194137
-0.40845844,-0.29087916
0.74946725,2.2884564
0.28056595,0.38389876
-0.7916307,-0.5733207
0.87822556,3.4381921
-0.6466465,-0.43907478
-0.059278104,-0.060884982
-0.06726923,-0.04867413
0.25047326,0.34591636
0.32991353,0.48038596
-0.53418434,-0.3499566
-0.29511502,-0.23635808
-0.7108196,-0.4723528
-0.74796855,-0.51237446
0.6501347,1.6643368
0.5014427,0.9768299
-0.114633024,-0.105650656
-0.8081814,-0.6040887
-0.100156516,-0.08728752
-0.41108862,-0.3048877
0.55583847,1.1609395
-0.8067213,-0.6030712
-0.09726289,-0.08823286
0.18277408,0.2291615
0.9714505,4.5916862
-0.82078373,-0.6173021
-0.77207905,-0.5435293
0.9760983,4.6439714
-0.18874969,-0.1655383
0.4874286,0.94587505
0.56695074,1.2006791
-0.37088117,-0.26125035
-0.57139957,-0.38013944
-0.4478176,-0.31488955
0.52878684,1.084749
0.6809589,1.829057
0.39900988,0.64261305
-0.11754486,-0.1149229
-0.4748731,-0.33455756
-0.14950192,-0.15128028
0.8290532,2.9502127
0.7263911,2.1243274
-0.35324758,-0.25081542
-0.34411836,-0.2564736
0.5599481,1.1949176
-0.1468519,-0.12581652
0.14544562,0.16940217
-0.15536451,-0.12663366
-0.5153224,-0.35288683
-0.62229246,-0.4104901
-0.72091657,-0.50310224
-0.97715443,-0.9216102
-0.43876708,-0.30814424
-0.6571828,-0.45115754
-0.48409915,-0.3381944
-0.848392,-0.6534556
-0.31688127,-0.25410616
0.03991718,0.04028136
0.8891428,3.5740747
-0.30585608,-0.22967689
-0.93795407,-0.84685487
-0.27527124,-0.21308185
0.6344486,1.5437587
-0.31970546,-0.24119888
-0.41653866,-0.28394264
0.8379903,3.0357687
-0.40554145,-0.3030145
0.9405234,4.173609
0.66527146,1.7304398
0.36849985,0.5904869
0.19665255,0.25555068
-0.5504388,-0.38385272
0.46079686,0.8335934
-0.30572373,-0.23082986
-0.02871568,-0.0339618
-0.7918624,-0.5745298
-0.40769178,-0.30635953
0.058238935,0.06445446
-0.063917376,-0.04980424
-0.31297368,-0.2385464
-0.05614009,-0.051398546
0.48985228,0.9415768
-0.08134887,-0.07967038
0.012312943,0.01868679
0.40229216,0.66566074
0.6832296,1.8266687
0.053727556,0.0658012
0.8963512,3.658117
-0.29310513,-0.2155728
-0.49489003,-0.3318594
0.38617975,0.62884414
-0.6485005,-0.43487903
0.7999357,2.6877878
-0.22685163,-0.19164282
0.3962973,0.6293689
0.14036705,0.1476047
-0.8912183,-0.736044
0.41815743,0.6967258
0.58000946,1.2944963
0.96494484,4.5155864
-0.16774467,-0.17592055
0.0058631357,-0.0038272387
0.7497347,2.307967
-0.46160537,-0.3140976
-0.6217147,-0.42009544
-0.73417944,-0.5189838
0.9565044,4.3900485
-0.45928153,-0.31137106
0.514789,1.0099081
-0.10066569,-0.07654191
-0.51884925,-0.35046715
0.8266676,2.9374232
-0.072385,-0.057259236
0.13191079,0.15507196
-0.55501306,-0.37126112
-0.3516954,-0.25641084
0.4953751,0.9488145
-0.31391045,-0.23315671
0.0119171,0.009465236
-0.77128905,-0.55428684
0.7001329,1.9576654
0.47516325,0.88306427
0.5214897,1.0519218
-0.6436296,-0.43659076
-0.009687695,-0.01325301
-0.94491744,-0.83253616
-0.36982185,-0.28648987
-0.30396095,-0.23318967
0.82738036,2.9226575
0.9855656,4.8001504
0.2354918,0.30719155
0.033537503,0.030013166
-0.11982213,-0.1253538
-0.9634075,-0.8821579
0.6002331,1.3711993
0.34365168,0.5259394
0.2985715,0.4339699
0.61808676,1.4941418
0.8561084,3.2080314
-0.22093996,-0.189609
-0.1471942,-0.13258964
0.950278,4.2959247
0.3288497,0.4692587
0.70270216,1.9750026
-0.5568609,-0.3810151
-0.3658496,-0.27120727
-0.21678954,-0.17197594
-0.36613378,-0.25590968
0.768494,2.418161
0.023020392,0.027139008
0.9072942,3.7576277
-0.35735512,-0.2614709
-0.92551076,-0.8041297
-0.72387713,-0.50810325
-0.56585914,-0.3800035
0.2799394,0.39062154
-0.6378242,-0.43135983
-0.23700295,-0.19378376
0.59077364,1.3261042
-0.75048196,-0.54170257
-0.83903974,-0.6520962
0.07994046,0.07679912
0.39613804,0.64387524
0.8219064,2.883308
0.32395336,0.4783607
0.89235777,3.6048026
-0.51094794,-0.34837133
-0.31635746,-0.23989938
0.6786194,1.8130344
0.6221076,1.4836874
0.32978073,0.4817973
0.012048611,0.008463441
-0.9645772,-0.90792733
-0.4391121,-0.32763928
-0.683325,-0.46065557
-0.89765036,-0.75870955
0.5521594,1.1877741
-0.7373758,-0.51528645
-0.28517422,-0.23733114
0.95491374,4.369681
-0.18169315,-0.1534543
-0.7169872,-0.49379745
0.37952477,0.6018759
0.6198834,1.4721993
-0.4416986,-0.32613733
0.618702,1.4626966
-0.45695785,-0.33356833
0.38622367,0.6202762
-0.75039274,-0.53121483
-0.1443541,-0.14162332
0.04098789,0.051766474
0.45056716,0.8062471
0.3000624,0.4519271
0.7066856,1.9806168
-0.6314179,-0.4035516
0.3224931,0.48179922
-0.7444998,-0.54397815
-0.04384016,-0.053905636
0.04911506,0.054831445
-0.94547313,-0.8706344
-0.8592866,-0.6876339
0.6785436,1.7912887
-0.42642328,-0.2817737
-0.3077097,-0.22496714
0.28081244,0.38638622
-0.55857074,-0.3627494
-0.61427486,-0.4012289
-0.15691794,-0.122543976
-0.8820066,-0.7244009
0.8339405,2.9932818
0.8802178,3.4546878
-0.10359967,-0.09501258
-0.5815212,-0.40027517
-0.05885081,-0.066321224
-0.80013365,-0.57894045
-0.20440537,-0.1630592
-0.8526689,-0.67649853
0.4123314,0.7027312
-0.4485729,-0.31220138
0.041318968,0.03994616
-0.9729213,-0.90711904
0.049272925,0.05488038
-0.9934641,-0.96287143
0.85038435,3.1618161
0.0023157871,0.008839886
-0.79986703,-0.60066307
-0.31789044,-0.24756566
-0.90786576,-0.7547619
0.061790865,0.07747974
-0.7553136,-0.5396659
-0.05378496,-0.06456918
-0.38898423,-0.26594567
0.5231668,1.0648351
-0.035489436,-0.04571736
0.6963706,1.9064665
0.88269675,3.5108902
0.9390497,4.1516542
-0.47960728,-0.33726895
0.53513736,1.0938474
-0.12377836,-0.10659331
-0.14765368,-0.14266878
0.7364608,2.1914637
-0.7086622,-0.50294167
-0.044379383,-0.056490585
0.18576647,0.21444207
-0.86775315,-0.70645934
0.7290285,2.1436057
-0.3713218,-0.2654611
0.31363928,0.45394596
0.85616,3.2077491
0.43950945,0.78510934
0.77202106,2.4646087
-0.86091065,-0.69320333
-0.014530652,-0.010816935
0.12966426,0.15196627
0.37807778,0.61040634
-0.7662835,-0.5209736
0.31357855,0.44726148
-0.7080129,-0.48272902
-0.8647744,-0.67306197
-0.061361585,-0.04063164
0.20075057,0.25289747
0.91623527,3.8622582
0.39725086,0.63459593
0.18278152,0.23188202
-0.5708702,-0.3820184
-0.6959113,-0.4760414
0.21454646,0.27585205
-0.55410194,-0.36537978
0.41321018,0.70116824
-0.7710458,-0.55014086
-0.32072836,-0.24960203
0.5461735,1.1553885
0.66207415,1.7042159
-0.30951846,-0.2273545
-0.58656013,-0.39930168
0.9163997,3.8831947
0.522152,1.0679396
0.6141186,1.459061
-0.5544967,-0.36123985
-0.1511227,-0.13500758
-0.86358255,-0.6850117
-0.781201,-0.569731
-0.5580819,-0.39417312
-0.39353073,-0.27437657
0.9943696,4.9218645
-0.15582287,-0.12984869
0.39575157,0.6609081
0.80889434,2.7555447
-0.50788635,-0.361956
-0.7105556,-0.47822142
-0.5134836,-0.35208714
0.76484334,2.4033425
0.33137208,0.4789489
-0.09732975,-0.07397643
0.6405655,1.5966572
-0.52654713,-0.36464378
-0.52164924,-0.3352034
0.13444018,0.14168017
0.5801255,1.2875854
-0.48088297,-0.32320812
-0.5799313,-0.37960637
-0.0520506,-0.064406745
-0.7315906,-0.5138748
0.4956235,0.9607167
0.15466185,0.19767296
0.025082419,0.039616972
0.7445268,2.2545998
0.46512365,0.8515576
-0.7014604,-0.48407933
-0.15913637,-0.13232155
-0.3574589,-0.2505261
0.60413885,1.4011756
0.43807358,0.764283
-0.055979826,-0.041559707
0.64729303,1.6372898
-0.17986572,-0.15747358
0.60710406,1.404577
-0.9358502,-0.847595
-0.73076206,-0.5089052
0.5119488,1.0010308
-0.7712215,-0.54525125
0.3675221,0.56001925
0.4471476,0.81047976
0.3243907,0.47505277
0.63646424,1.5599229
0.02323414,0.018375235
0.7940741,2.6300068
0.13899246,0.17656869
0.015745938,0.022714136
0.01877462,0.020102363
0.82416445,2.8928208
-0.51260793,-0.35143515
0.3900709,0.62605315
-0.5147684,-0.37842616
-0.81565005,-0.6183468
0.90748775,3.7780952
-0.74054927,-0.5244928
0.37238652,0.5876386
-0.15088254,-0.1207019
0.67420274,1.7897456
0.54640436,1.165546
-0.71246314,-0.5143567
-0.06436651,-0.06889696
-0.94493544,-0.8427851
-0.14095297,-0.11923261
0.40043163,0.6619853
-0.53568757,-0.37026122
0.6200668,1.484709
-0.8936703,-0.73924065
-0.93086725,-0.83757466
-0.9450949,-0.8501129
-0.43994626,-0.31573555
-0.06578838,-0.053316865
-0.785106,-0.5675541
0.9934872,4.922711
0.99912214,4.9868464
0.03960473,0.030324835
0.13601907,0.13253905
0.8536168,3.179067
0.53958553,1.1221236
-0.66410464,-0.4442987
0.5849778,1.3069048
-0.5381193,-0.36994302
-0.13950434,-0.12173256
0.06501649,0.07333804
0.43399858,0.76517457
-0.6996994,-0.48657584
-0.8476603,-0.666976
0.73224664,2.1793108
0.65358496,1.6795259
0.046530683,0.043507174
0.3247276,0.4905729
0.43860263,0.79063547
-0.046937287,-0.031663377
-0.48553902,-0.3432926
-0.037215184,-0.034831785
0.901596,3.6863494
0.675665,1.7802266
-0.068905,-0.06461628
-0.54884195,-0.36980602
0.77922887,2.5086246
0.2764822,0.35400188
-0.1905201,-0.15813552
-0.77668494,-0.5534269
0.5035273,0.9890427
-0.36605525,-0.2717849
0.21261182,0.2685527
0.13923447,0.16421315
0.39924616,0.66192293
0.075242214,0.08042955
0.2608231,0.32920042
-0.83691514,-0.6287065
0.33055735,0.48718774
-0.6116182,-0.424225
-0.21603855,-0.1816671
0.025069045,0.026830524
0.37375435,0.58637387
0.4848547,0.9105798
0.40984535,0.68319404
-0.80978906,-0.59964424
-0.22619206,-0.19256617
-0.43866986,-0.30649206
-0.20315695,-0.18271446
0.29374638,0.43507114
-0.6141586,-0.40300483
0.004198737,0.0014697466
0.76974314,2.4429603
0.46225372,0.82978857
0.45073023,0.8109516
0.69743276,1.9331468
-0.20151001,-0.16510643
0.51896566,1.0472645
-0.8825912,-0.71996146
-0.88714606,-0.7294374
-0.33640268,-0.2594057
-0.6063061,-0.4028206
0.037077166,0.030139228
-0.63359505,-0.42331243
0.95114774,4.316264
0.70221025,1.9688956
0.9650674,4.505621
0.6155261,1.4419358
0.9022194,3.704393
-0.26378953,-0.21589047
-0.0041898442,-0.011491203
-0.5204123,-0.3456831
0.27161214,0.3503101
0.5764606,1.2886589
-0.0025156597,0.007476002
-0.4072543,-0.2907809
0.015344388,0.019075498
-0.8742096,-0.7038551
0.4422389,0.78105617
-0.09678606,-0.07698247
0.79646844,2.6567686
0.84650064,3.1237485
-0.74899036,-0.5378956
0.99222195,4.889858
0.93964505,4.161584
0.25426283,0.34487253
0.65089536,1.6379981
-0.96312606,-0.8927002
0.9407711,4.1782165
-0.08737215,-0.064703524
0.8194004,2.8637536
-0.22975029,-0.18201405
0.57635295,1.2695183
-0.16410829,-0.13786925
-0.27458677,-0.21102819
0.8935516,3.6090205
0.39822307,0.6507959
0.6801622,1.8089583
0.08671627,0.094188996
0.8366975,3.0161128
0.47992092,0.9022136
-0.8556647,-0.6805193
0.53374153,1.0939223
-0.9625791,-0.9052376
0.65813786,1.6988882
-0.3362679,-0.25248057
0.19656949,0.24475014
0.49875402,0.97027415
0.27392992,0.39444807
0.34474045,0.524362
0.7853315,2.5506136
-0.25205603,-0.18969917
0.0942903,0.09053262
-0.6501426,-0.4447208
-0.06491384,-0.049031768
-0.6999273,-0.4842569
0.26717108,0.358356
-0.35149723,-0.2586623
0.71802896,2.060548
-0.31284475,-0.24594323
-0.4263322,-0.29433495
-0.017458407,-0.0048790853
-0.6493426,-0.42526847
-0.59238774,-0.39363325
0.56629217,1.2226483
-0.0055491948,-0.01807137
-0.5873161,-0.41903102
-0.9369544,-0.8226886
-0.067045085,-0.060886875
0.48526025,0.9131737
-0.29761988,-0.2492269
-0.5040715,-0.35787547
-0.20724088,-0.1893855
0.9182591,3.9140089
-0.15367581,-0.12685981
-0.48072383,-0.34604895
0.13848507,0.17708851
0.6214875,1.4824643
-0.9553354,-0.87387496
0.116203375,0.13499545
0.6726248,1.7707872
-0.56875247,-0.38715842
0.84336597,3.0873878
0.15539125,0.18116368
0.033452876,0.037101697
0.92732304,4.012779
-0.74069655,-0.5256274
0.48028234,0.91151774
0.6371426,1.5631659
-0.022886965,-0.018472861
-0.9870486,-0.965531
0.04867301,0.042473335
-0.6929761,-0.47751057
0.12514104,0.13642871
0.47723722,0.89690125
0.06214286,0.06531489
0.261604,0.367545
-0.7921089,-0.58934265
-0.80590856,-0.6199424
0.7018815,1.957273
-0.9013403,-0.7388443
-0.43140006,-0.3009985
0.87539315,3.4044054
-0.08226577,-0.08624203
0.34907717,0.553759
-0.5566193,-0.38048184
-0.45897424,-0.3311434
0.018001094,0.03023527
0.2762001,0.3795116
0.9209222,3.91144
0.14883994,0.19568336
-0.8080618,-0.59505385
-0.26616135,-0.22560877
-0.5116648,-0.33638996
-0.49119756,-0.34929532
0.010774899,-0.00018802033
-0.36666715,-0.27898854
-0.42138225,-0.28100303
0.9360379,4.1390195
0.16791725,0.1962972
-0.47644234,-0.31356218
-0.44826114,-0.3379888
0.62205625,1.5017339
0.77295166,2.478709
0.35806242,0.56956536
-0.13710634,-0.11981165
0.52914804,1.0828499
0.8747638,3.3999498
-0.66759884,-0.45317256
0.7234113,2.0956588
0.69764525,1.9238347
-0.2669961,-0.19967094
-0.4164278,-0.29553077
0.13062029,0.16717139
-0.45541245,-0.31655952
-0.7092454,-0.46750224
0.9061578,3.768828
-0.01726842,-0.01784329
-0.055487834,-0.05082485
-0.74779373,-0.5362962
0.00830573,0.009977361
0.48566604,0.90892273
-0.5039074,-0.33264813
-0.26222268,-0.21144041
-0.6421694,-0.43019804
-0.28984857,-0.24798785
0.7225631,2.0887837
-0.52587986,-0.36221817
-0.9409168,-0.8330904
0.072446376,0.08332952
0.15898451,0.19920263
-0.34217855,-0.25171208
0.28313747,0.40655446
-0.92419595,-0.79995453
-0.31885248,-0.25632417
-0.71085626,-0.49181888
-0.5403878,-0.36736694
-0.23493125,-0.22302635
-0.013178835,-0.02317278
-0.8136011,-0.58812255
-0.7973616,-0.5893614
0.34808972,0.5301713
-0.1917352,-0.18271257
-0.6469561,-0.45081282
-0.53016585,-0.35614488
0.4401125,0.7684454
-0.8964823,-0.75751376
0.017486235,0.030771265
-0.27935752,-0.22574061
0.6222943,1.4808025
0.580214,1.2916839
0.37840328,0.5958874
-0.23043253,-0.19556168
0.26247254,0.3548273
0.2796975,0.38120526
-0.33560026,-0.26901186
0.75994974,2.3689501
0.96971506,4.572317
-0.37112007,-0.2750807
0.6024546,1.4013671
0.001816533,-0.0018692123
-0.0726952,-0.08686842
-0.22687419,-0.17606741
-0.41594937,-0.2984095
0.8390157,3.0464053
0.4816301,0.90398186
-0.11859414,-0.10783895
0.50312924,0.98137003
0.43719938,0.76603174
-0.465325,-0.31185016
-0.6477354,-0.43354768
0.67259836,1.7833344
0.62281245,1.5115372
0.99372536,4.8905506
-0.96127343,-0.8796543
0.08076137,0.09438749
0.4026455,0.67179835
0.16508013,0.20759116
0.42088404,0.7145233
-0.7254776,-0.4989202
-0.996968,-1.0015366
-0.8139359,-0.6231278
-0.23988037,-0.18830737
-0.34213343,-0.2568073
0.7480062,2.2732322
-0.83294743,-0.6446101
-0.11458771,-0.098897524
0.9156449,3.8640213
0.0058074957,0.005375806
-0.7351998,-0.519573
-0.41746566,-0.30627048
0.25358295,0.33730724
-0.97602105,-0.91956204
0.9362007,4.115891
0.13395366,0.1533997
0.40827838,0.6795054
-0.0020777835,-0.008444565
0.9158484,3.883006
0.1784421,0.20354377
0.3239674,0.47665468
0.7216751,2.0769155
0.7231133,2.1009176
-0.9436573,-0.8474674
-0.43339825,-0.29515767
-0.50736374,-0.34056073
-0.9867102,-0.960358
0.7535651,2.3222525
-0.36571985,-0.2611798
-0.30609453,-0.24411337
-0.8007552,-0.5833471
0.9794426,4.7029343
0.6525023,1.6605158
0.14372462,0.16376266
0.54386073,1.1270373
0.5542262,1.167934
0.31346262,0.42112038
-0.65197766,-0.4482518
0.44062972,0.79903305
0.13923484,0.16997272
0.4481438,0.8005725
0.086906426,0.10478793
0.9126741,3.8303826
0.25405085,0.3362944
0.14736089,0.16991478
0.68557644,1.8428304
-0.24152689,-0.20123711
-0.36841267,-0.2712116
0.006337667,0.007022722
0.16893502,0.21650943
-0.5590358,-0.36791
0.36456302,0.5551701
0.6047494,1.4033358
0.15463966,0.17185514
0.045927126,0.022054726
-0.41071555,-0.29366997
0.81916606,2.8648024
0.50899947,1.0019531
-0.039426263,-0.03356174
0.31821382,0.4618653
-0.32624125,-0.25717586
-0.88036513,-0.71944946
-0.5921448,-0.38530457
-0.84102374,-0.6452941
0.016351363,0.0014158295
0.24412726,0.32399464
-0.23910742,-0.18038045
0.06030846,0.07179234
-0.82913023,-0.61804396
0.5399169,1.1047925
-0.9344359,-0.8259416
0.26885116,0.36371148
-0.13330692,-0.11168172
-0.6323925,-0.43507627
0.04611174,0.03967512
0.56189644,1.2106956
-0.17295517,-0.15669285
-0.26458195,-0.20690186
-0.71507925,-0.5152825
0.18915197,0.24497765
0.65602744,1.6476128
0.1226831,0.14888231
-0.6698249,-0.46103144
0.32245567,0.4597637
-0.93971646,-0.83777255
0.6761079,1.8013898
0.84299034,3.0949726
0.19407298,0.25199872
0.76356,2.3826368
-0.8309888,-0.63163817
-0.543311,-0.38648912
-0.36547872,-0.26860854
0.54633343,1.149028
-0.03152031,-0.034308486
-0.3033051,-0.25167415
-0.6838606,-0.47280857
0.621286,1.5077299
-0.95895314,-0.8825854
-0.32545906,-0.2512878
-0.51444876,-0.35352594
-0.7419793,-0.51788145
-0.655917,-0.45968717
-0.012405888,-0.027226225
-0.147887,-0.1362051
0.036738407,0.033026557
0.45524073,0.8372731
0.78465754,2.560667
-0.7630758,-0.5499571
-0.83464426,-0.6386408
-0.3592907,-0.28615323
0.0926023,0.09301101
-0.8002253,-0.5978624
0.43194357,0.7387498
0.112188436,0.13870774
0.4969226,0.9644372
-0.2841724,-0.2338038
-0.19780686,-0.17785926
0.6151431,1.4449888
-0.4659811,-0.32671395
-0.23716615,-0.18984367
-0.973014,-0.9191146
0.11064155,0.114259854
0.7029276,1.9583287
-0.94421744,-0.85070443
0.2275794,0.306421
0.69089705,1.8910445
-0.01213623,-0.026343346
-0.3739567,-0.29300305
0.99316764,4.897333
-0.87033755,-0.7040935
-0.57915306,-0.4002553
0.7704892,2.4379466
-0.40538627,-0.28581443
0.6396933,1.5701996
-0.33359742,-0.2326986
0.6239619,1.4951961
0.37145752,0.59312826
-0.062955126,-0.06591698
0.045890655,0.032915216
-0.6446809,-0.43708912
-0.7682321,-0.56325954
0.43388557,0.7561129
0.69714636,1.9226103
0.44394162,0.77765936
0.8257294,2.920844
0.78015685,2.5334845
0.55637455,1.1861912
0.79625386,2.6498904
-0.6655528,-0.44778323
0.46272212,0.84738064
0.5073532,0.9923827
-0.6920468,-0.46018836
0.81916654,2.856039
-0.9824295,-0.9342238
-0.13079001,-0.12221422
-0.9570419,-0.87315285
0.04671569,0.04680704
-0.17568769,-0.14677353
0.24612388,0.3059211
0.53288823,1.11348
0.53715044,1.1118025
0.4444432,0.7962907
-0.7962451,-0.5989379
-0.16512294,-0.14002298
0.631901,1.5419128
0.30860037,0.43451622
0.3620558,0.5768573
-0.54614794,-0.3689323
-0.34988028,-0.2610942
0.9116224,3.8268018
0.6938505,1.8933612
-0.67015654,-0.4538784
0.08938614,0.09906158
-0.018985465,-0.017290417
-0.11268028,-0.09099804
-0.05877286,-0.059755113
0.28577703,0.3940606
0.9342988,4.090528
0.7506507,2.286385
0.7502528,2.3009949
0.40675348,0.67729896
-0.96482474,-0.89137137
-0.119078934,-0.10370032
0.02225247,0.014017676
0.6849826,1.8314573
0.8456841,3.0952024
-0.096908234,-0.09725606
-0.39908072,-0.27793524
-0.3252906,-0.23333454
0.15732451,0.18760797
-0.45005608,-0.30683318
0.8214775,2.8745875
-0.16269603,-0.1462242
0.98012835,4.717414
-0.7809695,-0.5642391
-0.62424153,-0.41342372
0.023181371,0.024243768
0.7366108,2.1864095
-0.29209378,-0.22870047
0.67493576,1.788579
-0.14909482,-0.12736073
0.70598406,1.9707441
-0.44513714,-0.31462458
-0.056216504,-0.06843002
-0.44253737,-0.31547502
-0.56955296,-0.39383197
-0.15770856,-0.16669674
-0.3305865,-0.22733253
0.5742939,1.2570412
0.4952771,0.9426282
-0.28289318,-0.2046822
0.9845479,4.761219
0.94767565,4.253273
0.83566695,3.010745
0.17301598,0.20423104
-0.17537852,-0.15562858
-0.3739541,-0.28333706
-0.96993583,-0.9169296
0.26361346,0.37389162
0.10632382,0.10286551
0.25974303,0.35887346
0.15190983,0.19444233
-0.7245681,-0.51031303
0.39075878,0.6393066
-0.27912846,-0.21980707
0.032589667,0.016494649
-0.26869246,-0.19989365
-0.95600027,-0.87868303
0.75310767,2.306155
-0.7025331,-0.49847293
0.16434613,0.20185316
0.76626205,2.413783
-0.5573415,-0.37106824
-0.17597054,-0.14411116
-0.24453604,-0.20479152
-0.821559,-0.6540254
-0.15296546,-0.13378184
-0.04104303,-0.041196708
-0.94680536,-0.8547339
-0.023712486,-0.00798445
-0.8123397,-0.60727173
0.78492534,2.5690954
0.3003155,0.43193802
-0.8871461,-0.7422718
0.65408605,1.651609
-0.2768011,-0.2056091
-0.5487657,-0.38075262
-0.49215758,-0.3356617
0.19543718,0.23260231
-0.83689415,-0.6351805
-0.8825097,-0.71726567
0.2550261,0.3389812
0.96381897,4.4894314
-0.03314317,-0.02948295
-0.17343335,-0.15504576
0.8943954,3.6221642
-0.51801884,-0.34728462
-0.5189179,-0.3434142
0.8102322,2.7774591
0.29386237,0.4331071
-0.89243245,-0.7459759
0.3479548,0.51534575
0.6400631,1.5731204
-0.45209336,-0.31731853
-0.23421425,-0.1897814
-0.60464674,-0.4060069
0.26669255,0.35651326
0.32838973,0.5093486
-0.86292833,-0.6697434
0.3554093,0.5368024
0.31690916,0.4614319
-0.9297311,-0.8159937
0.110740155,0.13138494
0.22787687,0.27970687
-0.13968869,-0.13971518
0.80263436,2.6998744
-0.34326136,-0.24171999
-0.86564326,-0.6960693
0.34370598,0.5292806
0.2104405,0.2723073
0.97811705,4.6793804
-0.53738344,-0.35693455
-0.20901123,-0.18522198
-0.07764041,-0.07676122
0.7230158,2.0724058
-0.17086402,-0.14497429
0.5442966,1.1294266
-0.68611455,-0.446893
-0.18043122,-0.15229434
-0.6900451,-0.46398646
0.89935774,3.6847858
-0.6444854,-0.43625966
-0.16185454,-0.12940165
-0.83547854,-0.6401468
0.84276706,3.0859697
0.24763754,0.35242003
0.9249125,3.9822106
-0.9154567,-0.79050356
-0.650043,-0.44675872
-0.23990235,-0.19446932
0.2427198,0.321417
-0.34096465,-0.25484842
0.42374805,0.7094851
-0.6697409,-0.4777898
0.20127311,0.24222195
-0.20406765,-0.16895477
0.016481956,0.01739006
0.13926612,0.16633613
-0.88020825,-0.711861
0.8480485,3.1280084
0.57218367,1.2452182
-0.115088426,-0.09800159
0.09493899,0.10715824
-0.9349288,-0.8392659
-0.004105333,0.0021592032
-0.14736812,-0.1188787
-0.25102946,-0.19296367
0.6307043,1.5470583
-0.63615125,-0.43682346
-0.6473795,-0.4291422
0.04335565,0.043742143
0.37428766,0.6142327
-0.95511895,-0.8678847
0.09168098,0.105228126
-0.40260175,-0.27291277
0.513763,1.0137267
-0.062256187,-0.053100705
0.66815054,1.7676655
-0.20604804,-0.16277719
0.6541791,1.6665487
0.43301415,0.74938804
0.65651476,1.6685417
0.6248409,1.5040045
-0.027271163,-0.034735486
-0.2638172,-0.21131518
0.5302897,1.0805277
-0.27695185,-0.20735101
-0.82120687,-0.62340516
0.7176893,2.0521786
-0.20560353,-0.16173023
-0.7347921,-0.5073227
0.29295364,0.4110059
0.7795465,2.5241427
0.72193104,2.0844882
0.10889364,0.12006678
-0.8238578,-0.607617
0.39320615,0.64053696
0.2176574,0.27401805
-0.57970333,-0.39081568
0.8010805,2.6789508
-0.8266645,-0.6289433
-0.25392348,-0.20016961
-0.8109339,-0.5850248
0.82388973,2.903238
-0.92923176,-0.81098264
-0.14847045,-0.1258217
0.72355735,2.1209948
-0.49723533,-0.33216974
-0.78997546,-0.5916227
-0.74599135,-0.5136777
-0.19012982,-0.1692445
-0.14283629,-0.13152778
0.4361539,0.74832726
-0.5241427,-0.33927426
0.40367937,0.6815569
0.997952,4.9816704
0.72850174,2.1430488
0.27114868,0.3783841
0.879825,3.4582112
0.9822183,4.7415757
0.14054778,0.15835942
-0.45273975,-0.32608676
0.82996655,2.9524555
0.68838954,1.8911743
-0.83077747,-0.6371931
0.8727494,3.395735
-0.26756033,-0.19060066
-0.3558282,-0.25613344
-0.31346127,-0.24725528
-0.35996336,-0.2736518
0.03205036,0.034300126
0.15954745,0.21238331
-0.14872913,-0.11524675
-0.17484209,-0.14347959
0.47462758,0.87961036
-0.99394494,-0.97825885
0.8937729,3.6169398
0.4288673,0.7418414
0.41450506,0.6905399
-0.15607327,-0.14395736
0.9315736,4.0658607
-0.9993535,-1.0096596
-0.8470372,-0.6648017
0.6081286,1.423083
0.47740176,0.8941702
-0.457289,-0.30891162
0.18951976,0.22124872
0.064105704,0.055996656
0.054229487,0.07040207
0.1911226,0.25298595
0.98747057,4.804728
0.9746899,4.6244674
0.9633634,4.4820247
0.097368784,0.10835846
-0.3638122,-0.26789635
0.12022008,0.12883812
0.24537699,0.3320727
-0.37712386,-0.2783095
0.26555184,0.3583885
0.24398854,0.31113982
0.8069428,2.757612
-0.52479273,-0.36148667
0.39521965,0.64674
-0.09847725,-0.07775174
-0.74016863,-0.53030294
-0.36763465,-0.27148256
-0.88544595,-0.7408015
-0.36133432,-0.2722979
-0.8619727,-0.6703394
0.8508901,3.145776
-0.7965081,-0.58314633
0.6346827,1.5744575
0.8122528,2.802213
-0.06465889,-0.066570126
-0.89214754,-0.7490976
0.19157137,0.21761033
-0.5304632,-0.345538
-0.6466832,-0.4413435
0.13352779,0.13607875
-0.2872352,-0.23378912
0.46075717,0.8259272
0.1825021,0.21824841
0.6586825,1.7144315
-0.8832283,-0.7118455
-0.5301619,-0.35614288
0.13397937,0.16667494
0.76085645,2.3886719
0.62686336,1.5226464
0.35906267,0.5712834
0.14814407,0.16748738
0.26291847,0.34762657
-0.5727845,-0.39695418
0.19038637,0.23803772
-0.012476821,-0.038621843
-0.23113103,-0.17461558
0.775461,2.4802034
0.6588315,1.6996607
-0.8465287,-0.67165536
0.9714589,4.598943
-0.5400316,-0.35294008
-0.5693212,-0.38345134
0.8876325,3.5519507
-0.11039514,-0.10968366
0.6107294,1.4360591
-0.42359543,-0.29188845
0.74634224,2.2579246
0.66460955,1.7399132
0.038957343,0.022704536
0.41011193,0.68388456
0.9280563,3.999724
-0.09590912,-0.08435466
-0.011590251,-0.013587689
0.4456075,0.7878955
-0.22714688,-0.17781353
0.9224594,3.9475255
-0.9191285,-0.7650249
-0.1932442,-0.15390694
0.42770213,0.73694617
-0.14123875,-0.13051322
-0.48150277,-0.34252873
-0.17309168,-0.14320435
0.76303357,2.3818758
0.0940145,0.11367851
-0.32977962,-0.2497858
0.34304598,0.51890665
0.22369012,0.2891305
0.12089363,0.13599502
-0.21768546,-0.17608581
-0.8555994,-0.6518118
0.24146299,0.32347414
-0.16042247,-0.13402615
-0.14247182,-0.116842136
-0.53183913,-0.36304802
-0.50116,-0.35403937
0.5749226,1.2373672
-0.04127041,-0.060142957
-0.7814042,-0.5589542
-0.9082981,-0.76654005
-0.55056906,-0.3745184
-0.025116429,-0.0008781715
0.23450018,0.30577624
-0.71264243,-0.5162073
-0.13228191,-0.1093275
-0.85489565,-0.65973157
-0.9245482,-0.797722
0.7266959,2.1318326
0.31666845,0.44433397
0.56218755,1.2129194
-0.63624513,-0.43768626
-0.35568464,-0.25862792
-0.11241739,-0.08585553
0.31606868,0.4569961
0.06968754,0.08142358
0.1029145,0.10595499
-0.6861143,-0.46896723
-0.05042597,-0.053147357
0.6475966,1.6463584
0.018921705,0.00848846
-0.6005164,-0.40362072
-0.17320561,-0.13396437
0.50961727,0.9840524
-0.73001516,-0.5051444
0.16092677,0.19288152
0.93062943,4.0440054
-0.23939618,-0.18114631
-0.9127175,-0.7622748
0.26620802,0.3688789
-0.90579295,-0.7680515
-0.6167887,-0.430013
-0.90320545,-0.758026
-0.6586988,-0.44789836
0.70986444,2.0047219
0.46970263,0.86051583
-0.31629473,-0.24690066
0.79427564,2.6406524
0.33036444,0.47909525
-0.104506806,-0.08425559
-0.86333424,-0.6931807
0.46144274,0.8400075
-0.24894775,-0.20275944
-0.394342,-0.27901077
-0.423454,-0.29557946
-0.98458153,-0.95007515
0.4852904,0.90577674
-0.7093793,-0.49146435
0.041289676,0.05909053
-0.9678372,-0.9129085
0.25576657,0.3537811
-0.2610153,-0.20734039
0.2614949,0.35055622
-0.8202101,-0.6160215
-0.4673323,-0.33391267
-0.7793864,-0.55497384
0.29214156,0.40329435
-0.782893,-0.5627256
0.23420443,0.3164021
-0.7306191,-0.5058058
0.8867092,3.5308027
-0.16723864,-0.14143883
-0.74681985,-0.5341956
-0.9163791,-0.7893038
-0.3411549,-0.26078233
0.78277284,2.5368526
-0.7123697,-0.48602763
0.58166414,1.307685
-0.16525634,-0.13130447
0.6058557,1.4140873
0.7485827,2.2922301
0.9956351,4.928137
-0.863605,-0.67316025
0.59260255,1.357394
-0.8606222,-0.6805292
-0.37041458,-0.269948
0.2924645,0.42283523
-0.10542313,-0.08875158
0.13051376,0.1527136
0.93238425,4.0681863
0.63731354,1.5632082
-0.27266088,-0.21348445
0.19988927,0.23830386
-0.903034,-0.7521572
-0.094203524,-0.103837
0.21679308,0.2797391
0.42943427,0.7388863
0.8030346,2.711146
-0.43388355,-0.31001157
0.80434084,2.6980917
0.32303703,0.4710881
-0.84470856,-0.66351664
-0.23933423,-0.20181696
-0.046809763,-0.013506834
-0.29502547,-0.24221279
-0.76812065,-0.54662853
0.10316913,0.10708022
-0.7364932,-0.52515393
0.8300544,2.9462168
0.7305061,2.1580524
-0.049568683,-0.035183534
-0.8645027,-0.6937569
0.10441082,0.12570332
0.18447343,0.215795
0.7768456,2.492267
-0.86496496,-0.6815611
0.38420954,0.6086933
0.12560979,0.13625655
-0.65045094,-0.4397464
-0.7565331,-0.53705984
0.38790166,0.61737573
-0.32035825,-0.22111876
0.9998794,4.9897532
0.7880063,2.59723
0.13143495,0.15727687
0.28346318,0.38682398
-0.6822269,-0.4608534
0.7880094,2.579322
-0.08213245,-0.07519049
0.042708,0.052853942
0.7462582,2.2547524
-0.98749936,-0.9593072
-0.011306799,-0.016940506
0.2535333,0.34104514
-0.68138,-0.46371007
-0.8633992,-0.6893253
0.069868274,0.056803163
0.09505811,0.11285142
-0.339499,-0.23469058
0.76446253,2.3996272
-0.3978308,-0.29357243
0.03295895,0.036163185
-0.6265699,-0.4109492
-0.9776794,-0.92315507
-0.14794429,-0.11976986
0.053896748,0.06141886
0.5293597,1.0847642
-0.10245595,-0.09175248
-0.44253564,-0.3215433
0.20847334,0.2594921
-0.23764966,-0.19539167
-0.53315055,-0.35980284
0.820696,2.855346
0.07338159,0.084303096
-0.59904546,-0.42365655
0.34182265,0.52103704
0.6061552,1.4248257
0.5170675,1.0400583
0.19907482,0.23952128
0.03924327,0.04708224
0.5546474,1.1870825
0.41624442,0.7211939
0.14295423,0.17044601
0.31544113,0.4696168
-0.66274834,-0.45392153
-0.9601329,-0.8980221
0.8622722,3.2850258
0.8705694,3.371492
0.57594156,1.2657421
-0.2553916,-0.21577516
-0.6984986,-0.47839212
-0.28533575,-0.22197525
0.45246693,0.813041
-0.32960007,-0.24000013
0.5918259,1.3549503
0.3460266,0.5265679
0.25995922,0.34090686
0.8604737,3.2506778
0.7868326,2.571982
0.42333093,0.7229147
-0.6015049,-0.41030675
0.87784845,3.4376683
-0.5457551,-0.36942303
-0.2548337,-0.20973065
0.65356237,1.6647867
-0.58268577,-0.37461546
0.27720648,0.38122594
-0.084327236,-0.08458616
0.24806662,0.33266196
0.9161015,3.8657856
0.61672854,1.4640757
-0.40835473,-0.30002847
-0.8854515,-0.7359289
0.93408865,4.085247
0.17034486,0.19868252
-0.6537897,-0.4529678
0.25421736,0.35329947
-0.9155671,-0.78114665
-0.624956,-0.4118459
0.26526085,0.34696978
-0.19504537,-0.16619715
-0.34981653,-0.25632435
0.3109893,0.4665704
0.73280704,2.1555073
0.3571822,0.53955734
-0.07311912,-0.06623089
0.31772766,0.45744497
0.39130443,0.65401775
0.5501012,1.1665479
-0.38590324,-0.2836888
-0.7711326,-0.55693716
0.3637601,0.56682664
-0.75783044,-0.5571232
-0.075970754,-0.07018717
-0.53859675,-0.37079263
-0.33585793,-0.24616426
-0.058750786,-0.06446698
0.7923533,2.630939
0.36084738,0.5665472
-0.6567266,-0.44322643
0.75889486,2.367817
0.0010860097,-0.017760191
-0.59149206,-0.39412847
0.05487634,0.057615105
-0.6181486,-0.41722825
-0.2653498,-0.21979867
0.6110477,1.4229826
0.3172311,0.47205487
-0.044116106,-0.034370974
-0.54712135,-0.35298926
-0.43566117,-0.28859034
0.9564728,4.368287
-0.31412646,-0.24131536
0.2322551,0.30481884
-0.0005036248,0.009116991
-0.9537918,-0.8592456
0.8893496,3.5553844
-0.8241415,-0.6289787
0.31741548,0.47723007
0.6220485,1.4758228
0.4974694,0.94900316
0.61850065,1.4788747
0.47944003,0.91822046
-0.108855665,-0.11494133
0.7925492,2.6263614
0.82488215,2.9170258
-0.12609024,-0.097277
-0.0304473,-0.025080374
-0.028707206,-0.046322647
-0.44219437,-0.32465523
-0.77012676,-0.5392091
-0.47604096,-0.32599378
0.6882076,1.8552421
0.086112455,0.09916105
0.7003963,1.9467962
0.49032387,0.9098207
-0.30277097,-0.2539912
-0.629375,-0.42130482
0.13443962,0.17566834
0.8717134,3.377409
0.6788304,1.7844528
0.527671,1.0553421
0.52834815,1.0803446
0.05550659,0.066116385
-0.66094726,-0.4500693
-0.42891088,-0.30936226
0.15578568,0.19245519
-0.36729315,-0.25937486
0.56313354,1.2229693
-0.25356647,-0.21202719
-0.772207,-0.54638255
0.5650887,1.2209207
0.39626038,0.6439149
-0.4936863,-0.34661487
0.96223044,4.461402
-0.19362095,-0.1565541
0.36092135,0.54108745
0.82089686,2.8675148
-0.6880068,-0.47502634
0.7580436,2.3591375
0.40782574,0.67225546
-0.66487443,-0.45455062
0.32902437,0.49657258
0.74915123,2.2821605
0.5980308,1.3892825
0.52121395,1.045239
-0.6773277,-0.44255105
-0.61875176,-0.39628044
0.09543291,0.1100808
0.16029203,0.19505276
0.8872481,3.5480218
-0.06263733,-0.050779276
-0.3949948,-0.28463688
-0.61845416,-0.40501267
-0.89165807,-0.73203236
-0.86269283,-0.67058915
0.14833385,0.15962881
-0.6474761,-0.43557048
0.7032342,1.9722601
0.19294363,0.22759165
0.7297731,2.1459167
-0.14507633,-0.12061765
0.191554,0.2541588
0.050856605,0.050186
0.9733535,4.616334
0.5936398,1.3476099
0.19080016,0.23432086
0.21317197,0.28700104
-0.5023966,-0.3453916
0.46950588,0.8577513
0.9656657,4.5061364
-0.7411374,-0.526035
0.2745224,0.3733986
0.03576264,0.031700168
0.7008224,1.9414753
-0.99990624,-1.0115865
-0.72683024,-0.50559044
-0.92585444,-0.81760013
-0.6741335,-0.44732627
0.41587257,0.699979
-0.72065717,-0.49615094
0.2446621,0.3277334
0.7364115,2.1703706
-0.9307529,-0.8214606
-0.94642717,-0.83827376
0.9796966,4.6958103
0.34654912,0.55040085
-0.7186096,-0.4928186
-0.38661602,-0.27605876
0.9700103,4.570136
-0.54556686,-0.3595884
0.50565314,1.0000725
-0.5176358,-0.3539422
-0.20306474,-0.17315109
0.7614085,2.360337
-0.9431221,-0.83939254
-0.38552967,-0.27996737
-0.025614584,-0.033412818
0.25098947,0.32895637
-0.9435167,-0.8491547
-0.17865807,-0.1614196
-0.31142563,-0.23768087
-0.9462668,-0.8712718
-0.2892646,-0.23014255
0.86337656,3.2761385
-0.4507431,-0.3144753
0.17118259,0.19672963
-0.4038086,-0.29633072
-0.78666776,-0.5503501
-0.42055303,-0.29129347
-0.058481723,-0.04924426
-0.4075832,-0.27984366
0.24833864,0.33519897
0.89817744,3.650774
-0.8614569,-0.69550884
0.43400872,0.7279048
-0.9974872,-0.99047995
-0.997957,-1.0044975
-0.7341613,-0.51935077
-0.040138993,-0.041788768
-0.90399194,-0.76750296
0.44430354,0.7853552
-0.9414369,-0.8463587
-0.0091364505,-0.012879755
0.3521973,0.5252535
-0.52489877,-0.35551718
0.15859628,0.21022986
-0.47643718,-0.3278526
-0.5718055,-0.36333627
0.63677883,1.5639077
-0.33417332,-0.25404373
0.62795913,1.5228628
-0.5661812,-0.3842347
-0.28826886,-0.21256064
-0.7946824,-0.6050442
-0.0069992235,-0.011497546
-0.23681141,-0.17497817
-0.98808676,-0.9700664
-0.070289746,-0.05638783
-0.8511707,-0.6591853
0.6739121,1.7786654
-0.012613651,-0.009290549
0.38010138,0.6074472
0.642272,1.5779287
-0.89764416,-0.7441144
-0.3256045,-0.2526871
-0.9497644,-0.87734056
-0.9007468,-0.75101185
-0.9243351,-0.8012429
-0.044186916,-0.032503046
-0.09864391,-0.09239979
-0.87751913,-0.70199007
-0.47526306,-0.32975423
-0.5110176,-0.34652716
-0.40676972,-0.28809416
0.2815248,0.37783715
0.39413455,0.64811516
-0.32185715,-0.24329054
0.57646126,1.2717056
-0.16427965,-0.13997334
0.04480538,0.07240287
-0.7089008,-0.50828993
-0.53420913,-0.36466286
0.45511046,0.82704514
0.95408446,4.3395452
0.40930712,0.68867725
-0.89160323,-0.73390734
-0.7142173,-0.5099649
-0.10844292,-0.10367815
0.46514574,0.8685659
-0.6681351,-0.46976283
0.5016423,0.97022545
0.11167145,0.124055795
0.54908633,1.1569833
0.11527523,0.12616217
0.20504636,0.25866446
-0.50250584,-0.34551695
0.44037947,0.7809939
0.68802875,1.8738328
0.7425816,2.2377548
-0.9410939,-0.84035105
0.2491956,0.31595084
0.9790767,4.6959276
0.17383131,0.22151308
-0.657462,-0.4615041
0.7552162,2.314108
-0.47138718,-0.3129066
-0.9099731,-0.7886763
-0.13896406,-0.12304288
-0.7994546,-0.5948773
-0.76951545,-0.53789735
-0.0734217,-0.06537076
0.22536683,0.29867694
0.8107841,2.7842035
0.41050586,0.7082042
0.6852063,1.8404665
-0.17643116,-0.14656155
-0.3628166,-0.25532854
0.18568054,0.24280715
0.39099914,0.6334867
0.1365009,0.13782042
-0.47095746,-0.33142987
-0.26055223,-0.18950912
-0.10339059,-0.101336315
-0.9716962,-0.91682714
0.7596776,2.3582053
0.02282034,0.022630727
0.5020599,0.989232
-0.6561774,-0.44185224
0.11328738,0.14817809
0.8522623,3.1846452
-0.5714464,-0.38449034
-0.3082876,-0.23723975
-0.22335365,-0.17935872
-0.23339278,-0.2016911
0.20124519,0.24128896
-0.2124595,-0.16773593
0.348109,0.5404647
-0.030879343,-0.043184195
-0.6847482,-0.45903012
0.89713645,3.651242
-0.5209673,-0.36398044
0.12493986,0.13962835
-0.8786119,-0.7036849
0.8372434,3.0339582
0.8559922,3.2153425
-0.27091214,-0.20968977
-0.75803965,-0.55051893
0.53996825,1.1253521
-0.47549465,-0.33466676
0.4012313,0.68333834
0.8302964,2.958157
0.18047658,0.24244101
0.722475,2.0892367
-0.5507031,-0.37406796
0.8208615,2.871556
-0.5467109,-0.38331175
-0.54839975,-0.3584756
0.7597378,2.3627093
0.10980697,0.1296208
0.5988832,1.3941681
0.6049775,1.4060781
0.29392263,0.41443476
-0.6218526,-0.41762644
0.38418806,0.6058219
-0.8727307,-0.72025114
-0.5986639,-0.41831118
0.28582367,0.41186354
0.8156196,2.8236547
0.5433856,1.1414988
-0.3350845,-0.2546293
0.64740354,1.6115065
0.9331946,4.0914845
-0.33609933,-0.2615213
-0.62634915,-0.41645375
-0.6049711,-0.39824584
-0.19935276,-0.16671236
-0.8953532,-0.73946977
-0.02448531,-0.03813125
0.46459708,0.8782189
0.06091908,0.06927218
0.9401005,4.177932
-0.076598406,-0.061806217
-0.9734823,-0.92592925
-0.05975129,-0.055604987
0.85976434,3.2615337
-0.8082773,-0.6048694
-0.5540651,-0.37123135
0.43111855,0.75122684
-0.41179863,-0.30248293
0.5304818,1.0868162
-0.16135153,-0.1558927
0.59213424,1.355284
0.10306587,0.13060646
-0.83506274,-0.63078594
-0.22772749,-0.17062767
-0.33350334,-0.25874946
0.62016237,1.4806808
0.24975662,0.33383158
0.55480164,1.1819732
-0.25570047,-0.20822729
0.3834865,0.60773414
-0.8695312,-0.67903185
-0.9265531,-0.81769735
-0.42506424,-0.2858523
0.5473983,1.1549557
0.06817495,0.07519288
-0.18235642,-0.14883256
0.7932693,2.6470792
-0.0052767927,-0.031493705
0.22677828,0.29670557
0.9716572,4.592077
0.044783942,0.04874299
0.5670052,1.2421585
-0.17234889,-0.15313792
-0.92731917,-0.82258344
0.6689441,1.736127
0.8888092,3.5506122
-0.13123596,-0.109141245
0.0072725373,0.012374294
-0.1517242,-0.12291387
0.9938116,4.9033384
0.8067221,2.7436056
-0.9177971,-0.77368855
0.55803734,1.2045052
0.2016735,0.2600579
-0.94971657,-0.8817031
-0.110575445,-0.07999057
-0.70057684,-0.48240823
0.74609554,2.260864
-0.97460246,-0.9230889
0.7462116,2.261636
0.8816783,3.4797602
-0.8540311,-0.6684631
0.43967506,0.7781507
0.097784385,0.116869524
0.9085534,3.796691
0.59629935,1.3547481
0.3888281,0.6250873
0.85101944,3.1710079
-0.67930055,-0.47872782
-0.24808003,-0.19734019
0.6858837,1.8442289
-0.7968291,-0.58040947
0.8708947,3.3576849
0.49031094,0.93112487
-0.121334136,-0.111112244
-0.32255727,-0.2422772
-0.7047872,-0.47572488
-0.81265295,-0.5969001
-0.15281084,-0.13051662
0.686197,1.842929
0.06370108,0.09383104
-0.09770244,-0.08985893
-0.36191496,-0.26465267
-0.6861002,-0.46635735
0.98019856,4.714243
-0.9485348,-0.8690405
-0.3763682,-0.27112958
0.5387589,1.1332586
0.041116312,0.022787418
-0.3722902,-0.2729082
0.98547864,4.7751355
0.23833929,0.32256863
-0.40968844,-0.28256634
0.6959063,1.9136778
-0.6996717,-0.4800663
-0.07285185,-0.07671453
0.6791776,1.787472
0.9673161,4.5278873
-0.23388481,-0.1918213
-0.7237807,-0.5028483
0.13385904,0.12175425
0.88798606,3.533325
0.33122346,0.4784625
0.20431907,0.25752473
-0.38141605,-0.27248123
0.21267964,0.25838768
0.769356,2.4337988
-0.24894802,-0.20530574
-0.5158927,-0.33243883
-0.038084857,-0.040535673
-0.24762441,-0.20293185
-0.060148012,-0.064895496
-0.8085407,-0.62056154
-0.32758,-0.24121568
0.6530956,1.6562821
-0.19935778,-0.17015651
0.9357902,4.1172643
0.41768962,0.6923996
-0.2679268,-0.19389698
-0.49667263,-0.36008716
0.37073597,0.6027953
-0.39510703,-0.28608537
0.85378563,3.1862814
-0.76732826,-0.5429595
-0.9425193,-0.84955955
-0.55794644,-0.36817572
0.21323827,0.27399245
0.669924,1.7628663
-0.65974385,-0.43677968
0.16944572,0.20224369
-0.7116938,-0.4820535
0.1263573,0.14980724
-0.96363544,-0.88517135
0.115614176,0.12705292
0.043551676,0.059191786
-0.91430414,-0.7905118
0.37883377,0.585046
0.1445091,0.15526064
0.24619456,0.32298806
0.059547894,0.0659438
0.44398725,0.78490293
0.050007727,0.06050721
0.8445395,3.0865023
0.8870187,3.5571465
0.453351,0.82689875
0.823524,2.9082937
0.84630966,3.1285188
-0.47600308,-0.34590268
0.98785937,4.827801
-0.46512634,-0.3169722
-0.96292156,-0.88699025
0.9244499,3.9830985
-0.5525639,-0.36979225
0.16824172,0.20628995
0.94133633,4.197839
-0.9010992,-0.76182085
-0.4613761,-0.31864497
0.21764794,0.2725311
0.5251161,1.0601054
0.6147329,1.4288049
0.7676908,2.4147484
-0.66312796,-0.45421454
-0.25992534,-0.21077837
0.4285085,0.7356395
0.43062007,0.7332479
-0.38389063,-0.28303668
-0.3915539,-0.27311444
-0.35871598,-0.26856467
0.7841604,2.5688472
0.8190215,2.87004
-0.970345,-0.92200255
-0.3499672,-0.25490847
-0.21592894,-0.19079728
0.964771,4.4852004
0.88833565,3.5555613
0.25665024,0.34996286
-0.9083894,-0.7542829
-0.6175659,-0.41771165
-0.13158748,-0.114534736
0.91807127,3.8983111
-0.8105912,-0.58643055
0.5827047,1.315998
-0.61761636,-0.412271
0.015702216,0.023891456
0.5339416,1.099432
0.3849907,0.63144493
0.5514956,1.175519
0.6271854,1.5160166
-0.38851514,-0.28128856
-0.2719388,-0.21249808
0.63148534,1.5430369
-0.92271376,-0.8059667
0.028909395,0.033139057
0.8408092,3.0571206
0.77000797,2.4358525
0.6086079,1.4239537
-0.9569023,-0.8786103
0.7753742,2.4966996
0.82332796,2.9042366
0.32734013,0.49590775
-0.4021722,-0.27211204
-0.020145258,-0.025601087
0.5252388,1.0692096
0.6260574,1.5206994
-0.31331202,-0.2367275
-0.34786573,-0.250473
0.47236243,0.8750627
0.37271178,0.5965981
0.026394418,0.012945391
-0.15947907,-0.13753667
0.3143195,0.4640823
-0.93513334,-0.8185211
-0.84862083,-0.669703
0.1461735,0.17036863
-0.5794425,-0.40146098
0.549568,1.1550481
0.5447279,1.1422621
0.41992417,0.724815
0.8072054,2.761045
-0.71833014,-0.49576566
-0.4815193,-0.33993968
-0.49540144,-0.34256187
0.5647774,1.2484785
0.042689316,0.030607188
-0.49464843,-0.35282412
-0.72714573,-0.50484395
0.7860327,2.578388
0.3842581,0.62746453
0.057049982,0.06338306
0.93094176,4.039507
0.6991819,1.9337099
-0.6437572,-0.45259583
0.016261188,0.020479431
-0.027842697,-0.02253051
0.6885728,1.8675113
-0.70182383,-0.49444383
-0.09642752,-0.09613722
0.2730811,0.3588668
0.89050925,3.5780466
0.79852986,2.7083225
0.06769574,0.071590215
0.21344158,0.2670399
0.7048027,1.9745
0.48877653,0.9179155
0.7586712,2.3424103
0.79186124,2.61378
0.66517204,1.7367672
-0.98124355,-0.94246006
-0.37813225,-0.27809477
-0.19296603,-0.15430778
0.3558306,0.56632185
-0.38627803,-0.2736786
-0.35288373,-0.2724449
-0.19959392,-0.18527079
0.9106672,3.791854
-0.1256843,-0.10296472
-0.7186555,-0.50588375
-0.9872884,-0.9546367
-0.5267747,-0.36356738
0.87762177,3.4415622
0.90998507,3.8082879
0.05800271,0.05374577
0.2927267,0.42121878
0.59183604,1.3381116
-0.8882247,-0.73748803
-0.2513854,-0.1928764
0.2844946,0.40319344
0.7965069,2.6639338
0.45365912,0.8033757
-0.29987708,-0.23509663
0.81996465,2.8731973
0.3292389,0.5117821
0.66047055,1.7188841
-0.22898492,-0.19111696
-0.9956823,-0.9937493
-0.6676628,-0.43617624
0.85435486,3.2018719
-0.93375194,-0.8303073
0.19207852,0.23894869
-0.181745,-0.16631782
-0.14084263,-0.11337186
-0.1983633,-0.15158091
-0.86514837,-0.6732664
-0.755339,-0.52485245
-0.8741213,-0.707651
-0.89218426,-0.7291097
-0.8287788,-0.61578244
0.39323437,0.6514399
-0.7715896,-0.5461144
-0.47701386,-0.32902214
0.31389835,0.44705707
-0.77546865,-0.5406972
0.8205125,2.870942
-0.045031644,-0.030949157
0.926115,4.019811
-0.61497855,-0.4052085
-0.9387512,-0.8254602
0.18056281,0.21095137
-0.34252322,-0.26361087
0.14478108,0.18193023
-0.05269966,-0.05555729
-0.08568767,-0.09233879
0.70235527,1.9397886
-0.616332,-0.417394
-0.0007301708,-0.0030226172
-0.16799147,-0.13386984
0.34753883,0.5200664
-0.8997347,-0.73908657
0.058840886,0.050393406
-0.042918686,-0.05301213
0.9471612,4.262475
0.51164365,1.0114825
-0.69004273,-0.46638134
0.018428877,0.0070183263
0.5674738,1.2383214
0.049138732,0.03489654
-0.28659847,-0.24513924
-0.24668925,-0.17977606
-0.2659921,-0.19991986
-0.96009105,-0.88943195
0.46119228,0.8178648
0.22176751,0.28022957
-0.46264496,-0.31852376
0.26004675,0.34641656
-0.38254124,-0.26334843
-0.5132373,-0.34495097
0.48230577,0.8980963
0.6182192,1.4571142
0.25141725,0.34426662
0.5682933,1.2467705
-0.26859978,-0.2044647
-0.85639244,-0.65697134
0.20977122,0.2699252
-0.4880475,-0.3361217
0.5549587,1.1889879
-0.2837849,-0.20911233
0.34134609,0.52272063
0.10573223,0.118546136
0.6349696,1.5696293
0.66461086,1.7256186
-0.8634045,-0.69054717
-0.40976867,-0.2928071
0.7417583,2.2241673
-0.19202074,-0.16198896
0.029738687,0.022189235
-0.6333124,-0.4172609
0.10537253,0.119920395
-0.47077015,-0.32038015
0.6584672,1.694143
-0.59951055,-0.41285676
-0.2802896,-0.20607367
-0.80985206,-0.6056007
0.17596416,0.20989208
0.88394415,3.5083065
-0.6536882,-0.4401321
-0.96052563,-0.8644985
-0.15507373,-0.12830153
0.4968303,0.95265496
0.9502013,4.319782
-0.89744186,-0.76461643
0.5719238,1.2494588
-0.26265186,-0.2138328
-0.692537,-0.47439456
-0.6153897,-0.41111436
0.84776753,3.1345856
0.61871505,1.4797546
-0.37654185,-0.2693134
0.8803805,3.466812
-0.7894934,-0.56360644
-0.35492712,-0.27954778
0.30584234,0.4138928
0.9988381,4.990006
-0.06871656,-0.06761039
0.6214298,1.5065644
0.8317318,2.9858968
-0.98074317,-0.93851686
-0.42211854,-0.3056693
-0.79928046,-0.5823732
0.5521205,1.165532
0.13410085,0.15545858
-0.8088801,-0.60527897
-0.15855125,-0.13427527
0.027938744,0.026232792
0.3955029,0.65794307
0.5589685,1.2027786
-0.8242556,-0.6288269
-0.02470881,-0.028587148
-0.67775315,-0.47443485
0.5065111,0.972647
0.31533766,0.46846572
0.44600192,0.7872915
-0.85001147,-0.67551607
0.020649226,0.025528992
0.6811613,1.8158903
0.4266828,0.7330168
0.72349596,2.0849628
-0.5877909,-0.38967764
-0.42619866,-0.30215722
-0.11744182,-0.10010382
0.04651428,0.044506658
-0.49567428,-0.33885008
-0.23752528,-0.20663449
0.3740854,0.61602885
0.29076266,0.41326076
-0.7790538,-0.5464939
0.97140527,4.5844245
0.12549044,0.13299493
-0.03287523,-0.036744285
0.9344944,4.0986905
-0.7193411,-0.5001313
0.0873467,0.11432148
0.61015517,1.4242079
-0.20219262,-0.1742911
0.47260937,0.8821286
0.7983259,2.6590238
-0.47669384,-0.33116257
-0.5170799,-0.35202077
-0.27862892,-0.2139447
-0.16311698,-0.13676871
-0.77791125,-0.5423085
-0.537422,-0.3740792
0.746456,2.2553506
0.13318217,0.159733
-0.46435943,-0.32169035
0.8871895,3.5452976
0.5486222,1.1409787
-0.2751393,-0.19430138
0.53088576,1.0884691
0.19210458,0.22190082
0.36763674,0.5835782
-0.35710138,-0.27569702
-0.5810091,-0.38253245
-0.4928387,-0.35288998
-0.8325311,-0.6259446
-0.057924762,-0.066961035
-0.18753344,-0.16769834
-0.9949207,-0.98353916
0.7127333,2.0186412
0.36373845,0.5624965
-0.106517695,-0.11156348
0.93404245,4.090155
0.88108325,3.4838629
-0.80980617,-0.5845021
0.23027848,0.30725303
0.63404495,1.5618855
-0.6540963,-0.45967197
-0.74407583,-0.52422357
-0.48044443,-0.33935076
-0.4406577,-0.32606173
0.92996925,4.029895
0.5609547,1.2133819
-0.8805242,-0.7216453
0.5729628,1.244116
-0.66072094,-0.45431188
-0.28551608,-0.21962905
-0.3629608,-0.27472323
-0.45523685,-0.3310439
-0.38248393,-0.2881311
0.50840306,1.0079044
-0.4668922,-0.34612677
0.6014482,1.3876343
-0.81796604,-0.6158364
0.19033982,0.22746845
0.72600174,2.1056626
-0.8414057,-0.639803
0.26977545,0.37871397
0.023233503,0.02483933
-0.33611774,-0.2580759
-0.7986509,-0.5871778
0.3529706,0.5465798
-0.38124406,-0.27935675
-0.32216194,-0.24019507
0.43518546,0.7549299
0.89070714,3.5492508
-0.3327251,-0.25261
0.49346614,0.95254505
0.9132181,3.8397317
-0.8043461,-0.5924312
0.058403898,0.059313137
-0.9776713,-0.9378583
0.65035605,1.6453489
-0.4262186,-0.28361312
-0.33446503,-0.24326226
0.3745739,0.60159343
0.5783596,1.2849715
-0.2000195,-0.18005076
0.33104014,0.5051471
0.9127088,3.842466
0.7738046,2.475533
0.40258822,0.6663221
0.88612777,3.5355544
0.7518761,2.2998035
0.45801815,0.8353259
0.83449554,2.9932644
0.63478094,1.5398434
0.004508197,-0.0074831354
0.0045638066,0.0059949514
-0.9824184,-0.95208967
-0.9395005,-0.8404428
0.49245518,0.9292073
0.1095378,0.12602971
0.5219162,1.0390408
0.8993256,3.682857
-0.09493869,-0.10085513
-0.8231088,-0.63045484
0.25311887,0.32881737
-0.8005324,-0.5850455
0.24260598,0.31542867
0.055477686,0.06298315
0.4244342,0.738668
-0.2980809,-0.21237223
-0.7122764,-0.48993418
-0.527579,-0.37050515
0.3672687,0.5890833
-0.043668836,-0.026728112
0.08163496,0.088292874
-0.35400316,-0.24971642
0.67340434,1.7796974
0.9989102,4.9670844
-0.3755878,-0.28138876
0.43730322,0.7596758
-0.6577995,-0.44929612
0.48486388,0.9066769
-0.13829726,-0.13114789
0.21061137,0.28015193
-0.52487874,-0.37528953
0.70331347,1.955381
-0.6533294,-0.4359857
0.8572109,3.2191281
-0.8775033,-0.70654535
-0.4240369,-0.30586708
0.125891,0.14839189
0.7169372,2.0426676
0.15404971,0.16350143
-0.5677726,-0.3875313
0.71806675,2.042826
0.19232422,0.23738924
-0.53530604,-0.3753567
0.123687126,0.12989385
0.3505985,0.55173993
0.3610549,0.56434965
0.44800922,0.7816139
0.7914761,2.6162462
0.6496441,1.6382535
0.215394,0.2537131
-0.9356692,-0.8265656
0.49904475,0.9748799
0.94991887,4.29287
-0.38886675,-0.28539884
0.21379723,0.266243
0.5373332,1.1132143
0.27817795,0.3822464
0.8450978,3.1018772
-0.05332008,-0.058715172
0.06369355,0.08843967
-0.92351323,-0.80523926
0.80044264,2.700102
-0.47543436,-0.32740638
0.9568421,4.3631024
-0.5957873,-0.40508378
-0.49308863,-0.35140353
-0.030748732,-0.020064104
0.32100016,0.45847934
-0.118670784,-0.10113625
-0.29636693,-0.21917123
0.080173954,0.089965865
0.91659665,3.8796937
0.923904,3.964002
-0.34391043,-0.2583689
0.3603173,0.54645306
0.4438246,0.7860305
0.30683425,0.4519674
-0.7739795,-0.56619877
0.07895131,0.085902505
0.5265032,1.0659249
-0.59838086,-0.39996055
-0.30358234,-0.23884796
-0.5923991,-0.41424376
0.7738571,2.4610908
0.71706325,2.030717
-0.66159374,-0.44087642
0.52110046,1.0502868
-0.27204788,-0.21433012
0.37234196,0.5820081
-0.013263708,-0.01471076
-0.05604213,-0.053353142
0.7625696,2.3783376
0.27392852,0.37186104
-0.52846414,-0.34690434
-0.7784821,-0.5753842
0.86681366,3.3333137
-0.6932281,-0.49110872
0.46815294,0.87652326
-0.008300966,-0.032128625
-0.71986926,-0.49482104
0.5533112,1.1678673
0.8089691,2.7658894
-0.7569868,-0.53928894
-0.8658223,-0.68377584
0.6996999,1.9196216
0.0019068778,0.0016025887
0.34907052,0.5353375
-0.11703932,-0.11139169
-0.17514348,-0.15017521
-0.40068173,-0.29565752
0.12585631,0.14951988
-0.68038416,-0.46029443
0.43446153,0.7585044
0.0988595,0.11632771
0.6950417,1.9219298
0.8420282,3.0641148
0.8011735,2.7216294
0.20246182,0.25770333
-0.3625314,-0.27274963
-0.2856607,-0.19961642
0.30507213,0.43368766
0.4239342,0.71372515
-0.6774289,-0.46656314
0.99589866,4.9332366
-0.7849938,-0.560012
0.21418448,0.27131253
0.06204739,0.06715276
0.18197636,0.22305003
0.06752973,0.08408144
-0.8841798,-0.7260744
0.99185085,4.8770323
0.9625541,4.4586926
0.048703894,0.046990357
-0.5833022,-0.38803405
-0.6341158,-0.42054757
-0.88590294,-0.70908064
0.22371791,0.28698942
-0.0435269,-0.044349022
-0.16737643,-0.1394255
0.05042668,0.04841596
0.74570584,2.2498562
-0.8585627,-0.6742177
0.08817854,0.09278718
0.40203378,0.6623785
0.94137764,4.192501
0.4793843,0.9005915
0.096229084,0.1264795
0.53353745,1.1035624
0.9941164,4.9047623
0.77746874,2.4973078
-0.82180744,-0.6339128
0.1496559,0.16625139
0.57294834,1.2714247
0.34375095,0.51851994
-0.16606428,-0.15629339
-0.35511124,-0.28300512
0.25400987,0.32542336
-0.17526256,-0.1571763
-0.21600494,-0.17768127
0.67348367,1.7728717
-0.36868915,-0.26422417
0.28984788,0.39795572
0.7468669,2.277093
0.24354383,0.32031435
-0.014425255,-0.009637129
-0.9293946,-0.8209303
0.3631451,0.5767847
0.99505204,4.912996
0.6168611,1.453877
0.26893237,0.35764986
-0.061710995,-0.046364803
-0.5513516,-0.37587923
0.3842184,0.60924405
-0.6453962,-0.4381303
0.7740969,2.4759302
-0.29202282,-0.23727036
-0.20040718,-0.16540766
-0.56791675,-0.3849706
-0.036675297,-0.04043638
0.360909,0.54860103
-0.39444166,-0.27668247
0.4036752,0.6649943
0.24116443,0.2882023
-0.25522345,-0.1999891
-0.3743916,-0.27059987
0.7226587,2.1014423
-0.97613,-0.9275825
0.43181142,0.74995357
-0.16549227,-0.1468798
0.43538356,0.75421035
0.015026047,0.022013789
-0.8322787,-0.63719267
0.9641047,4.472284
-0.82790893,-0.6325423
-0.6831303,-0.46679288
-0.15932944,-0.15735303
0.88924676,3.572003
-0.41385552,-0.29626152
0.13732429,0.1455484
0.042872906,0.041818917
-0.33970496,-0.2557369
0.39266488,0.6499615
0.0029246614,0.012104857
0.15657325,0.19640279
-0.57968915,-0.38722664
0.8530981,3.1767135
-0.7788579,-0.57240343
0.38053846,0.60239613
0.77179223,2.4551828
-0.8319587,-0.63539445
-0.94249594,-0.8357505
-0.33369252,-0.25378066
0.57989585,1.269605
0.43473303,0.745207
0.64431417,1.6005623
-0.2050029,-0.17995512
0.987518,4.7878
-0.26778778,-0.19582072
0.6107664,1.4139612
-0.29838717,-0.23609474
-0.56311244,-0.37406448
-0.32666185,-0.24124755
-0.61464447,-0.42875934
-0.7417788,-0.50945
-0.2720722,-0.20358898
-0.7064116,-0.48861116
0.0046575633,0.004951872
-0.92917556,-0.8243725
-0.13734448,-0.11824063
0.91601104,3.8749175
-0.2823102,-0.22541946
-0.7247173,-0.4977422
-0.38960654,-0.2795736
0.58255583,1.3340304
-0.3726818,-0.28246754
-0.23300813,-0.1757761
0.57757306,1.2708701
-0.478879,-0.32669264
-0.04341864,-0.067606196
-0.87366325,-0.7087508
-0.6518588,-0.43634674
-0.5811054,-0.3894859
-0.07283681,-0.08794326
0.64196074,1.5933828
-0.29097968,-0.21109748
-0.23902449,-0.18277453
-0.39798948,-0.27792507
-0.35901788,-0.24222817
-0.1929912,-0.17926319
0.79880655,2.6750705
-0.95124775,-0.86690444
0.24917066,0.32423
0.7753658,2.4856246
-0.16607982,-0.12943397
0.30182722,0.43233058
0.17142916,0.18482703
-0.322737,-0.23807706
-0.7251643,-0.50478727
-0.56076556,-0.4010043
-0.8851097,-0.73074406
0.5294549,1.0610241
0.0656143,0.067343496
0.5712671,1.2463475
-0.4196067,-0.31467593
0.6093443,1.4312756
-0.38159123,-0.28925842
-0.7573321,-0.5250806
0.067621455,0.074207604
0.89059114,3.5768642
-0.1712119,-0.13366434
0.030777307,0.034357052
-0.09742118,-0.08530757
-0.08513039,-0.07910226
-0.5712894,-0.38884166
-0.15503526,-0.13019577
-0.0061980593,0.009080329
0.48971695,0.89846987
-0.7203363,-0.48124343
0.14322783,0.15708084
0.32438624,0.4803353
-0.23441468,-0.20720418
0.09832875,0.12396504
0.4214841,0.7050423
-0.069797575,-0.05402053
-0.33329815,-0.25342017
0.64940643,1.6367368
0.9776338,4.6617537
-0.5667289,-0.37068328
0.7787895,2.5105164
0.09085773,0.107113965
-0.10415348,-0.114992745
0.7863263,2.5648391
0.82067776,2.875326
-0.4546865,-0.33441976
-0.28325546,-0.21752186
0.7038485,1.959486
-0.01835094,-0.025797265
-0.42394263,-0.2966742
0.9243519,3.9751391
-0.5659238,-0.39361802
0.22067443,0.294244
-0.14416716,-0.12095502
-0.0973969,-0.10889836
-0.78802365,-0.5776803
-0.48572338,-0.33203357
-0.6660058,-0.45325685
0.49924973,0.93284553
0.3954888,0.64853424
0.5882079,1.3354065
0.39852577,0.65510666
-0.74257916,-0.5218029
0.95718396,4.4034653
-0.6229664,-0.43570125
-0.29910067,-0.22342369
0.41375452,0.7006079
-0.71910214,-0.5149719
-0.6589876,-0.43961057
0.7531503,2.3297474
-0.3359701,-0.24921851
0.3311685,0.49871728
0.717497,2.0461867
0.9464015,4.245032
-0.5794286,-0.4009994
-0.7541438,-0.53083503
0.4814739,0.89933836
-0.6235964,-0.42609987
0.16038041,0.19803275
0.06529033,0.086548135
0.1198466,0.13528565
0.29958567,0.4109449
0.70178413,1.9530962
-0.45636383,-0.31764573
0.11048668,0.1325223
-0.32662994,-0.25036082
-0.3625319,-0.2589284
-0.9591609,-0.8797475
0.19880489,0.24507757
0.94501114,4.241406
0.5225127,1.0609776
-0.51441276,-0.3628249
0.43224964,0.7594529
-0.40538907,-0.2928112
0.5072987,0.9925589
0.70986474,2.0045738
-0.3313411,-0.23745957
-0.9956264,-0.9746088
-0.38996506,-0.27832434
-0.58828723,-0.39379308
0.23722917,0.3097331
-0.41985422,-0.2725756
-0.9279074,-0.8192374
0.06266916,0.06238728
0.74937135,2.2864265
-0.09732197,-0.09775806
-0.24740505,-0.18803206
-0.6429674,-0.44906226
-0.22523548,-0.19107558
-0.33816206,-0.2578413
0.98984593,4.839689
-0.939061,-0.8275248
-0.5223032,-0.36958683
-0.862742,-0.69416606
0.7148366,2.032099
-0.1653812,-0.13349926
0.5925395,1.3625274
0.3843082,0.6241806
0.8560632,3.1999497
-0.9524715,-0.87643874
-0.58531034,-0.378851
0.40406558,0.6710224
0.17044757,0.19098172
0.3893205,0.65375847
0.15095945,0.17208825
0.16204242,0.19264092
0.86514807,3.2992296
0.8425845,3.0698814
-0.92400664,-0.79076886
-0.17266294,-0.14530036
0.021141244,0.024750926
-0.28419104,-0.2345051
-0.90088314,-0.7581474
-0.05540333,-0.058715228
0.95139277,4.308199
-0.8555774,-0.6677973
0.63335687,1.5480146
-0.60869485,-0.403069
0.15358989,0.18865222
-0.22593859,-0.18875709
-0.30198348,-0.22798401
0.7408272,2.2159672
0.9469495,4.250458
-0.22666577,-0.19549522
0.28088674,0.3907783
0.1128275,0.11975426
-0.8461568,-0.6433619
-0.91767824,-0.7737108
0.54680985,1.1523441
-0.2109315,-0.17182706
-0.38485172,-0.28006142
0.97116554,4.6074934
-0.82954,-0.61189777
-0.4618749,-0.3246338
0.7136033,2.028595
-0.17000249,-0.14205228
0.1684942,0.19081393
-0.9032357,-0.7778859
0.8405838,3.04665
-0.72616255,-0.5086391
-0.5732678,-0.39639014
-0.68640757,-0.45449468
-0.0049989023,-0.0196666
0.63370776,1.5398961
-0.46615437,-0.34328625
-0.7153591,-0.5016097
-0.18015674,-0.15666713
0.9633102,4.4750504
-0.9778838,-0.9368594
0.007995905,0.0018424612
0.33873627,0.4994468
0.6134415,1.4532638
0.49238166,0.9329149
-0.85114473,-0.6573725
-0.07625911,-0.08567998
-0.84250087,-0.65883607
0.23971064,0.33546156
-0.8459369,-0.6350067
-0.9031704,-0.7733656
-0.3879437,-0.26989123
0.8776637,3.454267
0.41999307,0.72528577
-0.991948,-0.9768976
-0.430544,-0.32471707
-0.9650042,-0.9012197
-0.41137812,-0.29079166
0.37098435,0.58802515
0.51955736,1.0452423
0.60821563,1.4150927
0.8199802,2.8616107
-0.26841354,-0.23584945
0.7251954,2.1185462
0.45533746,0.8106592
0.075511694,0.07918836
0.9092615,3.7953181
0.8954819,3.6286802
0.7952086,2.6375544
-0.59554535,-0.3986593
-0.5842265,-0.41171157
0.8020059,2.714281
-0.2041737,-0.16301076
0.5948885,1.3535535
0.37388125,0.58783823
0.5247136,1.0502053
-0.9474523,-0.8617608
-0.14008577,-0.12488795
0.714187,2.0313163
-0.020148711,-0.0052641043
0.38026783,0.5912307
0.5119038,1.0028305
-0.75848323,-0.5322913
-0.68850887,-0.45030147
0.44910723,0.79170036
-0.8908589,-0.7253777
-0.31620938,-0.25250316
0.8361672,3.013681
0.14871168,0.17477907
0.8209571,2.8684688
-0.38116708,-0.28238747
0.27325282,0.36178553
-0.42651445,-0.2964678
-0.7777564,-0.5709794
0.98139066,4.7210517
-0.6475357,-0.44559762
-0.6230349,-0.42719483
0.68383676,1.8409212
0.60447395,1.4055697
0.95565975,4.398119
-0.85651195,-0.67647463
-0.8117488,-0.6069695
-0.10257201,-0.07966087
0.18349487,0.22693415
-0.9239416,-0.80457276
-0.6832204,-0.46766233
0.40667093,0.67972153
0.33707955,0.5160116
-0.82062757,-0.6050327
0.8633324,3.297617
-0.49047238,-0.3337433
0.77446127,2.479233
0.84597635,3.1329737
-0.019860579,-0.024218466
-0.17606698,-0.14275128
-0.44372588,-0.30089253
0.614764,1.4661268
-0.60682285,-0.41635224
0.24424914,0.35105768
0.13426809,0.17179064
-0.50221,-0.33439454
0.9660943,4.503766
0.6926484,1.9041134
-0.9589431,-0.90958446
-0.15549515,-0.13690451
-0.28205615,-0.21932901
0.7656185,2.4027438
-0.47100902,-0.31178415
0.9969013,4.954748
-0.5998408,-0.41366652
-0.5122308,-0.34313866
0.33216324,0.49934494
-0.67788625,-0.47937757
0.7776044,2.5157807
-0.78014165,-0.56387854
0.9666348,4.53109
0.74928623,2.2868743
0.679313,1.808502
-0.18556532,-0.1523125
0.027283316,0.027041007
-0.08728422,-0.07736974
0.9748539,4.641231
-0.9303481,-0.8164106
-0.23658206,-0.18681003
0.93677664,4.124177
-0.26121956,-0.2130829
-0.20323335,-0.1612162
0.2626015,0.370176
0.8145376,2.8120055
-0.41095567,-0.2915228
0.8952108,3.6171374
-0.43487662,-0.28974274
0.6307889,1.5493182
-0.44832373,-0.32099107
-0.8540327,-0.67344505
0.6246051,1.5177766
-0.09984723,-0.089024484
-0.21850212,-0.17308167
-0.14023405,-0.1328558
0.22315256,0.2928642
-0.4746131,-0.33109292
-0.52545094,-0.355265
-0.03312156,-0.03603481
-0.9287333,-0.81635094
0.28569877,0.400247
0.6456882,1.6119939
0.4548336,0.84074533
-0.061395023,-0.06839159
0.13078064,0.15545037
-0.94763845,-0.85536313
0.82470757,2.9174767
0.11612511,0.106373504
-0.36718178,-0.28723028
-0.41283533,-0.30119196
0.31931618,0.476756
0.16865782,0.20020612
-0.62431484,-0.42385843
-0.18016176,-0.15252963
0.35236272,0.53270876
-0.40469053,-0.28652602
0.018553145,0.020823795
-0.49024147,-0.3332592
-0.856637,-0.6590703
-0.22350846,-0.18508199
0.46415454,0.8486504
-0.5722991,-0.3961893
0.5090068,0.98873997
0.33898467,0.5104546
0.01474074,0.015990483
0.9429113,4.2130184
0.7668291,2.4224517
0.12635244,0.14716521
0.11555975,0.14750467
-0.4444574,-0.31615606
0.8403968,3.0563252
0.79185706,2.6227665
0.48411384,0.9016197
-0.7442359,-0.51722586
0.40729192,0.68018377
-0.4937721,-0.3393539
-0.62238044,-0.41401848
0.5184234,1.0399591
0.9194659,3.9182277
-0.78218853,-0.5712925
-0.6720479,-0.44133642
-0.561531,-0.3943011
0.92582214,3.9845808
0.39279658,0.6353207
0.3565759,0.54378355
0.0100536,-0.0073102936
0.075191565,0.097745374
-0.4196535,-0.2930251
-0.6909039,-0.47923985
0.56055087,1.2119516
-0.058614478,-0.056974337
-0.48798263,-0.33993375
0.26556215,0.35150716
-0.58108157,-0.39169744
-0.022447353,-0.0282776
-0.6195598,-0.42719236
0.5193428,1.0492191
-0.3583962,-0.2736206
-0.11660208,-0.09038267
0.50976247,0.99688774
0.31919274,0.45226145
-0.20059356,-0.16188237
-0.857944,-0.6808835
0.843214,3.0697582
-0.98414963,-0.95138156
0.46918827,0.85075057
0.890808,3.561995
-0.3866579,-0.27448106
-0.8491153,-0.64700264
-0.50091,-0.3482091
-0.37316343,-0.2616046
-0.097359434,-0.08070191
0.050478183,0.05983404
0.4506605,0.8034213
0.8018304,2.699131
-0.07041284,-0.062339906
0.49265686,0.94935113
-0.74560213,-0.5381613
-0.3424336,-0.25952816
-0.76384157,-0.5475546
0.38348237,0.61403316
0.81529075,2.817202
0.7781163,2.4932127
-0.3471033,-0.26200727
-0.53156114,-0.36457807
-0.4518994,-0.3218403
-0.42533076,-0.2960689
-0.83550847,-0.6542093
-0.7333117,-0.5099787
-0.5710327,-0.4034822
-0.983662,-0.95321983
-0.90554,-0.78712314
0.39710057,0.6432492
0.2386475,0.31298992
0.8908445,3.568044
-0.19648576,-0.1784525
-0.11133664,-0.09036542
-0.8645297,-0.7035564
-0.6954987,-0.47814584
0.38321477,0.6309356
-0.5299205,-0.35942128
0.54655474,1.1468408
0.41136014,0.6834646
0.4945248,0.94229984
0.38116527,0.6093069
0.4153255,0.6816094
0.093599044,0.11339098
0.3564741,0.5528261
0.052358687,0.037773676
-0.58782285,-0.38592884
-0.5647849,-0.37488377
-0.18939461,-0.15488406
-0.97216517,-0.8986329
0.7785937,2.5113678
-0.4634676,-0.30816203
-0.8969239,-0.7470385
-0.15114878,-0.12678866
0.63119584,1.5344625
-0.2052945,-0.18924259
-0.47463387,-0.3478844
0.08980477,0.09782034
0.14876094,0.17237283
0.5183794,1.0242349
0.5995071,1.3782282
0.4124155,0.6980101
-0.99092275,-0.9603483
-0.9958431,-0.9945539
0.95489997,4.3667574
-0.4715898,-0.31054533
-0.43529922,-0.30052122
0.46448222,0.84090525
0.16317141,0.19597928
-0.072871126,-0.066074006
-0.7671206,-0.54305595
-0.8370247,-0.6424547
0.40724638,0.6841818
-0.750791,-0.5209338
-0.1283795,-0.1242955
0.47225216,0.860619
0.8463979,3.1228225
0.7471721,2.265552
0.72806734,2.1382804
-0.28300437,-0.21010312
0.8543416,3.1772277
0.36732465,0.56833655
0.7729754,2.4640048
-0.8221509,-0.63091767
-0.92088366,-0.80162406
-0.14070722,-0.13614446
0.65603024,1.6710947
-0.18293454,-0.16433668
0.76929426,2.4395168
-0.5304532,-0.35213125
-0.92131174,-0.79373854
0.5225726,1.0778815
0.25233677,0.3465439
-0.11981888,-0.09798759
0.6905154,1.880089
0.64835143,1.6294504
-0.35093156,-0.24842158
0.6759478,1.7890421
-0.30968317,-0.23678085
0.24380563,0.32041177
-0.6150048,-0.40891126
-0.47161564,-0.31903657
-0.10424377,-0.083760746
-0.37080792,-0.27543706
-0.74171513,-0.51962906
-0.035354298,-0.030833395
0.022714822,0.0378848
-0.68258816,-0.48365292
-0.6513734,-0.44058144
-0.9413059,-0.8496496
-0.93929875,-0.84381723
-0.28273758,-0.22932047
-0.7066953,-0.48166677
0.8381833,3.0123813
-0.6011717,-0.40632367
-0.8680768,-0.7119681
-0.19166024,-0.16780129
-0.61506814,-0.41649196
-0.8764613,-0.7127161
0.50545496,0.9951519
0.11419699,0.14141332
-0.8859784,-0.70663935
-0.0639621,-0.06019211
-0.9223342,-0.78844696
-0.29137158,-0.21146393
-0.27342656,-0.21980798
0.645966,1.6317016
0.47057,0.84655833
0.7938875,2.6400511
-0.71896493,-0.4825488
0.06752871,0.073412135
-0.95961905,-0.8900944
0.651044,1.6455182
-0.2668394,-0.19623427
-0.8613867,-0.6981414
-0.35068554,-0.26492232
-0.42617518,-0.2946017
0.5320024,1.0914983
-0.7467772,-0.5149392
0.111550644,0.132377
0.58783835,1.3214033
0.4790762,0.9022724
0.87181026,3.3625984
-0.9987405,-1.0164028
-0.29239693,-0.23284255
-0.2608329,-0.2063243
-0.93338317,-0.83290064
0.6345332,1.559372
0.37778136,0.60306543
0.056164782,0.040905844
-0.18996213,-0.16507341
0.7908314,2.6207244
-0.47106954,-0.32278544
-0.33091703,-0.25658956
0.9052629,3.7523565
-0.87074995,-0.6808975
0.5612246,1.2036096
0.43611947,0.7686372
0.80377686,2.7278342
-0.81887335,-0.62074995
0.9408879,4.16885
-0.9423241,-0.8291253
-0.32459313,-0.23504794
-0.83034694,-0.63550645
-0.8976476,-0.73658556
0.92944217,4.041627
0.4393365,0.78283745
0.011379692,-0.0064143995
-0.78362185,-0.5732444
0.052046835,0.070638806
-0.35989556,-0.23972754
-0.45682544,-0.32371238
0.2362071,0.3049562
0.5818504,1.3055217
-0.11348236,-0.09847593
-0.013402892,-0.007892815
0.30285755,0.41169733
-0.7507239,-0.53344524
0.6572134,1.6902409
0.6738773,1.7556401
0.08209323,0.07326088
-0.62487984,-0.43894914
0.0015271476,0.008036728
-0.78812146,-0.58406764
0.526579,1.0552421
-0.37769222,-0.27570572
-0.3778107,-0.28872743
0.8900976,3.5784981
-0.15628278,-0.11103298
0.5791506,1.2827951
0.27432537,0.35801047
-0.3676486,-0.2751526
-0.75241846,-0.528003
0.5954846,1.3657669
0.52500737,1.0695937
-0.6616717,-0.4546365
-0.50176823,-0.34754574
0.5324746,1.0656502
0.9672618,4.535984
0.68728256,1.84765
0.3683031,0.5810871
0.83085185,2.9584677
-0.42952865,-0.3057304
-0.9806956,-0.93468875
-0.35806385,-0.26958126
0.94386864,4.211054
0.76394063,2.394201
-0.89928746,-0.75839573
0.0039168624,-0.0054858956
-0.8419803,-0.63187134
0.57806283,1.263042
-0.25476885,-0.19671981
0.8238902,2.9009626
-0.89109504,-0.744211
0.46799296,0.8634006
-0.20126846,-0.1672579
-0.46354717,-0.3103021
0.034898277,0.024815183
-0.029026603,-0.03336922
-0.3023782,-0.22264476
0.29771307,0.42087835
0.3226325,0.48010597
-0.8457236,-0.6443049
0.19083014,0.24139671
0.42147025,0.7127194
-0.8482231,-0.6639641
0.31826127,0.4775461
0.6079545,1.4234841
0.663888,1.7184285
-0.91670525,-0.78405094
0.39483494,0.63333875
0.59395313,1.3522747
-0.20635441,-0.17190556
0.08568153,0.09276155
-0.46976885,-0.33087593
-0.37951756,-0.2803629
0.0032390985,0.002109945
-0.6977233,-0.46432984
-0.2589664,-0.22796814
-0.39712873,-0.28006434
-0.5235008,-0.35799485
-0.03222258,-0.031834714
0.67735445,1.7959707
-0.5154758,-0.3475026
0.31946027,0.47736213
-0.49161476,-0.35801196
-0.71583307,-0.4746677
0.8866438,3.5372143
0.26647148,0.3638823
-0.79080755,-0.5921114
0.265288,0.35489306
-0.64730597,-0.42401394
0.775593,2.4868865
-0.50505835,-0.34244433
0.6135958,1.4452329
-0.6016095,-0.3855231
0.11658066,0.1304298
0.8246574,2.9207087
-0.40799475,-0.29455864
-0.83720535,-0.63964766
0.10518394,0.12106859
-0.6553389,-0.43450138
0.4566894,0.8312569
0.18164231,0.21717498
-0.30724978,-0.22408843
0.4113064,0.68055075
-0.52294403,-0.36864161
0.8340731,2.9947155
-0.30622393,-0.23113175
0.52593625,1.0545545
-0.48296133,-0.3350093
0.4296507,0.72843444
-0.93694115,-0.8356846
-0.40896428,-0.283861
-0.8142195,-0.61783975
-0.09755895,-0.10110466
-0.12978402,-0.11109305
-0.28198364,-0.22822693
0.9623355,4.4868445
-0.5118189,-0.3485157
0.58210224,1.3100812
-0.10510572,-0.10825716
-0.33037904,-0.2447383
-0.5930666,-0.4096549
0.2668078,0.36161575
-0.33264375,-0.25815123
0.6258375,1.522446
0.9369297,4.1330447
-0.54573685,-0.36897612
-0.7426592,-0.50883126
-0.3689644,-0.2712051
-0.06577647,-0.051413152
-0.39806637,-0.26956624
0.9409336,4.1821632
0.55840325,1.1984514
0.9322815,4.0809503
-0.25352007,-0.18809077
-0.39065027,-0.2821856
-0.18527494,-0.16272236
0.045666788,0.05651771
0.4831104,0.9157689
0.76220375,2.3892918
-0.07364025,-0.06160205
-0.42164254,-0.29847318
-0.36230686,-0.26496536
0.39389652,0.65074337
0.13511607,0.14172222
-0.027011737,-0.01300449
-0.59445184,-0.3960005
0.75091136,2.2864296
0.56204087,1.2131953
-0.7187228,-0.48518455
-0.2652231,-0.20699789
0.08426419,0.08469705
-0.09132276,-0.096426256
-0.20440832,-0.14512843
0.4376638,0.7484082
-0.890993,-0.7323874
-0.05717932,-0.059952006
-0.47563663,-0.31974843
-0.8307632,-0.6455118
-0.070225686,-0.04953405
-0.6572626,-0.4464914
-0.48355144,-0.3367602
0.014017459,0.011084095
0.947418,4.258506
0.36851,0.57590353
-0.4407564,-0.30382523
-0.23518789,-0.20776089
-0.1877337,-0.16558711
-0.69272476,-0.45956478
-0.6786916,-0.46342123
-0.70321053,-0.48959547
0.043328274,0.03254278
0.34837216,0.5201728
0.18144137,0.23143804
0.9555344,4.363038
-0.74825084,-0.5203419
0.9729488,4.598768
-0.066652134,-0.06374477
-0.5627344,-0.38110745
0.88656163,3.5273316
-0.06277338,-0.058296114
-0.30530608,-0.25567558
-0.57237977,-0.3872704
-0.4642491,-0.31944183
0.958439,4.401723
-0.39205313,-0.28211525
0.9556118,4.37383
-0.33957002,-0.2526998
-0.5371631,-0.37852758
-0.63327163,-0.4262698
-0.17629099,-0.16711853
-0.5263871,-0.3650895
0.39387593,0.64362836
-0.52045655,-0.3532911
0.6707937,1.7487798
0.6680225,1.7417172
-0.42894724,-0.29659784
0.50708026,0.98444164
0.71509176,2.0190494
0.1802657,0.22516128
-0.26733518,-0.22065286
-0.118065625,-0.11199149
0.57245773,1.2579405
-0.41336507,-0.29522592
-0.33107534,-0.2395017
-0.67843133,-0.4647181
-0.20189519,-0.167354
-0.82696974,-0.64464253
-0.3579311,-0.258852
-0.25304124,-0.20906502
-0.48904175,-0.3053034
-0.79728377,-0.5886503
0.043334484,0.04954137
0.7301623,2.1507258
-0.3287105,-0.24922675
-0.5263969,-0.35443318
-0.42992356,-0.28252348
0.7237744,2.09227
0.05561518,0.03645766
-0.7384193,-0.5310469
0.4184433,0.72026485
-0.6912621,-0.47802895
-0.8795112,-0.690893
-0.48863024,-0.3301135
-0.6638197,-0.456931
0.20999494,0.25792095
-0.030867185,-0.034405604
0.4481291,0.7766981
0.023142101,0.026467787
-0.16198812,-0.13248631
0.05243738,0.04566591
-0.13102777,-0.13136865
-0.9258262,-0.8168569
0.36139822,0.5724045
0.9242607,3.9803493
-0.15593289,-0.13275695
-0.15253404,-0.115938894
-0.9084622,-0.7874579
0.78075814,2.52591
0.85824275,3.2407818
0.6262782,1.5222286
-0.78730905,-0.5657135
0.80044734,2.7003758
-0.95208865,-0.856095
-0.110851355,-0.09217954
0.0012473082,-0.010295279
0.6680042,1.7399032
0.5017184,0.95793486
0.5941938,1.3657386
0.7358019,2.1963146
-0.04785816,-0.05787608
0.56050473,1.2009838
-0.8639338,-0.70413023
-0.11090715,-0.10104659
-0.93973464,-0.8477852
0.8306301,2.9534173
0.91682756,3.8821719
-0.8321219,-0.6165701
0.06525329,0.07775959
-0.34972078,-0.26297882
-0.31493142,-0.24073176
-0.09859988,-0.07096809
-0.7498681,-0.5175443
-0.6384596,-0.43411675
0.15473732,0.18805972
-0.9624882,-0.90553164
0.19960204,0.24954706
-0.36216563,-0.2598893
0.66441286,1.7337116
0.20001301,0.24353896
0.4161824,0.7139806
-0.77114964,-0.55264497
-0.46827528,-0.32899535
0.99333924,4.9200644
-0.13269551,-0.12075841
-0.2822696,-0.23160692
0.7477107,2.264347
-0.93385077,-0.81859916
0.06954672,0.064877816
-0.5794856,-0.38256282
-0.2636944,-0.21747033
-0.60044587,-0.40520695
-0.9243545,-0.782394
-0.16697574,-0.15192774
0.57840604,1.2629315
0.90390885,3.7441723
0.24770595,0.31495723
-0.22232582,-0.1901104
0.5397105,1.1261382
0.010447967,0.01744509
-0.26475945,-0.23334783
-0.6418206,-0.43692613
0.59225994,1.355215
0.00085158105,0.021137461
0.9276075,4.0010095
0.6038192,1.4124472
-0.15996777,-0.14454146
0.4817001,0.9156977
-0.093217015,-0.09567257
-0.84026855,-0.6501628
0.0333621,0.038387608
0.73145723,2.163022
0.71088266,2.0181174
0.14993383,0.17207335
-0.23995292,-0.19869435
-0.9797988,-0.923998
-0.37718043,-0.2731975
0.9796172,4.697686
0.45298207,0.8176804
0.43517712,0.7646699
0.5221668,1.0368254
0.24022676,0.320792
0.17171732,0.19222221
-0.09276149,-0.09133633
-0.11213201,-0.11069079
0.7416969,2.2256198
-0.21308747,-0.18010531
0.6805836,1.8175853
0.67546886,1.7697519
0.5417964,1.1264722
-0.9247152,-0.8163045
-0.7040555,-0.46180508
-0.3705897,-0.2762734
0.6950667,1.9070385
0.7465188,2.269208
-0.91688544,-0.7750473
-0.3505509,-0.2727116
0.7007684,1.9518567
-0.5006135,-0.33443248
0.95200664,4.326387
-0.021392467,-0.019298162
0.8746254,3.400528
-0.14234722,-0.12783849
-0.35240215,-0.2630689
-0.27517965,-0.22039647
0.7686012,2.4394908
-0.33862123,-0.2628074
0.33869246,0.5184279
-0.060314637,-0.043605763
0.8833424,3.5032897
-0.68127304,-0.48257625
-0.14268634,-0.11875462
-0.75073236,-0.5375042
0.15627868,0.17993163
-0.19420162,-0.15904579
-0.87812555,-0.7006268
0.6996762,1.9224713
-0.24897043,-0.1989555
-0.012738518,0.007339176
-0.18497333,-0.16712277
-0.022694644,-0.02419511
-0.9673496,-0.9143658
0.63091904,1.5455744
-0.33538398,-0.26472223
0.44892353,0.7840721
-0.8702264,-0.6892049
0.047650505,0.052421253
0.8175839,2.8328006
-0.20350392,-0.1698366
-0.605482,-0.4206428
-0.8018377,-0.58329195
0.71817595,2.0642326
-0.52238756,-0.36363214
0.9501422,4.294225
-0.5043544,-0.35079616
-0.038018007,-0.04737567
-0.08401173,-0.06410124
-0.87598073,-0.6961597
0.06367884,0.06399691
0.34528196,0.5216418
0.48427132,0.9027649
0.045183513,0.045715485
0.62517035,1.513493
0.504195,0.99559927
-0.61205137,-0.4212435
-0.19679664,-0.1813321
-0.7148363,-0.50473213
-0.7331527,-0.50705916
0.42425472,0.7263159
0.060918264,0.07479381
0.20189962,0.25330624
0.46436855,0.86439216
-0.44553015,-0.32947937
-0.19727609,-0.1897238
0.21360618,0.28503892
-0.806742,-0.60706043
0.6661082,1.7347429
-0.31310076,-0.23781739
0.31750596,0.46698132
0.9911298,4.863773
-0.049275108,-0.056479774
-0.5699031,-0.39516065
-0.5671332,-0.3770882
-0.87924755,-0.7060144
0.5341646,1.0943125
-0.41313732,-0.3018414
-0.65454847,-0.4374492
0.42739207,0.7209355
-0.3817267,-0.2590101
0.2009379,0.25590855
-0.16434757,-0.1427616
-0.33169454,-0.24177809
-0.021140808,-0.0143964905
-0.37241352,-0.27094996
0.7411298,2.2038846
-0.8539194,-0.66561985
-0.93969274,-0.8248579
-0.18721394,-0.1632803
-0.65431273,-0.43336743
0.48745292,0.9333572
-0.2931322,-0.22423372
-0.47712457,-0.3292942
-0.28123707,-0.21429205
-0.5610321,-0.37521613
-0.40069506,-0.27011502
0.13597058,0.16702822
0.7280651,2.1367044
-0.2582613,-0.1949164
-0.35865644,-0.25846738
0.56357974,1.1971389
-0.9551472,-0.87806416
-0.39584735,-0.2925413
-0.09565836,-0.084027745
0.20132336,0.24642071
-0.68787694,-0.46439445
-0.1342912,-0.12260853
0.13260093,0.16984245
0.020500917,0.037430704
0.14910215,0.16074891
0.32479653,0.48252502
-0.24125466,-0.19914119
-0.8727285,-0.6994388
-0.88888747,-0.72586167
0.7174293,2.0435936
0.35483843,0.53716934
0.52836937,1.0656773
0.8576092,3.22323
0.5010888,0.96741253
0.38460255,0.6276746
0.3115171,0.4533664
-0.48285323,-0.34288254
0.91458815,3.8524983
0.084088616,0.06811158
-0.55585223,-0.35602608
-0.5803476,-0.3912227
0.63053185,1.5464346
-0.4995828,-0.33558366
-0.9171472,-0.78919315
-0.14317545,-0.14907028
0.6347009,1.5529393
-0.17112072,-0.14260235
0.6070952,1.4183261
0.6544219,1.6768051
0.71541435,2.0427396
0.17779969,0.23463085
0.39894155,0.64642805
-0.47628188,-0.32535282
-0.8006041,-0.6011677
0.06556105,0.07930161
-0.97883624,-0.9466616
-0.0685243,-0.08169573
-0.7958128,-0.5994627
-0.7831594,-0.5733113
0.74156684,2.2415514
0.28103638,0.3976196
0.2904686,0.41300327
-0.19104666,-0.16109382
-0.17349136,-0.15912844
-0.3937846,-0.2945323
-0.13128294,-0.12156988
0.17425013,0.20456298
-0.6268219,-0.42915645
-0.4766331,-0.34023806
-0.010492127,-0.010322373
-0.2304394,-0.19491644
0.638973,1.5926731
0.643374,1.6164045
-0.32801592,-0.2419247
-0.09840944,-0.08473769
0.953175,4.3244433
0.65495217,1.6922982
-0.56867915,-0.386898
-0.43954206,-0.30240682
-0.83303934,-0.6284428
0.35564628,0.53839016
-0.3662094,-0.27609172
0.073190376,0.08294918
0.53628457,1.0897338
0.67207015,1.7675387
-0.3492713,-0.2841557
-0.52550614,-0.358184
0.69707274,1.9361441
-0.23745838,-0.19206093
0.6439963,1.5939509
-0.7004737,-0.48692465
0.8238188,2.9078112
-0.033748686,-0.030978963
-0.65973324,-0.44265312
0.0701363,0.0737037
0.74003196,2.2071643
-0.22134987,-0.18007587
-0.64387697,-0.43434843
0.15311234,0.19105066
0.6689342,1.7452127
-0.75729245,-0.53778934
-0.9171834,-0.79036224
-0.887413,-0.7061891
-0.53902256,-0.37370357
-0.98539597,-0.96129215
-0.14265446,-0.13442649
0.3954989,0.660964
0.42091638,0.73104227
0.27342305,0.37357265
-0.40759972,-0.28097263
0.4718754,0.87586963
0.15297514,0.18760797
0.7223584,2.080098
-0.04398897,-0.040521704
-0.63970536,-0.41320464
0.26930568,0.38281378
-0.69843155,-0.47151166
0.9262897,4.0066876
0.40657037,0.7018388
0.51264375,1.0225016
0.3585369,0.5490078
-0.80488086,-0.584457
-0.06940036,-0.0656397
0.3028305,0.43815288
-0.54128826,-0.36632594
0.3590042,0.54964477
0.6397709,1.5887396
-0.45014003,-0.30647957
-0.6007934,-0.3972998
0.76631993,2.4175138
-0.989611,-0.9714793
-0.4885059,-0.35390502
-0.1865392,-0.1577223
0.34451944,0.5285901
0.994127,4.891003
-0.25836322,-0.2062233
0.89761746,3.6575077
-0.26645145,-0.21982138
0.3910585,0.6439249
-0.669266,-0.44532764
-0.07918429,-0.055233035
0.74254704,2.2328253
-0.36001125,-0.25339773
-0.7895948,-0.58482313
0.04542667,0.04387654
-0.12093063,-0.101092115
-0.54092073,-0.373854
0.8112305,2.785994
0.20337348,0.2636001
-0.30565277,-0.23478457
0.9922625,4.8759313
-0.7248676,-0.5102409
0.695903,1.9121995
-0.5387501,-0.3601376
-0.52098626,-0.35892826
-0.0036756035,-0.028152414
0.32388395,0.48519146
0.3809262,0.6168356
-0.95574474,-0.88904923
-0.4262841,-0.3144176
0.32120815,0.4850986
0.7794696,2.515103
0.3397818,0.5198557
-0.46823737,-0.33302885
0.015545498,0.022343732
0.29515284,0.4085808
-0.7293213,-0.5045393
0.089813806,0.10224468
-0.056667544,-0.07427452
-0.32670394,-0.24592909
0.24707533,0.32066584
0.2724326,0.38481122
0.9429398,4.2088428
-0.14338961,-0.12788808
0.06253431,0.08189418
-0.6849948,-0.48686767
0.096724674,0.12635419
-0.9278281,-0.7934575
-0.70024484,-0.48508695
-0.6575064,-0.43654674
0.26527822,0.36543873
0.13458928,0.13066195
0.5960739,1.3635403
-0.07120114,-0.0791191
-0.050287526,-0.06144204
-0.6768879,-0.46388024
0.48540285,0.9153315
-0.99269414,-0.96624184
-0.15021825,-0.1381347
-0.62334985,-0.4240772
0.54201984,1.1418078
0.3467827,0.52638465
0.4135374,0.69147915
-0.7028442,-0.47496986
0.33762816,0.512796
0.38178742,0.6135564
-0.9947258,-0.97510284
-0.36479828,-0.28149453
-0.82542366,-0.63126063
0.36278847,0.58574295
-0.57578266,-0.4188629
-0.47068137,-0.33416465
-0.8433418,-0.6645127
-0.032386668,-0.030660493
-0.9339344,-0.8199982
0.6911844,1.8961751
-0.94726795,-0.8615958
-0.8767206,-0.7183569
0.28081328,0.37526497
0.8338671,2.9961529
0.7842423,2.5778124
-0.832739,-0.6421959
-0.42310655,-0.3020612
0.042073715,0.045283575
-0.94675255,-0.8604728
0.05728523,0.07499867
-0.10446872,-0.08249526
0.17682199,0.22294962
0.84062976,3.0700798
-0.45076138,-0.3233412
0.2781931,0.37329087
-0.14033532,-0.12984504
-0.12974255,-0.11204267
0.29454282,0.41334912
0.90267277,3.7219346
0.726063,2.1167521
0.2790449,0.3730009
-0.076923825,-0.059021633
-0.1520158,-0.1370803
0.57426584,1.2725027
-0.56355864,-0.3893984
0.17533308,0.20376511
0.009907536,0.0007166326
0.29870713,0.4106064
-0.62515795,-0.43548572
0.39151445,0.6413117
0.2539996,0.3308468
-0.63970774,-0.42847085
-0.10075662,-0.0905173
0.3572387,0.5613544
0.80320853,2.7068677
-0.7558007,-0.5260127
-0.9825212,-0.9584181
-0.6696917,-0.4825385
0.97854745,4.689172
0.53674054,1.0982523
0.22873804,0.3113888
-0.73397386,-0.5104458
-0.1679083,-0.14463945
0.43047774,0.7466997
0.7917683,2.6142137
-0.23635349,-0.17446804
0.99937975,4.9852223
-0.7205272,-0.49547789
-0.22612816,-0.19272324
0.75079495,2.2940373
0.2998312,0.41481918
0.621839,1.4937681
0.81559825,2.8273704
0.014632791,0.020338548
-0.5305057,-0.3565047
0.3874138,0.6271951
0.12695937,0.16581216
0.5452984,1.1412416
0.023427509,0.024381211
0.6222227,1.4925932
0.80403495,2.726273
0.49916604,0.9629219
0.48731032,0.9206946
0.17437868,0.2186956
-0.056715976,-0.05415594
0.9451753,4.2458663
0.29022506,0.3891165
0.680713,1.8356026
0.010818057,0.01988886
0.109715715,0.12272038
0.32577804,0.48064268
0.45710474,0.8315801
-0.10328852,-0.10388347
-0.28737015,-0.22327606
-0.5211601,-0.35422742
-0.15270916,-0.15292951
-0.5775242,-0.38613603
-0.16647671,-0.15625829
0.74931896,2.293842
0.95414037,4.3661275
0.15420394,0.19740774
-0.7079892,-0.49147573
-0.14488883,-0.1299251
0.20415302,0.23666915
-0.2584565,-0.19881068
-0.58968765,-0.41248184
-0.54635143,-0.38500765
-0.05214222,-0.05259555
-0.5671426,-0.3941879
-0.5009546,-0.35390463
0.7461684,2.260143
0.5581206,1.2034743
-0.889374,-0.72726125
-0.35964653,-0.26421186
0.0638663,0.07969252
-0.87878275,-0.71160334
0.3663425,0.5690582
-0.23110971,-0.19554918
-0.20564304,-0.16510636
-0.46934527,-0.33771017
-0.33214203,-0.246849
0.7233798,2.0927997
0.57720596,1.2693686
0.87154377,3.364428
0.39799476,0.6641667
0.15574352,0.17588164
-0.48148742,-0.33620518
0.33371064,0.49409
0.8123162,2.8078823
-0.8616688,-0.66732126
-0.113859534,-0.09313421
-0.70127857,-0.48587784
0.621233,1.4918089
0.22819649,0.28638664
0.7592986,2.3604758
-0.87379974,-0.7214423
0.8114613,2.7920234
-0.8656068,-0.690011
-0.4247884,-0.29785752
-0.6876685,-0.47024938
-0.7092287,-0.4810493
-0.6566602,-0.452407
-0.039564256,-0.03049378
0.5687246,1.2449654
0.79655457,2.6706355
0.13375472,0.16596778
-0.6844969,-0.47693026
-0.84161866,-0.64480025
-0.011740761,-0.023261355
0.53076047,1.0950615
0.2403221,0.30756253
0.16556317,0.19458815
-0.90368956,-0.75862974
-0.17690922,-0.14295806
0.10076774,0.11577161
0.19658312,0.25226837
-0.99038386,-0.9715754
-0.60089004,-0.4023106
0.899572,3.6630344
0.017287677,0.027852701
0.4072844,0.6765373
-0.38362655,-0.28386974
0.17074399,0.22523841
-0.28706545,-0.25056183
-0.40608224,-0.2910403
-0.17720404,-0.17295457
-0.08034414,-0.07097425
-0.3377042,-0.26055062
-0.48402077,-0.3641624
0.24764076,0.33973703
-0.23853505,-0.20564096
-0.5963479,-0.3922582
0.51673543,1.0201198
0.44748315,0.7907252
0.77363163,2.447656
0.110038035,0.12788793
-0.441126,-0.31695044
0.7274154,2.1214273
-0.43939775,-0.31121522
0.3112012,0.43400392
-0.61921394,-0.4103183
0.25834942,0.34230796
0.68171436,1.8494304
0.0798882,0.0820282
-0.058224976,-0.05891712
0.98694587,4.793997
-0.9550958,-0.89290416
-0.33653682,-0.24410772
0.8371967,3.038035
0.28528538,0.39275154
0.08419455,0.09314782
0.2753834,0.39185694
-0.3561177,-0.26121026
-0.85766375,-0.6710983
-0.44970432,-0.31503686
-0.3270078,-0.25387153
-0.04026974,-0.034856338
-0.21220697,-0.15648621
0.042004447,0.03864197
-0.60783726,-0.4007395
-0.63190305,-0.42441773
-0.29657504,-0.23515996
-0.052569717,-0.04099138
-0.3165428,-0.23340905
0.15312447,0.18659979
-0.37998778,-0.2600512
-0.645662,-0.41801047
0.7256562,2.1133823
-0.59879583,-0.4044227
0.9332828,4.069655
0.97480816,4.6499095
0.3936076,0.64223444
0.004001988,-0.002070285
0.59083766,1.3307122
0.7464054,2.2520154
0.41918358,0.72996074
-0.7959105,-0.57574356
-0.9940243,-0.9971655
-0.61619735,-0.42960998
-0.6229362,-0.41861895
-0.634965,-0.4386165
0.019544637,0.017413665
0.040168926,0.057380207
0.4460441,0.8016755
-0.5970644,-0.41933137
-0.8146801,-0.6201598
0.33218265,0.4978605
-0.032005955,-0.019715676
0.3326413,0.4881959
-0.2385195,-0.18904778
0.5015911,0.96988237
0.36520156,0.58908653
0.3006837,0.43513548
-0.9448614,-0.8536215
0.71624833,2.033441
-0.24678595,-0.20873344
-0.72876894,-0.5334627
0.51117706,1.0119544
-0.027050158,-0.019677367
-0.93598926,-0.8236176
0.56374294,1.2125093
-0.12992507,-0.102189064
0.5098519,1.0201977
0.511182,1.0025965
-0.80012757,-0.5784332
0.22645165,0.2939683
-0.27972588,-0.22422463
0.09280379,0.11460864
-0.822906,-0.63383853
0.17636712,0.19924721
0.55508006,1.17789
0.9736276,4.615767
-0.3594409,-0.28242287
-0.6897505,-0.46701786
-0.2681976,-0.21957792
-0.961395,-0.9058266
-0.18245335,-0.14783517
0.829179,2.9471827
-0.6112978,-0.40119138
-0.044560704,-0.03806736
0.14523411,0.16792049
-0.6401858,-0.42130363
-0.33978894,-0.25055882
0.8227151,2.8912992
-0.4085425,-0.2882302
0.27072603,0.37612948
-0.72609615,-0.51650035
0.33973357,0.5357933
-0.4417112,-0.3108551
-0.53747445,-0.364386
-0.75166965,-0.5496571
-0.9063512,-0.7649401
0.93571943,4.1162663
-0.17219056,-0.15841664
0.555231,1.1720893
0.8401786,3.0471194
-0.5919591,-0.40182242
0.7396972,2.2145312
0.4160491,0.7013613
0.15595411,0.18778019
0.6181556,1.4795036
-0.77867085,-0.5576757
-0.47279933,-0.32496423
-0.73789823,-0.5146224
0.79194117,2.6235342
-0.8024047,-0.59473747
0.95990086,4.4231215
-0.7802176,-0.56591564
0.32363936,0.48333374
0.3209881,0.47759223
0.8624924,3.2837267
-0.35373497,-0.2675022
-0.33597618,-0.2547249
0.6925866,1.8917997
0.9571511,4.3867564
-0.9397224,-0.83054703
0.27063385,0.35210884
-0.5127207,-0.3307289
0.45592457,0.8422111
0.545438,1.1424931
0.5250511,1.0654292
-0.12897764,-0.105755314
-0.6843972,-0.47490576
0.16952926,0.20978379
0.5780761,1.2948408
0.82439,2.8889053
-0.094711356,-0.100924574
-0.50864923,-0.34113288
-0.762355,-0.54666936
0.5952022,1.3566658
0.070594735,0.07268506
0.3483682,0.52059627
-0.6815192,-0.4689908
-0.9868424,-0.97475356
0.9351632,4.120628
0.6217764,1.4924947
-0.19994718,-0.1656177
-0.08570443,-0.07227294
0.8581307,3.2619426
-0.58469945,-0.4047049
0.6056574,1.3922771
-0.96414095,-0.9001287
0.75142556,2.280471
0.178568,0.21396014
-0.04484408,-0.03417452
0.4129154,0.7101696
-0.86469775,-0.7035477
-0.6089121,-0.41957548
-0.18602984,-0.15325125
0.23573235,0.31575724
-0.7109034,-0.4828517
-0.2410154,-0.179615
-0.47821435,-0.32431307
0.29113874,0.40865546
0.8385569,3.0510995
-0.6680417,-0.45308268
-0.6214777,-0.4160653
0.20105696,0.24662876
-0.09287498,-0.08341529
0.4362092,0.7451919
-0.42422935,-0.29161143
0.08963923,0.0883738
-0.2263437,-0.19355817
-0.4374717,-0.33247593
0.45859283,0.82163304
0.5917875,1.334898
-0.3420971,-0.2539189
0.24594368,0.31292203
-0.6428172,-0.43867743
0.58193576,1.2922778
-0.43749848,-0.3268265
-0.65809053,-0.4435053
0.8799228,3.4602726
-0.15503144,-0.13383536
0.28699982,0.41004232
0.61842674,1.4741981
0.37228462,0.58550787
0.12932011,0.15774852
-0.25677308,-0.20779637
0.8370461,3.0209346
-0.732916,-0.50568557
0.76783943,2.4168208
0.41969767,0.72549385
0.14282136,0.16821206
-0.3505045,-0.24521908
-0.7079117,-0.48877874
-0.11367889,-0.09259443
0.56751907,1.2185961
0.49061945,0.9486102
0.2908844,0.41624594
0.98499936,4.772986
0.9452695,4.245195
-0.19999026,-0.17938492
-0.6149313,-0.41923347
-0.072323464,-0.0759566
0.6891532,1.8815926
-0.08287382,-0.06404838
-0.32803607,-0.25243616
0.482463,0.89514554
0.30027482,0.41831616
0.93739533,4.136648
0.098519966,0.10957871
0.9349444,4.101386
-0.4181274,-0.30690998
0.7296483,2.157018
-0.2981497,-0.23641394
0.6193515,1.4704815
0.85197234,3.1834576
0.24638216,0.3238108
0.4570982,0.83027184
0.9172794,3.8790803
-0.24968708,-0.19493274
0.023167452,0.03106885
0.79658383,2.648827
0.3456318,0.5202456
0.7471822,2.2581108
0.23650901,0.30426365
0.47946417,0.91376895
-0.9738751,-0.92302847
-0.32065374,-0.224142
0.54084146,1.1382171
-0.1919841,-0.14979574
-0.27430654,-0.20104995
0.9031045,3.732816
0.10509698,0.1344832
-0.6150158,-0.40887183
-0.055546623,-0.045760363
0.037342556,0.045370404
0.97746325,4.667542
0.43643907,0.7706297
0.038804263,0.052948855
-0.13601848,-0.12574233
0.8309899,2.9599068
0.29188216,0.40581092
-0.28782642,-0.21037194
-0.07073928,-0.06843714
-0.44375044,-0.32368946
0.92085737,3.9205432
0.40389016,0.6612229
-0.21540348,-0.18443885
-0.6335736,-0.44142994
-0.6459618,-0.43053526
-0.04451556,-0.04451174
-0.0648659,-0.055570178
-0.16442272,-0.16419655
0.703612,1.9752889
0.9583662,4.408275
-0.29035366,-0.22048289
-0.41077873,-0.27936393
0.5402216,1.1245782
-0.10041411,-0.0701361
-0.5648628,-0.40052137
-0.6381215,-0.4339371
-0.43886447,-0.32800767
-0.9973527,-0.9889561
0.8828599,3.4950967
-0.13950224,-0.13335213
-0.83430564,-0.6169562
-0.6700857,-0.45902815
-0.35332438,-0.28457832
0.103387885,0.12210998
0.40743217,0.6868077
-0.3842976,-0.2847338
0.91523296,3.871256
0.5206238,1.0350018
0.65159756,1.64639
-0.3527086,-0.25822872
-0.23807758,-0.1831999
0.076123565,0.0801535
-0.096606076,-0.09292037
-0.4802164,-0.33312035
0.9945418,4.898257
0.6967152,1.9173139
-0.5240253,-0.37723553
0.7847971,2.5526953
0.17377193,0.1960623
-0.9748759,-0.9230231
-0.30769724,-0.24325526
-0.9485345,-0.84819007
-0.82445896,-0.642504
-0.6420454,-0.4360973
-0.031202713,-0.029413082
-0.23742259,-0.18711266
-0.70200765,-0.4612444
-0.21088915,-0.19390047
-0.391321,-0.29141527
-0.17968813,-0.132377
-0.6553782,-0.4529883
0.21942207,0.28537667
-0.91093755,-0.78510386
-0.22424558,-0.19721408
0.7897713,2.5942762
-0.16065945,-0.11865941
-0.117840126,-0.11708563
-0.8639827,-0.68964213
0.21072859,0.264334
0.8728056,3.3954859
-0.41677922,-0.2865843
-0.2134967,-0.17493564
0.1763162,0.18212435
-0.81357765,-0.61739945
0.9005669,3.680092
-0.064806655,-0.049275618
-0.7698074,-0.5617662
-0.3295455,-0.2319917
-0.25233817,-0.19761789
-0.30924493,-0.22552103
0.3864473,0.646981
-0.30895853,-0.2461366
-0.35229206,-0.27812788
-0.35582295,-0.26206753
0.555697,1.1939824
-0.38323694,-0.28599727
-0.9720038,-0.9201991
-0.26892972,-0.20006202
-0.44352564,-0.30134442
0.8180345,2.8429306
-0.04418765,-0.039604306
-0.53084934,-0.37074327
0.9631667,4.4593964
-0.5065115,-0.3338415
0.5260483,1.043876
0.29910123,0.42762795
-0.07554381,-0.0739409
-0.1883298,-0.15303272
0.744765,2.242494
-0.049835224,-0.036053415
-0.24928573,-0.20195694
-0.29149958,-0.2116669
-0.448264,-0.31293175
-0.1820681,-0.16455404
-0.760164,-0.53606576
-0.86975396,-0.6925173
0.08293506,0.08936486
-0.09147694,-0.09129436
-0.65321547,-0.4335022
-0.78640157,-0.58226734
-0.7134655,-0.50196487
-0.369511,-0.2663963
-0.09703066,-0.090557404
-0.6132998,-0.43278548
0.51124996,0.9998814
-0.6133512,-0.40911463
-0.7517471,-0.5348677
0.98910975,4.837988
-0.10457687,-0.0920567
-0.65998596,-0.44280785
0.7891139,2.5980973
-0.53781676,-0.3987437
0.85115993,3.1633263
-0.7620783,-0.5488178
0.6836294,1.8385088
-0.6314658,-0.41523898
0.8766753,3.4168093
0.14848728,0.17507063
-0.6201726,-0.41312814
0.6896401,1.8723379
-0.21884802,-0.19273405
0.46562684,0.8402411
0.28688145,0.40116414
0.42858905,0.7330037
-0.3125702,-0.25812468
0.877651,3.430014
0.11962629,0.122872226
-0.8448788,-0.64762586
-0.86653197,-0.70590496
0.47645926,0.90192884
0.69994885,1.9624376
0.39055926,0.62761915
-0.4450054,-0.3194731
-0.5481921,-0.36217728
0.13087317,0.16141437
-0.606441,-0.41339484
-0.24180049,-0.19927606
0.25738245,0.3418807
-0.43017733,-0.31373388
-0.24912216,-0.19051418
-0.27896422,-0.21693155
-0.07895297,-0.08042918
0.34871966,0.53332216
0.56469834,1.2189825
0.33016497,0.516006
-0.9476643,-0.86094135
0.7936794,2.642715
0.16237757,0.19818047
0.84049296,3.0576444
0.92774457,4.019491
-0.06430644,-0.058316145
0.8327312,3.0097787
-0.26922873,-0.2133909
-0.4792435,-0.35823703
-0.85273945,-0.6458997
-0.09633909,-0.09297059
0.37737456,0.6023279
0.95367134,4.341095
0.042618554,0.038526583
0.46894968,0.8518468
0.7922943,2.6035922
0.0863706,0.08736035
-0.66646945,-0.4473742
0.69641685,1.9017427
0.14834741,0.17922862
0.5170225,1.0541388
0.31695586,0.46541783
-0.877925,-0.72521037
-0.66177005,-0.44475114
-0.4275005,-0.2941748
-0.43058437,-0.29239753
0.6783954,1.8081927
0.19647872,0.25049493
-0.83324933,-0.6285879
-0.22560285,-0.17815991
0.11266137,0.13014667
-0.49699435,-0.34845006
-0.9203322,-0.7861526
-0.23947252,-0.1987156
-0.0776222,-0.046006393
0.8095299,2.766123
0.81673235,2.8449824
0.0008049448,-0.011969519
-0.057010885,-0.058703322
0.28100413,0.38425162
-0.48375186,-0.34834275
-0.42857164,-0.31008172
-0.9948843,-0.9812053
-0.84357625,-0.65552235
-0.64299273,-0.422438
0.28114548,0.38110095
-0.5746855,-0.3808557
-0.75184196,-0.5381994
0.23260945,0.3142028
0.30350006,0.44246188
-0.88065374,-0.7061803
0.54579616,1.1418396
0.21231414,0.28271893
-0.20586911,-0.1873854
0.96636456,4.521995
-0.9796013,-0.9398596
0.089703456,0.106882416
-0.6805932,-0.46486685
-0.34133446,-0.26549336
-0.73359543,-0.52398926
0.33642903,0.50469464
-0.19685681,-0.16712795
0.972599,4.6122656
0.30769423,0.45276105
0.83466965,3.0037773
-0.51834565,-0.3539063
-0.36243188,-0.2570358
-0.27463552,-0.21824802
0.67703,1.7960368
-0.5766485,-0.4022908
0.89344156,3.6201138
-0.9128418,-0.78059393
0.779716,2.5308795
-0.097172245,-0.10063698
0.051796068,0.04971129
0.9947949,4.9319243
0.740096,2.2185476
0.8080432,2.747554
0.17107001,0.21556985
0.91268355,3.8200462
0.37561086,0.60534745
0.63865405,1.5698453
0.44186783,0.7904693
0.56182885,1.211566
0.2759419,0.38393542
0.45281723,0.810978
-0.12812304,-0.11269904
0.4137348,0.6979869
-0.4463789,-0.307031
0.26988158,0.3684819
0.047504865,0.0644972
0.7970752,2.656824
0.34644568,0.5360557
0.19324107,0.24510488
-0.3738518,-0.26177272
0.7256078,2.113716
-0.8916846,-0.73379314
0.7995021,2.688174
0.30595517,0.42748806
-0.62101483,-0.4145497
0.805991,2.7740433
-0.34729204,-0.24298102
-0.66345483,-0.45790964
-0.36170787,-0.2852779
0.92214465,3.9470596
0.505517,0.9993983
0.8335863,2.9926233
-0.40225595,-0.27099273
-0.83512145,-0.6477352
0.12551045,0.1457695
-0.033998452,-0.033966813
0.44120955,0.78369236
0.085350364,0.10131359
-0.20706645,-0.15972416
-0.9906283,-0.9736455
-0.06450688,-0.048020046
-0.7587144,-0.53641427
0.8440022,3.1068535
0.84341264,3.1024995
0.607298,1.4188972
-0.6842667,-0.47395432
-0.70512235,-0.48357776
0.12662047,0.15487933
0.45492354,0.8032926
0.8090785,2.7635787
0.7880688,2.595048
-0.6893448,-0.49745217
0.9909479,4.8555045
-0.68640506,-0.4751714
0.6802365,1.8166414
0.17389111,0.20724261
0.35657296,0.5479543
0.20794356,0.24912322
0.7393641,2.2276864
0.27419537,0.37111697
0.6973276,1.9049904
-0.69126403,-0.4618875
0.73341346,2.1595886
0.98590666,4.78041
0.3230136,0.4822368
0.9527222,4.3287926
-0.56023294,-0.37720147
0.65856624,1.6835493
-0.661906,-0.45351303
0.031885527,0.023009945
0.32806998,0.47425452
0.3205245,0.50484306
0.3417219,0.508416
-0.3581506,-0.27988684
0.9474422,4.276051
-0.986894,-0.9590318
0.2419969,0.319165
0.73221946,2.1539912
0.7822264,2.5359228
0.4404108,0.7710113
0.1496244,0.18730314
-0.08532989,-0.081105165
-0.10096801,-0.08026964
-0.14980173,-0.13083133
0.39978528,0.65721667
0.4624169,0.83177733
0.029524697,0.05187019
0.48162353,0.90517277
0.056910362,0.06033234
-0.8052966,-0.5785587
0.70323014,1.9662443
0.7409609,2.2268322
-0.46707755,-0.324853
0.57286686,1.2507012
0.022341998,0.03502017
-0.7519456,-0.54655015
-0.2040026,-0.17926428
-0.8468961,-0.6660953
0.572934,1.2612513
-0.6075331,-0.4093667
-0.6712162,-0.47497973
-0.5829247,-0.3698705
-0.54773796,-0.3637452
0.34790435,0.5258883
0.27720195,0.38721794
-0.74132675,-0.51657397
0.44883838,0.79621434
-0.30188578,-0.22852626
-0.08505454,-0.074331634
-0.7502801,-0.51966244
0.41725212,0.7076431
-0.2475557,-0.1954007
0.26425922,0.35662282
-0.1455581,-0.13140556
-0.9022624,-0.7656186
0.40697914,0.67057854
0.10501632,0.112688854
-0.13151015,-0.11858856
-0.596896,-0.39204767
0.24868643,0.32689446
-0.4496051,-0.31918126
-0.1416514,-0.12700671
-0.8870297,-0.72868264
0.553493,1.1921947
-0.81992584,-0.6212714
0.7816792,2.5411232
0.73514926,2.1832008
0.94217986,4.197349
0.8168825,2.8287325
0.9428153,4.210127
0.77455246,2.4585993
-0.7749828,-0.5688756
-0.12463627,-0.116242975
-0.8476873,-0.6618383
0.090596415,0.10046189
0.059513524,0.07719175
0.8443567,3.1030223
0.93938947,4.162743
-0.4807119,-0.33634216
0.1646257,0.1937906
-0.07111642,-0.077739835
0.09347035,0.08203231
0.06345619,0.055002846
0.8282488,2.9544854
0.7922515,2.6161394
-0.7545266,-0.5404616
-0.30977964,-0.22697704
0.50555015,0.96226585
0.36797422,0.57242584
0.2623851,0.34429938
0.9876209,4.820286
-0.32612988,-0.24126436
0.030497411,0.037188362
0.95830077,4.4233007
0.39110455,0.64198023
0.29736054,0.42471045
-0.6905055,-0.448246
-0.5066862,-0.3688021
-0.24505362,-0.17498858
-0.0703058,-0.048268348
-0.0055795205,-0.0070330263
0.8042744,2.719264
-0.78557605,-0.5781684
-0.5032949,-0.34849146
-0.7127324,-0.48071066
0.47062144,0.84381557
0.9411596,4.2037506
0.7879216,2.586988
0.44660154,0.80444634
-0.9569544,-0.8937321
-0.30593827,-0.2276585
0.7272361,2.127709
0.3061405,0.4456677
-0.5807974,-0.39860713
-0.06702573,-0.06664213
-0.82416373,-0.6359518
0.041603073,0.051049948
0.8020569,2.7204802
-0.9225623,-0.7977339
0.22778305,0.26799843
-0.5337946,-0.34953773
0.9807702,4.7200336
-0.8697966,-0.7233121
0.23458277,0.28922653
-0.4872586,-0.34715715
0.76492614,2.4018347
-0.7561404,-0.54721236
-0.14149478,-0.13286223
-0.62927693,-0.415203
0.59888744,1.3899113
-0.29711288,-0.22009258
-0.6265736,-0.43877208
0.45180213,0.8180738
0.63443464,1.5523158
-0.07520902,-0.05032292
-0.2423012,-0.19260235
0.2642884,0.370929
0.30279317,0.4387507
0.3214908,0.47652048
-0.44848472,-0.31892216
0.88260496,3.5036297
-0.57311153,-0.37753278
-0.25168344,-0.20458971
-0.43261212,-0.31095368
0.862247,3.2689993
0.6567403,1.6876783
0.6225439,1.4974535
-0.99057984,-0.96938944
0.371801,0.5840422
-0.5394526,-0.3518491
0.9354885,4.096749
0.061502814,0.07335462
0.129406,0.15845491
-0.28703436,-0.22662875
0.07346124,0.06478695
0.49947438,0.970704
0.12384031,0.15330523
0.28252578,0.41078922
-0.055063844,-0.045618992
0.43279943,0.74532014
0.79911804,2.6886237
-0.8978976,-0.7442097
-0.78540695,-0.5681564
0.37121823,0.5773688
-0.24459118,-0.19071068
-0.43676314,-0.30412358
-0.64281344,-0.4099574
0.14527255,0.17082763
-0.30493522,-0.21734083
0.015921652,0.030092314
0.9171225,3.8864505
0.5165353,1.0414894
0.5919017,1.3371824
-0.7516042,-0.5339363
-0.35003936,-0.26600122
-0.78752905,-0.5756024
0.9370419,4.11121
0.36437523,0.587567
-0.96153235,-0.896131
-0.048990358,-0.038832903
-0.47294873,-0.32623443
0.0799177,0.08414274
-0.64268464,-0.4469095
-0.886289,-0.7359463
-0.35364494,-0.26505566
-0.40898576,-0.2983376
0.43392718,0.74502623
-0.05090228,-0.055307686
-0.4173444,-0.29357174
0.14086103,0.17271584
-0.85736525,-0.6871121
0.3247052,0.4702983
-0.70542127,-0.48373803
-0.44060126,-0.31255844
-0.43575424,-0.3119328
-0.06829616,-0.054706093
0.90631473,3.7602286
-0.3506815,-0.27724153
-0.43735626,-0.31714228
-0.662396,-0.4658821
-0.2160622,-0.17954916
-0.6359178,-0.442428
-0.7244613,-0.5215572
0.7147172,2.0175123
-0.8947225,-0.7231343
0.42165023,0.70568705
-0.59485817,-0.40392327
-0.97656995,-0.93232006
0.5902899,1.3386846
0.40457103,0.67830586
-0.33140218,-0.25041723
-0.84133494,-0.65406257
-0.27865687,-0.21609809
-0.63734484,-0.42809692
0.8650071,3.3051233
0.059246205,0.06938624
0.9276873,4.0081244
-0.29737175,-0.23175186
0.112925634,0.11404067
-0.6197531,-0.42005482
0.6168582,1.4598203
-0.91779935,-0.77967703
0.39123085,0.62214386
-0.21667981,-0.1829284
0.15683155,0.18074325
0.18451826,0.23292871
0.42159024,0.70640683
-0.5914756,-0.39851937
0.06277184,0.067762524
-0.14614813,-0.11828415
-0.43563777,-0.31675553
-0.008544355,-0.021545986
0.9040301,3.7366486
0.89776987,3.6462379
-0.44236535,-0.3171171
0.7684143,2.4267535
0.75350964,2.320549
-0.5008307,-0.35963506
0.19790149,0.24369362
0.7398715,2.21392
0.029989604,0.02230647
-0.26046106,-0.2104634
0.30157086,0.43959796
-0.6551499,-0.4486715
-0.6765372,-0.46436417
0.66529226,1.737472
-0.91625017,-0.78909653
0.6072599,1.431911
-0.41901168,-0.31548196
-0.03375502,-0.035386685
0.08703011,0.10308881
0.53413856,1.0895174
0.767716,2.421308
0.60844827,1.4369897
0.14468755,0.16140579
-0.30397266,-0.22889176
0.05311565,0.063561685
-0.9399566,-0.83927065
-0.51003975,-0.34902397
-0.26768926,-0.22170256
-0.36049095,-0.25927398
-0.8097061,-0.61569166
-0.89849186,-0.746479
-0.15857044,-0.14206506
-0.8504005,-0.6679213
-0.42758387,-0.3058093
-0.050348684,-0.042940255
-0.58007747,-0.37561247
-0.84093016,-0.6477807
-0.13573346,-0.12671752
-0.103047006,-0.10781695
0.8312286,2.9823265
-0.74432474,-0.5224456
0.22999075,0.29617736
-0.36059487,-0.26605803
-0.75280434,-0.5256578
-0.2137058,-0.18025629
-0.14412484,-0.13263747
-0.27287096,-0.22779807
0.5314655,1.0754261
0.6784129,1.8029741
-0.70253646,-0.47251254
-0.6641899,-0.4557801
-0.1575648,-0.13352478
-0.3596221,-0.2548473
0.6391472,1.5861119
0.9936224,4.924883
-0.63777924,-0.42983252
0.5250883,1.05995
0.21449363,0.26912335
0.28884813,0.42527595
-0.47111705,-0.3154823
-0.80560756,-0.6121606
0.086512215,0.11580581
0.2270117,0.2984834
0.92609787,3.9961114
0.35046214,0.54188627
-0.1126314,-0.11081947
0.98800224,4.8248553
-0.25352204,-0.20554657
-0.674883,-0.46296075
0.23596011,0.31819496
-0.46749872,-0.32832694
0.84440964,3.0982344
-0.14426327,-0.12280572
-0.7007673,-0.4722243
-0.7167389,-0.48378983
0.29927883,0.42622396
-0.26820537,-0.21556044
-0.2725509,-0.19546099
0.22464791,0.26376766
-0.55697626,-0.36823067
-0.70914346,-0.49076122
0.314525,0.46313512
-0.9895259,-0.96881956
0.81473,2.8317242
-0.6340582,-0.423601
-0.10428788,-0.108649686
-0.57704294,-0.40397173
-0.56356066,-0.38307402
0.67000276,1.7622793
0.17006703,0.2179595
-0.3770993,-0.28261825
-0.49780253,-0.36462894
-0.57427514,-0.3832607
0.1088967,0.12262611
0.46157882,0.84075236
-0.49294522,-0.3508057
-0.33539882,-0.24029812
0.4407312,0.76678133
0.47455603,0.8844961
-0.5853537,-0.39184272
-0.23559535,-0.1853131
0.73991543,2.206532
0.4803845,0.89161515
-0.67500937,-0.45093086
-0.22807415,-0.18030518
0.94658756,4.2569847
0.05075521,0.06472659
0.43869233,0.7722724
-0.81592995,-0.6155053
0.6650199,1.7322128
0.20956984,0.26953143
-0.6487991,-0.43397942
-0.23957646,-0.20225602
-0.8339448,-0.64793414
0.55402106,1.1862198
0.489758,0.93132377
-0.01953796,-0.03859552
-0.09596721,-0.101278245
-0.07315076,-0.08134987
-0.9250665,-0.7953949
-0.26351008,-0.20930274
-0.74299204,-0.52243865
-0.63041526,-0.42869195
0.92423344,3.9613965
-0.47642958,-0.32301337
-0.03275005,-0.025188226
0.77558494,2.47909
-0.17301723,-0.13349992
0.05723628,0.068160415
-0.66242456,-0.45783222
-0.42984122,-0.30790597
0.012228319,0.008700103
-0.27019703,-0.20990297
-0.9234886,-0.81687534
-0.19834194,-0.1726149
0.63021153,1.5427727
-0.7678811,-0.5661804
-0.9625372,-0.89764965
-0.76259446,-0.5565032
0.37374038,0.6015621
0.58928925,1.3362755
-0.9025469,-0.7731737
0.7751018,2.4718332
0.2546507,0.34142616
0.0362627,0.014556978
-0.4928162,-0.3507228
-0.25659937,-0.2126683
0.8939465,3.6298466
0.8230929,2.889205
0.25092912,0.34124768
0.15782243,0.1826503
-0.57891065,-0.3830468
0.9065571,3.7456775
0.51078343,1.0005506
-0.2354806,-0.19182956
0.631663,1.5442319
-0.5762507,-0.38557497
-0.5735427,-0.38518554
0.5819225,1.3040779
0.11861596,0.13446005
0.111670576,0.12744679
0.14734165,0.16265866
-0.7483864,-0.5447135
-0.30088186,-0.24303961
0.14615934,0.1542972
-0.50482315,-0.3442246
0.008009919,0.017465519
0.114070475,0.119276814
0.88562775,3.534687
-0.50844836,-0.34400305
-0.121285416,-0.11370673
0.9630224,4.468442
-0.62642026,-0.41114822
0.560039,1.1795627
-0.6456901,-0.42527282
0.70009315,1.9507304
-0.024052124,-0.029379476
0.94432294,4.2233825
-0.65985006,-0.43099636
0.3758527,0.5845704
0.3905585,0.63320273
0.43775088,0.7725283
-0.79806244,-0.58543545
-0.42287803,-0.30069757
-0.32396635,-0.22739933
-0.35142478,-0.27251583
0.35004145,0.52509576
-0.8903407,-0.7596353
0.46015725,0.8240185
0.053168748,0.049503587
-0.65400565,-0.43951842
-0.54776263,-0.36176077
-0.8048394,-0.6061705
-0.0818823,-0.07711206
0.1898428,0.24822983
0.16194409,0.19134133
0.9247357,3.9833121
-0.40806794,-0.2818775
0.52415967,1.0486631
0.44615507,0.7799856
-0.87734604,-0.69405293
0.86001015,3.258987
0.86260784,3.2665665
-0.20732963,-0.18235818
-0.16464433,-0.14338958
0.63919383,1.5964818
-0.009938689,-2.354894e-05
0.59840137,1.3863882
-0.92774963,-0.81640077
-0.4994588,-0.34352222
-0.81787,-0.622532
-0.0916039,-0.0880739
0.7083189,1.9841967
0.13957548,0.15348935
0.040667076,0.035129473
-0.2677862,-0.21296532
-0.87278026,-0.69784415
0.53281933,1.108185
0.14153214,0.1612016
0.861931,3.2787557
-0.13606955,-0.12156999
-0.19700073,-0.1549987
0.948694,4.2685184
-0.717685,-0.5027303
-0.49527693,-0.33447024
-0.02367157,-0.017308472
0.047088604,0.055414967
0.09743324,0.12204276
-0.57578015,-0.4058539
0.8536961,3.1767015
0.4070042,0.68429965
-0.4831203,-0.32618517
-0.411614,-0.28848538
0.7607169,2.3963466
-0.23928918,-0.20239606
0.112726726,0.13073824
-0.75914645,-0.54105693
-0.4965344,-0.33558974
-0.16684662,-0.13924958
0.31227475,0.44754466
-0.43955868,-0.306475
0.90152305,3.7038648
-0.5595657,-0.3771974
0.55781376,1.2046996
-0.27080238,-0.18859912
0.66680175,1.7182765
0.84621143,3.12779
-0.6259689,-0.41555756
-0.017045915,-0.024176965
-0.69126827,-0.47686952
0.41165045,0.7002199
0.66447616,1.7243806
-0.22106412,-0.18162774
-0.20649819,-0.1780858
-0.59232044,-0.4066979
-0.38693067,-0.29106
-0.3522139,-0.26698303
-0.6888515,-0.4724316
-0.38009554,-0.27405292
0.8145138,2.8087366
-0.34922832,-0.25262496
-0.45112562,-0.3257677
-0.23071544,-0.17989807
0.92054605,3.9185014
0.52915823,1.0973995
-0.59652334,-0.3953779
0.5051032,0.9954778
0.5324697,1.0884303
0.90027416,3.6947951
0.7821902,2.5271704
-0.80961,-0.61277705
-0.09084692,-0.086355105
0.40598714,0.6911058
0.9467376,4.2656484
-0.8296906,-0.65411174
-0.26353452,-0.21869507
-0.015552395,-0.016182126
-0.17351161,-0.13531671
-0.088443115,-0.07881508
-0.26179573,-0.23310766
0.94124526,4.173023
0.60648954,1.4219604
0.47331983,0.8793773
-0.17859729,-0.15021211
0.76304716,2.3983662
-0.8133214,-0.6116116
-0.71316296,-0.48609152
0.9081157,3.795793
0.13397661,0.15694094
-0.68108445,-0.47346637
0.8982914,3.6618478
0.9496865,4.2850223
0.7629861,2.3643637
-0.5228843,-0.36467725
-0.44301203,-0.3058887
-0.18605429,-0.15680929
0.15864345,0.20212653
0.98436284,4.771715
0.9122671,3.837005
0.8422781,3.0588617
-0.82144743,-0.62405175
0.5143327,1.0182155
0.75369173,2.307509
-0.33344093,-0.23583376
-0.56085193,-0.39856365
0.49688298,0.95655763
-0.8183245,-0.6038693
0.88171643,3.489528
-0.6878447,-0.47407597
-0.084924296,-0.08727725
0.9655957,4.517916
0.9764404,4.6523023
0.55198056,1.1606094
0.678377,1.8162051
0.9343415,4.1002812
0.854859,3.197418
0.24421726,0.32610303
0.46923396,0.86840963
0.18755311,0.23025864
0.012990548,0.014698784
0.761658,2.3548825
0.47605023,0.8853099
0.7196323,2.0649717
-0.80817807,-0.60905
0.15297033,0.17373428
-0.34096634,-0.26040733
0.026787957,0.024553873
0.22593088,0.29336315
0.69151694,1.8798589
-0.93624455,-0.8261923
-0.67203325,-0.44966054
0.84289145,3.0896807
0.9345414,4.109071
-0.8891546,-0.73792124
-0.33642492,-0.25552687
-0.98054004,-0.9413752
0.51489604,1.0187509
0.36388037,0.5567971
0.12961023,0.14388151
0.38332236,0.6327954
0.07558242,0.07433039
-0.52231765,-0.3643827
0.50866747,0.99455667
0.56655556,1.2363706
0.70840377,1.9994653
0.90815336,3.7868772
0.4950832,0.9766855
-0.89090043,-0.7273683
-0.9583229,-0.87590075
0.47974133,0.92728454
-0.8878981,-0.72495234
-0.3681108,-0.2748026
-0.7276802,-0.51015484
0.9377998,4.1514215
-0.3672117,-0.28289554
-0.8897062,-0.75275666
0.8992151,3.6684203
0.21748875,0.28600025
-0.9277819,-0.8061814
0.66672206,1.735349
-0.6949426,-0.4657743
0.6048725,1.412962
0.2055035,0.26200372
-0.6457696,-0.4366195
0.5051961,0.99636716
-0.09099005,-0.07584879
0.27620187,0.37825677
0.73902833,2.2156966
-0.47940376,-0.33879504
-0.26805732,-0.20933588
0.99454355,4.92275
0.01622894,0.0131464545
0.11700535,0.13384785
-0.42912292,-0.2985591
-0.16794549,-0.1546392
0.0031034944,0.0049531376
-0.48311055,-0.3121664
-0.523709,-0.36551064
0.20093364,0.26167783
-0.6326971,-0.42776185
0.10691547,0.13154307
0.41242805,0.68630904
-0.60348475,-0.406423
0.4917561,0.9618437
-0.28063124,-0.22124854
0.9850091,4.785915
0.9581536,4.412191
0.59718925,1.3496616
-0.31455845,-0.23556294
0.8744203,3.391089
0.997558,4.969818
-0.07544287,-0.06897354
0.22917876,0.28597832
-0.988026,-0.97683096
-0.9129336,-0.78061646
0.0011956219,0.02600733
0.21862775,0.2958932
-0.37521398,-0.2712741
-0.80174035,-0.58723223
0.5645443,1.2281175
-0.16247992,-0.14513043
0.2976968,0.4159691
0.3004024,0.43685338
0.093677364,0.09734211
-0.64302087,-0.41998312
0.23216268,0.28862247
-0.35583198,-0.27295846
0.6382504,1.5916302
-0.6136063,-0.41621682
-0.41770318,-0.29960617
-0.119388066,-0.10020303
0.48002627,0.9112326
0.44150114,0.78335094
-0.3257801,-0.24375619
0.021504061,0.029983362
-0.5315308,-0.3576917
0.54073054,1.1337947
-0.60658026,-0.3799955
0.6386938,1.5849088
0.8737282,3.3875093
0.98323214,4.7644224
0.7139243,2.0312746
-0.556602,-0.37330613
-0.16697274,-0.13943386
-0.8223263,-0.6267504
-0.6708973,-0.45980132
-0.90060586,-0.7776835
0.2821758,0.39138123
0.06637427,0.07670093
0.8340256,2.9973252
-0.073984645,-0.073488384
0.2846134,0.40087366
-0.19680506,-0.17391568
0.6589141,1.6812896
0.8527514,3.1850336
-0.13653652,-0.114330605
-0.83459735,-0.63402414
-0.67292833,-0.4607565
0.44108865,0.78695154
-0.34946507,-0.27155295
0.57076997,1.246231
0.49951914,0.9745163
0.38860333,0.6385626
0.62843376,1.5178107
0.51311177,1.0378017
0.2651758,0.35909137
-0.99154556,-0.9741831
0.031354416,0.04215055
0.19050579,0.2507996
0.9212918,3.9368055
0.30096412,0.44121125
0.15094751,0.17320792
0.082387686,0.10646883
-0.793414,-0.58111554
-0.14476025,-0.12331837
-0.7312886,-0.51420456
-0.8946045,-0.7405882
-0.34106162,-0.2627993
0.29088435,0.4087284
0.73359466,2.1687982
0.6207317,1.4752704
-0.4106203,-0.30020186
-0.9080068,-0.7906243
-0.19464365,-0.1753825
-0.3704414,-0.27233434
-0.25747094,-0.19538978
0.11819788,0.13046817
-0.939173,-0.83850276
-0.25838852,-0.19395243
0.11726662,0.1411742
-0.13805826,-0.113129
0.33445787,0.50162345
-0.6277364,-0.4281418
-0.6923438,-0.47022507
-0.38425115,-0.26708782
-0.7965415,-0.56747216
-0.52747625,-0.33536622
-0.82619107,-0.6112705
-0.19604449,-0.16352125
0.42291215,0.71089995
-0.42692384,-0.29741514
-0.99253815,-0.96697974
0.11413487,0.1033043
0.3838831,0.6030832
-0.21736763,-0.18321039
-0.4060002,-0.299637
-0.0187244,-0.03447081
-0.7975207,-0.58302325
0.28785244,0.41581643
0.4665943,0.85351616
0.40926135,0.6682406
-0.34266612,-0.2543561
0.68542135,1.8381332
0.89369756,3.604115
-0.40585154,-0.2822688
-0.47456163,-0.31757644
0.40821153,0.67908114
0.41656393,0.7123393
0.020834845,0.010535598
0.84664,3.1244066
-0.7073699,-0.49151823
-0.045265816,-0.056561265
-0.92958623,-0.8252315
-0.8946881,-0.7388106
-0.89263093,-0.7537205
-0.016423654,-0.018975
0.1779291,0.2270855
-0.993025,-0.98429275
0.26509282,0.3448312
-0.020598495,-0.022952743
-0.55239624,-0.36736014
-0.96979976,-0.9276588
-0.6877936,-0.45836326
0.20066448,0.25859076
0.31768042,0.46758363
0.2941224,0.4215324
-0.69367534,-0.47407842
0.82242864,2.8922062
-0.17809585,-0.15048511
0.53601485,1.1129546
-0.66703814,-0.4400444
-0.058862574,-0.06379871
0.043042354,0.03796
0.5407105,1.1189502
0.24303786,0.31471002
-0.20139502,-0.15635169
-0.4349707,-0.32283753
0.9459135,4.2503138
-0.43094,-0.29176757
-0.74105215,-0.52654403
-0.3991666,-0.27345926
-0.3461272,-0.24683222
-0.744281,-0.52764547
0.4162902,0.71245176
0.23833002,0.3043978
-0.36676905,-0.28114584
0.9860002,4.7892437
0.31002215,0.46153817
0.40637076,0.67238396
0.1143653,0.12954795
0.10314948,0.10496791
-0.95995545,-0.88038194
0.54181254,1.1356132
0.8214815,2.8731318
-0.75547206,-0.5594282
0.59126097,1.3384044
0.06861401,0.07809392
-0.42938167,-0.3049132
0.84176815,3.07231
-0.9652582,-0.89923346
-0.45188287,-0.32221317
0.7724997,2.448914
-0.037971012,-0.02919191
0.19784361,0.23771594
0.49953598,0.9550819
-0.70405275,-0.47963712
-0.5696498,-0.3957427
0.9972577,4.950834
-0.52509457,-0.34224167
0.078405015,0.10096073
-0.40258545,-0.27815372
0.7028393,1.9671326
0.9235117,3.9747388
-0.71741515,-0.47749028
0.20114693,0.26265305
0.6231531,1.5007273
0.6460557,1.6285927
-0.11910463,-0.11108047
-0.5492473,-0.370783
-0.22572015,-0.18235305
0.5023054,0.9756101
0.9875558,4.8132567
0.10857841,0.13468044
-0.60975116,-0.42024267
-0.9161305,-0.7851824
0.8873797,3.53099
-0.033933595,-0.052897055
0.43318534,0.7645396
0.32036206,0.48263973
0.7817426,2.531176
-0.46781886,-0.32535228
-0.11655981,-0.10728709
0.82724166,2.9305012
0.17115238,0.20158376
-0.85727674,-0.67069864
-0.61103165,-0.41539696
-0.52557,-0.35417217
0.987571,4.833303
-0.551722,-0.36983547
0.73936814,2.211266
-0.8438087,-0.65913016
-0.6365586,-0.42975917
0.7441104,2.2278366
0.79787296,2.6864061
-0.6476075,-0.44741303
-0.54029566,-0.38611048
0.061134662,0.06406993
-0.89463407,-0.73926353
0.8905683,3.592463
-0.27584654,-0.21410409
-0.021424068,-0.011719819
-0.7899033,-0.5677229
-0.9349107,-0.81997234
-0.064366184,-0.07181018
-0.7566653,-0.5324702
0.26063737,0.3382419
0.5889626,1.3512709
-0.9366577,-0.8253546
0.224445,0.28298643
0.6312535,1.5440575
-0.12114404,-0.1181624
0.91940933,3.8978887
-0.7776102,-0.55305475
-0.3540311,-0.27272725
-0.53984994,-0.36847153
0.9923823,4.888944
-0.4116473,-0.2968788
-0.2241465,-0.19348827
0.695233,1.9112798
0.859927,3.2538257
0.8754945,3.423624
0.11633608,0.15609804
0.32660446,0.46344566
-0.30165654,-0.24031226
0.21431746,0.2748848
-0.39450386,-0.27549464
0.49205673,0.944244
-0.38557976,-0.26942217
0.7588214,2.33992
-0.71303225,-0.49613312
0.14361025,0.18229842
0.041350994,0.034532152
-0.47256505,-0.35746625
-0.9439958,-0.8577831
-0.70293266,-0.47924554
0.93590236,4.1161475
0.88260907,3.4787512
-0.76139855,-0.55009973
-0.2502796,-0.21368131
-0.06974676,-0.07732955
-0.04385614,-0.050803542
-0.40236035,-0.28888744
0.8259057,2.8970845
0.8169812,2.852864
-0.9621432,-0.8956918
0.30000275,0.41646898
-0.8512752,-0.67513204
0.19499533,0.23581317
0.7337858,2.1700487
0.2990619,0.42715222
-0.06214477,-0.06044717
0.91579145,3.86248
0.49319717,0.94464654
-0.5013813,-0.36526734
-0.2261262,-0.19668587
0.51975065,1.0344404
-0.9613715,-0.906095
-0.8720734,-0.7029808
0.7188464,2.0526297
-0.91410804,-0.7652358
0.35702768,0.5374795
-0.36218807,-0.25243175
0.6517834,1.6315473
0.69469213,1.9272908
0.9066782,3.7684493
-0.8089009,-0.59412855
-0.15430598,-0.1473434
0.14791718,0.17035584
0.83211374,2.9765007
-0.4669717,-0.32639968
-0.856745,-0.6616861
-0.5964708,-0.3949133
-0.008843352,-0.010423047
0.362102,0.57410604
0.38134804,0.6232777
-0.8506734,-0.6700966
0.52282053,1.0468761
0.3204788,0.491647
-0.18491362,-0.15848884
0.14217253,0.15929624
0.5354809,1.1004661
-0.4758145,-0.31952655
0.880067,3.471207
-0.7244648,-0.50520533
0.8044456,2.7339447
0.48171592,0.9078377
0.32103723,0.46980017
-0.834184,-0.64150673
0.83800924,3.0366971
-0.4093393,-0.2979472
0.4912244,0.9385939
0.76960284,2.4380095
-0.511433,-0.3647221
0.8292015,2.9463947
0.2238833,0.28571978
0.31806356,0.48349124
0.82902575,2.9484415
0.053469844,0.059222758
-0.118704885,-0.08459848
0.26646355,0.3469785
0.10804703,0.10578954
-0.87704855,-0.7175066
-0.6390159,-0.43475044
-0.9728671,-0.9252019
-0.7836743,-0.57433504
0.45969933,0.82101804
-0.9905777,-0.96252006
-0.39118898,-0.28830656
-0.10135719,-0.080186985
0.8756245,3.4061282
-0.34598598,-0.23872772
0.56626153,1.2128685
-0.18246885,-0.1544879
-0.80301726,-0.60407096
-0.8023125,-0.59279126
-0.13513236,-0.12884595
-0.8842337,-0.74440295
0.14323848,0.15936896
-0.012700529,0.0034198225
0.40507036,0.6634455
-0.62875694,-0.4188854
0.1858585,0.22829404
-0.650955,-0.44492292
0.44446743,0.8066299
-0.38568267,-0.28385457
0.22883241,0.29824317
0.7653545,2.4060333
-0.023531748,-0.0072407187
-0.61541575,-0.42958024
0.7722458,2.481889
-0.2828409,-0.20568474
0.46050575,0.83988696
-0.35980865,-0.26001653
-0.4035691,-0.29288933
0.2840565,0.39752537
-0.68737715,-0.46567562
0.73394775,2.1620524
-0.22475202,-0.1684194
-0.96144515,-0.89062065
-0.38912705,-0.28120658
0.56993264,1.2368602
0.7187177,2.0768316
0.13576056,0.15662007
-0.41178137,-0.30038005
0.055708207,0.04813443
0.6727506,1.7708585
-0.36792433,-0.28247586
-0.22912605,-0.1830732
0.07938827,0.09397774
0.7742764,2.4717152
0.16429786,0.19893613
-0.58476967,-0.38202363
-0.82179195,-0.6218906
-0.8099721,-0.60456806
0.90049917,3.6913526
0.6448249,1.608708
0.5317094,1.0836557
-0.007270842,-0.014905897
0.34507924,0.5286189
-0.7453394,-0.52599126
0.24179143,0.32462305
0.62156147,1.5002813
-0.8757225,-0.717832
-0.40769917,-0.3012507
-0.77944267,-0.55712205
-0.47954592,-0.3348803
0.54504776,1.141211
-0.33590168,-0.25168142
0.3793677,0.5969767
0.54660505,1.1518176
0.63327736,1.5534617
0.7467509,2.2538865
0.19527163,0.24093466
-0.43872035,-0.31098434
-0.69888294,-0.47249272
0.0074173086,0.019203989
-0.79288554,-0.5809067
0.82144797,2.86306
-0.11503953,-0.09591173
0.7459683,2.2801778
0.41854078,0.71774507
0.7144351,2.0334399
0.7679162,2.4292345
-0.893413,-0.73242736
0.4505157,0.80580205
-0.5469046,-0.3576968
0.9785938,4.676603
0.55680597,1.1850675
-0.99246997,-0.97315603
0.85483265,3.2076564
-0.4153882,-0.30258095
-0.1666928,-0.1474217
0.22457115,0.2827778
0.8326196,2.9764097
0.85465324,3.204057
0.12694353,0.14502145
-0.366551,-0.25703308
-0.4416201,-0.32241797
-0.2712058,-0.21523032
-0.63897264,-0.42402953
0.33966604,0.5155022
0.055604104,0.047895834
0.5469294,1.1596056
-0.81177735,-0.60504603
-0.20018835,-0.1476806
-0.5202743,-0.35659087
0.07037241,0.08727951
-0.063512035,-0.063302934
-0.1008691,-0.09398875
-0.36869273,-0.26627076
0.45369115,0.7974808
-0.03686459,-0.055744432
-0.59551245,-0.40796617
0.094894946,0.091847725
0.19334431,0.21706544
-0.95724064,-0.8747328
-0.5924427,-0.40709773
-0.51519215,-0.35579544
-0.5038497,-0.3445274
-0.52230823,-0.35139462
-0.45671767,-0.3169265
-0.47454554,-0.32754886
0.7681377,2.4316592
-0.36070424,-0.2717023
-0.30047458,-0.23874281
-0.46764547,-0.34893307
0.9351487,4.1137414
0.0709816,0.06954913
0.22109222,0.30353418
0.47097453,0.8770163
-0.33257186,-0.24108595
0.93756086,4.1448817
-0.69534767,-0.4715171
-0.0843708,-0.073046684
-0.70912147,-0.4836096
0.5807515,1.2954594
-0.7853646,-0.5774868
0.10779921,0.10903533
-0.79038745,-0.573407
-0.09467623,-0.07357324
-0.439384,-0.31151152
0.80659354,2.7481444
-0.8938084,-0.7543735
0.29987526,0.4227385
0.39050245,0.62258923
0.77796423,2.493715
0.7554589,2.330105
0.9541126,4.351803
-0.4921813,-0.33148998
-0.45034924,-0.30860093
-0.20541455,-0.17921193
0.07515396,0.061904974
-0.26571617,-0.21969621
0.48059282,0.89444375
-0.9829099,-0.94492716
-0.96469134,-0.8951281
0.43211353,0.74898595
0.76624244,2.4195104
0.5530949,1.199175
-0.76581675,-0.5491106
0.869948,3.353844
0.043825235,0.037427526
0.4845903,0.9182676
-0.5979076,-0.3914002
0.09759126,0.103157885
-0.33987838,-0.25872532
0.94952154,4.2866783
-0.05160772,-0.060583044
0.511154,1.010489
0.20646387,0.26178396
-0.8114025,-0.6058995
0.085855514,0.11230894
0.08043174,0.0914682
0.4314187,0.7362597
-0.35618398,-0.25781938
0.72130424,2.079411
0.245207,0.32128975
-0.9213174,-0.7995732
0.41367158,0.6941293
0.81393385,2.814462
0.3662942,0.595362
-0.24000539,-0.19738957
0.18129766,0.2222923
-0.65720344,-0.44285154
0.20251095,0.24872258
0.0019854892,-0.0020249814
-0.94768465,-0.84856755
-0.35622022,-0.269266
-0.6175055,-0.42492124
-0.21869615,-0.16171142
-0.5163351,-0.36506417
0.6684974,1.7561787
0.39536697,0.6455647
0.4802295,0.8881752
-0.2782654,-0.2218208
-0.99310726,-0.98186094
-0.5616926,-0.3960797
0.5105964,1.0113742
0.20567362,0.26210454
0.07715633,0.08012355
-0.43896013,-0.30529112
-0.84851533,-0.6588838
0.56973296,1.257589
-0.92268884,-0.8116137
-0.88172704,-0.7212165
-0.41012952,-0.28420913
0.14586735,0.17618036
0.984453,4.7485576
-0.8187168,-0.6324452
-0.0536584,-0.050918207
0.2035066,0.27181217
0.6462105,1.6163967
0.37922782,0.61259484
0.61548316,1.4601144
0.044938013,0.052841395
-0.1320584,-0.105950676
0.23745663,0.32060772
0.8017416,2.7134135
0.10169432,0.10705616
0.21118625,0.26610166
-0.32404768,-0.24042958
0.19224289,0.24275784
0.25552824,0.3488075
0.50685096,0.9757173
0.14435339,0.18066685
-0.6048994,-0.42446578
0.16385217,0.18842867
-0.40425718,-0.2890347
-0.825351,-0.6256294
0.65086627,1.660669
-0.8678558,-0.70507455
0.26340646,0.35350645
0.9769892,4.645554
-0.8247616,-0.62315744
-0.5597363,-0.38066423
0.5216084,1.0358375
-0.8062117,-0.58529204
0.66545004,1.7403336
-0.99945974,-0.99766016
0.7798947,2.5323486
-0.8663537,-0.6916772
0.8439597,3.0999787
0.7291025,2.1455321
0.07912624,0.075238876
0.55589724,1.1896074
-0.8502463,-0.66203964
-0.7297043,-0.5193865
-0.26142532,-0.22027367
0.074917175,0.085963085
0.7364285,2.186037
0.08536089,0.07867802
0.33041036,0.49730363
0.35976884,0.56789726
0.75513625,2.3149638
0.5535095,1.1752659
0.9540606,4.366874
-0.9599747,-0.8982116
-0.58434266,-0.37687954
0.86089146,3.2589736
0.58444047,1.3097945
-0.4652745,-0.33840433
0.9484933,4.264869
0.73976207,2.2063081
-0.8706855,-0.68947864
0.6226197,1.5188845
0.5689752,1.2673962
-0.5576939,-0.37857273
0.33849302,0.5058617
0.94045186,4.1647625
0.3517376,0.550811
0.6275304,1.51357
-0.801227,-0.5940756
0.45491758,0.82329404
-0.5904906,-0.39340284
-0.85629165,-0.6797621
0.10415485,0.11531155
0.50122225,0.9672738
0.09348973,0.09480595
0.86319375,3.2756202
0.3913327,0.62231725
-0.7648504,-0.5431966
0.8690364,3.3442018
-0.69422406,-0.48718807
0.5165109,1.0167474
-0.7029126,-0.49603596
0.99716055,4.9514475
-0.335625,-0.2411003
-0.008141356,-0.014888432
-0.06632499,-0.05662331
-0.7962056,-0.5695043
-0.01197,-0.01014366
-0.700988,-0.48950773
0.60396165,1.4015614
0.9166269,3.8795838
0.6161169,1.4797474
-0.13787201,-0.13849649
-0.9952572,-0.9747497
-0.92671305,-0.8271533
-0.00992971,-0.0017154425
0.3589746,0.55256927
0.63902813,1.5999122
0.19906302,0.255197
0.95662624,4.391551
-0.0124439355,-0.02170897
0.2000576,0.26806274
-0.53979534,-0.3384785
-0.32067904,-0.2235227
0.36626348,0.5641024
0.20328267,0.253163
-0.26070225,-0.21892586
-0.7760361,-0.5660251
-0.31476957,-0.23731504
-0.9116888,-0.76998013
0.16153446,0.19796447
-0.35396904,-0.28009132
-0.24030298,-0.19426417
0.15017644,0.18187706
0.1625756,0.20360216
0.17668663,0.21884906
-0.01681758,-0.011652851
-0.023755133,-0.02558523
0.6424389,1.6028175
-0.06489109,-0.035090856
0.072060324,0.08972539
0.97645974,4.6614327
-0.6378999,-0.42331135
0.45284197,0.81262374
-0.053625647,-0.05018643
0.66108334,1.7137935
-0.19193487,-0.16705942
-0.39402115,-0.2866298
-0.5844276,-0.40770674
0.7444743,2.2549727
0.43665692,0.77350867
-0.8461991,-0.6511801
0.42698047,0.73222333
-0.9299687,-0.81746435
-0.6367472,-0.42828426
0.18559541,0.23878969
-0.07297934,-0.05765128
0.68096715,1.807575
0.21578075,0.2662426
0.9299491,4.0467105
0.7103671,1.9956025
-0.3195694,-0.23379782
0.6683019,1.7434438
0.7398706,2.220725
0.93944997,4.1621675
-0.97487414,-0.92928827
0.7494886,2.2734046
-0.86020935,-0.6857033
0.05623175,0.058429167
-0.17067292,-0.14729625
0.8397632,3.0593438
-0.18969633,-0.16591585
0.19208534,0.23739624
0.38375735,0.632599
-0.96194047,-0.88591945
0.1818625,0.22329274
0.03598367,0.022746263
0.18801728,0.21776198
-0.8485119,-0.65454537
-0.88888323,-0.72432244
-0.64491135,-0.45525274
0.73900133,2.2143655
-0.28705788,-0.22909005
-0.1319349,-0.12061527
-0.21966743,-0.17130747
0.42874026,0.74696827
-0.4810489,-0.33415693
-0.8632133,-0.6784583
-0.24365021,-0.19971876
0.45567107,0.81278074
0.8299361,2.9711738
-0.89835685,-0.7368662
0.62099224,1.4807224
-0.86763966,-0.6983273
-0.33867878,-0.2452089
-0.95539695,-0.8844567
0.8230834,2.9028926
0.413578,0.6864785
-0.26172954,-0.21055828
-0.24508683,-0.18723138
0.27968574,0.3779278
-0.8207034,-0.6244742
-0.70990276,-0.48626408
0.6944484,1.8877124
-0.5953738,-0.40037653
0.45333278,0.8250014
-0.5483942,-0.36308774
-0.82370734,-0.6234331
0.80006474,2.6900442
0.80334556,2.7331622
0.2106238,0.28041828
-0.07593231,-0.07151958
0.105519846,0.11166991
-0.18374515,-0.14668314
0.5143492,1.0322721
0.5091214,1.0154735
0.63795924,1.5817472
0.04585216,0.044494424
0.6026837,1.3795725
-0.6885628,-0.45151442
-0.9397305,-0.82347715
0.2961061,0.41204116
-0.78904796,-0.5740324
0.101339824,0.11055868
0.44224992,0.7801657
-0.18582915,-0.16074668
-0.9122546,-0.77154696
0.7742628,2.4641962
-0.9135099,-0.7850416
0.80950505,2.7810364
-0.89473885,-0.7627454
0.470319,0.8705807
0.84969354,3.1438155
0.8139606,2.828156
0.7867698,2.5807188
0.76615727,2.4035728
0.020819461,0.035782482
0.11538167,0.13064614
0.23943494,0.31587675
0.7918968,2.6291418
0.67632085,1.787755
0.5659571,1.24268
0.35144842,0.5447625
0.23676744,0.30357316
0.8449337,3.0980418
-0.61471164,-0.42667264
-0.61455,-0.41092017
0.96493906,4.4962564
0.106318064,0.122091755
-0.033251733,-0.0491987
0.70119077,1.9436158
0.69953585,1.9283607
-0.646804,-0.43229583
-0.6528554,-0.44784993
0.5905295,1.3433135
0.57126486,1.2460462
-0.54962665,-0.3562125
0.6830203,1.8349822
-0.03989774,-0.02920853
-0.06002177,-0.057756837
0.9713872,4.596063
0.038429193,0.03223502
-0.72590923,-0.5057916
-0.43968835,-0.31507444
-0.33263576,-0.23193766
0.9169339,3.8718066
-0.47192523,-0.3074202
-0.13919412,-0.1359358
0.4992711,0.97351605
-0.45180738,-0.3232807
0.4032841,0.67117864
-0.5849648,-0.39605865
-0.51496506,-0.36053362
0.9726639,4.605411
-0.2621112,-0.21210477
0.45937222,0.8380336
0.6801262,1.8067509
-0.30629537,-0.23038372
-0.285661,-0.21397148
0.5461769,1.1439251
0.21400268,0.25891858
-0.27649617,-0.19963251
0.49913213,0.970332
0.72741,2.117845
-0.52992344,-0.35590866
-0.95128775,-0.88407034
-0.45170587,-0.30524293
0.34897926,0.55451965
0.8305045,2.972154
0.72612876,2.1060965
-0.5556588,-0.3959969
0.7620003,2.392791
0.6214634,1.488088
0.4688019,0.85863864
0.37645376,0.6108155
0.614185,1.4468834
0.723459,2.1052532
0.63822293,1.5775633
-0.7563033,-0.53470826
0.44430953,0.8020111
0.6826084,1.8270546
-0.62858796,-0.4296521
-0.5724049,-0.38842335
0.57195395,1.2423831
-0.3121416,-0.22922778
-0.20059799,-0.1591006
-0.24568145,-0.19749664
-0.574335,-0.39685017
0.87758857,3.4098735
0.61171997,1.4321747
-0.49892178,-0.34545505
-0.78782564,-0.593391
-0.2547796,-0.17832027
-0.16938315,-0.14071332
-0.9858157,-0.95319027
0.77430433,2.4743695
0.70256776,1.9651507
0.70032656,1.940266
0.6116065,1.4383287
0.46625185,0.86834455
0.2690414,0.37852767
0.92057854,3.927445
0.42345983,0.74470824
0.26049018,0.35100436
0.5776502,1.2746813
-0.5074673,-0.34669536
0.93429106,4.099583
-0.96167606,-0.9053792
0.29680994,0.42599317
-0.8458116,-0.63544625
0.7066118,1.9936837
0.93528026,4.1156554
-0.18277854,-0.14976068
0.7143294,2.025479
-0.3285573,-0.25821528
-0.68119264,-0.46298254
-0.4467012,-0.31854615
-0.39631608,-0.30107132
0.2613361,0.34985846
0.59229606,1.3513689
-0.5895669,-0.391514
-0.8235875,-0.63109016
-0.5566963,-0.3771939
-0.40692437,-0.28830916
-0.44037068,-0.32348022
-0.56009907,-0.386529
-0.06799959,-0.06380205
0.7119657,2.0105379
-0.799303,-0.59244066
0.72406006,2.1267395
-0.005983138,-0.0210198
0.32093602,0.4852527
0.63073426,1.5409876
-0.39134613,-0.29609358
0.9084692,3.7902937
-0.83252746,-0.63557076
0.055332888,0.070627294
-0.49039325,-0.33176303
-0.18410741,-0.15355167
-0.10227174,-0.095848165
0.8290234,2.961709
-0.11683695,-0.10853683
0.39589575,0.63496816
0.90352637,3.707123
-0.010934837,-0.023176556
-0.18338014,-0.14696549
0.94593686,4.241558
0.6553527,1.6639304
0.8795458,3.454058
-0.20554955,-0.1622709
0.3926488,0.64679325
-0.50077885,-0.34256822
0.73164403,2.1488016
0.86615837,3.3126605
-0.4642671,-0.32522672
-0.7901352,-0.58626163
-0.59853053,-0.4042912
0.26566425,0.3518284
-0.45563343,-0.31550246
0.27722168,0.38770378
-0.2996226,-0.21993044
0.8336709,2.9964173
-0.09480463,-0.08430806
-0.004756094,-0.013090834
-0.30387008,-0.23413138
-0.85392433,-0.67996275
-0.012727546,-0.029610457
0.5487289,1.1528176
0.9060295,3.7500277
-0.8468488,-0.6521348
0.59479505,1.3489927
-0.46587712,-0.2966545
0.64563435,1.6127506
-0.31597286,-0.24156535
-0.77113354,-0.55977905
0.22403844,0.2963389
0.7878088,2.5839205
-0.63682234,-0.43960103
-0.95638996,-0.8983494
0.76768345,2.4291358
0.39565924,0.6548456
0.61739236,1.4723225
-0.8803244,-0.717857
0.78091055,2.5260441
-0.16168793,-0.13142386
0.7952343,2.647488
-0.87015057,-0.68614626
0.7696154,2.437614
0.3467531,0.5268005
0.10853701,0.12545827
-0.8764384,-0.69470084
0.37683505,0.61188376
0.19554834,0.2425309
0.45257783,0.8073086
0.43343362,0.7412324
-0.11253136,-0.09422999
-0.59063756,-0.4158497
0.83793664,3.0515716
0.8511792,3.1725016
-0.5761374,-0.39620113
0.26130664,0.36561966
-0.5942589,-0.39489207
0.722449,2.0953467
-0.80357337,-0.59750056
0.9803948,4.719023
0.22172382,0.2705705
-0.9541748,-0.8738394
0.76380664,2.3863363
0.3689164,0.57770085
0.39464468,0.6387926
-0.44993538,-0.32241318
-0.32640728,-0.23411106
0.8288347,2.9339254
0.26991597,0.3732623
-0.96609175,-0.91621315
-0.34518597,-0.2446509
0.19708645,0.2496691
-0.70398694,-0.49862462
-0.8034178,-0.5912763
-0.8812303,-0.72433156
0.26115948,0.3553114
-0.35880515,-0.27891392
-0.2526427,-0.18958575
-0.87991923,-0.73493445
0.47603765,0.87824845
0.53351355,1.0834303
0.6588711,1.6954165
0.3033267,0.4293499
0.54657716,1.1447991
0.15445282,0.17623474
-0.01672588,-0.030135166
-0.48037493,-0.3350815
-0.8932449,-0.75313276
-0.41635606,-0.31596127
0.36725244,0.58279073
0.8536698,3.1765916
-0.48757255,-0.3222242
0.33969828,0.5263087
-0.043510705,-0.03283955
0.25509682,0.33072853
-0.9967563,-0.96911573
-0.75469375,-0.5589232
-0.5659577,-0.39122888
0.78690237,2.5868597
-0.9189447,-0.7851484
0.13926773,0.15454155
0.85727865,3.2175338
0.30413982,0.433779
-0.031191755,-0.031118043
-0.22801644,-0.19048753
0.24839036,0.34674534
-0.0392297,-0.04458514
0.41082388,0.70379007
0.23554917,0.31196448
0.13481736,0.16601026
0.91362077,3.8292515
0.67138386,1.7746444
0.21771587,0.2880978
0.07730046,0.07711586
0.44788748,0.80508304
0.60783106,1.4065273
-0.40952584,-0.29863453
0.33389437,0.5108542
-0.72969115,-0.510952
-0.13909735,-0.124760576
0.876873,3.443697
-0.3474013,-0.27867013
-0.69153,-0.47524834
-0.7077083,-0.48865217
-0.21254286,-0.18333033
-0.5496474,-0.35874435
-0.1461584,-0.13662943
0.4377714,0.75714165
0.7763195,2.467318
-0.77966696,-0.553206
0.5368165,1.1040126
-0.79303944,-0.5842961
-0.24113145,-0.19657414
0.9930962,4.909323
-0.86264455,-0.66823906
-0.95423794,-0.8919499
-0.33270267,-0.25529197
0.90224165,3.6999323
-0.9599232,-0.89120275
-0.554577,-0.37636244
0.20632479,0.24267717
-0.5324933,-0.358658
-0.89238477,-0.74293035
-0.8951106,-0.7359314
0.118318684,0.13449652
0.12378782,0.12410986
0.41294762,0.7011251
-0.7365177,-0.5294576
-0.0002966141,-0.0126113985
0.20189834,0.24972048
-0.55524826,-0.3787087
0.094685346,0.087052844
0.4164767,0.7033065
0.9816813,4.7309494
0.1928454,0.23757513
0.7223816,2.073326
0.6673455,1.7420328
0.8805338,3.4752681
0.4461112,0.77771956
-0.5737992,-0.39802876
-0.40381774,-0.2828723
0.5693699,1.2588627
0.041645493,0.0417915
-0.4973827,-0.34677517
0.3133407,0.45693016
0.8130718,2.8176057
-0.28462029,-0.23047403
0.19248973,0.2334711
0.16300106,0.1896195
-0.74605066,-0.5401996
-0.81951004,-0.6083571
0.77885354,2.5151212
0.8670738,3.3059223
0.8084836,2.7631574
-0.20669042,-0.1547291
-0.4247598,-0.2994953
0.8843446,3.5265794
0.76560473,2.401527
0.63963467,1.5945818
-0.33163,-0.23689032
0.27748522,0.38269562
0.50084054,0.96763676
0.1523086,0.19065966
0.20400867,0.26160523
0.5133756,1.0268931
0.53365594,1.0989412
-0.5201027,-0.35596776
-0.21865056,-0.18039732
0.56236887,1.2092013
-0.477105,-0.3269823
0.8311879,2.9685705
0.6777865,1.805172
0.7909124,2.604067
-0.40540016,-0.3001339
-0.78976595,-0.5710058
-0.79881877,-0.58463985
0.11181508,0.12158994
-0.38881913,-0.26868284
-0.47295663,-0.3369028
-0.5551892,-0.37144858
0.12419522,0.14637987
0.09619046,0.10696177
-0.15537465,-0.1218302
-0.7231199,-0.48635948
0.8575896,3.2170372
-0.14412807,-0.14873078
-0.7527154,-0.53811896
-0.9258421,-0.8176159
-0.69481343,-0.48072317
-0.40574753,-0.27361363
0.26018706,0.37823954
0.94187135,4.1832886
-0.45586464,-0.31704482
0.57960856,1.2905631
0.8227727,2.8954833
-0.21685486,-0.19199957
-0.49345282,-0.32771954
-0.017866202,-0.008533138
0.7934242,2.628354
-0.9780363,-0.9246225
-0.026737045,-0.040459678
0.51519054,1.0071645
0.20226085,0.25610524
-0.005321233,-0.0009806037
0.1072264,0.11846489
0.23846331,0.3239664
0.36415032,0.56245667
-0.28762883,-0.2117746
0.034749094,0.04388102
-0.45285958,-0.29901063
0.9679801,4.5219913
-0.62542385,-0.42645893
-0.6986855,-0.48885366
-0.46235543,-0.31508258
0.8401085,3.0711656
0.31771213,0.46042925
-0.08814495,-0.075011246
0.8507908,3.1746373
0.8002944,2.69508
-0.19681498,-0.15748295
0.12728192,0.12600802
0.810748,2.798984
-0.3612027,-0.26997468
-0.18492554,-0.12940136
0.5860292,1.3092742
0.39727768,0.6573615
-0.90269923,-0.75054836
-0.7652471,-0.57228637
0.6925278,1.9113293
-0.94052255,-0.83393854
0.8398584,3.0380754
-0.4564945,-0.31593558
0.19675836,0.24852273
0.12916178,0.14696997
-0.20749249,-0.17786412
-0.93712616,-0.8340991
-0.61505747,-0.40573385
0.22994697,0.30662867
-0.10725445,-0.09678173
-0.17232591,-0.14473072
-0.8045942,-0.5974717
-0.30574515,-0.24450913
0.052861106,0.055238467
-0.8446145,-0.6620364
-0.8666085,-0.7011504
-0.016893234,-0.040803004
0.122504346,0.13551457
-0.48471698,-0.3273517
-0.34846732,-0.24751393
0.5937408,1.358105
0.73847204,2.1905928
-0.34954262,-0.26190683
-0.28857088,-0.23594345
0.6606531,1.7209138
0.947669,4.2638288
-0.3588136,-0.2705773
0.57745314,1.2880843
-0.04061526,-0.039421
-0.4725439,-0.3177478
0.3635704,0.5564054
-0.07489925,-0.06879021
-0.4636751,-0.318505
-0.7855407,-0.59772044
0.73390883,2.1640348
0.7573356,2.337237
-0.8500765,-0.66289574
0.32679075,0.48051175
-0.67484516,-0.4563656
0.29264015,0.41047493
0.81523436,2.8349197
-0.47957063,-0.31124318
-0.30414152,-0.24882457
0.5902599,1.3376014
0.4707476,0.879759
-0.18268943,-0.16153017
0.69709617,1.92534
0.84117097,3.0619159
-0.09471273,-0.09655327
-0.9210968,-0.80752575
0.018879956,-0.005466141
0.47936493,0.89908534
-0.55992854,-0.3763824
-0.80113935,-0.6011058
-0.4295707,-0.307683
-0.97682625,-0.9480374
0.43094346,0.75136435
-0.7078633,-0.49214086
0.44729805,0.8025086
-0.530904,-0.36463916
0.98412424,4.7569675
0.063590765,0.0625499
-0.9173223,-0.77412647
0.54535776,1.1626269
-0.17981951,-0.16751164
0.21464257,0.28223827
0.9024264,3.7023265
0.034539543,0.028176362
0.6087527,1.4279431
-0.39441437,-0.2806594
0.4290421,0.73323625
-0.801354,-0.5857707
0.7866981,2.5886753
-0.6005052,-0.39721087
-0.39614093,-0.2961702
0.91642374,3.873141
-0.6895728,-0.46301812
-0.49118048,-0.32329357
0.1603586,0.1782549
0.961388,4.4528146
0.38283893,0.622564
-0.77161986,-0.5686478
0.4962343,0.9655976
-0.14756908,-0.107453205
0.9846579,4.78116
0.25743413,0.3519468
0.06391179,0.06076294
0.11453031,0.12443812
0.2831236,0.3877498
0.46365854,0.8371151
-0.8433563,-0.6551226
-0.73866093,-0.51517624
-0.39904454,-0.2966884
-0.04409135,-0.04570342
-0.3778652,-0.27316275
-0.57232374,-0.40751788
0.8500594,3.162419
-0.93479896,-0.8259043
0.87739635,3.4375293
0.81448466,2.8282688
0.3675635,0.5866686
-0.93493086,-0.82226574
-0.54928887,-0.36947468
0.9582012,4.4067864
0.81190073,2.7877762
0.9291439,4.022776
0.9922463,4.888764
-0.87222505,-0.6971221
0.14172508,0.16652983
0.66827524,1.7326012
-0.36058205,-0.29318804
-0.12888256,-0.11361635
-0.4325227,-0.32484016
-0.9238557,-0.80021733
-0.8545733,-0.6513218
-0.9571165,-0.8785326
0.054488897,0.053263724
0.23684616,0.29966214
-0.38459665,-0.2858721
0.6522971,1.654103
0.7760267,2.5004146
-0.7205034,-0.49868536
-0.89615107,-0.7486913
-0.36123878,-0.26027682
0.42597505,0.7464369
0.014847782,0.018206945
-0.023820005,-0.021353526
-0.6951792,-0.4932747
-0.29709175,-0.24319252
0.91778255,3.8789682
-0.31887913,-0.24449039
0.18286483,0.21540411
-0.8833022,-0.7261729
-0.8722915,-0.70964605
-0.15149201,-0.13915375
0.20822471,0.24434038
-0.25531793,-0.20140979
-0.64197284,-0.4266068
0.47191462,0.8734144
-0.71991235,-0.49586773
0.3360335,0.5085824
0.91346896,3.8466516
-0.058926284,-0.04718213
-0.59913266,-0.3916776
0.6839636,1.8560386
0.0109523935,-0.00818392
0.846444,3.1218598
0.44117215,0.76416534
-0.13878079,-0.10781259
0.23476857,0.307236
-0.66007113,-0.44467446
-0.2255392,-0.18296784
0.18774255,0.23318659
0.1800837,0.23606865
0.17443073,0.22364768
0.48707214,0.9396048
-0.78869325,-0.57743865
-0.8526858,-0.6889495
-0.7039586,-0.4770789
0.5847886,1.3009254
-0.8702925,-0.7012622
-0.549529,-0.37303624
-0.490448,-0.33837825
0.29450324,0.4229539
-0.19674094,-0.17367971
-0.6020135,-0.39923498
-0.10092309,-0.093575016
0.37090272,0.61146206
0.57210374,1.2391707
-0.7522336,-0.53142583
0.4294312,0.7477941
-0.9909547,-0.97746193
0.44864735,0.7931919
0.32200775,0.48654434
-0.06266684,-0.050561704
-0.72625345,-0.51369977
0.52909803,1.0621656
-0.85649383,-0.6681093
0.7911372,2.6171095
0.5469207,1.153758
0.48192698,0.90473557
0.50878847,1.0090559
-0.8648535,-0.6721547
0.97989815,4.7217374
0.71719927,2.0466332
0.01586686,0.041118693
0.43880063,0.77575976
0.4785143,0.880312
0.6595706,1.6999927
-0.48925182,-0.3354361
-0.25589454,-0.20514426
0.5993706,1.3783132
0.53796774,1.1189085
0.045230646,0.054434605
-0.20758931,-0.17783692
0.9368851,4.1239114
-0.16995722,-0.15103853
0.52797145,1.0708807
-0.17471527,-0.13988963
-0.38032767,-0.26570153
0.2819935,0.38990182
0.61523175,1.4690167
0.962755,4.4727225
-0.7021918,-0.4816166
0.7522289,2.3234363
0.048283868,0.054024614
-0.784515,-0.571621
0.5887572,1.3387318
-0.33691114,-0.2654096
0.7364996,2.1871724
-0.68439627,-0.46470788
0.42218336,0.7280468
-0.3984075,-0.28535
-0.48530254,-0.3484225
-0.8994797,-0.7612029
-0.036182646,-0.039229248
-0.21699516,-0.17597409
-0.8766193,-0.7219149
-0.5467155,-0.35664243
-0.025456306,-0.02169529
0.6165428,1.4674709
0.8588958,3.240094
0.030664345,0.017201167
-0.19338652,-0.16118425
0.9095088,3.803169
0.9257248,3.9887097
-0.6191753,-0.40651077
0.06291061,0.06651074
0.64182013,1.6036991
0.644518,1.6103274
0.36995724,0.5869179
-0.057062168,-0.04530062
-0.192687,-0.17240413
0.6128243,1.4524732
-0.54855365,-0.36128798
-0.14314023,-0.10332032
0.1337294,0.15507862
0.66356784,1.6976204
-0.25229976,-0.21948346
0.09731153,0.09892939
-0.44167233,-0.29868606
0.6738253,1.8008412
0.5710825,1.24651
0.6401965,1.5884835
-0.88504744,-0.75028473
-0.026203731,-0.019020952
-0.72831434,-0.506413
0.3475209,0.5274161
-0.37721813,-0.28562626
0.5491525,1.1536894
-0.8696662,-0.7099912
0.026521109,0.018636048
-0.7526697,-0.54588336
0.115798205,0.12079145
0.21470295,0.2617273
-0.07571296,-0.06461349
-0.44070676,-0.32247987
-0.9353443,-0.8298148
0.32422826,0.46715096
0.74088377,2.2104726
0.46729553,0.8467461
0.786036,2.5811238
0.8590018,3.2410808
-0.10090707,-0.09913079
0.39598274,0.6391579
-0.2052425,-0.18379681
0.8390854,3.038383
0.12594572,0.12972347
0.50490004,0.98198694
-0.97096354,-0.9248589
0.15109845,0.17018662
0.4839822,0.92539346
-0.48598766,-0.33835334
-0.9712521,-0.9203722
0.48726553,0.93704337
-0.32382837,-0.25907356
-0.14242078,-0.12954347
0.12410483,0.12619264
-0.7794977,-0.56340504
-0.79289466,-0.5747633
0.9217609,3.9176297
-0.32220697,-0.23593512
-0.4889503,-0.3344527
-0.9045238,-0.76213294
-0.6521426,-0.45370325
-0.13820983,-0.11371406
-0.31585336,-0.22396256
-0.15083651,-0.13515197
0.40781942,0.67773074
0.283579,0.39532885
-0.013693864,-0.017503446
0.62964296,1.5300692
0.7146491,2.0478911
0.18162535,0.22122726
-0.76485795,-0.543924
-0.18764158,-0.13770002
0.26892695,0.381978
-0.874298,-0.71523046
-0.96018696,-0.87219644
0.8966688,3.6614702
0.46012932,0.8496605
-0.69378436,-0.4817009
-0.10974706,-0.096779786
-0.6128855,-0.41676974
-0.9794292,-0.939556
-0.21661374,-0.16061357
0.29676947,0.42243794
0.90825766,3.763835
0.53966945,1.1149551
-0.53972363,-0.3731322
-0.32757622,-0.22978011
0.041161023,0.034796834
-0.6174542,-0.42007703
0.66589165,1.728379
-0.6640702,-0.4346039
-0.4200539,-0.29006594
0.15520133,0.18937722
-0.75355196,-0.5318144
0.24922988,0.33379722
0.8884504,3.5564744
0.38307175,0.63636494
0.62556916,1.4979905
-0.12301122,-0.13719451
-0.2693655,-0.20807555
-0.34279463,-0.24246556
0.32093036,0.47284958
0.03707136,0.018697707
-0.055361163,-0.04499892
-0.7985078,-0.59876513
0.3467463,0.5153019
0.45076585,0.7956655
-0.60760343,-0.42534244
0.5194107,1.0419528
0.7587881,2.3479848
-0.6507525,-0.45352647
-0.09591664,-0.06372376
0.75237036,2.300509
-0.025403917,-0.024257345
0.6305074,1.5519205
-0.5684942,-0.37719247
-0.87213755,-0.6818231
-0.8810663,-0.72403157
0.94471276,4.23982
-0.67056435,-0.45091715
0.7297824,2.1516266
-0.36854282,-0.26268294
-0.9198229,-0.8023126
-0.5180454,-0.32575664
0.010985007,-0.011499606
-0.78645635,-0.581326
0.84432673,3.1032388
0.79977006,2.690206
-0.70170504,-0.48116753
0.47421676,0.88745016
-0.07858337,-0.081285916
0.9642542,4.497092
-0.8891914,-0.7335998
-0.057930812,-0.040749047
-0.42905387,-0.3076479
0.45275676,0.8162789
-0.7777315,-0.5555942
0.25621736,0.35315025
0.8961187,3.641852
-0.09223915,-0.087315336
-0.09153868,-0.09161269
-0.008595378,-0.0036604744
-0.16858356,-0.16325597
-0.10504813,-0.09197415
-0.07352264,-0.06465448
0.99613184,4.961016
-0.767128,-0.5560457
-0.42935717,-0.3028906
-0.57842535,-0.38859448
0.088376,0.08588244
-0.99438214,-0.9833897
0.8421973,3.062257
0.0622418,0.07600255
0.79215443,2.6283457
-0.31006956,-0.23304443
-0.7001402,-0.48746562
-0.6154149,-0.40040615
-0.05853523,-0.06614638
-0.9194622,-0.79331255
0.5636082,1.2063776
0.5812732,1.2942405
0.40391007,0.68302536
0.7926796,2.6315897
0.09895452,0.100610614
-0.04136104,-0.04493899
0.058351524,0.058172602
-0.63609266,-0.4376176
0.024582522,0.02792794
0.08351404,0.11296203
0.5291797,1.0717177
-0.3041611,-0.21453254
-0.81554586,-0.61130035
0.19492501,0.24527387
0.5759166,1.2745942
0.93911946,4.140654
-0.81949085,-0.6123107
0.49270228,0.9187089
0.19168013,0.23916487
-0.96932566,-0.9117961
0.4364832,0.7469493
-0.9475975,-0.8576434
0.5705123,1.2451407
0.4426444,0.77915406
0.3758402,0.5962024
-0.7600077,-0.54720604
0.8380659,3.0365179
0.7978262,2.6792653
0.80052197,2.6913912
-0.2792752,-0.21918076
-0.015654067,-0.008921193
-0.7702093,-0.5303301
-0.89780927,-0.75096834
-0.88244504,-0.7366427
0.13753922,0.15049829
-0.35719368,-0.25869134
0.15911123,0.20432487
0.1853287,0.21798214
0.81412476,2.8130407
0.7645665,2.3992321
0.43716696,0.75663525
0.6370067,1.5861617
-0.9936807,-0.9696393
-0.9689297,-0.9089336
-0.08282538,-0.0806894
0.3073874,0.45215294
0.58816844,1.3327878
-0.10546604,-0.0997758
0.8803346,3.4766319
0.62997055,1.5372583
-0.7944887,-0.5994927
-0.11964334,-0.11678332
0.98975646,4.835136
-0.18011631,-0.14234282
-0.22746041,-0.19244409
-0.41183928,-0.28888842
-0.027021995,-0.0045922915
0.45971423,0.8413433
-0.9050562,-0.7677705
0.67143524,1.757232
0.83515924,3.0048962
0.5621851,1.2016844
0.83126974,2.9596698
-0.81019104,-0.6118646
-0.09978477,-0.08540998
-0.8579151,-0.68157595
0.6736719,1.775706
0.90509355,3.7488964
-0.40449756,-0.28384796
0.07078929,0.056888934
-0.40464902,-0.3084371
-0.24225497,-0.19903532
-0.046884753,-0.055933185
0.58160496,1.3061224
-0.70600504,-0.49106202
-0.6858914,-0.45062515
-0.59627587,-0.40657735
-0.89369565,-0.73789257
0.28692985,0.3949334
-0.62027144,-0.41309172
-0.12492402,-0.10595844
0.37118065,0.5950004
-0.10210669,-0.09399067
0.8120342,2.8074784
0.5383363,1.1163527
-0.45395562,-0.3246717
-0.73918027,-0.52516675
0.7888756,2.6022353
-0.20618467,-0.15836066
-0.23497635,-0.20162481
0.6200082,1.4896561
-0.9812904,-0.9607897
-0.09777543,-0.09524251
0.42864013,0.7442523
0.6973729,1.915835
0.7704177,2.459602
-0.068639666,-0.05814518
0.69541514,1.9000151
-0.92847645,-0.80710995
-0.3891489,-0.29583848
-0.97900337,-0.9395543
-0.66894925,-0.44574016
0.44946253,0.80852455
-0.9911517,-0.9747835
0.04611099,0.044897087
-0.17202769,-0.15837796
-0.7542584,-0.53309345
0.37126857,0.59438366
0.38624772,0.6445591
0.45269707,0.80685437
0.5306151,1.0913645
-0.37001616,-0.2643101
0.9882586,4.821847
-0.85409254,-0.66280514
0.29539073,0.41011992
0.9415502,4.1912246
-0.5513791,-0.3756379
-0.44375014,-0.30821243
0.15195487,0.1843997
0.5625152,1.2080891
-0.34210604,-0.2561936
0.6735503,1.7759477
-0.51791245,-0.36480933
0.74873334,2.2749598
-0.49409375,-0.34622666
0.23487031,0.2954775
-0.28441757,-0.22988737
-0.35634777,-0.2668182
-0.29200885,-0.2259411
-0.0015971711,-0.014031379
0.69009715,1.8902941
0.51863647,1.0431353
-0.101318225,-0.092850216
-0.43567944,-0.32041863
0.70860195,1.9951689
0.74037004,2.2145395
-0.092647396,-0.09559703
0.3916917,0.6263491
-0.26147288,-0.19986461
-0.70180464,-0.48583668
-0.3570342,-0.2557696
0.36416864,0.568944
0.5388193,1.1228017
0.7033108,1.9697871
-0.9645746,-0.89628196
-0.027187742,-0.014641906
-0.45215577,-0.31624994
0.36791903,0.56320435
-0.5093373,-0.36237743
0.13256042,0.14628379
0.4239253,0.73323023
0.54012984,1.1165313
-0.4610634,-0.32008892
-0.8243357,-0.6184951
-0.56257325,-0.37867376
0.19826283,0.22430451
-0.91910166,-0.80490315
-0.6822761,-0.44786844
0.99094945,4.8691297
-0.23533712,-0.21763855
-0.0069474513,-0.006202305
-0.9779857,-0.9187647
0.18381558,0.227904
-0.34940264,-0.25983575
0.06038646,0.045983665
0.052236687,0.05240691
0.9349149,4.0879836
-0.46348602,-0.33569834
0.14086585,0.14944172
-0.2368948,-0.1742723
-0.15600038,-0.12768048
-0.88888186,-0.7177081
0.37690604,0.5870588
-0.6094292,-0.40858632
-0.06302218,-0.06936685
-0.13146073,-0.12520249
-0.06371777,-0.05520664
-0.24890801,-0.1977029
-0.51522917,-0.34951746
-0.1025719,-0.105591975
-0.90756094,-0.7674329
-0.5153549,-0.34897453
0.5696967,1.2377415
0.68564075,1.8478682
0.43061867,0.7286409
0.26512808,0.33875155
0.62253153,1.51511
-0.74433815,-0.52216524
0.050508276,0.049605876
-0.7673687,-0.5417354
0.55573213,1.1758878
0.04111277,0.043977045
0.6200498,1.4934202
0.5981268,1.3633881
-0.067575246,-0.068217985
-0.0062514106,-0.020020202
-0.943465,-0.83999544
0.047026582,0.05140096
0.35492957,0.55883604
-0.5326886,-0.3540304
0.97305435,4.6074324
0.94965774,4.2977853
-0.4343388,-0.30328074
0.4259465,0.73892903
-0.93999666,-0.82546705
0.33150542,0.48300827
0.24803297,0.31077272
0.6443193,1.599836
-0.39126983,-0.27908334
0.7560203,2.337512
0.7159501,2.040685
0.33920592,0.5083078
-0.05533026,-0.06077233
0.23680249,0.30897483
0.45991755,0.8271084
0.95050275,4.3211255
-0.75654364,-0.52421623
-0.37385443,-0.2668703
0.5614326,1.2090553
-0.18163995,-0.14235693
0.34495994,0.5250392
-0.73376405,-0.5116304
0.41832322,0.69267523
0.34812763,0.53391874
0.17164013,0.19426216
0.5304759,1.078327
0.76022446,2.367164
0.6586052,1.6811203
-0.7448518,-0.5199708
0.48878673,0.93997246
-0.10047112,-0.10013732
-0.33223635,-0.24921802
0.75929916,2.345911
0.11922647,0.12369313
0.002469464,0.0055759265
0.5691987,1.2494485
0.10661709,0.10424687
0.71601516,2.0672991
-0.7941981,-0.58747965
0.5522661,1.1721755
-0.6723308,-0.46260345
-0.5495373,-0.37526384
-0.64109695,-0.4177746
-0.5231573,-0.34187442
0.4636614,0.8294641
0.31066343,0.44372946
-0.5404374,-0.3375017
-0.45965013,-0.32569572
-0.80141175,-0.58772206
-0.17112896,-0.13478065
-0.24282968,-0.18701698
-0.7083684,-0.51677775
0.6692501,1.7551087
0.7051901,1.9923569
-0.7819064,-0.56675535
-0.46726808,-0.335967
0.472178,0.8633605
0.7399334,2.2121172
-0.85665405,-0.66750836
0.80474067,2.759301
-0.8767257,-0.7120361
0.26756793,0.370433
-0.9558497,-0.89410305
0.8565301,3.2009583
-0.2926187,-0.23183143
0.29760614,0.42716786
-0.6307556,-0.4262675
-0.35748917,-0.26435086
0.49459696,0.9469091
0.94599175,4.245624
0.9841066,4.763653
0.619359,1.4653517
0.69438607,1.8903841
0.9388077,4.1672463
-0.9193666,-0.8018384
-0.6596991,-0.4495511
-0.89464444,-0.73092645
0.0023223066,-0.00036851453
0.9169785,3.8930006
0.16487238,0.18851739
0.11080823,0.14016858
0.6533727,1.6627717
0.85789776,3.2314053
0.39711046,0.65052575
0.79075474,2.6183214
-0.6495674,-0.4369563
0.0068140635,-0.025112718
-0.27078992,-0.2178785
-0.3349574,-0.2487506
-0.5714994,-0.39551786
0.7879932,2.5825546
-0.09926156,-0.09417936
0.06050805,0.080354795
-0.4473786,-0.30865717
0.9257018,3.9932504
0.22242,0.27422777
-0.9986116,-1.0026933
-0.46421507,-0.31537217
0.9986952,4.987063
0.9495497,4.278057
0.08923295,0.11196911
0.12823454,0.138486
0.803177,2.7203615
0.41713187,0.73395103
0.86443275,3.294485
-0.04173405,-0.03838677
0.9518014,4.316248
0.07909957,0.08764601
0.28967795,0.42123154
-0.8348663,-0.64148945
0.2232602,0.28432992
0.5355519,1.1133276
-0.121391304,-0.12088578
0.00487642,0.005731496
-0.21334516,-0.18318686
0.938083,4.142066
-0.04675153,-0.053536918
-0.7475773,-0.5419524
-0.9422556,-0.86755437
0.5449384,1.1354315
0.0953457,0.10767327
-0.994459,-0.97542757
-0.23495473,-0.20374463
0.82809854,2.9428968
0.89550984,3.6401942
-0.8928815,-0.7357975
-0.7531552,-0.53113085
-0.9902593,-0.992964
0.7373474,2.1942558
-0.85822755,-0.6777139
-0.7841997,-0.5644225
-0.5447547,-0.35569096
0.8344991,2.9990861
0.376468,0.59575164
0.23376273,0.30617115
0.5693138,1.2430354
0.386569,0.6290599
0.49185365,0.9453649
-0.8526871,-0.66946536
0.17953059,0.22376607
0.5064146,0.9896318
0.13131724,0.13665785
-0.97641027,-0.9440412
-0.5777602,-0.41311455
0.92579997,4.0077915
0.4093893,0.6980441
0.3770098,0.61089945
0.32050487,0.46792182
-0.744384,-0.5144953
-0.99183446,-0.96692175
-0.11869536,-0.120645836
-0.11135119,-0.10805847
0.6236109,1.5059408
-0.63686496,-0.43473047
-0.44977766,-0.3230221
-0.84351534,-0.6447159
-0.20024993,-0.17517702
-0.4880205,-0.31222883
-0.47420833,-0.31344068
-0.49189383,-0.34134054
-0.536963,-0.3524658
-0.36041394,-0.26467544
0.07338033,0.07503293
-0.124579445,-0.09100134
-0.87310606,-0.69872737
-0.14828028,-0.1380867
0.6925565,1.898337
-0.7985918,-0.57145196
0.8887232,3.5587568
-0.38281927,-0.27702013
-0.9709287,-0.9206851
-0.49368885,-0.3366898
-0.86068076,-0.6908046
0.13276269,0.14512537
-0.36734974,-0.27387887
0.6137532,1.4523072
0.46525016,0.862192
-0.06280708,-0.060567178
0.12120322,0.14619038
0.2175392,0.27348104
-0.45859063,-0.31489667
-0.72124726,-0.48881888
-0.24696237,-0.19938461
-0.8102849,-0.6004315
-0.37027326,-0.27796268
0.10520432,0.12343646
0.08022505,0.059207775
-0.75877327,-0.5561895
-0.9833218,-0.94587415
-0.82211286,-0.6369852
-0.9276999,-0.8168147
-0.19906223,-0.15203303
-0.22049963,-0.17211847
-0.5167693,-0.32931116
-0.5691111,-0.38359612
-0.20716016,-0.17250234
-0.82685286,-0.62743974
-0.57138175,-0.39501086
-0.18861619,-0.16085516
-0.81034017,-0.6166255
0.68162733,1.8376782
0.35203698,0.5477449
-0.2337615,-0.20120762
-0.6992034,-0.48690563
-0.6116254,-0.4080851
-0.7598208,-0.5383941
-0.67983234,-0.4739661
-0.15497172,-0.13352886
-0.5086707,-0.34293392
0.76915693,2.4409878
0.9218575,3.959897
0.3827301,0.6174455
0.61752224,1.457142
-0.48976094,-0.3486605
0.33004794,0.5032765
-0.8840027,-0.7064086
0.92043215,3.9254353
0.34041393,0.51756686
-0.36629766,-0.26893243
0.5460831,1.1416435
-0.9684011,-0.9258878
-0.24752752,-0.19382611
0.79131556,2.6331997
-0.47360086,-0.32734567
0.33582863,0.50045615
-0.27979264,-0.22331506
-0.21527132,-0.17225116
0.4918741,0.9516562
0.820412,2.8757172
-0.666563,-0.47128838
-0.44621578,-0.29657453
-0.024429634,-0.015514411
0.22763214,0.29273865
-0.064425774,-0.06582954
0.6110574,1.4327596
0.5361898,1.1134453
-0.18951416,-0.17911428
-0.9187763,-0.787195
-0.6110072,-0.4087632
-0.026094701,-0.022765206
0.8550275,3.1910079
0.13513897,0.1392075
0.060789812,0.08716821
0.44794008,0.798094
-0.69541013,-0.45751962
-0.70616305,-0.47753516
-0.30920964,-0.23572384
0.98970526,4.850001
0.7518837,2.3129747
0.3602278,0.57156885
-0.21769015,-0.1741005
0.10934791,0.13369867
-0.39289176,-0.27330646
0.34861404,0.53572893
-0.16230868,-0.14569703
-0.7595682,-0.53585017
-0.5698241,-0.39227578
0.21738559,0.2738296
0.3891294,0.63529986
-0.8079567,-0.6015469
0.61668193,1.4784694
0.64869475,1.6278149
0.44616383,0.7700643
0.36717707,0.58944887
-0.5362628,-0.3640756
0.83924395,3.0480444
-0.4628529,-0.33100978
-0.6349907,-0.44730696
0.27706808,0.374442
-0.2717914,-0.2083244
0.86605614,3.3134918
-0.07950078,-0.076971695
-0.6725629,-0.47444522
0.9150573,3.8793924
0.030867828,0.03125804
0.03711785,0.06196791
-0.22839463,-0.18237716
0.67198753,1.783453
-0.42471275,-0.3094015
-0.9725806,-0.93725455
-0.005444146,-0.00727964
0.8517738,3.1756017
-0.45346662,-0.31128585
-0.46738914,-0.32167667
0.47619975,0.90978014
0.5510667,1.169041
-0.12888692,-0.11727657
0.6672865,1.737913
-0.65613383,-0.45241648
-0.26594925,-0.20742667
-0.19144417,-0.14990813
-0.37440822,-0.2603286
-0.5645249,-0.38448444
-0.32370093,-0.24594001
-0.9639936,-0.9058554
0.40670007,0.68754405
0.36791846,0.5658045
-0.09956378,-0.097769305
-0.35416883,-0.30457443
-0.13181293,-0.12825876
0.8730416,3.3829129
0.2071297,0.256033
0.46271464,0.82999223
-0.5409665,-0.37861925
-0.81048405,-0.59160274
-0.83363014,-0.64546573
-0.055962294,-0.07108918
0.43337268,0.74270844
0.5482408,1.1431667
0.44081962,0.77450585
0.825525,2.9210305
-0.8959951,-0.7590039
0.710679,2.0140631
0.3213532,0.4858952
-0.64895976,-0.4286966
0.36476147,0.5762962
0.023519121,0.028162817
-0.2819175,-0.223479
-0.5040837,-0.33186257
-0.07169122,-0.06260314
-0.5217347,-0.36415341
-0.8343058,-0.6401992
0.6922401,1.8849862
0.18567397,0.22657038
-0.27266067,-0.20241278
-0.10664004,-0.09812796
0.7296547,2.132833
-0.360313,-0.25607684
-0.2396539,-0.18071078
0.5321608,1.0810864
-0.5989548,-0.38866743
0.3185251,0.475498
-0.1313524,-0.121625796
0.0003171312,0.01250617
0.57376033,1.2500783
0.9862647,4.7928877
0.6630238,1.7045178
-0.67891204,-0.4724673
-0.55089635,-0.3647241
-0.18013905,-0.15281765
0.43845305,0.7570324
0.01874233,0.013204268
0.8036013,2.7138233
-0.90264904,-0.7561941
-0.48296604,-0.31150246
-0.5614568,-0.37757677
0.4883419,0.9306422
-0.07045691,-0.050408002
-0.9699739,-0.9205734
0.5468735,1.1611841
-0.27639368,-0.22113696
-0.47907928,-0.3356801
-0.63456464,-0.4314574
0.8920244,3.5943882
0.88407606,3.505854
-0.8468942,-0.65473914
-0.53446525,-0.36774012
0.29223865,0.41303006
0.3408493,0.49860826
-0.1646565,-0.13357069
0.13701971,0.1700876
0.40526116,0.6761772
0.9010184,3.7047215
0.4502188,0.7953832
-0.77945876,-0.54888463
0.43569323,0.7618658
-0.8645474,-0.70368236
0.005014474,0.017193627
0.053790484,0.0640257
0.5565294,1.206659
-0.9768827,-0.9171305
0.74950415,2.2978091
0.32776946,0.49048012
-0.9376183,-0.8274339
-0.67993945,-0.47434726
-0.92096496,-0.7998412
0.5318792,1.1176794
-0.65818983,-0.46324065
-0.9088,-0.7681628
-0.72402453,-0.50391203
0.11911401,0.14375089
-0.009026949,-0.006960028
-0.5074853,-0.3358294
0.8858706,3.5274203
0.70961773,2.0117586
-0.37107813,-0.2688944
-0.050856136,-0.051311105
0.033646386,0.030477544
0.5123516,1.0263425
-0.1441069,-0.11971416
0.09294153,0.11242607
-0.17486887,-0.13631757
0.5256416,1.0584666
0.11186797,0.12324824
0.6555612,1.6694202
-0.8925284,-0.72840494
0.8086127,2.7653196
0.6387809,1.5821563
0.6370094,1.5602762
-0.71938235,-0.49076495
-0.47305426,-0.3201745
0.96052325,4.4437184
0.9005501,3.693509
-0.54691064,-0.36041728
-0.13419466,-0.118812375
-0.6881138,-0.45631385
-0.47472367,-0.32251936
-0.630543,-0.43787354
-0.83812594,-0.6458765
0.15895773,0.19223104
-0.5184286,-0.3611769
0.9844809,4.7827706
0.030879501,0.012102636
-0.28181136,-0.21220686
0.82632434,2.9317548
0.24149236,0.29824185
-0.74584234,-0.5247756
-0.004359087,-0.008689903
-0.1178417,-0.09124605
0.53026414,1.073155
0.38755533,0.6352596
-0.25841737,-0.19560452
-0.06104136,-0.061455652
0.037576128,0.052020628
-0.15507814,-0.13842498
-0.7845572,-0.556994
0.81089175,2.810647
0.34511998,0.5337194
-0.060559504,-0.050979815
0.1391739,0.15693523
-0.5736728,-0.36862347
0.061112665,0.07397282
0.49205557,0.93617225
0.067348726,0.08720317
-0.038669255,-0.036130767
-0.07522866,-0.06319697
0.5232456,1.0503653
0.50667936,0.98339516
0.5001404,0.9603844
-0.50766003,-0.35188797
0.23578994,0.31344765
0.5578146,1.1903845
0.123788536,0.13335995
0.55795467,1.1844466
0.7088068,2.011313
-0.6522199,-0.44256908
-0.38731834,-0.3011949
0.20261928,0.25394183
-0.42064324,-0.3041468
0.8827708,3.4954054
-0.6117315,-0.4177357
-0.28610405,-0.21001562
0.9886126,4.8302264
-0.6216365,-0.42102784
-0.102364585,-0.096020594
-0.3724354,-0.26857588
0.6195984,1.4840128
-0.3917055,-0.28796104
-0.6771421,-0.46098801
0.86627024,3.3151991
-0.36519524,-0.26074457
0.48349506,0.8984689
-0.41886455,-0.30242345
-0.64283675,-0.43620685
0.60482436,1.4205916
-0.888836,-0.7198772
-0.3360543,-0.24868393
0.5601633,1.1933851
0.024275044,0.025451398
0.37914765,0.62470055
-0.8663662,-0.6922615
0.49962,0.9686832
-0.65611917,-0.44248772
0.6174081,1.4604769
0.12834944,0.13915385
0.47832364,0.88583946
-0.5743346,-0.39059153
-0.20914899,-0.16861926
0.6041387,1.4050142
0.82160896,2.8864162
-0.5468556,-0.3492128
0.58678734,1.3472204
-0.78288966,-0.56731975
-0.14850268,-0.12007857
0.8774393,3.4423144
0.890273,3.5867014
-0.40663558,-0.28188092
-0.6141732,-0.41902015
-0.7010273,-0.46208146
-0.038249493,-0.02152939
-0.8158463,-0.60202116
-0.2862939,-0.21614411
-0.9659778,-0.9006241
-0.48120376,-0.33120334
0.8005538,2.7019317
-0.10604321,-0.09333994
-0.8525091,-0.6636328
0.29367357,0.41510373
0.9112671,3.8150284
-0.07318475,-0.04903678
0.24857572,0.33259875
0.838836,3.0403185
-0.16180116,-0.1363745
0.32917362,0.47797477
-0.11859145,-0.09535681
0.9242619,3.9737122
0.007603146,0.005644253
0.7713058,2.4489388
0.014396997,7.8742094e-05
0.33677217,0.5250904
-0.22771703,-0.1823466
0.8351101,3.0268621
0.2938843,0.4140353
-0.96017534,-0.88371325
-0.96871763,-0.90312266
0.35235503,0.5473415
-0.77146226,-0.55767053
0.43232882,0.73371094
-0.35596645,-0.24011023
0.07783936,0.07843834
-0.65120083,-0.41385844
-0.5075564,-0.3527173
-0.1261645,-0.09691452
0.33095515,0.49988708
-0.6885367,-0.463234
-0.43743372,-0.3141407
-0.5860752,-0.39779717
0.7253486,2.1081147
0.296013,0.4222728
-0.063008524,-0.060121186
0.8938861,3.6122515
0.4716526,0.86370283
0.86445224,3.2917006
0.19518591,0.24779171
-0.7238862,-0.5104006
0.35085422,0.526622
-0.5970177,-0.4007767
-0.30806282,-0.2579839
0.019235868,0.019549167
-0.68526804,-0.46728024
-0.95843726,-0.8795567
-0.34582812,-0.25482312
0.6486315,1.6212898
-0.96924007,-0.91505927
-0.78113216,-0.55957294
0.6137097,1.4545937
-0.3882966,-0.2899804
0.87642705,3.4290357
-0.23951171,-0.18423411
0.59340787,1.342315
-0.48242033,-0.353533
-0.8763375,-0.6906953
0.76310897,2.3908784
0.854593,3.1936877
0.41619933,0.6990947
0.5401356,1.1220229
-0.9857448,-0.9480233
0.50764704,0.98120415
-0.055607226,-0.056687422
-0.09441909,-0.06973422
0.08013984,0.09536766
-0.45757955,-0.31283548
0.3925771,0.64435005
-0.40882227,-0.29039645
0.11721328,0.12809175
-0.72614557,-0.5111875
0.35015127,0.5440449
-0.62077445,-0.42371565
-0.65917206,-0.44389403
-0.95143366,-0.8661559
-0.7564284,-0.5153978
-0.53485954,-0.36533234
-0.5553813,-0.36425355
-0.34465715,-0.25048953
-0.89116716,-0.7372638
0.870396,3.3484457
-0.76164824,-0.5436967
0.40392774,0.6793547
0.07014634,0.06318974
0.10557761,0.12639554
-0.78896636,-0.5624074
-0.51357013,-0.35047296
0.5597626,1.2107613
-0.07262708,-0.06630713
-0.085864365,-0.073361225
0.09182359,0.11604281
-0.13238822,-0.13245514
0.61227185,1.4355999
0.4974104,0.97206646
-0.36599156,-0.2553393
0.6241622,1.4893229
0.03721286,0.054274216
0.25547367,0.317041
0.73235166,2.1660626
-0.0480135,-0.04362589
0.51252073,1.0068579
0.2561747,0.3373063
-0.14651012,-0.13414337
0.57809675,1.2797012
-0.7896818,-0.5568804
0.16244043,0.20215404
-0.90717846,-0.75357825
-0.68766177,-0.47334117
0.19774728,0.24871805
-0.3847866,-0.2909269
-0.47505003,-0.332633
0.91167736,3.815678
-0.26818874,-0.20688085
0.12948294,0.1416686
0.068497546,0.06516572
-0.87596315,-0.7037959
0.34855148,0.53175306
0.02580264,0.019480709
-0.23716576,-0.20031115
-0.86796635,-0.70056844
-0.41397202,-0.28818575
0.76819074,2.4315567
-0.6525773,-0.44917002
-0.5613327,-0.3867121
-0.5894119,-0.40868992
0.78160965,2.531011
0.39999098,0.6610455
0.7636861,2.3834105
0.827493,2.9575984
0.8559351,3.2180302
-0.028568774,-0.028097024
-0.0475523,-0.04454301
0.6578457,1.6718673
-0.33614665,-0.26464918
-0.95557773,-0.86474615
-0.33690456,-0.23674625
0.43270066,0.72901446
-0.7527719,-0.5285851
0.5695617,1.2577187
0.63094866,1.5352794
-0.7981753,-0.57248676
-0.8043214,-0.5881612
-0.6023757,-0.4012329
-0.28722122,-0.2260155
0.065467134,0.07097434
-0.028916003,-0.032577507
0.706337,1.9853431
-0.715536,-0.49279663
0.39514545,0.64265364
0.09777317,0.088897415
0.47364965,0.8764733
-0.31610715,-0.25112027
-0.057240743,-0.06535039
-0.942814,-0.85369647
-0.7677882,-0.5419351
-0.25000876,-0.21131228
-0.037490517,-0.045009892
-0.82850623,-0.6229176
0.6499765,1.6338731
0.89210474,3.5850844
0.19279495,0.24686734
-0.89319617,-0.74130386
0.47765246,0.8923516
-0.5656726,-0.38446173
0.4673034,0.8619257
-0.13130797,-0.109217204
-0.8931467,-0.74114317
-0.4425021,-0.32694605
-0.14594008,-0.124387644
0.47250068,0.87124133
-0.73386145,-0.5047684
-0.42599663,-0.31188318
-0.83292544,-0.63974434
0.23161398,0.28640962
-0.051457003,-0.041107222
0.8580099,3.2450664
0.481106,0.8983977
0.55577475,1.1828271
-0.6712149,-0.46444854
-0.46675497,-0.33240518
0.026279086,0.03392392
-0.973031,-0.92836326
0.7402563,2.221199
0.5554808,1.183381
-0.88412064,-0.7152326
0.69806784,1.9248334
-0.9910238,-0.9626966
-0.7715614,-0.53585935
-0.8892709,-0.749463
-0.041680135,-0.04093411
0.56809956,1.2365876
-0.6429217,-0.44147184
0.5429729,1.1360596
-0.63015044,-0.41376314
0.98107266,4.703414
0.70694906,1.9659026
0.47437355,0.89738667
0.18337685,0.22211245
-0.5149036,-0.35129926
-0.7614648,-0.55364406
-0.079386495,-0.07310471
-0.1946795,-0.14931223
0.34896186,0.5381988
-0.6598205,-0.4453135
0.12425693,0.124183245
0.38670042,0.6324992
-0.40206748,-0.28968486
0.56002855,1.1966758
-0.13631426,-0.113542326
-0.6747378,-0.4677162
-0.6104599,-0.40558773
-0.44220316,-0.29963204
-0.6837475,-0.4652318
0.12583913,0.13970971
0.89828235,3.6602883
0.79214615,2.6261954
-0.35249203,-0.2663627
0.72933865,2.1622236
0.90804595,3.7644086
-0.4116657,-0.29636237
0.81056976,2.7844682
0.99485815,4.924934
0.5953436,1.3555926
-0.21955337,-0.16779691
0.21708322,0.2838098
-0.2716267,-0.20652367
0.99192256,4.873456
-0.8642935,-0.6912216
0.78616065,2.5772622
-0.85090375,-0.67579687
-0.91560435,-0.77888393
0.87987906,3.4609828
0.7345639,2.1861727
-0.2768765,-0.22146794
0.9150644,3.8795056
0.72371376,2.1034937
0.80396575,2.7288482
0.19023097,0.22793579
0.9166571,3.8829126
0.6191644,1.4723684
0.8799057,3.4468768
-0.43697813,-0.3108969
0.064195134,0.08022694
0.73532563,2.1803224
0.15945809,0.18674767
0.6021967,1.3908467
0.94619393,4.27094
0.6091257,1.4337728
-0.36928076,-0.28744164
-0.7626012,-0.5496796
-0.45450634,-0.32255042
0.32558224,0.4737822
-0.97811127,-0.93649244
-0.62056255,-0.42391023
-0.3461947,-0.2635718
0.7504499,2.292978
-0.8979917,-0.76480824
-0.9001277,-0.7751555
0.1035651,0.12795681
-0.6444675,-0.4270974
-0.5155696,-0.34888533
-0.6315278,-0.4229139
0.16321428,0.19313397
-0.8889045,-0.7016013
0.88000005,3.4652293
-0.7537232,-0.50825036
0.90319103,3.7428422
0.5562581,1.191417
0.6560318,1.6733896
-0.65438354,-0.4428484
0.33929417,0.50721544
0.6341443,1.5601745
0.11607108,0.13804787
0.10214942,0.10152791
-0.6811733,-0.43845278
-0.171535,-0.15425059
-0.6989201,-0.5068647
0.94571555,4.2415037
0.3697,0.5710108
-0.90315616,-0.76026064
-0.046464175,-0.043691874
0.2759283,0.38492197
-0.8087192,-0.5917374
0.32997715,0.480485
-0.6453895,-0.43979457
-0.18424119,-0.14882497
0.2511081,0.32839733
-0.26989177,-0.23160963
-0.2382316,-0.18635035
0.6872306,1.8547766
-0.38147032,-0.2846823
0.31038865,0.44999614
0.6983053,1.9303206
-0.6947016,-0.4662814
-0.90814406,-0.7824008
0.6510681,1.6702282
0.10226158,0.099767536
0.6554026,1.6680547
-0.5739287,-0.3960396
0.6652644,1.7290095
-0.80937916,-0.60251194
0.76640606,2.4150517
0.64506733,1.6170546
0.13466947,0.16868486
0.21667978,0.2780514
-0.3083116,-0.22242899
-0.59676766,-0.419526
-0.089123815,-0.103674605
0.31490424,0.45949695
0.9969297,4.9574037
0.6345061,1.5521456
-0.13138433,-0.11623297
0.4864957,0.93233824
-0.78390497,-0.56280804
-0.16992791,-0.1485667
-0.15015084,-0.1285801
0.99764764,4.972414
-0.21797007,-0.1913453
-0.8334368,-0.64542353
-0.8655441,-0.68011725
0.39676878,0.6339749
-0.42181382,-0.31153822
0.7378269,2.1867666
-0.03410461,-0.023801472
-0.33925524,-0.2653031
0.518229,1.043388
-0.16493498,-0.14513345
0.47476664,0.89989907
0.42818385,0.73931944
0.44642287,0.8028036
0.71424377,2.0394857
0.6967988,1.9161347
0.3292165,0.4887705
0.91392374,3.8478806
-0.958545,-0.89007765
0.8608458,3.2706232
-0.7034932,-0.45902207
-0.57671386,-0.38794607
0.6347981,1.5662012
-0.19912903,-0.16082534
-0.14937912,-0.15607527
-0.47754607,-0.3263134
-0.5511176,-0.36895263
-0.7875191,-0.5865004
-0.60645753,-0.42636687
0.1334927,0.15832332
0.41321775,0.71217865
0.47767857,0.88809204
-0.2597536,-0.20975447
0.84390956,3.115435
-0.3425439,-0.24738878
-0.7777267,-0.57410586
0.89044553,3.5707214
0.08135428,0.1103514
0.9427524,4.197451
-0.2126669,-0.18077986
0.51478654,1.0292991
-0.7801266,-0.5675082
0.70815825,1.9987987
-0.6586004,-0.4434061
-0.8626419,-0.6858146
-0.8044934,-0.58397233
0.11475118,0.11687054
-0.4162529,-0.2964093
0.9219086,3.937869
0.7053532,1.9923505
0.6066155,1.4136305
0.61927694,1.4976577
0.78135467,2.5286431
0.73042023,2.147256
0.85641515,3.2275262
0.86873263,3.3338706
-0.40335736,-0.27540094
-0.56087166,-0.37901524
0.28619626,0.40429106
-0.75333756,-0.52844805
-0.5777098,-0.39049345
0.54591334,1.1358335
0.29867086,0.4257942
0.3017039,0.41086417
0.901277,3.687101
0.33524892,0.50078577
-0.1383857,-0.10609575
-0.43933514,-0.29505992
-0.32288924,-0.23514079
-0.44437304,-0.32837963
-0.93002385,-0.81413954
-0.47685197,-0.33945104
0.6707401,1.7598841
0.45645797,0.83268845
0.2436765,0.32848758
0.80441076,2.740356
-0.4717499,-0.34211817
0.15536888,0.17370388
-0.9373472,-0.8188686
0.7840131,2.5698705
-0.10452611,-0.094797365
-0.6442571,-0.43554592
-0.5213668,-0.3441698
0.6964781,1.9239187
-0.7823877,-0.5615771
0.8504055,3.147119
-0.25307468,-0.19067901
-0.49782947,-0.34452686
-0.3362826,-0.2666611
-0.18203355,-0.16184457
0.09622626,0.10049994
0.173615,0.22483672
-0.10436145,-0.10146686
-0.107272185,-0.09303417
-0.4294004,-0.32589403
-0.23238048,-0.17932202
-0.06572332,-0.06958608
0.19517605,0.24634728
-0.73860025,-0.514301
0.5279476,1.0788661
0.36114246,0.56514454
-0.4024643,-0.2708543
-0.08131211,-0.07311053
0.89385796,3.6384883
-0.95904523,-0.8803524
0.6227032,1.4986538
0.02344941,0.03292759
0.23762499,0.3134215
0.3690651,0.58543587
-0.087959625,-0.07737574
-0.6162808,-0.41271698
0.81918114,2.880353
0.48038152,0.92356247
0.1191794,0.13857202
-0.103087224,-0.08085988
-0.0013367432,0.010674532
0.6470764,1.6364073
-0.97499317,-0.9231732
0.73067,2.1545582
-0.90649605,-0.7608101
0.23182613,0.29440102
-0.33375487,-0.25192648
0.35647255,0.5387788
-0.82891417,-0.6248265
0.11246509,0.13102569
0.7104684,2.016654
-0.01072428,-0.018358387
-0.8313068,-0.62451863
-0.92524314,-0.80174595
0.2424027,0.34202427
-0.86093885,-0.67340374
-0.85742223,-0.6815203
-0.14912099,-0.14328177
-0.58098334,-0.38962582
-0.5916082,-0.40893513
-0.03804757,-0.043998174
-0.43839654,-0.3193764
-0.561467,-0.38545164
0.028828977,0.0442468
-0.41823253,-0.30834407
-0.83955914,-0.6510064
0.36547813,0.55792826
0.17121604,0.1894926
-0.5757657,-0.39130187
0.1644928,0.19892891
0.9111793,3.8038254
0.9129571,3.8211384
0.06388482,0.049531214
-0.8039406,-0.59386903
-0.083628945,-0.06782581
-0.94603324,-0.86879045
-0.16959745,-0.15150286
0.81883764,2.8668654
-0.06511262,-0.063267715
0.10097476,0.11131077
-0.683927,-0.4631234
-0.9686987,-0.91619545
0.986768,4.7972097
-0.32348543,-0.24221173
-0.44130003,-0.32511896
0.14256331,0.15013494
0.49063706,0.9289298
-0.4971844,-0.33504757
0.0482477,0.06231819
-0.33472875,-0.25658697
-0.038068984,-0.028369976
-0.67738014,-0.44760734
0.02023656,0.021032065
-0.905306,-0.75772566
0.67999464,1.8346721
0.2553193,0.33543754
0.8829809,3.4932334
0.19946383,0.26508924
-0.63566786,-0.43836662
-0.03189848,-0.029357223
0.32939085,0.48299417
-0.25155333,-0.18755831
0.10529936,0.10584277
-0.67462295,-0.4598145
0.55424833,1.167899
0.8190599,2.8433988
-0.37024686,-0.29106548
0.58666277,1.3190514
-0.81610894,-0.60722053
-0.506591,-0.34728554
-0.07625987,-0.068510465
-0.22718576,-0.18958351
0.23925157,0.32409224
0.12596999,0.1513989
-0.825456,-0.6242339
-0.7366112,-0.5140987
-0.89657676,-0.75126827
0.9052134,3.7650478
0.29068848,0.4170493
0.71116877,2.0132902
0.082527764,0.08822464
-0.61232364,-0.4163656
0.25320175,0.3357102
0.01067786,0.013257099
-0.18361533,-0.17222999
-0.25638944,-0.2067856
0.30015305,0.42652804
0.23552331,0.30777797
-0.69686806,-0.47642535
0.6324441,1.5468891
0.2721825,0.37746316
0.07161693,0.07579176
0.49783504,0.9709419
-0.69266725,-0.4678875
0.83943236,3.0713694
-0.4588256,-0.31389531
-0.47448525,-0.33698806
0.6298051,1.5311316
-0.3320176,-0.25533792
0.6614165,1.7062833
-0.34398025,-0.24619539
0.10137597,0.10957272
-0.5383101,-0.37143916
0.46304074,0.8491457
-0.6661178,-0.4603874
0.798863,2.6707563
-0.25670233,-0.20067456
-0.056851037,-0.0717084
-0.9519562,-0.87378985
0.9515799,4.327477
0.62635064,1.4963701
-0.105982184,-0.11343616
0.8405227,3.045099
0.86211926,3.2474988
0.06610424,0.08974989
-0.53229845,-0.36102602
-0.025779331,-0.031836014
-0.35040277,-0.27375245
-0.10402874,-0.07221548
0.82278407,2.8986804
-0.43633083,-0.30986986
0.6779336,1.815721
0.87060213,3.3669424
0.6101056,1.4275005
0.054506686,0.051584788
0.12795462,0.1408203
0.63927,1.5727952
-0.91099834,-0.76471746
0.47186,0.86735827
0.057734977,0.07480435
-0.20572512,-0.1789733
0.5338554,1.0896052
-0.46750554,-0.33021015
0.7910675,2.6043053
0.37697557,0.5946027
0.22031118,0.28792208
0.046240587,0.06050236
-0.5744847,-0.3847123
0.23388992,0.29317492
0.44982797,0.7965598
-0.97662055,-0.9388392
-0.2671617,-0.19411664
0.6649282,1.7363552
0.26442158,0.3711518
0.23054087,0.29232955
-0.5427746,-0.38112524
0.26417747,0.36429515
0.57230014,1.2513367
-0.19648723,-0.16135232
-0.6358157,-0.42494756
-0.8454515,-0.6599708
0.011391333,0.0215637
0.36771718,0.5630568
-0.6747215,-0.45813027
-0.15711275,-0.12900808
0.13728642,0.17614818
-0.68828315,-0.46930763
-0.4602201,-0.30910435
0.21682677,0.28864163
0.45004788,0.82659936
0.2719868,0.37628272
0.42726842,0.75591624
0.16300896,0.20283416
0.67166585,1.7506937
0.65347195,1.6613461
0.5924951,1.338629
0.15091625,0.19302878
0.9882604,4.828324
-0.921776,-0.8120338
-0.6086938,-0.4011669
0.6177546,1.4839394
0.652585,1.6520526
0.63750565,1.5690095
0.74542785,2.2562337
-0.15478413,-0.15215598
0.8636671,3.2978528
-0.581659,-0.37532422
0.87389696,3.3913932
0.11335704,0.1462779
-0.67223185,-0.44723317
0.4721542,0.87273324
-0.40824148,-0.28683335
-0.55908483,-0.3622095
-0.65584946,-0.44272447
-0.94118935,-0.83901775
0.529308,1.0724558
-0.026991455,-0.02748083
0.9574643,4.404023
-0.12145686,-0.11010912
0.6867011,1.8521122
0.9361893,4.1319866
-0.95507586,-0.8718931
-0.7893622,-0.58113754
-0.30427247,-0.21636945
0.74023235,2.23741
0.6759009,1.801437
-0.26652995,-0.22267072
-0.60019195,-0.40021712
0.60464174,1.4116434
0.19382918,0.22451648
-0.93679905,-0.82073826
0.6084319,1.4263675
0.9139217,3.8589988
-0.915826,-0.7890668
-0.4282528,-0.29932073
0.63892996,1.5864444
0.16929936,0.20566063
0.97871244,4.69452
0.831006,2.9672596
-0.64345694,-0.44654444
0.34805652,0.51073146
0.30657396,0.43474406
-0.77828544,-0.55473
-0.82096213,-0.6293554
0.13888824,0.17188916
-0.19405374,-0.14864962
0.09089183,0.10470568
-0.5223431,-0.3581195
0.11332607,0.13805501
-0.2332094,-0.17766798
0.775075,2.4797916
-0.38782668,-0.28105265
0.7416691,2.2185743
-0.22001527,-0.17756909
0.15633178,0.16461319
-0.42724591,-0.30653682
0.6181779,1.4643314
0.6872931,1.8599364
0.61810076,1.4645215
0.27967295,0.36846322
-0.3904318,-0.28988537
0.2729766,0.3701457
0.91902333,3.9194365
0.29677072,0.4146291
0.912786,3.825832
-0.3908391,-0.29549128
0.6920021,1.9016705
0.43693697,0.7614117
0.6384082,1.581044
0.42152593,0.7035506
-0.039274268,-0.055338517
0.37314996,0.58195245
0.86417985,3.3122854
-0.16491763,-0.15250155
0.9034906,3.7194078
-0.90120006,-0.7556603
-0.97165465,-0.9258794
-0.012394294,-0.0074579176
0.6970259,1.9137821
-0.50432926,-0.35720015
0.3868477,0.6526284
0.09380994,0.094152905
-0.4184098,-0.29081628
-0.4284132,-0.3136732
-0.8534476,-0.68436235
0.07242805,0.077180736
-0.099718176,-0.104086064
-0.42115396,-0.3042044
0.94086474,4.171923
0.6369495,1.5830218
0.049901683,0.037103247
0.0434085,0.052137155
-0.61277664,-0.40992785
0.29825446,0.42172402
0.90727097,3.761933
0.796579,2.6616716
-0.8304579,-0.6306391
-0.8938056,-0.737255
0.9224901,3.9480448
-0.6001883,-0.4157353
0.10082818,0.12091797
-0.8505804,-0.6643005
0.68659514,1.8503613
-0.76427096,-0.5561681
0.2875143,0.4119688
-0.886744,-0.7138204
-0.68665624,-0.46350306
0.024282156,0.031310942
-0.9086295,-0.7591888
-0.6087744,-0.4136679
-0.7276554,-0.48576048
-0.91884995,-0.80308664
0.94199353,4.1919036
-0.09966743,-0.09835062
0.71787167,2.0600188
-0.2835545,-0.20400931
-0.9148161,-0.78624934
0.39130753,0.6411835
-0.9224916,-0.8294837
0.105564445,0.1222989
-0.72177595,-0.49133757
0.34163395,0.51772636
0.7854078,2.5554895
0.91152763,3.8074315
0.055552702,0.05327492
0.06540744,0.05789651
-0.9234419,-0.7867263
0.5397523,1.1236932
0.9124168,3.8443856
-0.12353175,-0.11284367
0.58738416,1.3163791
0.594913,1.3521371
0.5714017,1.2473571
0.51736194,1.0272701
-0.5698065,-0.37256402
0.50284976,0.98808146
-0.71120924,-0.48853692
0.42500606,0.71230173
-0.9929224,-0.9761148
0.83765006,3.0286615
0.65477765,1.6824682
0.36592692,0.5822732
-0.8110644,-0.6035973
0.6499771,1.6205561
0.7503476,2.2893186
0.3759756,0.591442
0.9517733,4.325519
-0.8142413,-0.62085545
0.41729915,0.70970756
0.04959207,0.029998131
-0.70878774,-0.50284684
0.31682822,0.45348164
0.5990564,1.3733829
-0.6705035,-0.4518839
0.5869814,1.3056158
-0.8140588,-0.6155908
0.18280022,0.21748792
0.5969402,1.375644
-0.7080863,-0.49025843
0.14303818,0.15722938
-0.15024357,-0.1414172
0.21455078,0.2675048
-0.1515566,-0.14810489
-0.49817628,-0.32646623
-0.4923782,-0.3395202
0.7294004,2.1298568
-0.68709135,-0.48017454
-0.7537715,-0.54645747
-0.8058417,-0.5941716
-0.8516905,-0.6826077
-0.97101563,-0.9196998
-0.6791883,-0.4571956
-0.6145451,-0.41985366
-0.4605519,-0.33197963
-0.75192106,-0.5239829
-0.8116883,-0.6172008
0.08295345,0.08767995
0.4373729,0.7660864
0.26037437,0.34557277
0.11341274,0.115934305
-0.118872456,-0.1118307
0.2679605,0.36894405
0.8037335,2.7143354
0.25483686,0.34617007
-0.87827784,-0.7145106
0.14083777,0.15786487
0.048428915,0.04363943
-0.0959535,-0.085232586
0.13759062,0.17080371
0.34523532,0.5258988
-0.9254798,-0.81663084
-0.03959821,-0.027158206
0.63445604,1.5483661
0.061554406,0.08288102
-0.8642844,-0.6887871
0.55013996,1.1525038
0.88266313,3.497776
0.7036879,1.9619442
-0.2748624,-0.21151134
0.06964768,0.07578152
0.18262431,0.20959048
0.43159717,0.7472435
0.33213758,0.50031835
-0.60185707,-0.40427074
0.68607676,1.8658404
0.6983648,1.9337792
-0.19129685,-0.16303885
-0.7381706,-0.51565814
0.21713349,0.2722987
-0.28548014,-0.21889672
0.48278126,0.91252816
-0.36868578,-0.2835947
-0.47400144,-0.32154316
0.73542076,2.2039778
0.23164107,0.306734
-0.8280167,-0.64956033
0.3787257,0.6005774
0.5054671,0.97559035
-0.52959275,-0.36357287
0.9353127,4.1162825
-0.25428352,-0.21013041
0.8811477,3.4945698
-0.41276616,-0.3244767
0.21839197,0.27679378
0.035139732,0.040212166
0.98431706,4.7574234
-0.18328878,-0.16580813
-0.6414187,-0.42563388
0.6664177,1.7544563
-0.9159117,-0.76573354
0.76991206,2.4374812
-0.778821,-0.5497732
0.14402488,0.16756003
0.42683065,0.74330205
-0.32735333,-0.24965462
0.68948287,1.8631041
0.18740994,0.24659777
-0.20968822,-0.15478583
-0.34927294,-0.26441354
-0.7759835,-0.5505005
0.28072712,0.38816237
-0.2719141,-0.19229206
-0.3588789,-0.28060052
0.89989597,3.6826184
-0.45440483,-0.33295912
0.7531302,2.2956676
0.949792,4.2942777
0.6454799,1.6121985
-0.9609659,-0.90174556
0.737248,2.2031093
-0.57316935,-0.3738914
-0.29344475,-0.22223568
0.9831664,4.7343245
-0.19004428,-0.15633976
0.3096698,0.45060197
-0.37856162,-0.28516367
-0.26114267,-0.20386122
0.19525066,0.23748444
0.8965715,3.638397
-0.43508887,-0.31973326
-0.505268,-0.33837697
-0.9474509,-0.8450011
-0.5957824,-0.40278682
-0.4751749,-0.32007036
-0.8742485,-0.6894103
0.12721756,0.14706913
-0.7464713,-0.52725524
0.022152798,0.027350957
-0.62203735,-0.42758286
0.871451,3.3774705
-0.38580486,-0.27926633
-0.81414306,-0.62236387
0.6723086,1.7568979
-0.19592725,-0.17372905
0.6402418,1.593322
-0.37502083,-0.27813488
7.555155e-05,-0.00017477098
-0.1092854,-0.084857084
0.115812704,0.1354075
-0.19669762,-0.17084053
-0.0063956985,-0.016226018
0.35865504,0.5589556
-0.17063445,-0.15549414
0.3688095,0.5928509
0.42860383,0.74170774
0.49785352,0.96241903
-0.058126327,-0.06448292
-0.99241984,-0.97140753
0.50702214,1.0053116
0.81817025,2.848617
0.30523574,0.44745535
0.049094047,0.047580335
0.11918265,0.13468312
0.2816235,0.4121936
0.9970493,4.9521976
-0.8758881,-0.7022272
-0.9576342,-0.8870432
0.92833596,4.025194
-0.11905073,-0.099426724
0.22470738,0.28066123
0.5068819,0.9864653
0.48419246,0.91940266
0.29438838,0.41790402
-0.056216925,-0.041500073
0.1521565,0.18214752
0.45929202,0.850668
0.70162904,1.9586585
-0.7453919,-0.50654495
-0.4440828,-0.2959349
-0.20481049,-0.17647524
0.3309965,0.50759876
-0.20865718,-0.16330113
-0.5222299,-0.34769163
-0.93371403,-0.81369215
0.68501586,1.8436401
-0.16213247,-0.13624391
-0.341542,-0.25997782
0.06165244,0.08880159
-0.7541604,-0.54234016
-0.20528328,-0.18316601
0.50357145,0.9733651
0.4722349,0.8732185
0.5437927,1.1346871
-0.06516582,-0.052277576
-0.26217255,-0.20766264
0.662881,1.7096945
-0.65341794,-0.437435
0.45027557,0.81558067
0.7758946,2.4906943
-0.42769545,-0.29517114
-0.60440916,-0.4062696
0.02504921,0.023094548
-0.56721866,-0.37619415
0.74153703,2.2280343
-0.5111662,-0.3400201
-0.37206817,-0.25768465
0.7768391,2.4950922
-0.58875674,-0.3903235
0.769568,2.4489105
-0.5803941,-0.3873299
0.8236113,2.9048483
-0.3647162,-0.26753756
-0.5075308,-0.34544668
-0.045620456,-0.038411364
-0.261553,-0.21365784
-0.59650064,-0.41883
-0.3232924,-0.24604906
0.4264587,0.73137397
0.66380125,1.7361646
0.64152366,1.5980927
0.5136345,1.0239332
-0.9891297,-0.9722048
-0.1467921,-0.13396981
-0.6620557,-0.4573484
-0.8530483,-0.6808989
0.4717641,0.87948793
0.5869597,1.3251326
0.6292333,1.544481
0.7806216,2.5323777
0.18009639,0.2220427
0.99625957,4.924359
-0.03255472,-0.012445225
0.766998,2.4184132
-0.7741185,-0.5784783
-0.702153,-0.48065403
0.18069889,0.21240097
-0.75173044,-0.5406181
-0.84939873,-0.6596855
-0.60787076,-0.41531155
0.5750737,1.2784971
0.85491604,3.2003584
-0.33306536,-0.24687429
0.9495117,4.297431
0.6191009,1.480057
-0.54778457,-0.36922815
0.17223,0.20944984
0.9635868,4.4945416
0.69757164,1.9340199
-0.27328184,-0.22186327
-0.38735414,-0.2927533
0.6385083,1.5709186
0.09833039,0.113330826
-0.67311496,-0.46894798
-0.34433487,-0.26390556
0.32362595,0.46334314
-0.69368225,-0.46604037
0.39743242,0.65965325
0.41985753,0.7230589
-0.4585073,-0.32548586
-0.20393886,-0.18704051
0.87090135,3.3578575
0.49835157,0.94941914
0.5756213,1.257091
0.03253038,0.044993598
-0.57372016,-0.3896925
0.18251182,0.22610751
0.5442086,1.1480242
-0.99223346,-0.9872543
-0.77244747,-0.54951656
-0.05141177,-0.06342326
-0.1256077,-0.10906959
0.9645661,4.503621
-0.8156942,-0.62286603
-0.35262728,-0.2538339
0.63022083,1.5371261
0.22485518,0.28537145
0.123228885,0.12853979
0.4824021,0.9100717
-0.920034,-0.7901118
0.8949834,3.6254907
-0.6174721,-0.42582762
-0.83632493,-0.63414717
-0.32209283,-0.23262253
0.40471247,0.6820153
-0.5370335,-0.34911263
-0.90027755,-0.7604594
-0.88517433,-0.7388622
-0.48684597,-0.33228466
-0.7294523,-0.5129228
-0.25513378,-0.19361545
-0.65385383,-0.4529698
-0.31137133,-0.24777283
-0.111025736,-0.09925189
0.48507842,0.9184926
-0.54520094,-0.36308318
-0.04987245,-0.048486985
0.63071036,1.518274
0.97275436,4.6403804
0.11461234,0.12978144
-0.13535927,-0.090341665
0.26306626,0.3552649
-0.027408678,-0.03720594
-0.6704867,-0.45893273
-0.081105635,-0.06401619
0.95820063,4.413069
0.2808573,0.3929382
-0.43313548,-0.30744988
0.894292,3.622175
-0.22283669,-0.18381907
-0.21975724,-0.16828875
0.23319899,0.31306908
0.13794744,0.15059026
-0.41912687,-0.3139354
-0.06583935,-0.074033245
-0.33497396,-0.25554273
0.4755609,0.8869539
-0.7549943,-0.5362789
0.5005023,0.9768424
-0.67766595,-0.46180734
-0.388036,-0.26605994
-0.3333364,-0.24594264
0.98082435,4.7197943
0.17964397,0.20383392
0.55510837,1.1854738
0.110755965,0.12954004
0.9663159,4.5097294
-0.6452373,-0.44760928
0.20974825,0.27625906
0.5947641,1.3487781
0.2571123,0.34736526
0.79387236,2.637245
0.20141596,0.25659847
0.6528771,1.6481086
-0.64840573,-0.43964198
-0.47587222,-0.33997744
-0.111862846,-0.09986902
0.70323545,1.9671546
-0.14688122,-0.11912473
0.2549179,0.3567137
-0.2083768,-0.17514709
0.6114408,1.4363142
-0.59942484,-0.39105198
0.18753895,0.23652571
0.15578038,0.19688007
-0.19351634,-0.14265849
0.41025612,0.67913043
-0.9430468,-0.8392578
0.68299997,1.8283497
-0.30406955,-0.21814112
0.58604515,1.3059783
-0.389881,-0.27386448
-0.62418705,-0.42625615
-0.22102106,-0.17556453
0.5947339,1.3710023
0.40703607,0.67233366
-0.1979376,-0.17996573
0.8757374,3.4149146
-0.18244763,-0.15820193
-0.29849455,-0.24326675
-0.71056217,-0.5107361
-0.8594427,-0.6667677
-0.3001952,-0.21653141
-0.81599563,-0.6179163
-0.07473008,-0.07246009
0.7200191,2.0820868
-0.047766693,-0.037354093
-0.038838044,-0.019594831
-0.49311876,-0.33367446
-0.6674088,-0.46352476
-0.55534226,-0.36800382
0.13597696,0.15039112
0.18358622,0.22416611
-0.55962443,-0.36738986
-0.20215926,-0.17727423
0.13736537,0.15849951
0.5209241,1.0333838
-0.3604613,-0.27645436
-0.45728615,-0.32553616
0.460934,0.8535721
0.02762434,0.028742827
0.71349317,2.0562863
-0.577994,-0.38036343
0.54188573,1.1374145
-0.675933,-0.47116357
0.16954249,0.202592
-0.43273258,-0.3180461
-0.79781806,-0.59031075
0.23352921,0.29989937
0.01359792,0.013366311
-0.028039623,-0.019019559
0.18503885,0.22438385
-0.25512555,-0.19505133
0.34033513,0.49890646
-0.73831254,-0.5134249
0.42994297,0.7387731
0.15962742,0.19246356
-0.02705472,-0.017712768
-0.7446992,-0.5390113
-0.44347104,-0.2978042
-0.40940684,-0.2957593
-0.5323747,-0.3436561
0.90835947,3.7829344
0.8312831,2.9844494
0.092266425,0.10224169
-0.5886548,-0.3940543
0.8222767,2.8886306
0.49881306,0.9623336
-0.9224563,-0.8028985
-0.018576957,-0.01598251
0.20988925,0.2710206
-0.8670533,-0.68963253
-0.90033793,-0.74887276
-0.072952084,-0.08317336
-0.99609655,-0.97934073
-0.90632886,-0.7736055
-0.66972464,-0.4716152
0.8199415,2.8845716
0.532567,1.1046342
-0.09914799,-0.0903101
-0.041588664,-0.029231813
0.3720491,0.5849454
-0.05122693,-0.05342468
-0.87214977,-0.7068726
0.47746274,0.8846682
-0.8845003,-0.72603863
-0.027813734,-0.034200564
0.723415,2.068841
-0.7652406,-0.5490979
0.4132558,0.68613905
-0.90734416,-0.7652902
0.9861192,4.793204
0.36417276,0.57543373
0.9379792,4.14326
0.33644792,0.49219054
-0.5154337,-0.365158
0.852729,3.1671417
0.25334036,0.33030617
0.1518741,0.17202868
-0.14177622,-0.11498533
-0.43081218,-0.30370176
0.06013914,0.04537687
-0.26788458,-0.2203318
0.7080488,1.9932761
-0.9424029,-0.85586184
0.06018297,0.06484711
0.6731298,1.7663395
-0.94478726,-0.8528525
-0.43539464,-0.3137637
-0.8969549,-0.7462328
0.19000754,0.24892907
-0.36652786,-0.2610631
0.91946006,3.903235
0.23258722,0.32798573
0.12360401,0.15284048
0.8344795,2.994632
-0.5528492,-0.38307256
0.12448452,0.14558491
0.08556527,0.10061549
-0.83577156,-0.6232535
0.8641196,3.3005147
0.40046945,0.65445393
0.7762117,2.4860995
0.9650748,4.5061526
-0.040692076,-0.052505527
0.6073197,1.4337667
0.15511946,0.17813651
0.9542461,4.3637443
-0.5055528,-0.33488715
-0.9723657,-0.8909844
-0.62810487,-0.42655644
-0.7439624,-0.526595
-0.12609538,-0.11527547
-0.8451796,-0.65385026
-0.5596045,-0.38494873
-0.80746824,-0.5879701
-0.026494443,-0.015728988
-0.46644586,-0.3276724
-0.057985403,-0.061914217
-0.8222238,-0.6251477
0.033741333,0.030228505
-0.7398616,-0.51457703
-0.8013071,-0.5898791
-0.3799609,-0.26930332
0.74883497,2.2942865
0.5770428,1.2800046
0.9182996,3.9060075
-0.07960947,-0.049176358
-0.37511715,-0.2691086
0.94181347,4.187132
-0.23646384,-0.19206665
-0.98179317,-0.96398485
0.64021724,1.5935177
-0.6615789,-0.45412043
0.43582487,0.7514448
-0.96975625,-0.9232173
-0.77801967,-0.55088234
-0.032872893,-0.034415103
-0.86420393,-0.679397
0.7772618,2.503492
0.49973813,0.9698209
-0.3436294,-0.2608049
0.19504082,0.24718803
0.43105346,0.7421004
0.5107984,1.0094031
-0.20864809,-0.16163516
0.79760045,2.6818466
0.8835695,3.497709
-0.6085695,-0.40618846
0.8224776,2.895156
0.425361,0.7322899
0.7762761,2.4993272
-0.15049146,-0.12306981
0.3223951,0.49250555
-0.5292404,-0.3388874
0.5022035,0.97497725
0.163467,0.2119903
-0.038109776,-0.03231979
0.38536322,0.61987376
0.104690544,0.12300167
0.53070974,1.080937
0.71687216,2.05218
0.6012126,1.378216
-0.38498673,-0.27951804
0.95223844,4.3369236
0.29948252,0.4336918
-0.35306704,-0.25873297
-0.91483825,-0.7665449
0.97619283,4.675369
0.1980348,0.25184438
-0.5449195,-0.35368675
-0.017752398,-0.013950957
-0.20491904,-0.16925026
0.90273046,3.7265165
-0.014678109,-0.015170784
-0.03066467,-0.05334877
0.5891994,1.329838
-0.21817687,-0.194246
-0.6069633,-0.41270214
0.5367974,1.101778
0.82021725,2.8632202
-0.9085475,-0.7812591
0.7198001,2.0605245
-0.124273606,-0.11700998
-0.42173305,-0.30430043
-0.9216393,-0.8015211
-0.58895445,-0.39433125
-0.3342604,-0.24450277
-0.8586315,-0.68766713
-0.6224199,-0.42822084
0.47368088,0.8951735
0.37372163,0.59995717
0.53967786,1.1109638
-0.66948444,-0.46748066
-0.91393965,-0.7869951
-0.062820256,-0.06163882
-0.31443053,-0.23313086
0.55346614,1.1520808
0.07765352,0.07454477
0.8623606,3.295292
-0.8775872,-0.710539
-0.27264726,-0.21393567
-0.1895188,-0.16500716
-0.74822116,-0.52046853
0.16603176,0.18102391
-0.9195951,-0.7983498
0.42545027,0.7093595
-0.9251137,-0.8063707
0.7469441,2.2609386
-0.86994606,-0.7133301
-0.08730117,-0.0701866
-0.6892292,-0.46457222
-0.7337555,-0.5029358
0.4424314,0.76498294
0.5485021,1.1444995
0.47839817,0.90620947
-0.1920163,-0.15302226
0.9815721,4.744315
-0.32006216,-0.24567373
-0.5094409,-0.35017753
0.9930108,4.9022956
0.9545536,4.344718
0.18367195,0.22690876
-0.58192164,-0.36705413
-0.5230023,-0.36041817
0.04177089,0.027557403
0.5522064,1.1739641
-0.8450917,-0.66445947
0.3753408,0.59532684
-0.7937783,-0.5710944
0.6882215,1.8721678
0.06423645,0.06376074
0.9793882,4.707574
0.50596446,0.97350705
-0.0055426853,-0.0035410624
-0.7176457,-0.501177
0.0847913,0.069049604
-0.77111053,-0.5661906
0.8103248,2.7794216
-0.5398645,-0.3592029
0.73073334,2.1485884
-0.3921949,-0.2872845
-0.5562029,-0.3683378
-0.3915277,-0.28121164
0.41510832,0.71094334
0.05043114,0.058853798
-0.78505504,-0.5780576
-0.725882,-0.49863592
-0.24294065,-0.1860123
-0.32291296,-0.23094761
0.7034708,1.9583739
0.14450638,0.16527387
-0.62657005,-0.41360566
-0.943314,-0.839572
-0.7952738,-0.589004
0.40082335,0.6553117
0.69419456,1.8997556
0.565076,1.2251886
0.57975096,1.2803103
-0.4780781,-0.3273263
0.97817206,4.664687
-0.82718295,-0.6363447
0.6421907,1.6005906
-0.80636543,-0.6077857
-0.4649374,-0.3284559
-0.009171944,-0.010361583
-0.8933185,-0.71903604
-0.21165732,-0.18781938
-0.29977125,-0.22883534
0.29434416,0.40595147
0.43602687,0.75032586
-0.8190094,-0.6249205
-0.92386305,-0.80497783
0.55178267,1.1824305
0.055982776,0.07105103
0.06927351,0.06984759
0.96143335,4.4477363
-0.124516934,-0.10481923
-0.60761493,-0.4086871
0.3612823,0.5557889
0.6313561,1.5474529
0.0047215563,0.020953655
0.38362917,0.6278126
0.02786281,0.0422272
-0.18529548,-0.15775643
-0.93144417,-0.8311897
-0.6525148,-0.46157306
-0.040465023,-0.059611
-0.20694286,-0.17355892
0.68576753,1.856439
-0.7831082,-0.5600966
-0.8997449,-0.7504506
-0.82572544,-0.63310015
0.35618535,0.55661535
0.18894696,0.22092736
0.26444066,0.34800726
-0.6861571,-0.46269932
0.032705534,0.021479554
0.5353401,1.0938014
0.36775273,0.56797034
-0.12262439,-0.107541785
-0.79299897,-0.5750865
0.7413004,2.2301667
0.052408684,0.04950411
0.7793215,2.514628
-0.12259978,-0.101862915
-0.525974,-0.36385977
-0.38517398,-0.28955558
-0.16370134,-0.14710526
0.22844626,0.28982314
0.53782195,1.1116127
-0.5147187,-0.35235703
-0.6245562,-0.42265517
-0.59468246,-0.4086524
0.86899954,3.3368995
-0.6721023,-0.45058358
-0.3085135,-0.2330015
-0.02826476,-0.03183599
0.11240697,0.12607135
0.7161703,2.059982
-0.7742323,-0.55849487
-0.7839732,-0.56965846
-0.3671807,-0.2550863
-0.17359708,-0.13723868
-0.25244868,-0.20817904
-0.21619639,-0.1671444
0.70291,1.9582988
0.6733366,1.7654551
0.6110026,1.4499975
0.51056135,0.9998719
-0.91922146,-0.7983923
-0.70122457,-0.48588595
0.4643853,0.8686588
0.18968785,0.2245152
0.34788916,0.5247368
0.43386278,0.7511519
0.8227294,2.8969
0.2702859,0.36917046
-0.44886515,-0.3221228
-0.8339681,-0.6319409
-0.13583054,-0.10602751
0.41969913,0.6975941
-0.4361972,-0.31532812
-0.7598414,-0.536009
0.9974848,4.95007
-0.16225126,-0.14116548
-0.5673704,-0.3705642
-0.6708881,-0.44985926
0.7255648,2.1174178
0.6392078,1.5900937
0.22664118,0.29613486
0.09437102,0.10083181
0.902878,3.7282555
-0.5434648,-0.37355822
-0.1692128,-0.1463589
-0.95067,-0.8823529
-0.16282046,-0.14481567
-0.23156697,-0.18736522
0.89898646,3.6742892
-0.28353512,-0.2120682
0.6695785,1.7493237
0.5331873,1.0889919
-0.7054559,-0.4913316
0.92543447,3.9890954
0.2619315,0.36991328
0.19310105,0.21614453
-0.9765891,-0.93784374
0.3984216,0.6521347
-0.88874227,-0.7527683
-0.62923837,-0.42555532
-0.80275804,-0.59727424
-0.24358815,-0.2004319
0.591423,1.3317447
0.4147631,0.699137
-0.7866097,-0.58453983
0.5969224,1.3602588
-0.07830572,-0.074613854
-0.93473846,-0.8176795
-0.55234706,-0.3700038
0.57037103,1.2535881
0.46659946,0.87503284
-0.62329775,-0.41568747
-0.9240019,-0.8141865
-0.40959612,-0.29955438
0.5898538,1.3268942
0.876781,3.4273083
0.14577127,0.16652147
-0.8177923,-0.62386453
0.0041723102,0.013430047
0.99758273,4.973813
0.87733805,3.4364312
0.986422,4.7899604
0.39882943,0.6579425
-0.14782287,-0.13491258
0.7862591,2.586053
0.7903609,2.595412
-0.71127033,-0.48472676
0.5507717,1.1702659
0.83861905,3.0500422
0.79703933,2.6658418
0.41366723,0.6936691
0.07471667,0.104681
0.5534985,1.1664652
0.03231168,0.040571664
-0.35753188,-0.26472336
-0.48212302,-0.33033675
0.08131445,0.091886826
-0.08809024,-0.0917839
0.048990536,0.038091503
-0.4786062,-0.34458798
0.18116625,0.21674569
0.32414883,0.4803815
0.61369777,1.4434801
0.17997484,0.20506948
0.5121416,1.0219738
-0.6612294,-0.46373594
-0.7578746,-0.53412807
-0.6407178,-0.44019112
0.6925302,1.9057463
0.11229977,0.1212481
-0.089369535,-0.09964399
0.5243189,1.0581754
-0.75184417,-0.5406797
-0.98758405,-0.9555554
-0.37807038,-0.27316943
-0.50221133,-0.35128593
-0.38533834,-0.29054484
0.94713867,4.249821
0.13549149,0.15086038
0.1782238,0.23047464
0.31133857,0.44933236
-0.20454907,-0.16040432
0.95795184,4.3887334
0.94652283,4.2335835
0.53849065,1.1045182
-0.5766157,-0.38247186
0.7603937,2.3638856
-0.79816025,-0.5787638
0.25978965,0.3631901
-0.08556972,-0.08839733
-0.92156863,-0.79004264
0.807814,2.7712457
0.92218566,3.9573712
0.81478906,2.803501
-0.6150664,-0.43290263
-0.3340362,-0.25592276
0.9114659,3.8146002
-0.7871521,-0.5651257
0.16660948,0.19021556
-0.02895503,-0.023982804
-0.69620275,-0.48841295
0.773155,2.4701388
-0.7316911,-0.5157135
0.18541393,0.23115252
-0.36363822,-0.2720015
-0.16403772,-0.16301218
-0.57728076,-0.38437238
0.24933814,0.34353802
0.97735494,4.662049
0.6670862,1.7471721
0.36641172,0.56835884
0.51276255,1.0015842
0.67857337,1.801279
-0.05490581,-0.053886227
0.13408841,0.1416414
0.7909655,2.6259363
0.39189467,0.6231865
-0.7279536,-0.51281226
0.55907154,1.1894665
-0.95458734,-0.8619591
0.695054,1.8944623
0.57659864,1.2832831
0.661492,1.7086093
-0.95281494,-0.88356495
0.94489765,4.2282195
0.22826405,0.293771
0.60009676,1.3896732
0.13311821,0.14710377
-0.32050136,-0.23721826
-0.40770325,-0.2923978
-0.8601321,-0.675586
0.085029885,0.08411924
-0.71282166,-0.49516955
0.13503477,0.15721114
0.24983245,0.33352786
-0.1158386,-0.10421077
-0.68735033,-0.44892952
-0.13458525,-0.11288295
0.75734395,2.3507133
-0.083904415,-0.07494078
-0.31454107,-0.23468232
0.25952792,0.3520632
0.23772453,0.3298027
-0.818767,-0.61642534
-0.52701885,-0.3508476
-0.011190605,0.009786378
-0.26733786,-0.20470199
-0.36008617,-0.26920024
-0.10857259,-0.10528079
-0.4193718,-0.30425122
-0.3050566,-0.23045012
0.54725957,1.1672786
0.02046198,0.026925664
0.7457118,2.252442
0.89712054,3.6497695
0.8441546,3.0932505
-0.49257782,-0.3529945
-0.054228142,-0.05601598
0.07010437,0.07037383
0.7043815,1.9973618
0.11804134,0.14310567
-0.49456903,-0.3514331
0.09507823,0.08937503
-0.911431,-0.78979725
0.66827476,1.7601746
0.13199875,0.13857558
0.30343443,0.45059186
-0.59812176,-0.40051833
0.116268955,0.1291034
0.06127378,0.053827003
0.2392619,0.3269046
0.6948401,1.9136404
0.52907693,1.085914
0.093748815,0.10072088
0.78680617,2.5843956
-0.2831633,-0.20626152
-0.01489836,-0.008726954
0.298868,0.41469148
-0.11846662,-0.10072199
-0.27716357,-0.20982194
-0.7752115,-0.5421746
0.27179897,0.37854338
-0.6147873,-0.40314576
-0.72349006,-0.49683118
-0.6356942,-0.44253328
0.376961,0.6087245
-0.72328156,-0.5015905
0.95247203,4.350648
0.51708275,1.0167743
-0.21453059,-0.18803835
0.1865655,0.23655742
-0.9847467,-0.94049543
0.68906385,1.8706323
-0.45757687,-0.32137698
-0.8562326,-0.67148733
0.5162378,1.0231637
-0.34083667,-0.2454909
0.13508232,0.15134622
0.6880631,1.8726044
0.5518627,1.1551925
-0.32632643,-0.22976294
0.7373932,2.174577
-0.22230017,-0.19260165
4.7643778e-05,0.022582069
0.22491734,0.29102814
-0.85803837,-0.6831719
0.19432767,0.22836149
0.15483448,0.17882323
0.74698895,2.2686284
-0.29267225,-0.22202788
-0.5156226,-0.34938186
-0.04697095,-0.06272611
0.3746633,0.5961047
0.123788476,0.14466263
-0.7235867,-0.49960232
-0.30421674,-0.23356943
-0.8724285,-0.7137147
0.47865263,0.8858243
0.7658966,2.4215376
-0.908654,-0.77872014
0.05085498,0.046359506
0.13196006,0.14905205
-0.12234424,-0.12117708
0.0054674717,0.011835591
0.42071345,0.7040043
-0.03254872,-0.020682639
0.83930427,3.0342274
0.0817476,0.08622907
-0.8564067,-0.67041075
0.9066493,3.7701783
-0.7063786,-0.4890167
0.5689198,1.2340674
0.05381137,0.07106214
0.4817849,0.9073824
0.026859768,0.025894603
-0.8820596,-0.73709214
-0.25014815,-0.19837508
0.24137196,0.31785855
0.25776443,0.33332717
0.9460889,4.239351
0.21264939,0.2708983
-0.42712173,-0.2988695
-0.913149,-0.79052633
0.5768304,1.2659792
0.7785809,2.511457
0.22727609,0.28553274
-0.035246126,-0.036053
0.72197306,2.1051502
-0.5192878,-0.35512996
-0.20253584,-0.15825385
0.015313108,0.003096224
-0.9012548,-0.7635777
0.377158,0.59303176
-0.6228803,-0.4308376
-0.33369362,-0.26892194
-0.17101437,-0.1441302
0.27702066,0.38640916
-0.8690319,-0.7048815
-0.31827652,-0.24967396
-0.45127654,-0.31599152
-0.9969612,-0.99073064
0.3833069,0.6267401
-0.5281301,-0.34846827
-0.66712326,-0.4597247
0.5959305,1.3633
-0.9216034,-0.8084699
0.8004799,2.70844
0.37380332,0.5952488
-0.6565073,-0.43471557
-0.29979396,-0.23483849
0.89996624,3.695412
0.23768917,0.31900784
0.21743527,0.29050353
0.30614218,0.42659283
-0.07452449,-0.068607956
-0.6653932,-0.44067967
-0.69821775,-0.48873037
0.3746213,0.59983003
0.76788265,2.4306738
-0.3995782,-0.28139666
0.0068071396,0.010191171
0.9844757,4.778075
-0.4856776,-0.33141312
-0.21957214,-0.16828308
-0.27295682,-0.2219293
-0.93482834,-0.82469827
