x1,y
3.3515759,1.8470739
0.8054631,0.9114918
0.79525536,0.9157154
0.96908253,1.000808
3.747876,1.9246522
1.5315717,1.2540913
0.29513583,0.5372997
1.6567502,1.2880712
1.7721595,1.3382657
3.1955636,1.7978611
1.9702762,1.4063729
3.7518992,1.9532925
2.5249534,1.5788704
3.7747495,1.9436189
2.7168057,1.639422
3.6920831,1.9184468
0.41019607,0.6297924
0.43157187,0.6551464
1.3629333,1.1497338
2.1492612,1.4742936
3.557515,1.8907435
3.29925,1.8111321
1.9908377,1.4105113
3.5175726,1.8803926
0.7490003,0.86661166
2.2596924,1.4939144
0.6120972,0.7821492
3.91306,1.978708
2.8610842,1.6913484
2.700945,1.63246
3.7543201,1.9418671
0.7468404,0.8580102
2.5138717,1.5853382
0.2846618,0.5173525
1.8676549,1.3714498
1.4108249,1.18067
2.7363338,1.6599469
1.5191579,1.2471361
0.15151674,0.39560008
0.7112175,0.82393056
2.6782167,1.6324298
2.0369701,1.4317732
3.8839626,1.9576447
0.16614373,0.414853
3.9945023,1.993852
0.1807134,0.41911286
0.27269855,0.5105898
1.662589,1.2908927
1.1545553,1.0771927
1.7650236,1.3266783
0.14187223,0.39150262
2.8308334,1.6777163
1.5855032,1.2747246
2.8437958,1.7000668
1.6552771,1.2789105
1.8737407,1.3591182
3.429757,1.8700125
2.5351741,1.5911833
0.46137077,0.6861361
3.0549428,1.7433791
3.302349,1.8173407
3.7000961,1.9272635
3.7371778,1.9377038
2.622868,1.6209924
0.28461015,0.5469725
2.0888293,1.4580262
2.4403167,1.5627471
3.8326204,1.956462
2.8000927,1.6946971
1.5239732,1.2329979
0.6503232,0.808318
1.2968459,1.1536449
2.3867683,1.5509961
1.5295725,1.2324171
1.983173,1.4054823
2.9532292,1.7209284
3.0451164,1.753975
3.4233568,1.84691
2.546814,1.5975897
1.0909791,1.0457565
0.6819366,0.8279887
3.3295426,1.8113469
2.556559,1.5842248
1.565422,1.2499145
0.9059358,0.9345302
0.82064235,0.9060314
2.1571503,1.4744666
1.356301,1.1732851
1.6096095,1.2571793
3.8938072,1.9756083
3.2251732,1.7955713
3.8993225,1.9778186
2.5172791,1.5835654
0.29645878,0.5381193
0.7435286,0.8689549
2.9722857,1.7144258
3.5345304,1.8891375
0.53395885,0.7422203
3.0182724,1.7222712
0.12255981,0.35023442
1.4082155,1.1786056
0.77263725,0.8717811
0.2626252,0.5194666
2.8911853,1.7061238
1.7640945,1.3413342
1.6703535,1.2894441
3.870754,1.9594779
1.3875462,1.1821643
1.2361287,1.1186051
1.5545654,1.2435865
0.66968197,0.81080437
1.2081506,1.0977874
2.935821,1.7173474
3.2065084,1.7827803
1.796699,1.3371723
2.3297956,1.5273386
3.617818,1.8885403
0.80672455,0.89210534
2.293966,1.512028
0.5276449,0.7400396
1.3309294,1.1485331
0.18603522,0.40858957
0.5894906,0.76247215
0.8056485,0.908471
0.49460018,0.6939191
0.86106426,0.9307998
1.3682112,1.1899103
1.2964439,1.1471518
0.9423826,0.9661992
1.3287628,1.1381947
0.019822102,0.123514906
2.4812546,1.585316
1.6566005,1.2833656
2.0850358,1.4429371
1.9064254,1.3800914
2.33261,1.5099211
3.2397459,1.8213292
3.0507326,1.7280143
2.274123,1.4738419
1.2560443,1.125946
3.7779279,1.945492
0.1462211,0.37400153
0.6943139,0.83188295
3.7252893,1.9308656
2.1650493,1.4724714
2.124197,1.4768695
2.3596396,1.53605
0.695481,0.82820046
0.31169054,0.5631922
0.7295635,0.85593796
1.314633,1.1584345
3.5050354,1.889949
3.8386724,1.9494964
1.1792063,1.0913228
3.2306228,1.7951728
0.7739294,0.89202726
3.2290437,1.8013632
2.381772,1.5396807
3.4823344,1.870538
0.46845293,0.67080504
1.9768403,1.426186
1.8007486,1.3370496
2.5396683,1.581077
0.7398812,0.8486898
3.7247314,1.9325889
2.3381853,1.5297807
3.9162314,1.9757228
0.08014984,0.2836405
0.38645598,0.63255334
3.7593658,1.9485896
1.3367609,1.1628162
0.33814594,0.57143235
3.5090816,1.8504833
3.2288651,1.7995073
1.7278465,1.3161488
0.59095293,0.7750119
2.3457541,1.5407729
0.5950078,0.7766133
1.2893754,1.1408525
3.5104635,1.8800309
2.8409135,1.6943498
3.0052545,1.740321
0.7435099,0.8636417
0.3034265,0.54461324
0.9309845,0.9590594
2.7798593,1.6855706
3.511988,1.8799235
2.1919718,1.4895167
3.1600237,1.7732886
2.0705137,1.4175295
3.2590504,1.8130739
3.8378894,1.9552944
0.3290317,0.5804306
0.061362017,0.2459484
3.8703437,1.968515
3.7539237,1.9472088
0.52139854,0.7179753
2.9762573,1.7236258
2.4706545,1.5573128
1.7574673,1.3341632
1.7112252,1.2894787
1.6230116,1.2646155
2.6390593,1.6209186
3.2947752,1.7861886
2.692868,1.6272417
1.7567683,1.337522
0.43625963,0.6601978
0.85311013,0.9181747
3.55192,1.869358
2.8703601,1.6975435
1.8609047,1.3758372
3.8352163,1.9485222
1.2156113,1.0894151
2.2567968,1.4806288
2.010346,1.4308788
1.6328716,1.2855636
1.317944,1.169106
0.59273636,0.77472323
1.8464156,1.35606
0.049930464,0.22583057
1.5041738,1.230664
2.7370527,1.6436901
3.9784677,1.9842368
3.500456,1.8610905
0.88005465,0.93819964
0.64937794,0.79369175
1.8499066,1.3736959
0.887457,0.95726305
1.6460693,1.2752
3.9966638,1.9999995
3.4768496,1.8742589
2.481033,1.5795423
1.8919647,1.3763876
1.9058113,1.3871244
3.7691636,1.9500335
0.67198354,0.8247916
0.3079825,0.5501956
1.6856576,1.3059628
1.8185846,1.353562
3.6540184,1.9132847
3.8309968,1.9429296
0.93641436,0.97045535
0.84340006,0.9155893
2.212328,1.4840889
3.929131,1.9664255
3.1056044,1.7638724
0.23962058,0.48877057
3.3252594,1.8223002
3.463031,1.8509873
1.3137659,1.1523877
1.2853185,1.1264398
2.119036,1.4564214
3.6278758,1.9000132
0.67891425,0.82863265
2.3321748,1.5312477
1.960063,1.4117607
1.3168375,1.1500791
2.527893,1.5857795
1.4631532,1.2213281
0.4240633,0.63814557
3.473828,1.8657315
0.87733054,0.9500595
2.462552,1.5857232
3.9326596,1.9819009
1.009192,1.0118657
1.9438083,1.3827162
2.6664565,1.6432527
3.679682,1.9039896
3.4921408,1.8715461
3.934301,1.9885241
2.3319101,1.508931
0.14650753,0.37852705
0.5383704,0.7367653
3.647607,1.9130934
1.9474965,1.3949095
1.2738556,1.1111561
2.8780246,1.6876017
3.8291724,1.959689
2.8818958,1.7065183
1.0960491,1.0507528
0.68958646,0.8350773
2.180528,1.4676392
0.62257457,0.7903279
3.4915395,1.851636
0.83343595,0.9166603
2.740574,1.6466042
0.24891835,0.4955268
0.5634042,0.7446465
2.6939812,1.6500096
2.7532873,1.6698151
3.592273,1.8971908
3.9656336,2.0002232
2.9275331,1.7226067
0.7603492,0.87050325
1.8885688,1.3657076
0.20408726,0.4575169
2.5712974,1.586969
2.42875,1.5744585
0.5382569,0.74367076
3.5375266,1.8646492
0.3962404,0.6319182
0.31949168,0.56511694
1.006955,1.0090234
3.8359594,1.9446341
3.7765572,1.9483545
0.5835749,0.75834304
1.6078937,1.2506486
1.9889988,1.4055982
2.62653,1.6339749
2.208184,1.4907
1.8076509,1.3468515
1.3585358,1.1558809
3.8723507,1.9582325
0.48105794,0.70597345
1.6601168,1.273556
0.59800404,0.7740469
2.087536,1.4347541
2.9651842,1.7256606
2.2774086,1.494343
0.6318606,0.7921114
1.4207232,1.1966274
1.1311219,1.0684245
2.517534,1.5843686
0.24784927,0.4997709
1.71759,1.3158455
2.4446874,1.568153
3.4958408,1.8804569
2.8162024,1.6743668
3.840541,1.9648628
3.1490521,1.7691907
2.955749,1.7167392
3.472927,1.8587421
2.8924477,1.685589
3.6081083,1.9023902
0.5576888,0.7701845
3.5117311,1.8726896
0.49239552,0.69011104
2.928297,1.71534
2.8795044,1.7114217
3.1179557,1.7684362
0.4657459,0.6848606
3.4681168,1.8739564
0.20754898,0.44790435
0.5636357,0.7611452
2.9430058,1.7136424
3.939194,1.9768704
1.1941078,1.0943364
3.8179128,1.9476752
2.4542885,1.5641348
0.8313609,0.918752
3.750902,1.9315555
3.9303799,1.973976
2.6505618,1.6245012
2.943126,1.717078
2.9309115,1.7075909
0.41724032,0.64383024
1.0294222,1.0285164
0.24497007,0.50381565
3.123003,1.7593138
2.0179105,1.4240755
1.8567328,1.3774713
3.475351,1.8598026
0.5502709,0.73227733
3.6788757,1.9087455
0.360747,0.58861107
1.4994571,1.2278894
1.7068669,1.2992829
3.4249647,1.8550056
2.919441,1.7145715
3.4898474,1.8710258
0.31249088,0.57419896
2.6988416,1.6368983
3.6580303,1.9018472
1.3689195,1.1738844
0.14435764,0.35081184
3.2365398,1.7913247
3.2237883,1.7891257
0.38142958,0.5972979
1.1192131,1.0459478
0.65484303,0.8064023
1.9383044,1.3975738
0.25137967,0.51525736
0.48544586,0.6940638
1.4451485,1.2012491
0.8806931,0.94333434
3.2004821,1.780298
0.5810225,0.741861
2.0736747,1.433108
1.6472651,1.2883452
1.1642115,1.0754744
2.2784562,1.5104773
1.6133548,1.2586433
1.9362705,1.3905203
3.2208996,1.8170208
2.9967835,1.738639
0.18308014,0.44052184
1.433128,1.2028513
2.270445,1.4966873
3.0810118,1.7626451
2.006994,1.4178351
2.0155056,1.4077032
3.7564929,1.9300762
3.0490916,1.7426268
0.8429092,0.9266414
1.9578683,1.3936256
2.4663544,1.5850329
3.6910179,1.9172022
0.46514076,0.66361696
1.4945544,1.2154089
2.2853374,1.5133798
0.41669694,0.63334996
2.7258558,1.6344415
1.8661091,1.373413
2.3271792,1.5273178
2.8491144,1.6916925
2.3248265,1.5346622
3.0302408,1.7322816
0.99642676,0.9977397
0.69947696,0.820073
0.45202693,0.6765354
2.1522317,1.4821944
2.4149935,1.5492554
2.7594502,1.6547859
2.9750338,1.7340649
0.63405144,0.78722084
3.8755965,1.969657
3.5549355,1.8810486
1.6057526,1.2670149
1.8140584,1.334528
2.5069087,1.5646429
0.6572811,0.8123598
1.1275563,1.0467069
3.814491,1.9566792
0.7237802,0.8579225
2.1636455,1.4520135
0.40165272,0.635342
0.05276432,0.23235357
3.5523453,1.8829902
1.5219812,1.2424461
2.3003561,1.5133829
3.3385868,1.8146856
0.71036965,0.83124614
3.2666721,1.810213
0.38146004,0.6231381
2.9001217,1.7204803
0.15555942,0.388177
3.5253205,1.8838065
0.3634596,0.6073228
2.121301,1.4564675
2.231593,1.4824445
3.5629847,1.8801924
2.3177025,1.5232949
0.78549457,0.8825474
2.3692443,1.5222425
1.4108331,1.1895821
1.7928891,1.3462299
0.80463713,0.90384406
2.8028166,1.6635475
0.7552043,0.884086
1.2777377,1.1171466
3.9642427,1.990738
1.6812493,1.2945526
3.2737494,1.8191901
1.9407803,1.400682
3.3413126,1.8274783
1.1919161,1.0984793
2.0603971,1.4563954
2.2345803,1.4893572
0.45110434,0.6695009
2.6101074,1.6218418
3.1316926,1.7706962
1.9636701,1.4000491
3.5346792,1.8865267
3.107809,1.7630422
0.7945473,0.89416575
3.7255073,1.9420899
3.4051101,1.8435333
1.4286916,1.1995351
2.103851,1.4629868
0.8411491,0.91648966
2.5806053,1.6023961
0.7055711,0.832984
2.4032378,1.5469791
1.4546921,1.229947
0.50628424,0.7346356
0.92546904,0.9791055
1.8619804,1.3726789
0.5354911,0.72345626
3.0965283,1.7613379
0.64576364,0.80978876
0.87954414,0.9449641
0.25734702,0.5042078
3.7069008,1.9203479
0.0762413,0.291701
2.7012699,1.6439092
2.996517,1.7307979
2.0849936,1.442698
1.5865127,1.263822
1.1174506,1.0617688
2.1947458,1.5008664
3.026411,1.7357824
2.7355528,1.6438494
1.526446,1.2345314
1.5176221,1.2456764
0.26720092,0.50923866
3.7551525,1.935167
3.0757146,1.7686684
3.0279067,1.7508953
3.7889032,1.9422401
3.274764,1.8084736
3.3483658,1.822017
2.4664028,1.566769
1.2476015,1.1312958
1.5651697,1.2436943
2.9128468,1.6969962
2.2353077,1.4898983
1.3291857,1.1709858
1.6455863,1.2985955
3.5750828,1.8929785
2.0746133,1.4490978
3.5392148,1.8739783
2.3596895,1.541975
2.1811178,1.4749707
3.8745315,1.9899938
0.32008326,0.56758577
1.7678268,1.3451649
0.4631521,0.66722965
3.0337071,1.7475481
2.3592656,1.5428672
1.4949799,1.227553
1.5774987,1.2511361
0.5675468,0.75476235
1.057895,1.033731
3.0704224,1.7518107
3.2913067,1.8118644
3.3654726,1.8346869
0.22141844,0.4691212
0.75287014,0.87443215
1.688852,1.2984846
1.7812799,1.3217275
1.0798072,1.0236756
3.9264753,1.9834805
3.700007,1.9220331
0.35177484,0.5816384
2.8276753,1.6973207
0.85411847,0.9217535
3.8751752,1.9584955
2.7244053,1.6338494
0.28536144,0.5290446
0.1596361,0.39444536
1.2812097,1.13265
2.2175004,1.506079
2.1960528,1.472961
2.1283839,1.4600537
3.0272021,1.7372633
3.2028584,1.8031124
0.8431398,0.9205315
0.20006508,0.45931974
0.30060223,0.5382698
3.378797,1.8571018
2.2121952,1.4808363
1.5106345,1.2470027
2.9251962,1.6829897
3.438628,1.8641766
2.705342,1.6559595
0.19929168,0.45184624
3.6286213,1.911956
1.7646675,1.3147545
1.800533,1.348084
3.5443048,1.8715299
3.2865968,1.8075175
3.3745153,1.8397572
0.19500129,0.44372806
1.9780492,1.4104695
3.4187372,1.8497866
3.063413,1.7522959
3.9454162,1.9911549
1.780289,1.3390135
3.2860715,1.8124311
3.676496,1.9167005
1.4144226,1.1785047
0.16730753,0.41241708
0.5231545,0.743813
1.9699891,1.4079578
2.9064617,1.7059237
1.6976756,1.2811531
2.085417,1.439055
3.5393286,1.8891975
0.96552324,0.9840939
3.8091457,1.9567105
0.45806995,0.68113476
1.9871114,1.4128557
1.8576785,1.3610443
1.9515558,1.4030663
2.6980665,1.6319163
1.1895268,1.0785903
1.809072,1.3431842
1.3280007,1.1656247
3.7833872,1.9451932
1.2094483,1.0921932
1.0140234,1.0065284
0.7299611,0.8357217
1.6330189,1.2757113
1.0797275,1.0312955
1.8266008,1.3299088
0.7258239,0.836051
3.9041204,1.9785607
2.509005,1.5810442
2.6173189,1.638919
2.648841,1.6346807
1.0978079,1.045394
3.165382,1.7670847
1.044065,1.0186722
0.8864126,0.9597751
0.13929056,0.3737907
0.5370164,0.72689635
2.0218673,1.4218891
2.3508518,1.5255121
2.7012134,1.6491666
3.35854,1.8301042
3.3863854,1.8550735
1.564553,1.2463616
1.2029763,1.0878849
0.9820419,0.9754388
0.47520345,0.71380997
0.6584915,0.8025324
2.994041,1.7290478
1.1324904,1.0496578
1.7790712,1.3283024
3.3696396,1.8172116
1.4448241,1.1880194
1.6831348,1.3164387
1.0926561,1.043456
1.1170509,1.0503047
3.5533857,1.8956323
1.6638327,1.2778004
0.68771774,0.8403238
1.7895752,1.344099
3.6163328,1.9114317
0.36153832,0.6027343
0.42456117,0.6361461
0.27725884,0.5203191
2.3699725,1.5336827
0.75374305,0.87788343
3.620252,1.9009453
3.907681,1.978893
3.5164104,1.8758581
2.5618913,1.606213
0.6564092,0.80282944
0.7066231,0.83325607
2.5497797,1.5836025
2.2943847,1.4962431
2.11565,1.4544013
3.567718,1.8782704
2.2571616,1.5136365
1.0157996,1.000682
0.5721735,0.75683403
2.2733274,1.5146809
0.062441286,0.26203948
3.5466642,1.8965672
0.034275685,0.20188242
1.1753705,1.0911713
3.3991063,1.8503088
1.3613185,1.1703439
0.70946854,0.8429782
0.45125392,0.68956095
2.3848913,1.5462122
0.54221344,0.7168926
1.7005203,1.3063346
1.0445789,1.0235752
3.2587035,1.8093183
2.3636782,1.539691
1.091339,1.0584576
0.16885185,0.41755363
1.6915116,1.2984903
1.4552726,1.2138346
1.2649348,1.1145996
1.1224393,1.0494158
1.7042263,1.3191842
0.41940546,0.6439347
1.6451168,1.2716849
0.19223191,0.4336077
2.7176087,1.6597421
1.694328,1.3220078
1.9980875,1.4119269
3.469929,1.86639
1.0228522,0.9966847
0.76979727,0.88161755
0.055055432,0.23616248
2.5550606,1.611517
3.9186532,1.9806145
2.6120265,1.6137019
3.6036878,1.8917648
1.0260652,1.0192893
2.0096514,1.4389435
0.18293785,0.4204194
3.1686704,1.7759863
2.5137022,1.5643363
3.4409502,1.8560228
2.0637603,1.4393224
0.87315094,0.9545182
1.8029349,1.3492266
3.4382236,1.8486263
3.7244077,1.9497578
1.1127464,1.0506401
0.41633368,0.6496883
1.358141,1.1453239
3.4324658,1.8551766
3.3918724,1.8442909
3.8816555,1.9606593
0.7504736,0.8509135
0.6940993,0.8403461
2.246189,1.5116482
2.9919932,1.7118951
0.33710533,0.5639093
2.2771225,1.4895517
3.931629,1.9872239
3.4972675,1.858335
1.3603162,1.1658858
1.9480188,1.402106
0.88746434,0.9365132
2.946139,1.7140489
1.8491558,1.3607818
1.3816663,1.180562
2.2571862,1.5031049
2.8108284,1.6700977
0.50958633,0.71866184
3.2683465,1.8118136
0.41285184,0.6596193
3.409527,1.8515521
0.5692657,0.7434271
0.033014853,0.17114793
2.1639202,1.4652396
1.0080044,0.98076695
2.434765,1.5433904
0.297096,0.5460776
1.8874223,1.3624755
2.5776832,1.6251523
1.9251668,1.3874947
1.2591792,1.1372844
2.3370519,1.5125617
3.9833272,1.9889802
0.9198647,0.9619416
1.0778211,1.0450068
2.588741,1.6051172
3.5324795,1.8741908
1.2904651,1.132788
2.3035772,1.5024447
3.410313,1.8416098
3.611898,1.8903493
3.4969304,1.8629591
1.9562582,1.3860781
1.1097453,1.0323673
1.5461216,1.2431583
1.7835615,1.3463366
1.7421831,1.306982
0.44545525,0.6548463
2.4074218,1.5423912
2.2018015,1.4836893
3.91251,1.9834927
3.4093046,1.8405063
0.6554686,0.79441965
2.925749,1.7170049
2.000915,1.4104897
0.7474147,0.8715373
0.41289213,0.6493712
1.3778331,1.1689693
2.7831666,1.6652355
1.654823,1.2771027
3.6841412,1.9112831
1.591115,1.2627459
3.4808397,1.8706632
0.5269855,0.73626596
1.7171028,1.3088951
3.9282506,1.9859611
2.308554,1.5193112
3.7503095,1.9347152
0.13946359,0.38921785
0.97650087,0.98399055
1.3280938,1.1574588
3.8641815,1.9758629
2.3100505,1.5029415
0.57429904,0.77584416
0.10406116,0.319388
1.2996566,1.1121018
3.0865383,1.759837
3.1252894,1.7715858
2.2196472,1.4943261
3.6458974,1.8963577
0.48885384,0.7140294
3.029934,1.755332
3.1727874,1.7743442
1.8048491,1.3437849
2.9839358,1.7174455
0.95357096,0.9891005
1.9719311,1.4119184
0.83349335,0.90905875
2.0182965,1.4282598
2.7280784,1.6396902
0.010376579,0.114286326
0.36666298,0.60393775
1.9343835,1.3823273
0.39322388,0.61928105
1.4017727,1.1795716
3.503304,1.878959
2.5580776,1.603187
1.0208046,1.0043893
0.12652299,0.3518879
1.2349849,1.1319304
3.8638098,1.95128
1.3936837,1.1965702
0.77131516,0.87312263
1.7529852,1.338696
2.957992,1.7142076
3.4320812,1.8470289
0.3174151,0.56841034
1.332222,1.1539565
3.4402833,1.8591548
1.4544863,1.2160282
1.5441899,1.2386012
3.415552,1.8459549
1.8389542,1.3591263
0.55145216,0.7345722
1.1780238,1.096091
2.6378088,1.6282891
1.3547204,1.1616147
2.2343757,1.4914644
1.2363727,1.1088587
3.5424738,1.8955815
3.1370656,1.760543
0.8013636,0.89037055
2.5838072,1.6057765
0.35122937,0.60199976
1.4532303,1.2224697
2.249925,1.5129025
3.8147476,1.9711981
3.0521116,1.7172885
1.4294474,1.1898307
3.7294445,1.9340353
0.8417952,0.91144514
3.331498,1.8230069
2.0457752,1.4266931
3.7705593,1.9438308
1.8453637,1.3633285
0.055103146,0.219025
1.3251688,1.1459156
1.0767637,1.031826
3.9285054,1.9851925
1.3552985,1.1686457
1.7444851,1.3134307
3.8057249,1.9479326
3.4933841,1.862447
0.6037406,0.7806113
3.354168,1.8204128
2.6101089,1.6276697
0.33802405,0.5923946
0.06748272,0.25090337
3.6943166,1.9119996
1.7034645,1.3069609
3.171603,1.7769891
0.26043123,0.50187963
3.3708684,1.8288069
2.2706966,1.4954157
0.7993677,0.88670814
1.0207824,0.996597
3.930734,1.9753509
1.9999563,1.395026
0.6951712,0.8379609
2.6582935,1.6409949
0.31499878,0.55461335
3.022596,1.7305571
3.5089064,1.8907589
0.75610006,0.8865446
1.8583896,1.3579608
3.5697358,1.9027086
3.2184107,1.7933215
0.13371731,0.3716408
0.56499606,0.750742
3.9354167,1.9567252
1.0315796,1.0281774
2.1062026,1.458341
0.14705865,0.387004
0.5880067,0.7494215
1.7033955,1.3034859
0.86990803,0.9364662
2.3875403,1.5460676
3.785731,1.9505032
2.8665648,1.6834008
2.391137,1.5487411
0.117708035,0.34602582
3.347891,1.8295063
2.365161,1.5237159
0.9037604,0.948355
2.8603868,1.7081256
2.8751295,1.7129419
2.5506923,1.5891324
2.5433254,1.5940001
1.9765999,1.4167659
1.8544657,1.3642384
0.11188179,0.33151287
3.2919033,1.8186283
3.7546177,1.9326117
3.769314,1.9379472
2.436816,1.577086
2.5659983,1.5996356
2.2727609,1.5216714
1.5395414,1.2512269
3.3984303,1.8491129
0.00093929685,0.010080806
1.0916253,1.041511
3.700717,1.9199506
0.65563273,0.8196585
3.5286694,1.8810867
3.1321979,1.7656087
2.5800083,1.6139699
2.524619,1.5782518
1.7014221,1.2811333
0.11008438,0.32492483
2.5098724,1.5828654
0.9493036,0.995078
0.8303034,0.9054419
1.1305217,1.0701118
1.3759689,1.1679074
0.7519429,0.855973
3.921206,1.9907124
2.545128,1.590998
1.6042355,1.2683069
0.18827468,0.43822095
3.3723297,1.8641428
1.4530221,1.2086912
2.5132632,1.5968026
3.0686045,1.7438346
2.5290372,1.5871255
2.8374362,1.6870065
1.8200827,1.336189
0.20731471,0.44586214
3.4946086,1.8708762
0.51718426,0.7205773
3.7835126,1.9430796
2.9771147,1.7376934
2.6610696,1.6244396
2.1512341,1.4694223
3.4742584,1.880758
3.2501707,1.8038148
1.2474226,1.1082273
1.6473022,1.270878
1.056182,1.0196029
0.97969544,0.996251
2.6857133,1.6332787
3.6883552,1.9135617
3.4237657,1.8581485
0.90395224,0.9482019
3.7401025,1.9428123
1.7937741,1.3451375
1.3203233,1.1462672
0.8172019,0.9132168
2.6544175,1.6233414
1.7864451,1.3453132
2.0341666,1.4266635
1.0123292,1.0111966
2.685797,1.6423591
0.46914053,0.68869424
3.5729082,1.8915497
2.408313,1.5585983
1.8274152,1.3467842
0.6769053,0.820453
2.2299912,1.488667
1.1401178,1.0575699
3.3422518,1.8214967
2.061462,1.4328907
0.010086003,0.10275764
1.6554294,1.2955705
3.5397606,1.8690066
1.2912973,1.1192845
0.82526517,0.91682184
0.2600011,0.50669414
1.3772538,1.145207
3.6633573,1.9028175
1.1946732,1.0836921
0.80122626,0.8857746
1.6585848,1.2889129
1.9250828,1.3801649
3.729951,1.9439689
1.7087526,1.3205558
3.723962,1.9339818
0.098297246,0.29597604
0.440935,0.66834503
0.8075189,0.87680984
1.641936,1.271902
0.9358557,0.9758207
3.5082588,1.8781736
0.017085647,0.1417887
3.9751184,1.9965023
1.5506462,1.238255
1.3327898,1.1655918
2.82646,1.6926554
2.453368,1.5802565
1.3856072,1.1830784
0.2668126,0.50316286
3.215755,1.7886451
2.5778625,1.6066157
3.9942307,2.0083544
2.1159627,1.4521731
0.046379425,0.20017448
2.141583,1.4611583
2.6816244,1.6399884
0.9304897,0.96227366
2.5010242,1.5834986
1.3427796,1.1632341
2.693828,1.6440105
3.9057014,1.9715596
3.227039,1.7969306
3.5160594,1.8682472
3.7098024,1.9225119
2.1097553,1.459304
1.4715053,1.2209237
3.8019307,1.9462663
2.478951,1.5656924
1.0717762,1.0342083
0.860305,0.9151934
2.7679095,1.6801614
1.5852671,1.2599404
1.1595888,1.0694009
0.9204501,0.95901114
0.5893488,0.7714394
1.909508,1.3718085
1.3745126,1.1687945
1.8716023,1.3702116
0.99884164,1.002714
3.8227887,1.9530885
0.5727847,0.7454236
3.7826276,1.9323816
1.7324272,1.3050536
1.9536642,1.4110456
0.709622,0.84463865
1.7703966,1.3325983
0.43848485,0.6550618
3.8623672,1.966413
1.4845643,1.2303519
0.8570853,0.9303231
2.9862654,1.7354802
1.3203281,1.1580297
2.4267516,1.5431494
0.5235691,0.71887594
1.811673,1.3552251
1.1201433,1.0547973
3.134248,1.7705323
0.54452914,0.7207896
2.5398092,1.5843755
0.02903346,0.17066713
0.11950705,0.36492756
2.3507643,1.5311512
3.4645085,1.8632752
1.8465643,1.3593605
1.6799933,1.3046845
0.35966277,0.59181446
3.2319622,1.7972156
1.9249943,1.3794253
0.9551425,0.96995324
3.1857436,1.8003907
1.7916313,1.3256712
0.5755423,0.7690635
0.36970407,0.59246933
3.8628435,1.9500762
2.5678914,1.5904913
0.97539467,0.9608121
2.02296,1.4174879
3.1003408,1.776178
3.5672925,1.8911799
2.3713663,1.5323399
3.6337514,1.9058468
1.7661469,1.3115348
3.4335914,1.8545028
0.13115151,0.35561445
2.7057,1.6349062
1.5749111,1.2504803
2.924511,1.7186378
2.833019,1.6835
2.2098017,1.485797
3.4264102,1.8279732
3.2928135,1.8180933
3.910526,1.985425
1.0450397,1.0214479
2.134681,1.466603
2.8329623,1.6941236
3.7232182,1.9290925
3.4696953,1.8542652
1.9838064,1.419152
2.034837,1.4444604
0.6785196,0.8167545
3.4719636,1.8662305
1.1704583,1.0716414
2.8397317,1.6915047
2.487976,1.566654
1.1393161,1.0577699
3.6846545,1.9164411
1.9392662,1.3791556
3.5829844,1.8826687
0.97990334,0.9741527
0.72390354,0.843178
2.384327,1.5390769
1.9323084,1.3963389
1.5736438,1.240294
2.7045898,1.6526039
3.902365,1.9711506
1.3016211,1.1355283
2.4999485,1.5737258
3.156369,1.782984
1.1618228,1.0698671
1.197758,1.1032417
3.6948738,1.9057488
0.5009265,0.7108982
1.2738669,1.1451961
2.1916776,1.4765787
2.0077388,1.429194
2.6366458,1.61905
0.42528203,0.6473605
3.773309,1.9641451
1.5964559,1.2606946
2.5801964,1.6115835
2.9387527,1.7220174
2.7210298,1.6592834
2.9086862,1.7017722
2.1925347,1.4838992
3.785583,1.9353292
1.8409344,1.3494028
3.3990633,1.837731
0.9470435,0.97247154
3.193735,1.7881205
2.519462,1.5946977
3.5528603,1.8977504
2.5244026,1.5921954
0.9866162,1.0164074
0.23614137,0.48684326
2.7781396,1.6673546
0.9893076,1.0065299
3.6537726,1.9135649
3.87229,1.9717673
3.8404455,1.962852
0.8311994,0.90917754
2.1763906,1.4627981
3.8192794,1.9639703
0.009056524,0.10731464
0.55881244,0.7602616
2.189066,1.4796882
1.7106771,1.3072948
0.7143513,0.83174837
1.6830262,1.2823596
0.46714675,0.6815574
1.2076042,1.1134291
0.31175593,0.54845595
1.7008922,1.2928398
3.8574865,1.9629748
2.788809,1.6659861
1.3459983,1.160198
3.4559488,1.853444
0.21009688,0.46643415
0.66299546,0.80661565
0.6121591,0.7926888
2.2309482,1.4836667
0.4587093,0.67132235
0.26061645,0.5091746
3.8085973,1.9382684
3.8353035,1.9512784
1.2316622,1.1243185
3.8505964,1.9560053
1.9240957,1.3853936
2.500934,1.5771511
0.25224805,0.51336235
2.505035,1.5817229
2.9205775,1.7105422
2.5315218,1.5849723
3.00371,1.7466918
2.4928627,1.583107
3.2815135,1.8177165
2.969159,1.724327
3.5074208,1.8672423
3.1715884,1.7744659
2.8594384,1.7023696
2.9128296,1.7199217
2.7401676,1.651833
1.2638487,1.1290859
0.9934914,0.9894057
3.193746,1.7873291
3.7024932,1.9098889
3.5206964,1.8706917
3.183425,1.7807287
1.6135947,1.2805808
1.6467854,1.2895627
3.1485324,1.7649995
2.003969,1.41709
3.512639,1.8708407
0.19003835,0.4233338
3.7758243,1.9337677
3.1580114,1.7650862
2.6749487,1.6301156
1.059806,1.0403684
3.92718,1.9824486
3.179343,1.7841377
2.4168003,1.5606414
2.4769258,1.5770826
3.0780132,1.7371892
3.0018828,1.7326803
1.7753346,1.3315856
0.5706954,0.75092393
0.422111,0.6517586
1.9046943,1.3662516
1.1787285,1.0940362
0.36625338,0.5959328
2.1039796,1.439169
3.6531577,1.904952
2.6492403,1.6307739
0.58137965,0.7509789
3.1266425,1.7539518
0.8197062,0.9032427
2.0597754,1.4191285
3.78807,1.9545867
3.0056834,1.7347615
3.2824428,1.8178068
1.9915694,1.3944094
3.9981444,1.9986941
0.9200246,0.9386187
2.787189,1.6696575
3.5682416,1.8810718
2.4308484,1.5844007
3.7599957,1.9312599
3.788524,1.946766
3.4993436,1.8521014
2.7938101,1.6609687
3.575419,1.8744075
0.85799044,0.9245277
2.5722735,1.6251514
1.08163,1.0258042
0.4105793,0.6175966
2.9261274,1.7208133
0.98297894,0.99845576
0.5415588,0.7331169
2.2223392,1.4844184
0.46973893,0.6872541
2.2376888,1.5113542
2.8529015,1.6789066
0.2807401,0.5358359
2.7074342,1.6476768
2.5090926,1.5909303
0.7163218,0.8414491
2.7907968,1.6769198
2.7767775,1.6779761
1.8133482,1.3626786
1.7452973,1.315224
1.6840663,1.3174489
0.6065394,0.7729829
3.924866,1.984126
1.2913187,1.1478007
3.4166572,1.8546948
1.375767,1.16369
2.9461007,1.7046133
3.6753776,1.9109634
1.742897,1.3266169
0.78930295,0.8848899
1.2401538,1.1096332
1.6038426,1.2714624
1.1234595,1.0562028
2.3209422,1.5168161
3.4156384,1.8606815
2.3670611,1.5338645
3.195941,1.7748334
0.5198625,0.7230043
2.4320061,1.5691059
0.492542,0.6910037
3.6946292,1.9205613
3.84549,1.9556904
0.9017099,0.9558097
2.6197891,1.6151332
0.7787208,0.8674408
2.5856302,1.60416
1.1988188,1.1017579
3.3780375,1.8377553
2.3150928,1.5168656
0.5306783,0.7161132
1.6162366,1.2688725
2.047572,1.4286041
3.479384,1.8573623
3.1316183,1.7810109
1.9003859,1.3799458
0.18356606,0.4071024
0.47167775,0.66884273
1.9713691,1.4205712
2.0462506,1.4292434
0.7707027,0.87683177
0.6484313,0.8179303
0.72968256,0.8623652
0.06911974,0.25765407
2.42807,1.565278
0.8797861,0.9547263
1.2360663,1.1201819
0.54360723,0.7369681
1.4588072,1.202169
0.43307102,0.65763795
1.7457446,1.3338426
1.7006959,1.3064353
3.9050746,1.9879575
1.2936779,1.1284257
2.0335145,1.4210669
1.3941455,1.1684008
2.3417227,1.5499936
2.9580326,1.7297606
0.93153775,0.95230764
3.6114047,1.897756
3.4455607,1.8484558
3.277774,1.8114574
0.82012343,0.9060813
1.5399557,1.2574149
3.8051846,1.9557027
0.02013067,0.1456865
1.0155625,1.0202948
0.10387347,0.3379526
1.4930892,1.2237668
2.5241075,1.5712843
0.5716739,0.76402813
3.4830859,1.846984
2.0129464,1.4136267
0.64081633,0.81275463
3.1698375,1.7848854
3.374962,1.8178651
2.2444625,1.5042425
3.5765047,1.8920093
1.2207985,1.1029037
2.7821074,1.675597
1.5487782,1.2437552
2.521199,1.5783864
3.5884674,1.8963183
0.1584256,0.38536373
0.3725021,0.5944614
3.7229183,1.9316456
0.5146084,0.7208474
0.54766655,0.75429845
1.850399,1.3573301
0.72426873,0.8472842
3.3184662,1.8104807
2.7905948,1.6554918
0.20016937,0.42644978
0.741086,0.86465836
3.4747932,1.8722136
0.11668755,0.35036388
2.0905228,1.4486866
1.0170993,1.0044208
0.9723877,0.98269826
0.6930429,0.8244819
2.1654508,1.4837027
2.5691776,1.5962185
2.5939682,1.5853431
0.26654366,0.5122659
1.7371173,1.3235217
1.5001283,1.2261585
0.5476159,0.7318155
0.34516877,0.5828509
1.6329184,1.2627041
0.11547368,0.3464456
3.8095376,1.9315883
1.4351071,1.2177769
3.644724,1.9082043
0.93224156,0.95279115
3.3882408,1.8167998
0.3699374,0.5963646
0.6969027,0.82821894
0.6276361,0.78298527
0.65301955,0.79452413
3.1197214,1.7709562
2.2054608,1.4788258
3.645275,1.8976948
2.567124,1.6327943
2.0126836,1.4067528
2.6883414,1.6377411
1.4839983,1.2088189
1.5192065,1.2607695
0.095590934,0.32183766
3.8010483,1.9579911
0.9311038,0.9549706
2.2118812,1.5015682
3.9565794,1.960912
0.6663346,0.838817
0.7872696,0.88232684
1.6380641,1.2770643
3.2049875,1.7854296
0.52763534,0.73482245
3.8511963,1.9536881
1.4461569,1.1957583
2.0193143,1.41886
3.3498797,1.841722
3.1963263,1.8085047
2.6160192,1.615062
1.6048248,1.2575936
3.7041852,1.9320201
2.1057057,1.4683169
2.7163284,1.6347996
0.8514154,0.9280567
0.92554444,0.98355424
0.6613691,0.8134906
3.1751232,1.7870847
0.3806279,0.62026334
1.3870761,1.1761096
3.967723,2.019525
2.686272,1.6440982
0.40596333,0.6450238
2.8089838,1.6589912
2.9843764,1.7256006
3.552658,1.8931323
0.24970582,0.4951331
0.66705656,0.8287117
1.5570005,1.2424163
2.346857,1.5334241
0.61514574,0.7999118
1.6720254,1.2926145
0.48413768,0.7071742
1.0782077,1.0452373
2.8822286,1.6898785
3.210279,1.7818362
3.642975,1.9242665
2.3630433,1.5445426
2.8769403,1.6895196
3.2656677,1.8045691
0.6148683,0.774441
3.1302686,1.7510599
2.7450225,1.6610247
2.1449635,1.4632876
1.0354052,1.0083251
3.0035982,1.7123073
1.5079225,1.2326256
1.1265692,1.0714631
0.09332602,0.3023761
3.5951242,1.9028329
1.4917895,1.2240269
1.2641139,1.1270652
0.026832487,0.16744073
1.6998632,1.3082215
2.37155,1.543595
3.3985698,1.8478767
0.47308055,0.69070894
3.1937304,1.80197
2.1914778,1.4754468
2.9288347,1.7014668
2.407021,1.5472693
3.6360328,1.895875
1.7910807,1.3317707
2.1403973,1.4484168
2.7794876,1.6689937
1.958278,1.400075
2.6003819,1.6181195
0.071476385,0.26025888
2.4062226,1.5684147
1.1660938,1.086267
3.3313828,1.8129088
0.9191478,0.94553703
2.8916495,1.695425
3.5265195,1.8649685
0.46604007,0.6842315
3.8239937,1.9571337
0.7813974,0.87635624
2.8121517,1.6706216
3.3945851,1.836063
0.065459594,0.25776392
3.7835646,1.9461145
1.4994068,1.2178651
2.2277544,1.4893155
3.0160675,1.7208683
1.5307822,1.2303262
2.203374,1.4903352
0.77653205,0.8787505
0.70944417,0.8261131
3.857249,1.9624622
1.154246,1.0810792
3.7146053,1.939008
0.5411046,0.71985096
2.1932547,1.4854819
0.21449512,0.46945772
2.7706838,1.664421
3.055799,1.75284
2.7475822,1.6421007
3.3879294,1.8428401
0.8640028,0.9231328
0.5455226,0.72851765
2.105684,1.4669439
0.49069995,0.7095776
1.3504466,1.1455511
0.6034531,0.8044966
2.5958135,1.6163425
0.32948333,0.5619686
0.7818606,0.8822861
3.759424,1.9496907
2.1959596,1.4917849
2.8414872,1.6768819
1.3827401,1.1748259
1.5794078,1.2699994
2.62334,1.6265595
0.5417122,0.74224293
1.0762122,1.0385014
0.25958905,0.48036873
2.3134742,1.5241293
1.2497022,1.1081648
3.260251,1.808318
3.3536227,1.7952993
0.08085608,0.27524203
0.4483118,0.68240064
0.39439312,0.62544835
1.2162173,1.1004745
3.319106,1.8275955
2.6379712,1.6207474
2.9826264,1.7313988
0.013412559,0.10349028
3.0747151,1.744081
3.2632725,1.8228433
0.8841144,0.9390383
2.85704,1.7111953
0.98311466,0.9919756
1.4787613,1.2087376
0.12307152,0.3376647
3.1843383,1.7969807
1.2407238,1.1162004
0.5774693,0.7531419
3.7433846,1.9431792
1.228427,1.1198945
2.9871187,1.7225862
3.5067172,1.8968202
3.7499747,1.9370171
1.5700748,1.2517942
1.0602307,1.0506862
0.6061439,0.78737414
2.1913266,1.4852674
3.7300622,1.9508034
3.433877,1.8495651
1.2891597,1.1353928
1.2170407,1.1048452
3.7624779,1.9472502
3.8833468,1.9509208
0.7512971,0.85943985
3.6832216,1.9038969
2.4661372,1.5619988
0.83273846,0.9216688
3.4007595,1.8507981
1.8907542,1.3754212
1.3824089,1.1868922
0.8698445,0.9366938
2.0076592,1.4244028
3.489428,1.864131
3.5179257,1.859015
0.5389985,0.754747
0.19468568,0.4339332
3.2526715,1.7911221
0.9075762,0.9510274
3.3098102,1.8133298
1.4183737,1.194437
1.996395,1.4056935
2.5316918,1.5873777
2.9547083,1.7080386
1.9313,1.3872893
1.2625803,1.1126387
3.0043464,1.7304103
3.4043112,1.8402674
3.6470141,1.9095786
2.6489317,1.617914
0.25256863,0.49073118
1.2924856,1.1293616
0.56941223,0.7362393
3.0426617,1.7384688
2.3407526,1.5071226
3.8187597,1.9478325
3.2209003,1.8002119
0.40461615,0.6403707
3.387959,1.8413045
2.7631078,1.654333
2.0537038,1.4410074
3.1587777,1.7618464
0.44472745,0.66113704
0.33074543,0.5680773
0.89334154,0.94566745
0.5167834,0.71339405
1.6961536,1.3000103
3.6736355,1.9104481
2.1629941,1.485898
3.7264688,1.9279294
3.963864,1.9707404
0.26208583,0.5255113
0.013073889,0.113319084
2.9194095,1.7266582
3.8983057,1.9829409
3.1272647,1.7535354
2.2754123,1.491865
3.2322488,1.8083863
3.0282102,1.7411292
1.446796,1.1831973
3.7458713,1.9242243
0.22774382,0.46421155
0.81017107,0.89242285
1.023317,1.0029439
0.6610565,0.8279236
2.800908,1.6590534
2.6391768,1.6119885
3.8611066,1.9574182
2.6005487,1.6159483
2.0874145,1.4461862
1.400442,1.1767595
3.7231233,1.9278903
2.0613623,1.4429337
2.1935549,1.4696403
3.0152361,1.7425972
1.8130738,1.352413
1.9630989,1.385229
1.1635723,1.0879456
2.5047026,1.588561
0.14003587,0.38130862
0.46934417,0.6670054
3.166348,1.7934277
2.9052868,1.7062613
2.714033,1.6539553
0.37472323,0.6232996
0.34706518,0.59094745
1.3747911,1.1844103
1.4151387,1.1873512
1.7758551,1.3226944
2.9426675,1.7126173
3.7102537,1.9300652
0.56481224,0.7508627
1.8988444,1.3942199
0.9906746,1.001219
3.4746544,1.8450028
2.9333982,1.7183384
1.8308109,1.3727019
3.8512604,1.9712669
1.9934068,1.428629
0.7496868,0.88747835
0.047907792,0.19757469
0.72983265,0.8709406
3.9912953,2.0041456
3.8184192,1.9511418
3.739847,1.9441698
0.26692373,0.53725225
0.62562376,0.7984034
3.574153,1.892031
3.1373127,1.795446
2.6600447,1.644763
3.218531,1.8003774
2.3618963,1.5393109
2.091794,1.4458376
0.5074783,0.68988067
2.8326643,1.6709253
1.8814714,1.3832769
3.8970792,1.9815195
0.37081224,0.614988
2.1212292,1.4521735
2.0335097,1.4382883
3.5826411,1.8919424
2.5280175,1.5797745
0.6426521,0.8107027
2.3674371,1.5413169
3.0929317,1.7624285
0.13958207,0.3755364
2.8169632,1.6754657
0.23389836,0.4936794
1.9947145,1.4418914
0.6928814,0.8346805
2.1018772,1.4429306
1.9579843,1.3954479
2.5560455,1.5981666
3.2080746,1.7855091
2.8021593,1.6840111
2.5382524,1.6001266
2.2089171,1.4937217
3.1295536,1.772915
3.7574856,1.9430605
1.2439595,1.1038457
0.68427616,0.8203294
2.1206086,1.4634097
2.3310428,1.5192872
1.405502,1.1719128
1.8859515,1.3785135
3.5876172,1.8977468
1.0382366,1.0186291
3.7934983,1.9466509
1.29225,1.1344748
0.7544458,0.86308795
1.2346117,1.1222223
3.605987,1.8996012
2.3382063,1.5102615
0.68726623,0.82890064
3.7674224,1.9185219
3.6762564,1.9246368
3.2258375,1.789283
1.0782256,1.0343051
3.4342573,1.8624798
2.4100926,1.5632335
3.068415,1.745245
1.5290974,1.2429882
1.6630435,1.2881511
0.6038489,0.785727
1.1982468,1.1157085
1.3687865,1.1733356
1.0557392,1.01354
1.1492088,1.0771464
1.9106529,1.3762348
2.6221225,1.6219791
0.37438542,0.60560465
0.799718,0.9035657
0.4010686,0.63440025
2.9980597,1.735917
3.5739133,1.8938742
3.1735158,1.7896369
2.027488,1.4144254
0.4227663,0.6605854
3.030994,1.7268345
3.990617,1.9908197
2.8604422,1.7049389
0.14285505,0.36929527
1.6901284,1.3037715
0.97524905,0.9747485
3.4645438,1.8579526
2.5630124,1.5928432
3.7710454,1.9492558
3.3375168,1.8151182
2.9551382,1.7028722
1.4483912,1.2104915
1.3313198,1.1472126
3.1471205,1.7750479
3.5131078,1.8655659
0.349195,0.57745206
1.2423333,1.1023395
0.79430735,0.8759053
0.13182499,0.35455713
0.036527902,0.19563413
1.5762808,1.2670796
1.4307553,1.1840211
2.5923877,1.6113217
0.064780876,0.24860208
3.8074908,1.9394628
3.4461348,1.8600866
0.34653503,0.59178346
3.7985947,1.956671
3.909239,1.975347
0.004941683,0.06073401
2.323976,1.531734
0.73139703,0.8505209
3.712723,1.9386507
3.238171,1.8003
0.21330924,0.46678826
3.940979,1.9898412
2.5997753,1.6030182
2.1698768,1.4747125
1.9877733,1.4164158
3.5915892,1.8915633
3.1732655,1.8014376
1.6341394,1.2742554
2.0409088,1.4521654
0.62053454,0.79819137
3.5354502,1.8902884
0.40117517,0.657138
2.5308552,1.6015984
0.8553018,0.9322756
1.4692154,1.2056988
2.4574878,1.5657687
1.7108217,1.3018183
2.5736814,1.5989575
2.3839052,1.5594536
0.30358803,0.5447961
2.4554722,1.5720054
1.7523755,1.3366873
1.5972607,1.270989
1.1880324,1.0981476
2.9972856,1.7178507
1.0943623,1.0521084
0.50757813,0.71995175
3.7763064,1.9499804
0.57410085,0.7542091
0.39969963,0.62349397
3.091617,1.7460397
1.0219474,0.9994678
1.3374406,1.1647612
3.870231,1.9422613
1.5529449,1.2468206
0.9870038,0.9873179
0.9727,0.9932716
1.4290956,1.2081714
3.248251,1.8036925
1.160361,1.0734811
3.7816641,1.9377904
1.6234926,1.2678711
0.77696145,0.88341504
0.64606106,0.80041057
1.8481617,1.3552824
3.6382961,1.9235891
1.9347587,1.3878638
1.0243964,1.0052925
2.4999514,1.5764141
0.22001638,0.48769182
2.7134771,1.6417187
3.107973,1.7556577
0.9295599,0.94253385
0.8700438,0.9392172
3.611198,1.9128358
1.81917,1.3494593
0.597685,0.77302516
0.17041154,0.40989244
3.190971,1.7804805
0.3678474,0.61303526
1.8133087,1.3399535
1.115676,1.0446997
3.3999906,1.8486907
2.1101322,1.4538397
2.9974935,1.7166977
2.9426434,1.7186708
2.1880326,1.4945924
1.645441,1.2889072
2.9845936,1.7338254
3.198071,1.7853931
3.3773491,1.8554265
3.2265043,1.8035283
3.30459,1.826034
3.312822,1.821119
3.431713,1.8609099
1.6055661,1.2645438
2.686292,1.6495821
3.9258277,1.9844553
0.12348555,0.3467874
2.2037594,1.5015613
0.14605826,0.379797
2.2982016,1.5075734
3.477144,1.8891
3.126563,1.7689652
2.9550276,1.7189883
0.6619618,0.81880397
2.196215,1.4864507
1.517234,1.2258692
1.0264925,0.99041206
3.4810832,1.882425
1.7522019,1.3222544
0.53326404,0.74963266
3.1006784,1.7747686
0.63335794,0.81799406
2.1175141,1.4587773
2.5767877,1.6020203
3.4668837,1.849647
2.0839388,1.4395847
0.18303397,0.42979386
2.6647418,1.6316551
1.3075963,1.1366343
1.2799774,1.122395
0.6190191,0.78235775
1.6246828,1.2715031
2.4260833,1.5694324
0.018426694,0.13769493
2.255274,1.4939257
3.8012266,1.9599313
3.044528,1.7439357
1.4511224,1.2148715
3.5233912,1.8725102
2.7425363,1.6655182
0.7859126,0.9009289
3.2361827,1.8084565
2.8759828,1.6947072
1.9290829,1.3747373
0.29452527,0.5687927
0.51113164,0.7000787
2.4092288,1.5470669
1.1828064,1.1072042
2.3852327,1.5536416
0.3823419,0.62474394
2.9865913,1.7185476
3.8012295,1.9500667
1.7730663,1.3298717
3.7769287,1.9480926
1.5385412,1.2266622
2.0902417,1.449488
3.7914739,1.9483508
2.1348372,1.4665871
1.5588195,1.2709682
0.73179144,0.8423353
3.853613,1.9600306
0.6286284,0.79605347
2.3048022,1.5380936
3.7876348,1.9443369
0.042027332,0.21908735
0.8283478,0.9092514
1.3199027,1.1632386
3.0259035,1.7301432
0.522586,0.6990438
3.2349255,1.7966601
1.383949,1.1717879
3.368853,1.8285309
3.7454941,1.9276525
1.400205,1.1846042
2.6352472,1.6206851
1.3034674,1.1549221
1.6657116,1.2989867
1.424258,1.197468
1.2952199,1.1443667
1.9106406,1.3711
0.031555437,0.17706823
1.0943269,1.0455989
2.7312484,1.6491838
1.0043707,1.0001531
0.9241413,0.97399193
1.1654097,1.0810354
3.8937538,1.9783479
2.0810673,1.4389108
3.006553,1.75282
0.5736029,0.7717404
1.1424563,1.072711
3.0833476,1.7676765
2.7692738,1.6605527
2.9103177,1.7066876
1.7508537,1.3169289
3.2151053,1.8061538
2.8941612,1.7137362
2.445124,1.5821128
2.9765103,1.727477
1.8195635,1.353129
0.71423244,0.8460078
3.513261,1.8689038
2.547923,1.5941983
0.96441644,0.97604513
3.5906231,1.8751656
3.755685,1.9520999
1.6868987,1.2928562
2.4186187,1.5514913
3.355927,1.8320817
2.7561734,1.6585284
1.6765054,1.2914226
0.22697106,0.4809845
1.534578,1.23221
3.9496727,2.0100367
1.0230285,1.0056632
2.2996452,1.5114467
0.65177,0.8202532
2.0172203,1.4317579
2.7599936,1.66682
3.127165,1.771248
2.542969,1.5995011
0.23966739,0.4941295
2.0581799,1.4289762
1.7294142,1.3144948
0.9435681,0.990666
3.3948834,1.848282
2.19836,1.4774662
2.8649616,1.69939
3.678824,1.905913
0.59536326,0.7606257
3.2128062,1.7961993
2.2511916,1.512984
1.5536622,1.2465161
3.410655,1.8369538
0.0019863823,0.047205318
2.3751194,1.5520657
3.155809,1.783605
2.444891,1.5694005
2.5528266,1.5941886
3.421746,1.8324765
0.19195995,0.45379138
0.32051235,0.5751259
3.4203525,1.8547167
0.6996979,0.83621603
1.7908422,1.3207861
0.14713898,0.40945107
0.686787,0.83862036
0.6872602,0.84410465
3.2606306,1.8076713
1.8425446,1.3542358
3.2006197,1.7888361
1.0778295,1.0308573
2.8872664,1.6829114
1.9465892,1.381239
1.8544381,1.356234
2.9662669,1.7296349
1.4045123,1.1867819
1.0651848,1.0414395
2.0812597,1.4406708
2.6621969,1.6204063
0.18400314,0.4245618
0.99253047,0.9985862
2.1843002,1.4806011
2.2160358,1.4876983
1.7311875,1.3090272
2.9340286,1.7153558
2.5908537,1.6169716
3.055548,1.7229894
1.4983783,1.2169094
2.8697991,1.6849452
3.5867627,1.8997988
2.1362815,1.4648626
1.6563147,1.2934624
2.3586395,1.5279752
3.7271488,1.9303025
3.8306572,1.9566272
1.9530559,1.3870885
2.5759256,1.5996236
1.4678,1.2054037
1.4435618,1.1904428
1.9838707,1.3929393
1.9466726,1.3990011
3.2855961,1.8209274
0.30123585,0.55544895
3.2011585,1.7846065
1.623565,1.2986826
2.604932,1.6077015
3.12784,1.7703654
2.9388855,1.7219322
2.7646503,1.6635287
3.4704623,1.8793473
0.14945622,0.40302065
2.665916,1.6400106
2.8761556,1.6935862
2.3033774,1.5128908
0.48428634,0.6906816
1.6018407,1.2854011
2.2113569,1.4859436
0.8714398,0.9489499
3.5401068,1.8886836
2.2870808,1.502895
0.5029805,0.71896315
0.33818454,0.5819805
1.8627366,1.3629178
0.28267124,0.5297352
2.586488,1.6068652
3.2466063,1.7938449
2.5315435,1.5831344
0.18683387,0.43584454
0.28624633,0.539111
0.4870815,0.69695365
3.5856094,1.8589362
3.246438,1.796807
2.1258106,1.4615093
0.87532395,0.94967836
3.9594471,2.006901
1.8782779,1.3788234
3.633071,1.9059118
0.8894612,0.95927715
2.6325994,1.6371325
3.2097275,1.7769457
3.1417787,1.7709646
2.47155,1.5807834
2.835469,1.6752892
0.527756,0.72849935
0.8254615,0.8958592
0.72104275,0.8427194
2.1900272,1.4759593
2.1258662,1.4421619
3.7019982,1.9292397
3.0383847,1.7457323
0.7090206,0.82763046
0.670955,0.82973826
1.0140935,1.0076039
3.9963048,1.9852861
0.6790248,0.8206418
1.506585,1.2393878
1.2532959,1.1251707
0.010476008,0.09857629
1.1311313,1.0597689
0.8398962,0.9172765
3.906329,1.9866959
2.9082527,1.7098211
3.2261682,1.8007033
3.377108,1.8343399
0.98581064,1.0091473
3.6117187,1.9140408
2.1722767,1.4726988
0.2983942,0.5532981
2.4238794,1.5733486
0.41944897,0.6554269
2.1809726,1.4758706
2.1379402,1.4729401
2.5724587,1.6104951
0.47381967,0.6978961
3.5130644,1.8751675
2.967615,1.72399
3.944193,2.0019941
0.033074547,0.18676656
2.329477,1.5162388
1.9391404,1.3783035
1.6022527,1.249375
1.024938,1.0041002
0.5360544,0.7413984
3.901987,1.9709941
3.48028,1.869989
3.273706,1.8258526
0.52676284,0.7006204
3.8808436,1.9622222
1.5667201,1.2486782
1.9297895,1.3857706
2.5543904,1.596316
1.2593594,1.111518
1.8583803,1.3576126
2.1741445,1.4772576
0.6331046,0.7958062
1.1051301,1.0448704
0.3784043,0.61640626
1.6070968,1.2761848
1.8969209,1.3781078
2.2950876,1.5150099
3.458241,1.8595979
0.653486,0.8131402
0.3267915,0.5902198
0.4818354,0.700888
0.6400384,0.78702456
0.22678818,0.47436568
2.8404505,1.682539
3.5799367,1.8902166
3.3891494,1.8437706
3.3739612,1.8252921
1.1278787,1.0566628
0.27759463,0.5124304
3.4194386,1.8384947
3.3371184,1.8149104
0.40455726,0.6338584
1.5476947,1.2411886
1.3965318,1.1860108
0.39525166,0.6234675
3.8448062,1.9550756
3.1021245,1.7698717
2.4060967,1.5376396
1.4615304,1.2008345
3.8869908,1.9852651
1.412164,1.1855847
2.2622578,1.4920667
2.5367868,1.5778811
0.46240655,0.68829226
2.6983619,1.6342095
0.7383277,0.8472867
3.35958,1.8289486
1.0464303,1.0258552
2.7186782,1.652193
0.45308647,0.6762889
2.1512105,1.46916
0.6310627,0.80194527
1.7419125,1.3117137
2.6038399,1.625214
0.48498067,0.7196137
1.6491781,1.2827829
3.9393744,1.9875389
2.7231727,1.6535736
0.92376024,0.9719756
1.8424565,1.355875
0.79768753,0.8802475
3.832639,1.9507387
2.0269353,1.4184017
0.8039811,0.8911609
2.158196,1.4734879
0.45925394,0.68145555
0.38171902,0.61828065
0.27473176,0.5076122
1.3980038,1.1837293
3.5974314,1.9011812
0.19166054,0.44601944
3.8984907,1.9577804
0.30082062,0.5683969
0.6476598,0.7937905
0.5387598,0.7434575
1.0970439,1.0500922
3.86643,1.9813105
0.51973134,0.70017517
3.9052598,1.9652208
3.326104,1.8293785
2.603703,1.6154765
2.8066819,1.6713942
1.3638124,1.160023
0.2973587,0.55060637
2.7155163,1.6297238
0.69167095,0.8549303
3.0648797,1.7596766
1.1209033,1.0537528
1.8081223,1.3493108
0.90873283,0.9519273
2.905379,1.6936408
2.177,1.4726331
2.7138667,1.6562088
2.768672,1.6644349
3.904443,1.9707096
2.1159618,1.4653722
0.8680207,0.92219913
0.24826707,0.49273553
3.5647044,1.8896227
0.22712126,0.4810345
2.19828,1.4714057
1.0007887,1.0090113
3.630826,1.8950484
2.1397867,1.4540465
2.0134268,1.4045737
1.8835123,1.3662547
2.8684225,1.6829937
0.116099656,0.33995092
2.362943,1.5342646
1.6597997,1.2870699
1.1741271,1.0868524
3.1423116,1.7713643
0.56891876,0.7432155
3.5743253,1.880231
0.46222398,0.670002
1.6466979,1.2677096
0.123558246,0.34215844
0.81715405,0.90370166
0.66180485,0.8134415
1.9040456,1.3812321
1.1368594,1.0750502
0.33664608,0.57538515
3.283696,1.803512
0.5309869,0.7378402
3.976272,1.9897786
0.1985783,0.46174115
2.8439713,1.6780303
2.8569434,1.6883183
1.4001144,1.1840261
3.363504,1.8370284
0.8842906,0.94233227
2.981236,1.7466621
3.5181916,1.8651241
0.30921695,0.5558561
1.6135691,1.2792423
3.8187196,1.9569963
1.7866741,1.3323007
2.3944368,1.539459
3.533737,1.8713636
3.1230223,1.7658579
1.216385,1.1035839
2.8356178,1.6683384
2.6659203,1.6171515
3.4414694,1.8527722
2.1319425,1.4614204
2.7396884,1.6578504
1.988318,1.4297829
3.0079658,1.7418096
1.9745889,1.4001681
0.16889723,0.40065613
1.9327623,1.3973587
3.9773705,1.9892324
2.1409695,1.4539303
0.089761056,0.30424908
1.504608,1.2346431
0.5920887,0.7579935
2.143691,1.4744755
1.4981987,1.2216862
2.2286255,1.480875
3.7416067,1.9369789
0.00879808,0.10464238
2.7244093,1.6513132
1.9832035,1.4002491
3.6812565,1.903769
0.060587168,0.23621114
2.4868624,1.5754695
3.9237864,1.9986556
2.5040476,1.5810249
1.1900321,1.1005882
0.8663156,0.93538463
3.5504391,1.8975788
2.1314785,1.4855478
1.2260919,1.117275
3.5878983,1.8973172
2.0982363,1.4614286
2.3624337,1.5477298
2.9255757,1.7134551
2.1601248,1.4698236
1.5646578,1.2567408
0.70761836,0.8482232
1.9902543,1.3957741
0.1445297,0.38925126
3.9239035,1.9821029
2.0439677,1.4562156
3.2692032,1.8068885
3.2344372,1.7865435
3.5931163,1.8926479
0.9978886,1.0092665
0.3764881,0.6073524
0.36373955,0.5859779
0.76846343,0.85132223
1.595744,1.2721688
1.8023334,1.333862
0.005601685,0.078020655
1.4734101,1.2141471
3.445341,1.8669069
1.2734011,1.1326358
2.1614633,1.4851456
3.3225412,1.8170834
0.65788287,0.80814993
2.047872,1.4209424
0.35924655,0.5919784
2.9846976,1.7235556
2.6703122,1.6498276
0.99920166,0.99422187
2.3056965,1.5238302
1.0191995,1.0307791
1.2871513,1.1230382
2.8107886,1.6613944
3.0324287,1.747045
0.62853116,0.79348713
3.1067443,1.764552
0.89520556,0.950024
1.1621547,1.0715235
3.4252846,1.8601376
2.696157,1.6457915
3.3839996,1.8575734
0.07035176,0.25008076
3.4669006,1.871861
3.169062,1.7874218
0.9853954,0.98200893
3.8589983,1.9541633
1.9775825,1.4230441
0.62343764,0.78692496
3.9577222,1.9743122
3.1995313,1.7986583
1.5914391,1.2538831
2.4562926,1.5546547
3.9357247,1.9789062
2.0719273,1.4436752
2.5399714,1.5902563
1.6943839,1.293269
3.739456,1.9414396
3.6205897,1.908288
3.8627784,1.9721969
0.9340951,0.95246184
1.8779217,1.3762362
2.6575863,1.6274667
3.1675491,1.798747
3.8219323,1.9690968
1.5334518,1.230425
0.9453678,0.94887036
2.5013855,1.5787694
3.9983187,2.0094094
0.68367416,0.83232576
0.4994666,0.7077207
3.8026254,1.9382848
0.8343913,0.90959054
1.9140745,1.3965894
2.237699,1.507859
3.4433205,1.8506331
2.7488532,1.6594356
1.9636412,1.3794123
2.8286662,1.7035692
2.8323286,1.6866034
2.589841,1.6128869
3.557537,1.8971348
0.6365148,0.77713263
1.2412317,1.1181428
1.2138962,1.1220952
3.8616753,1.9528353
1.227966,1.1185318
0.68987125,0.8327676
1.6388798,1.2895782
1.9179252,1.3859805
3.5596185,1.9029169
2.926554,1.7019433
2.1887317,1.4847966
2.021746,1.414941
0.2056733,0.46761203
0.5075326,0.71076214
0.29495046,0.5397478
3.8910642,1.9712303
3.5814178,1.9046068
2.0387642,1.4337397
0.45336092,0.69232833
3.9860988,1.9870664
1.0067413,1.0017785
2.6922417,1.6456721
0.6322963,0.79262275
3.385104,1.8381288
1.720267,1.316164
3.5054574,1.874002
2.090757,1.4572284
0.94658583,0.98606455
0.6740865,0.8382167
0.40924108,0.6384735
0.88191104,0.93375
2.9456277,1.7230793
0.324941,0.5754472
0.7848472,0.8830874
0.6132449,0.77018267
1.2061464,1.1074795
2.263096,1.5237931
0.4563674,0.6779341
1.5469025,1.2552451
3.2420483,1.8063997
0.14593954,0.3770913
1.3725957,1.1788735
0.31204885,0.556737
2.8647573,1.6973944
3.885411,1.9638395
0.23062049,0.480956
2.2178667,1.4997439
0.64671636,0.8149128
3.7000542,1.9330909
0.025143353,0.13324386
1.5087082,1.2130055
2.8929517,1.7033641
2.653072,1.6310539
1.7400244,1.3161049
2.0592904,1.4225411
0.5912657,0.7629781
0.6368931,0.8076932
3.1233401,1.7632215
1.7916597,1.3276882
1.6142911,1.2701969
0.45679155,0.6652007
3.0042005,1.7290301
2.1089997,1.4564044
2.4951792,1.578962
1.2144952,1.0927032
0.73271614,0.83961564
2.5894754,1.6061674
2.166929,1.4898638
0.1738062,0.4123206
0.20595905,0.4501892
3.8836055,1.9717872
1.2889678,1.1376137
3.7751944,1.9446474
2.2850835,1.5158275
0.73952174,0.8638962
1.7433186,1.3197471
2.9878936,1.721344
3.795821,1.9609886
3.8668487,1.956153
1.078583,1.0239463
0.8013974,0.895994
2.3941638,1.5579687
0.3369211,0.58976424
2.7447093,1.6626915
2.3611345,1.555592
1.2165205,1.0889614
0.8468573,0.92460144
3.9875283,1.987969
1.6116304,1.2684108
2.5416987,1.5885051
2.9366856,1.7186484
3.6655717,1.9153576
2.8542237,1.7018077
3.5383222,1.8912919
1.2588449,1.1433656
0.27887636,0.53613055
1.8166548,1.3399267
3.270191,1.8246342
2.1999493,1.4713912
2.4471104,1.5810139
2.093936,1.4661083
0.111215614,0.34695014
1.3861985,1.1849903
2.553224,1.5956707
1.3641165,1.1861031
3.943779,1.9844345
0.5275933,0.71695316
2.9265206,1.7156153
3.5258102,1.8802375
2.6069252,1.5940928
1.1299349,1.0594002
0.2464777,0.48713335
3.1402493,1.7758602
0.62437695,0.7747518
2.7114081,1.6441238
1.9711221,1.4003366
3.4789906,1.8499966
1.7940062,1.3505396
1.472193,1.2138813
1.7235072,1.3260279
0.90828943,0.95201147
3.9921577,2.0099406
2.6035066,1.626035
0.14966273,0.3878571
1.343804,1.160943
1.3589514,1.1707042
1.1866667,1.0787767
2.2270215,1.4842905
1.5974338,1.2617385
3.6642723,1.9156009
1.1248525,1.0758535
3.2316391,1.791373
3.036052,1.7383696
3.554387,1.8920758
1.5743576,1.26259
0.50738555,0.7173242
3.4470236,1.8401583
1.5387212,1.2339091
1.450089,1.2042109
0.39286688,0.6212269
3.3017511,1.822185
3.131904,1.7664938
0.09725975,0.30474856
2.945092,1.7179946
0.81747174,0.89773947
3.324799,1.8131504
0.10389565,0.31064057
1.215243,1.1011835
0.42564034,0.6532555
2.7195706,1.6496904
2.7672029,1.6548389
3.0086372,1.7205416
2.1575592,1.4741088
1.9210645,1.3997273
3.8904574,1.9688329
2.182923,1.4763201
3.3879406,1.823781
1.3535222,1.1529132
2.2017028,1.4976968
0.45865512,0.6770127
2.0505705,1.4302516
3.8837535,1.980165
1.2548587,1.1429864
0.016373288,0.14179187
3.4887562,1.8600944
1.8517896,1.3669847
0.26723474,0.51934963
2.6149158,1.6195172
3.1361709,1.7701845
2.0726285,1.4393438
0.5066166,0.71465755
3.7789483,1.9540889
1.0871431,1.0383111
2.7688837,1.6544311
3.0018933,1.7322474
1.8491681,1.3495053
3.3564005,1.8253441
2.0314043,1.41749
0.8893504,0.92066884
2.812369,1.683438
2.047568,1.4394094
2.940635,1.7157823
1.9753312,1.4132187
3.5248165,1.8695047
3.9793231,1.9755105
2.5948722,1.6264188
3.1786594,1.7808831
0.19633447,0.4452877
0.6439076,0.79542017
0.36983266,0.5924376
2.324999,1.5103103
1.0198671,1.0131544
1.569237,1.2613524
1.8012725,1.333299
2.057157,1.4474906
3.558925,1.8696682
1.371329,1.149119
0.8679393,0.9349344
0.52627397,0.7237316
1.0283618,1.0202914
2.638789,1.6279631
3.5036979,1.8468779
0.7190217,0.8600918
3.7997558,1.9542648
0.32052454,0.56710577
1.4722334,1.2298142
1.82708,1.3437499
0.23689948,0.49589837
3.6165314,1.8989497
1.2155479,1.0968664
2.522345,1.5812855
0.65963626,0.8189003
3.5668352,1.8977168
3.4042997,1.8597555
0.5783513,0.7425612
2.2188258,1.488679
0.6370119,0.7891963
3.6462452,1.9061875
1.9490572,1.3997718
0.44276816,0.6406916
1.7208924,1.3180376
1.2710786,1.1045346
1.2526419,1.1254189
1.6364362,1.2687725
2.3679528,1.5337127
2.789421,1.6762195
0.71367615,0.83888495
1.1416479,1.0781593
0.92683303,0.9609354
3.9247832,1.9900208
3.4341896,1.845941
2.9537666,1.714527
0.85459214,0.9173064
1.9104016,1.3846579
1.5917077,1.2698802
1.8174847,1.348232
3.9317691,1.9614583
2.8738916,1.7056798
1.475713,1.2084935
0.32359526,0.5591157
1.2104253,1.1124065
0.36407515,0.6025366
3.1226027,1.7641726
0.4923277,0.7049352
0.57975006,0.7622973
1.2899008,1.1336403
2.7406101,1.6507074
0.621248,0.7814415
1.6343899,1.2646172
0.8252744,0.90705717
3.0228443,1.7462263
1.4006679,1.1803712
1.6875446,1.2972007
2.9190478,1.7185217
1.7557181,1.3252044
1.6541752,1.2890316
0.44729996,0.6855737
1.2889043,1.1488444
3.282871,1.8322248
2.336813,1.5392131
1.0791905,1.0378441
3.516237,1.878735
3.5045798,1.8717628
1.8403629,1.3473727
2.31472,1.5192337
0.9646614,0.987829
3.0111134,1.723671
0.6312312,0.7946306
2.9368148,1.7071884
0.34526512,0.5922069
3.055724,1.7376496
0.81719095,0.90293044
3.7042234,1.9031614
1.7989982,1.3294399
2.4643366,1.5683815
3.237264,1.7965529
0.17694186,0.41179293
3.0500338,1.7500372
1.0575273,1.0171193
0.83880275,0.90809834
3.0958087,1.7624507
1.9058244,1.3727528
3.5652359,1.9144629
0.76611567,0.8719126
2.5668337,1.6077327
2.497248,1.5632958
3.309973,1.8275123
2.718823,1.639113
1.2265886,1.1058164
2.38885,1.5543967
3.4790752,1.8623878
3.4109893,1.8355246
3.4707267,1.8620936
2.1376693,1.4514153
3.0549707,1.7442876
0.9180974,0.95929646
3.7713857,1.9465142
2.143347,1.470758
2.6076317,1.6099417
2.3532844,1.5166738
0.5214918,0.7029365
3.3740635,1.8393376
1.382714,1.1677606
3.7773347,1.9391439
0.22561353,0.45512307
0.5137094,0.7163129
1.0028144,0.99705666
1.6816481,1.2887213
1.797384,1.3444566
0.24154441,0.47715113
0.47474572,0.69388634
0.91449004,0.93698215
2.7301667,1.6718764
0.5255171,0.72469914
2.9621809,1.7440921
2.5593774,1.5835527
2.0737422,1.4368706
1.9693296,1.4150285
2.5362,1.5997205
2.0947883,1.453005
0.14234151,0.375562
2.4156582,1.5471531
0.6412876,0.80231506
3.4348762,1.8533225
0.031439923,0.18046485
0.30158025,0.56050146
2.7908385,1.6681503
3.5874648,1.8896294
3.6362565,1.8939289
2.3695838,1.5225786
3.1924598,1.774649
1.7268984,1.3242074
2.1680887,1.4844247
3.5968788,1.8832684
2.0999262,1.4438896
3.0380764,1.7469957
1.8676412,1.3704914
1.7868395,1.3465068
1.2106115,1.1083175
2.5139358,1.5819312
3.5029824,1.8585408
1.0817474,1.0512182
1.1847984,1.1041782
0.010434528,0.10500867
1.1021439,1.0528579
3.7761214,1.9273511
3.1742477,1.7896403
3.171718,1.7902464
3.412843,1.8747905
3.649017,1.9129841
1.1595902,1.0665362
2.1195672,1.4409337
1.1626587,1.0758723
2.233885,1.4831198
1.6110663,1.260092
3.8596284,1.9515207
3.3946655,1.839538
3.4209251,1.8479935
0.10508805,0.35010347
3.7255282,1.9333156
3.7690394,1.9536835
3.460214,1.8597722
3.2498498,1.797538
0.3751483,0.6115728
2.1454413,1.4618982
2.8185024,1.6932962
1.3517227,1.1671209
0.41953316,0.66026706
0.2477699,0.5121211
1.1435733,1.064099
0.47731933,0.70544535
3.7579827,1.9122833
3.3973317,1.8178172
2.2831597,1.5078185
0.14921737,0.3717315
1.2035125,1.0971329
0.2770704,0.50794727
0.8346418,0.90407956
2.8173697,1.6764313
3.2180953,1.796727
2.1128535,1.4668273
0.9773652,0.98224616
2.5724475,1.610282
3.592448,1.8927159
0.9754769,0.99633485
0.12752345,0.3486685
1.1196201,1.0625864
2.8900013,1.6895648
1.2732832,1.1287757
3.6546028,1.9038466
0.6468436,0.8083432
3.132887,1.7743073
1.905662,1.3793554
0.552293,0.7513729
2.922642,1.7198614
0.045679778,0.2055143
2.5180466,1.5892293
3.497119,1.8852677
0.0477286,0.20876849
2.570197,1.6031305
0.12515055,0.35872155
3.3938339,1.8265555
3.4988384,1.8907372
3.0468953,1.7372719
1.183323,1.0825473
1.3125058,1.1439599
1.0682125,1.0237269
3.4218087,1.8545837
1.1724313,1.0963109
2.536706,1.5989107
2.4881742,1.5819687
1.1057092,1.0595313
3.3238015,1.8179933
2.3551824,1.5282965
1.2824463,1.1486295
1.4893699,1.2279766
3.156201,1.762107
1.9283847,1.4057051
3.0895927,1.7721183
1.918636,1.392082
0.10241686,0.33292788
1.0800496,1.0543666
1.4809247,1.2163604
3.682002,1.928782
3.8553374,1.9902118
2.3057973,1.5122747
0.6239576,0.78808767
2.8603082,1.6799564
1.4656044,1.2082874
0.26798433,0.5313682
2.7859976,1.6594075
1.3903598,1.189031
1.1930435,1.1073389
3.8805397,1.9504466
0.25130665,0.49451047
3.7143395,1.9424492
2.567884,1.6075301
1.8122287,1.3367765
1.7478795,1.317636
0.44193548,0.66815203
3.2049775,1.8002188
0.88576496,0.9613911
3.421545,1.8482217
3.440978,1.8623413
3.1722708,1.779124
3.951071,1.9904273
2.9030414,1.7125362
3.4796042,1.8575318
2.579351,1.6130166
3.9880428,1.9828762
1.4299623,1.2013239
1.0836915,1.0633601
2.2165353,1.4896883
2.1395433,1.4494371
2.0443108,1.4183754
0.6625063,0.8214196
1.1359241,1.0448475
0.68842256,0.8245688
0.87621194,0.9376223
3.6286917,1.9289559
0.1280114,0.38035083
3.3373141,1.827318
0.6442013,0.79324234
1.3311666,1.1662891
2.5211973,1.5849608
3.8519425,1.9654019
3.2574034,1.8113179
3.8442242,1.9734536
3.955291,1.9904653
3.1132493,1.7719262
0.34722328,0.58328927
0.04529788,0.2037667
3.8181505,1.9515388
2.827908,1.6740612
0.74974203,0.87442124
2.7468867,1.6810225
1.8789312,1.3694894
0.081544116,0.28505147
1.2143872,1.1195133
1.0724835,1.059729
2.6039248,1.6019738
3.0731258,1.7404505
3.986018,2.0034313
2.3637493,1.5381016
1.7048004,1.3176225
3.4216886,1.8571601
2.5279083,1.589893
1.6389925,1.2835244
2.8093314,1.6827788
3.1125767,1.7545447
3.4711301,1.8641617
0.95477587,0.97076994
0.9188526,0.9565313
0.8838894,0.9477495
2.4675894,1.562521
0.22801758,0.47683388
3.2972374,1.8069527
3.47574,1.8599442
3.910687,1.9910209
3.0686574,1.7501482
0.56445205,0.7489439
3.5540063,1.8647501
2.088331,1.4357969
3.864193,1.9576099
2.311229,1.5305662
2.1401231,1.460608
0.20861244,0.44218123
1.3663428,1.1651467
3.7449586,1.9519653
2.4002874,1.550115
1.3879833,1.1663775
1.515059,1.2296205
2.5406082,1.5917785
2.6785686,1.6393596
2.6891959,1.6419857
0.38134295,0.6099589
2.3242319,1.5303658
2.4722114,1.5866665
1.090895,1.0605288
1.611157,1.2602912
0.7087938,0.84279585
0.69979775,0.83007354
0.41473883,0.6311531
1.7234263,1.3081222
2.5947843,1.6223645
3.7488964,1.926883
2.4416497,1.5652003
2.0622265,1.4476103
3.668953,1.9157959
1.5995088,1.2617449
1.9889139,1.422776
1.8247412,1.3417393
1.5227101,1.2392879
2.659177,1.6306537
3.436355,1.8528827
3.7287033,1.9302406
2.2267184,1.4995104
3.112311,1.768738
2.4517329,1.567081
1.3409228,1.1596531
3.2680736,1.8189698
3.7722068,1.9403205
0.75518024,0.85676897
3.3350184,1.8432919
2.5254261,1.5908729
3.6400735,1.9111235
2.6789298,1.6421669
3.8524957,1.9736279
0.7534692,0.8550233
0.933783,0.97420436
1.4626021,1.2084005
2.9741766,1.7207879
1.3353837,1.1731076
0.41189215,0.64830804
1.0603781,1.0264728
3.1338272,1.7670629
3.907042,1.9817171
0.70715886,0.8440619
3.708374,1.9152002
0.02091388,0.13396949
2.066289,1.4409577
0.34578213,0.5900372
3.9155898,1.9915954
2.2657204,1.5230235
1.2430062,1.1143842
3.750988,1.9234161
2.1968727,1.4980313
3.9575765,1.9656682
2.3984358,1.5266718
3.9535587,1.9882945
2.8471029,1.6791173
3.183137,1.7846974
2.0107162,1.4153752
2.6469028,1.6251144
0.1225404,0.35599443
0.448222,0.6703854
0.45655596,0.6814335
1.7817565,1.3419913
2.9708245,1.7309923
3.2919981,1.805332
3.8563244,1.9796567
0.44090754,0.6552198
2.4038928,1.5492634
1.4891925,1.216337
0.8780182,0.9525133
2.8973746,1.6847128
1.2949711,1.1236411
0.9293907,0.9675116
2.4455278,1.5611383
2.7713475,1.6721405
0.05086768,0.23861802
2.0995255,1.4585611
0.8059372,0.8906213
1.2877072,1.1136477
2.98701,1.7348576
2.600028,1.6279496
2.1961703,1.4888669
2.5218167,1.5911866
2.3663342,1.5298059
1.1080409,1.0570316
2.7048938,1.6511904
1.0234734,1.012361
3.597769,1.9059259
0.65730095,0.8223212
3.4638813,1.8562479
2.0577643,1.430814
2.8239045,1.6790363
0.119350575,0.36059052
3.373136,1.8514636
3.4906442,1.8788018
1.219457,1.1028711
2.7822285,1.672871
0.068759166,0.25677627
3.233187,1.7854807
3.5171363,1.8730211
1.792887,1.3485445
0.14298323,0.38085645
1.1193786,1.0605544
2.7703667,1.6603901
1.2830751,1.1399909
3.1873934,1.800138
0.101798154,0.33172652
3.329221,1.8324978
3.9322124,1.9680742
2.2497149,1.4757332
1.1193516,1.0591689
0.24128895,0.49350128
0.47128466,0.665266
3.6804776,1.9095875
2.6214736,1.6360099
0.49865487,0.7100806
1.3433045,1.1560631
2.5036814,1.5809318
1.2669086,1.1285292
3.5380495,1.8778905
0.19233625,0.4413685
3.4545684,1.8563586
0.3516912,0.5958968
3.002978,1.7315084
0.5377288,0.7114693
2.0030684,1.4177374
1.7073197,1.316708
2.381586,1.543419
3.990109,1.9921626
3.045012,1.7556214
0.59826195,0.77507484
2.0108736,1.4176953
1.1149366,1.0543778
2.2161186,1.4773442
0.4982217,0.7022712
2.9836612,1.7402658
3.2958567,1.8131696
0.6050628,0.7717387
3.711844,1.9298779
3.5636213,1.9000238
3.2577653,1.8024621
2.9088094,1.7055643
2.778872,1.674904
0.9698535,0.9910871
3.3398492,1.830392
2.2322903,1.4815019
1.3206011,1.1514851
0.6094902,0.79272753
2.9286575,1.7013972
0.7176134,0.8447886
3.773743,1.9427707
3.7857103,1.9468385
3.0389197,1.7511325
3.0101721,1.7272944
1.8538111,1.3452147
3.9655354,1.9868426
1.3056607,1.143805
2.7877004,1.6704564
2.649696,1.6357021
1.0564541,1.0350688
2.334634,1.5150069
1.6937721,1.3062872
2.6723135,1.6246537
2.0263586,1.4104806
1.0791559,1.047103
0.6550182,0.8158518
0.96608776,0.97074
2.3578408,1.5327097
0.7217201,0.8609208
1.0076237,1.0016977
0.35442862,0.5941151
3.578962,1.9075613
0.096318506,0.31590798
0.6810009,0.8307714
3.0015597,1.7274222
0.79008377,0.8791601
2.5621455,1.6075556
0.6268195,0.78084636
2.2380943,1.5011019
3.1774666,1.7885238
0.1535607,0.38472503
3.6473885,1.900266
0.40032434,0.63376135
1.9106183,1.3684305
3.8557115,1.9860615
0.4275927,0.66884935
2.282726,1.5241657
1.1278336,1.061754
3.2566907,1.7946744
2.4709022,1.5545931
2.702833,1.6288874
3.6764314,1.9275117
1.6631577,1.3035575
3.7875118,1.9326898
1.8099762,1.3523426
0.99036586,1.0222
0.5032053,0.7116303
2.1014335,1.4443301
3.864943,1.9646301
1.1035252,1.0512912
1.8855811,1.3706806
3.6005292,1.893703
1.6778553,1.2750506
1.4684979,1.2130337
2.348223,1.541439
2.890069,1.7086577
2.9909527,1.7117927
0.9150878,0.96343595
0.20279093,0.45225245
3.5847993,1.8862567
3.118866,1.7657399
2.2114182,1.4805433
3.7964609,1.9564613
3.6560476,1.9112133
1.8892264,1.3805028
2.3181398,1.5283164
2.8177657,1.6688794
1.9926164,1.4018496
0.99935013,0.9930761
2.8352969,1.6814405
2.3612735,1.5515286
2.7731714,1.6680651
1.5345223,1.2427042
2.5946734,1.613134
1.8239137,1.3624713
0.56483155,0.75209963
0.15615803,0.3913902
3.336649,1.8236462
3.2272933,1.8056619
0.37419918,0.63409007
0.78348356,0.8823686
2.587237,1.6074278
2.3764136,1.5390662
2.168293,1.4677327
0.79427063,0.90364885
0.8854447,0.9493783
1.7601202,1.3278239
2.801644,1.683356
2.5385153,1.6029583
1.5090293,1.226125
2.8844893,1.6935204
2.4391,1.5379497
0.454179,0.6905106
3.6088676,1.8914068
3.9025364,1.9803425
2.5946138,1.628875
0.47681227,0.6812982
0.8603586,0.93115914
0.6758902,0.82831603
1.2667068,1.1331264
3.5306766,1.8808233
0.21824107,0.45877525
0.32995543,0.5849762
3.4562628,1.8497069
3.9208043,1.9912817
3.6370747,1.9122281
1.1926179,1.086225
0.5194414,0.7151186
3.2040813,1.7772647
2.2297447,1.4950764
2.2150402,1.4696305
1.0495564,1.0112966
2.2596076,1.5149693
1.1461682,1.0697188
1.7234786,1.323574
1.7146747,1.3015145
2.674464,1.6416312
3.7241302,1.927939
2.538288,1.5833576
1.2969675,1.132594
3.6299913,1.8999217
1.1465751,1.0793362
2.6275291,1.6234539
2.3626773,1.5585353
0.47187734,0.69301593
1.9788254,1.3972036
2.7051873,1.6296893
2.5791836,1.6246288
2.6726258,1.6287622
3.4561896,1.8591956
1.6476895,1.2712659
3.3459172,1.8278116
3.668745,1.9253012
2.0779054,1.4685309
3.6790066,1.9065094
3.5975323,1.8928328
3.3482852,1.8276948
2.555632,1.6242785
1.8784741,1.3579038
0.97943115,0.99616474
1.8147984,1.3268901
3.652215,1.8948247
1.1629574,1.0801378
3.4303396,1.8586247
1.7062275,1.3096101
3.1687562,1.7887579
1.498891,1.2322987
0.38733894,0.6205501
1.5606064,1.2422458
3.571146,1.8872222
1.8540907,1.359912
1.5239224,1.2249148
3.987549,2.005657
2.1200979,1.4466833
0.12532261,0.3626553
0.46532327,0.68268424
1.2398862,1.1163458
3.395595,1.8431098
1.89945,1.3805889
0.19348097,0.43383554
0.8154266,0.91860044
0.52926105,0.7376558
3.1154597,1.7591491
0.9993606,0.99705154
1.691836,1.3052028
2.254703,1.4980094
3.3409996,1.8228254
1.5328664,1.2440556
0.23539518,0.48545545
0.26098058,0.51005507
0.55771554,0.7464287
3.3121753,1.8047332
1.6991972,1.3227304
2.8004637,1.6663384
3.0147765,1.7279946
3.2837994,1.7925298
1.7205343,1.3064935
0.6641638,0.82416266
3.3617895,1.829087
2.100054,1.4372574
1.8620917,1.3689833
2.8680906,1.6909661
3.2976358,1.8078085
2.9345295,1.7038697
0.59461904,0.77165234
2.8663616,1.6832111
0.2109807,0.4585179
3.536359,1.8747094
3.7005465,1.9328398
2.1156178,1.4643165
0.85353893,0.92011374
1.3509876,1.1537455
3.5493915,1.8793678
3.8486156,1.9655374
0.23038729,0.47405225
0.054762736,0.22857755
2.1970944,1.4920228
0.80415344,0.90696055
3.1814458,1.7923076
3.9310896,1.9687215
0.3513507,0.5730924
0.16395228,0.40060857
1.6872743,1.2992687
1.2980845,1.131411
1.5433398,1.2599258
1.3040298,1.1427325
0.46526542,0.68393946
3.557648,1.8846005
0.017400311,0.1358475
0.5287401,0.74098
0.92588747,0.9462026
1.6751997,1.3057504
0.65133834,0.8120257
1.5327232,1.2434676
0.28305843,0.5454679
1.912865,1.3848602
2.5506732,1.5763074
3.3494995,1.847453
2.7591662,1.6538684
0.9294081,0.9550448
2.5404909,1.6059952
0.9942543,1.0053116
2.1812305,1.4811864
2.782583,1.6577297
1.7458011,1.3206594
0.572928,0.77036685
0.49577972,0.68480545
1.1968285,1.106801
1.0182682,1.0134773
0.2871653,0.5275924
0.2387331,0.5106124
0.4674813,0.6712476
3.0758455,1.744369
3.224509,1.7873905
3.2356517,1.7805555
0.29120418,0.5459722
0.73306775,0.8482191
0.25734773,0.4985288
1.0839183,1.0377164
2.5260923,1.5910579
2.7132378,1.6464773
1.2560353,1.1152543
3.330576,1.8376513
0.5826164,0.75815034
0.28518748,0.5327591
2.5975404,1.62406
0.1700404,0.40563995
1.7356147,1.3079773
1.710435,1.3040273
1.0945238,1.0487906
1.2107722,1.1092235
3.4931638,1.8687979
0.6375762,0.77744657
3.697265,1.921067
1.9713947,1.4120024
3.8715415,1.9726816
0.122857004,0.34275836
0.44483864,0.6562006
0.95660245,0.978807
0.07692085,0.2741809
2.850768,1.6833342
2.7247171,1.6787647
3.699204,1.928476
2.4502633,1.5508727
0.95594424,0.98913676
1.761315,1.3311988
1.997691,1.4231209
1.1718303,1.078266
0.5111854,0.7205461
0.65292305,0.8128495
3.943545,1.9822162
3.1657615,1.775344
2.5296657,1.5927968
1.560927,1.2614206
2.357204,1.5330744
0.41179422,0.6641961
0.8451469,0.9250654
1.8158879,1.3646859
0.42489278,0.64891285
3.9520893,1.9827873
3.8707185,1.9664061
0.91355693,0.9638813
2.045801,1.4250553
0.23243327,0.4703472
0.09338868,0.31439832
2.2831225,1.4974267
0.92783874,0.95346177
0.046575114,0.21715572
0.6485346,0.8021556
2.4154217,1.5622003
2.9313388,1.7078028
1.797535,1.3588641
2.7920773,1.6715136
1.3272877,1.1539004
1.0000157,1.0179067
1.2097257,1.1117215
1.0654782,1.0427612
0.15227866,0.4025148
3.6796775,1.9202824
2.223168,1.4837999
1.4099075,1.1779697
1.7831383,1.3214324
1.4248976,1.1945794
2.9930856,1.7286208
2.5887327,1.6005639
3.946058,1.9708103
2.268743,1.5176077
0.68452495,0.81960374
2.6660595,1.620193
0.3088172,0.54340327
1.124798,1.0689418
0.8374288,0.9052542
1.1984465,1.0896281
1.1245137,1.0606048
2.8818748,1.6971745
1.9048996,1.3741028
0.23642682,0.48470992
2.762785,1.6610599
0.8893818,0.93954104
1.8844914,1.3778399
2.4207923,1.5495243
2.577325,1.6060617
2.6835542,1.6441395
3.289503,1.8029416
2.418494,1.5537667
3.1933632,1.7815038
0.7291067,0.8734239
3.2152724,1.7922571
2.9452078,1.7139014
2.2621083,1.5156778
3.6889668,1.911019
3.7556257,1.9444071
1.6012589,1.2635523
2.7166076,1.6546264
2.1410277,1.4598311
0.7471444,0.8542663
2.0623686,1.4311153
0.14339104,0.36863065
0.6517393,0.8040236
0.51793545,0.7219514
3.9363472,1.9729302
3.013817,1.733819
0.41494188,0.65158087
1.136995,1.0775933
1.7435411,1.330192
3.0979102,1.7390034
0.8846451,0.9505474
2.047947,1.4439484
1.8698924,1.3677305
2.199962,1.4772931
3.597858,1.8748192
1.7109702,1.3123477
3.999911,1.9969641
1.7448231,1.2999225
1.7717447,1.3375165
0.34489542,0.58112705
1.9198433,1.3892705
3.1074069,1.7620076
0.99526405,1.0010388
2.563846,1.5864024
2.4320087,1.5564613
2.0907342,1.4206357
2.574193,1.6080434
2.577058,1.6250024
0.5548054,0.7609511
3.6985397,1.9202378
2.0406113,1.4242581
3.4458053,1.8451629
1.3842963,1.169578
1.2409985,1.124411
3.8116276,1.9587942
1.7064421,1.3036968
3.2690032,1.8114859
1.3586727,1.1754267
3.8394341,1.9535711
2.7349513,1.6551638
0.80144686,0.88461584
2.593429,1.6111428
1.3445482,1.1675037
0.5803728,0.7506147
0.25593787,0.50128186
1.0671222,1.0218157
3.838125,1.9600183
2.5879617,1.5900699
3.9637675,1.9868875
0.29844752,0.5515819
2.6293032,1.6001191
1.9464743,1.4022118
3.832183,1.9811255
0.22829726,0.47494885
2.2412417,1.4960977
0.4368837,0.64511645
3.4816966,1.860976
3.7455652,1.939252
1.6928554,1.3060688
2.683849,1.6361785
2.6853225,1.6352273
1.2647961,1.1166106
1.2882874,1.1319925
2.7869136,1.666208
3.030803,1.7351078
3.8662689,1.9378911
3.3205163,1.8146793
2.343204,1.5257773
2.6220279,1.6197126
0.03347827,0.18128738
3.5738745,1.8962724
1.3179352,1.1649915
2.8088465,1.7019976
2.8539553,1.7027808
0.6271268,0.77851224
0.14944014,0.38940534
1.4355911,1.2040478
1.9901302,1.4202393
2.121051,1.4556886
1.3181852,1.134971
0.18377902,0.4119075
3.680137,1.9135534
3.0912597,1.767282
2.4169996,1.5577915
0.28275687,0.5182311
1.7917812,1.3484099
2.5910232,1.6215197
2.9988658,1.715014
3.6259105,1.9034723
0.662966,0.82133055
1.0329329,1.0023737
1.9143279,1.3908409
3.0672746,1.7505714
2.2796583,1.5195066
1.9759456,1.405837
2.9043097,1.7221317
1.7256845,1.3109014
3.5924501,1.895048
2.9489005,1.7075204
3.0114865,1.7390281
3.3688009,1.8414168
3.9090073,1.9885918
1.9729929,1.4106051
1.0927771,1.049568
2.4212904,1.536357
0.9495408,0.981738
3.9369264,1.9721575
2.1312447,1.4548229
2.89003,1.6850698
3.4295485,1.8497256
3.1203165,1.7742654
2.426084,1.5728177
3.813951,1.9468848
1.6531922,1.2813702
1.6095829,1.2616858
0.6566977,0.8161152
1.614135,1.2590705
2.6539643,1.6145635
3.0587819,1.7625489
0.22972026,0.45495355
2.9890416,1.729286
2.625883,1.6084332
3.6579416,1.9231329
2.9722142,1.7312542
3.8955915,1.9708775
3.855001,1.941674
2.636564,1.6154983
1.193617,1.091015
3.1223223,1.7739208
0.69993114,0.8429526
1.0171524,1.0143974
2.2842362,1.4949988
0.26801112,0.5122102
1.8992274,1.3716303
3.390868,1.8390298
2.1011074,1.4504806
2.6213365,1.6334878
3.738916,1.929467
0.787284,0.89035714
2.8922157,1.7112995
1.7932274,1.3258498
3.7000265,1.9256375
2.1518264,1.4736577
1.7565804,1.3138446
0.56343836,0.76258886
0.4331593,0.6612902
2.6975055,1.655183
3.967908,2.003732
3.999417,2.0024815
1.2497915,1.1129196
0.25537512,0.5128526
1.612096,1.2433376
2.0996585,1.4388114
2.6050549,1.6129133
1.375792,1.1758314
0.9877488,1.0212562
3.2157292,1.8029265
2.1006818,1.4737258
3.7522438,1.9341061
1.2634131,1.114852
1.3378392,1.1523138
3.3105428,1.8186827
3.904197,1.9582987
1.5462093,1.2434256
0.85310686,0.9249401
0.9089129,0.9336706
2.968844,1.7231288
2.7042468,1.6289619
0.37367097,0.6084593
0.8515412,0.92837995
3.35246,1.8139066
0.18082958,0.42076665
0.3386318,0.592384
0.9966661,1.0032076
1.4148434,1.1905894
1.8024809,1.346427
2.3666651,1.5262481
1.3448559,1.151816
1.5595496,1.2472936
2.7282834,1.6472307
2.786279,1.6749105
3.8386812,1.9650406
3.9038231,1.9727046
0.57372236,0.7684394
3.7759333,1.9329728
3.6718643,1.9202894
0.7192068,0.86353296
0.55092347,0.7547241
2.9035754,1.6878661
2.3339376,1.5383188
3.4554784,1.8464619
2.9813871,1.7023433
3.5963256,1.901184
2.0221124,1.4313169
1.2431487,1.1015103
3.40669,1.860665
0.7078695,0.838905
3.1469266,1.7652209
0.6255344,0.7945303
1.8480257,1.3666666
2.0505347,1.4408028
2.0459208,1.4228615
2.969778,1.7269652
3.306816,1.8201126
0.28892884,0.5246126
3.698509,1.9126046
0.42370114,0.65602326
2.0157053,1.4153984
0.28298464,0.5367539
3.91979,1.9906698
3.017947,1.7390575
0.65016735,0.81612694
1.368535,1.173354
3.3600428,1.8465648
1.1107231,1.0620263
3.0468068,1.7561507
3.6232066,1.9022266
2.6061523,1.6090441
2.2070663,1.4891841
2.5289009,1.5846958
1.8459644,1.3733158
0.21994911,0.47279835
2.7933426,1.6781033
1.1294844,1.0620644
0.11087866,0.33867198
1.6750723,1.2669038
0.75047266,0.8779934
1.1466352,1.0448529
2.8659368,1.6852009
1.6381278,1.2807493
0.7916017,0.89486086
0.05795767,0.25806302
2.8401968,1.6847018
1.9882768,1.4168094
3.1470804,1.7650634
1.5008699,1.2377853
3.6143227,1.8999039
3.9773166,1.9877046
2.914656,1.7089361
1.3964176,1.1826775
1.9544175,1.408074
3.5569,1.9070691
2.4571323,1.5617689
1.0550729,1.0029892
0.3573962,0.6144381
2.312432,1.5308259
2.344918,1.538156
3.277575,1.8126761
2.114325,1.4640285
3.9802067,1.9879518
3.7621303,1.9474555
3.492027,1.8628088
2.2939124,1.5350327
0.34904993,0.58526415
3.43177,1.839328
1.8622863,1.3717695
2.9657824,1.7308686
0.83956045,0.9188488
1.7881212,1.3318945
0.37122145,0.60085166
1.5641736,1.2701052
3.9170837,1.9774185
1.6339015,1.2662516
3.5751767,1.8798064
3.796,1.9531604
3.86807,1.9706311
1.7462506,1.3095424
3.8022265,1.9434611
3.0662787,1.7565441
1.4331208,1.207164
2.165437,1.4793024
3.1945205,1.78561
1.6723416,1.2945182
0.39200914,0.62848383
3.7824216,1.942999
1.7298489,1.3207358
2.369535,1.5416173
2.3272095,1.5384479
3.472752,1.8622133
1.037024,1.0068856
2.30849,1.5126905
3.5340908,1.8816568
3.2144606,1.7810357
2.3036647,1.518311
3.029034,1.7448411
0.60264325,0.7761952
1.0672357,1.0200728
2.666521,1.630437
2.2494202,1.5081674
1.0229601,1.0068594
0.20537114,0.45641088
3.5316627,1.8735938
0.16725217,0.40580437
0.22021979,0.4725561
0.48036262,0.68493557
0.032902583,0.19681518
2.2005463,1.4887058
2.8770695,1.6900381
0.20673399,0.44650963
0.40051624,0.64295685
0.86753637,0.9537647
0.40884078,0.63524806
3.1332636,1.7405866
1.9604275,1.3982314
3.0081995,1.7446253
2.2990196,1.5094886
3.4050093,1.8502355
0.46174574,0.6688409
2.5241385,1.6002398
2.713682,1.6448091
2.370849,1.5445534
1.2690156,1.1351504
0.30401066,0.55766976
1.8399177,1.3678564
0.9250479,0.96291727
0.430416,0.6497225
1.0910164,1.0440713
2.8213365,1.6570997
1.4508314,1.2166902
0.96655196,0.98634946
0.9226774,0.9749929
2.6819534,1.6371566
1.8378574,1.3669424
1.2936014,1.1367651
3.006803,1.7366194
0.50447786,0.7092321
2.6602144,1.6316268
3.6195827,1.8965099
2.5687878,1.625306
3.336665,1.83146
0.7201027,0.87134284
2.127203,1.461521
1.0086529,1.0031105
1.5521879,1.2483081
2.4110396,1.5579139
0.67644364,0.8390271
3.0178673,1.7296153
1.2971178,1.1617777
1.8029709,1.3291477
2.3424783,1.5142647
2.1992466,1.4912448
3.1191466,1.7638115
0.7044643,0.83456296
2.1149867,1.4464518
1.912605,1.3903674
1.212845,1.0932181
1.7592136,1.3264465
3.3830106,1.8366438
3.9225793,1.9684632
1.309848,1.1524593
1.9539646,1.3730887
0.54635084,0.73743516
2.4535077,1.586106
3.3887422,1.8380694
3.7991507,1.9610482
1.7393659,1.3020897
3.6134155,1.9006243
0.12695873,0.34779888
3.1173604,1.7482492
1.9404119,1.4013257
3.917198,1.9771408
1.0963659,1.0481063
0.32067454,0.55100375
2.4738889,1.5657015
1.6665274,1.2974086
2.1322336,1.4478457
0.52037776,0.70709616
3.057659,1.7650928
0.9721094,0.96782047
0.9288725,0.96472794
1.1219851,1.0738528
0.69214606,0.82961947
1.5303624,1.2267338
0.4170211,0.6358321
0.56594026,0.7631975
2.032559,1.4303758
1.5714189,1.2492651
0.54736483,0.75136256
0.88015985,0.9351338
2.4232483,1.5538281
2.352463,1.5326378
0.6179489,0.78989196
0.44614255,0.6515936
1.4786607,1.2346829
0.9992476,1.0017596
0.967182,0.98710036
2.8140426,1.6744696
1.2303936,1.1267402
0.98080426,0.9980992
0.7454884,0.86975294
2.8409557,1.6752329
0.1514918,0.3951567
1.0319408,1.0027198
3.0091195,1.7414864
3.9610052,1.9906542
0.16180745,0.4015649
1.8604236,1.3498406
3.0923414,1.752417
1.8960782,1.3721598
3.3289669,1.8380115
2.7132401,1.6530361
2.4913309,1.5657239
0.0554103,0.24568023
1.5237495,1.2346904
0.56921834,0.7531245
3.127586,1.761201
2.897737,1.7025268
0.5924627,0.7671628
0.27622116,0.53773326
2.2150714,1.480948
1.7864851,1.3357317
3.4333766,1.8453077
1.929991,1.3810416
0.8808053,0.92454654
0.015289963,0.11260936
3.2987936,1.824566
3.6684682,1.9095892
1.2379644,1.1192963
1.9267155,1.4035064
1.8791934,1.3835506
1.974435,1.3993639
3.11972,1.7480366
3.732377,1.92965
1.3374162,1.1462215
1.6058383,1.2616508
0.55756605,0.7666272
3.6625822,1.8949388
0.54142195,0.7366985
3.9136784,1.9756162
2.6500201,1.6324718
0.56488794,0.73201597
1.9722228,1.39879
1.2145263,1.097294
1.7548584,1.3337746
1.3301325,1.1552881
2.8477468,1.6833423
3.8238366,1.9406838
1.1586897,1.099273
0.22495517,0.4697935
0.38864833,0.61392343
3.0340173,1.7377042
1.3310761,1.153831
0.699857,0.83784604
3.4951646,1.8601676
0.42364898,0.6385644
3.3899171,1.8293456
2.664932,1.6176839
0.20161392,0.4473233
2.478732,1.5701177
1.6474679,1.2796167
1.7460802,1.3281026
0.65334654,0.80543554
2.434787,1.533772
1.6193459,1.2664331
0.2638534,0.51712203
3.645671,1.9100356
1.3614888,1.1647403
1.100782,1.0467073
1.3162986,1.1565654
3.5251122,1.8786265
3.6434596,1.905537
3.3744833,1.843444
2.0376759,1.4130197
1.1199136,1.0556424
1.6652535,1.2904996
3.75945,1.9392432
1.4170377,1.1889433
0.4814373,0.6883318
2.7090764,1.6400183
2.2689197,1.4837091
1.3684862,1.1617376
0.16964836,0.40440458
2.7872896,1.681538
3.2227685,1.8027261
1.2132475,1.1023757
3.232326,1.7836229
0.7103457,0.84224963
1.1393155,1.0617747
3.8598104,1.956772
3.2349381,1.7753533
0.21390669,0.4617027
3.9535491,1.9801252
1.6552868,1.291434
0.5581105,0.7595622
1.076346,1.0579411
2.016792,1.4155616
0.37467924,0.6074205
2.065902,1.4475523
3.6098914,1.8885704
2.8755164,1.7060564
3.4915214,1.8669564
0.99761075,0.9922893
2.1024907,1.4507616
0.38543272,0.61569405
2.7006874,1.654063
0.90326047,0.96233296
0.6860759,0.8219311
0.8042016,0.8940994
2.6391978,1.6193695
1.6908636,1.3007019
1.616479,1.2814552
0.5949543,0.7632272
0.5088247,0.70669895
1.6104127,1.2712606
1.5755564,1.2549531
0.98926705,0.99831325
3.2969751,1.8258523
2.818515,1.6824615
1.0576695,1.0104947
2.159463,1.4734807
2.7431188,1.6505523
1.9061943,1.38552
0.5223877,0.73178875
1.7755558,1.3361969
1.0386696,0.9902092
0.68860817,0.82632554
0.95788985,0.9774914
3.2314389,1.787922
1.5802115,1.265119
3.2433174,1.8033625
0.5078476,0.71636343
2.2988644,1.520907
2.3705542,1.5301898
3.5361729,1.8793201
1.9864203,1.4300109
2.5277643,1.5795435
3.73222,1.9255414
0.25337395,0.4995477
2.284206,1.5057414
0.3160737,0.5621766
3.0616288,1.7314411
1.4941177,1.2245065
2.0148132,1.4320185
1.8198978,1.3514055
0.12797348,0.3688433
0.40450904,0.6410794
0.49089882,0.69298244
2.577969,1.5845804
2.7188778,1.6481304
3.1283736,1.7711025
1.2152272,1.1032048
2.112385,1.4775572
2.5139368,1.5932205
1.7235634,1.2986094
3.215519,1.7897362
2.0036306,1.4208374
1.4706863,1.2256961
1.2262177,1.1014661
3.0397694,1.7349457
0.48564333,0.68057513
1.3368698,1.1637402
3.292367,1.8194367
2.245114,1.4935474
2.7682755,1.6558199
3.7303112,1.9290057
0.16435178,0.39186132
1.9341747,1.3822132
0.07184911,0.24920614
2.1392193,1.4524096
0.0076610744,0.08929482
1.1041279,1.0678518
0.5108963,0.70862406
0.5696495,0.76116765
0.8041671,0.88837713
3.6630802,1.9121807
2.9628592,1.724578
3.4460683,1.8650538
3.2162497,1.7921318
0.5401203,0.7384085
0.685344,0.82396805
1.5486785,1.2516085
1.050568,1.0398349
0.2539966,0.5110663
2.7164447,1.644668
2.2189596,1.4903437
1.9365903,1.39404
3.0597477,1.7491283
3.1930482,1.7771451
1.6077753,1.2579895
0.5750407,0.75098175
1.5018337,1.2299528
0.58610475,0.7697082
3.8262458,1.9559577
2.632145,1.602427
1.4619073,1.2388651
3.8468153,1.9542533
0.67424965,0.8125347
3.9815602,2.0206392
0.5107864,0.7260232
1.0005568,1.0036678
3.9768434,1.9702085
2.147869,1.4456547
1.0948753,1.04416
3.5201392,1.8597984
3.4117537,1.849795
3.4727387,1.865455
0.6653769,0.8124384
1.865475,1.3547938
3.2101083,1.7816218
1.4555483,1.2040634
1.9822332,1.4164525
1.4550312,1.2100881
0.1868823,0.42591283
1.7013441,1.3103654
3.680646,1.9110878
0.618438,0.78370297
1.9165565,1.3748704
1.1269509,1.0628041
2.9852684,1.7352695
3.2475278,1.8105098
3.2903502,1.8160224
1.8700877,1.3916026
1.2325051,1.1140875
2.142515,1.4619508
3.2283936,1.7938775
2.4076874,1.5620086
0.13463478,0.37057382
2.0651026,1.4325771
0.58183694,0.75759315
2.970804,1.7217268
1.330865,1.1495546
0.98333925,0.99471694
3.680062,1.9142158
1.0974166,1.0520878
2.5237684,1.6012042
3.300698,1.8022377
1.9889127,1.4064662
1.8521281,1.3480656
3.9562793,1.9959604
0.9428311,0.9807652
1.9743434,1.4183298
1.4775294,1.2181466
1.1148204,1.0586879
0.20733094,0.46208784
2.074935,1.451115
2.746609,1.6419266
1.8703012,1.3755741
0.4492086,0.65713453
0.6090697,0.7788647
1.446827,1.205574
2.7709043,1.6746883
2.7932696,1.6753918
2.8751442,1.7015736
1.9874655,1.4102036
3.4580262,1.852229
0.93675905,0.95545536
3.4683993,1.867488
2.4920657,1.5711523
1.6715171,1.3001891
3.1312547,1.7710527
2.7618985,1.6627028
2.103214,1.4478112
2.769206,1.6631855
1.3237919,1.1429176
0.9606571,1.0011309
0.33047837,0.5901893
1.3048812,1.1470588
1.166931,1.0650904
0.4689443,0.68879694
1.71053,1.3091582
3.2284658,1.80204
3.2924418,1.8280979
0.3533066,0.5902222
2.8367512,1.6795763
3.5964284,1.906741
0.046076585,0.22629654
2.691896,1.6426072
3.987429,2.0108464
2.4866848,1.5575591
0.64812076,0.80946034
1.6256101,1.2778467
0.060516533,0.25914708
2.473686,1.5622294
3.7318156,1.9430461
2.5730944,1.5980147
1.9076018,1.379532
0.9958661,0.99006045
1.4544499,1.1925155
0.07439384,0.28003472
1.6269357,1.2711178
0.5913392,0.76035804
2.4009502,1.5406984
2.3953028,1.5461208
1.4203336,1.195486
3.106538,1.7780396
3.2407587,1.7806504
1.6341546,1.2766465
0.51136273,0.7183023
2.9960594,1.7266493
1.9836705,1.4213083
3.2025518,1.7868533
0.9709521,0.98450106
2.2117116,1.4764078
0.50119835,0.7126789
2.5381608,1.5916095
2.7319086,1.6638211
3.7974956,1.9406365
3.2878485,1.8152882
0.74563926,0.8673118
2.0393739,1.4342016
3.858038,1.9684143
0.79854,0.91187143
0.60939574,0.75183666
1.2660383,1.1244494
3.464119,1.8536536
1.4075937,1.1736075
2.9575953,1.7249985
1.6931685,1.3090471
2.529862,1.6115047
0.9519772,0.986268
2.0240898,1.4124892
0.38088515,0.59993714
2.4818425,1.577852
1.8241796,1.3526515
0.75830597,0.87072164
2.1654794,1.4702231
1.1780221,1.0842447
1.1228844,1.0521225
0.8416363,0.9225928
3.258945,1.7986523
3.452743,1.8673902
2.5421433,1.5977064
2.5153017,1.5753409
1.5507492,1.2370034
3.6692936,1.8978941
3.77987,1.9600989
2.7304654,1.6396687
1.3374307,1.1486868
2.8051913,1.676955
1.958111,1.419885
0.73497117,0.8583398
0.7084808,0.83714974
0.8055648,0.902176
2.754204,1.650752
2.5824535,1.5877557
0.98775965,1.0225053
3.0380929,1.7412175
3.8249888,1.9527686
0.040574487,0.20951477
0.67850494,0.8083439
2.879497,1.7006905
2.7593517,1.6495949
0.8941812,0.94731206
3.1555302,1.7697629
0.4627145,0.6814543
2.2920985,1.4995081
2.2674031,1.4962909
2.887128,1.6991023
3.4202754,1.8530886
3.4427571,1.8566045
2.8607612,1.6748962
3.4008913,1.8539026
3.2628183,1.8133118
3.6039054,1.8865131
0.5733008,0.7579728
0.3513227,0.5843062
2.9311085,1.68766
1.8156527,1.3490654
3.334722,1.8422232
2.115634,1.4492893
3.946567,1.9944355
0.3812882,0.62394935
2.3577495,1.5431798
1.962387,1.3950409
0.7836792,0.8913645
3.3357925,1.8265125
2.8724055,1.6974086
1.142488,1.0502722
0.6276903,0.78566957
1.8926405,1.3771062
0.38835454,0.6251667
0.5630644,0.734115
0.78054416,0.9092423
0.56060344,0.74995184
2.930193,1.7112737
1.3900068,1.1784022
0.89471835,0.9410552
0.716276,0.84138525
3.8168144,1.9400343
1.4573917,1.2153767
2.7877502,1.6666161
0.13329905,0.37692943
2.595411,1.6003872
2.007596,1.4325222
2.9941978,1.7262988
2.0262282,1.4334745
1.6947061,1.2974498
3.761442,1.9265934
0.47382414,0.6862374
3.5120807,1.8691126
3.5946271,1.9039487
3.2093463,1.7959135
3.0935225,1.7611634
3.7538645,1.9558963
3.4335148,1.8503186
0.33185527,0.56902194
2.7824166,1.6538348
3.628928,1.8933213
0.8821824,0.93554455
3.1344504,1.7725381
0.5377874,0.7377387
0.9936937,0.99413675
0.6228206,0.80176514
0.10246414,0.31331593
0.020517314,0.15020318
2.8532658,1.6598586
2.6067126,1.6109335
2.4290652,1.5620524
0.6494055,0.82931435
1.5312204,1.2458901
3.8046477,1.9300772
3.8301435,1.9658574
2.8085468,1.6829625
1.2673557,1.1346868
2.145322,1.476224
0.12877904,0.35797948
3.2914689,1.8140796
2.6998074,1.6255827
1.903404,1.3849683
1.0437363,1.0162238
3.36422,1.8265742
3.6053631,1.8890221
0.37653998,0.59784377
3.8244977,1.9535439
1.0509909,1.0410535
2.1759517,1.4737589
2.880963,1.6907195
1.1192385,1.0581809
2.7288694,1.6527358
1.3904176,1.1864158
3.9068294,1.9736056
3.1073403,1.7514222
3.201121,1.7854882
2.4266303,1.5619547
3.853446,1.951451
2.5657036,1.5928389
1.0898672,1.0605096
0.959603,0.9805768
3.5862782,1.9022003
0.9953883,0.9788335
3.8291426,1.9605336
2.8340201,1.6757659
0.16415957,0.40184483
0.21336703,0.45224422
0.5315677,0.72337705
2.472055,1.5756624
0.29097077,0.55271035
2.1948984,1.4856398
3.2440488,1.8065833
0.080238625,0.27828604
1.3871057,1.1706802
1.7692074,1.3459342
2.2716513,1.5113235
2.9918876,1.736456
1.4020807,1.1929141
2.4794624,1.5810024
0.6626717,0.8129821
1.1833656,1.0860376
3.6100266,1.8910136
1.3483534,1.1520984
0.26000288,0.5124278
1.1745124,1.0685394
2.0616984,1.4445602
3.718565,1.9383192
0.027179947,0.1670839
0.64324147,0.8061994
3.1598933,1.7663367
1.102905,1.0634527
0.96992,0.9820724
2.1980453,1.4922961
2.9374363,1.7222546
2.6886334,1.6243051
2.1434855,1.4658889
0.1722622,0.421434
0.262111,0.5121725
0.48038727,0.6894426
1.8585893,1.3530087
1.8153697,1.3348293
3.6191854,1.9061419
1.528022,1.2354251
1.0529976,1.0472004
0.67584246,0.81479985
3.1932213,1.7943139
2.643451,1.6189355
2.8711748,1.6943126
2.9932363,1.717092
0.23641962,0.50378704
3.8666582,1.9476545
1.2474642,1.1217241
0.95279723,0.98445374
0.61235374,0.7902505
1.5279826,1.2525249
0.10337799,0.32250506
1.8057452,1.3501644
1.7163959,1.3132604
0.14762035,0.39160928
2.6521983,1.6361
1.5045137,1.2133604
3.6238732,1.9074979
2.2598493,1.5125365
0.48554447,0.7003643
2.2205627,1.4892813
2.538055,1.6119162
3.1384969,1.7824192
0.23506743,0.48300594
1.1578503,1.0655985
0.32839513,0.5657381
2.1376107,1.4607661
3.0087812,1.7360607
3.633444,1.8956233
1.8405124,1.34629
0.7038735,0.8570078
3.5778832,1.8867422
0.113451965,0.35005665
1.1497395,1.0785439
0.5356814,0.734069
3.8406847,1.9731739
1.2874287,1.1349065
1.0852998,1.0380753
0.81763494,0.92251354
1.4074605,1.1830816
2.6189234,1.6241188
1.3383121,1.1586114
0.7099449,0.8383997
1.619536,1.2720999
0.79564124,0.9079832
0.10483268,0.30031115
1.9471058,1.4046013
2.2157984,1.4834894
1.4661975,1.2194564
0.71809465,0.8734163
0.88178045,0.9323323
2.172015,1.4819623
1.2731419,1.1284747
2.0220065,1.4267582
3.8825157,1.9748495
0.77183384,0.8791456
3.3490183,1.8091886
2.5557544,1.6030697
2.7974424,1.6711037
1.0606029,1.0353253
0.33401555,0.589145
1.7981522,1.3447984
1.3426806,1.1561399
0.23982675,0.4719588
2.9405947,1.7060935
3.985291,2.003277
1.3786194,1.1769737
3.9365833,1.9933652
3.5474436,1.8881649
1.2041713,1.1000464
0.1625073,0.39966354
3.9933224,2.000398
2.9575615,1.717837
2.3098626,1.5207766
1.263993,1.1126543
1.9945482,1.4265386
2.0097642,1.4147339
2.688369,1.6169248
2.6023412,1.6030697
3.7542768,1.9344243
2.8330915,1.6927923
3.1279469,1.7743652
2.5247672,1.5947976
1.6213981,1.248203
3.4704187,1.8667333
3.9358344,1.9902141
0.23941118,0.4710614
3.4140754,1.8398241
3.6126919,1.9156396
2.9777777,1.7268728
0.92197424,0.9645337
2.5698118,1.5923901
2.6500452,1.6443158
2.4092646,1.5542022
1.4301852,1.2069583
3.5867612,1.8865622
2.848445,1.6810571
2.1083128,1.4559962
0.8594924,0.94019926
0.75020283,0.8710611
3.5327556,1.8730462
1.3805182,1.1659449
3.76467,1.9393263
0.72288823,0.85171264
0.0728464,0.26994348
1.7740318,1.3241339
1.3488243,1.1512635
3.887045,1.9707718
3.0564268,1.7355717
0.73816216,0.86453116
2.620661,1.6229786
3.2459722,1.8119078
1.4984732,1.2424793
3.350671,1.8258146
0.113715895,0.32276958
3.8178644,1.9481527
1.9240322,1.3839934
1.3264246,1.1616739
2.7519581,1.6540027
3.6031964,1.9074702
3.7419994,1.9291146
1.082789,1.0433903
0.8143278,0.89737695
0.45757982,0.654809
2.0902936,1.4321506
0.5596868,0.73481494
3.837291,1.9538201
1.5298097,1.2514946
2.493526,1.5808507
2.913,1.7012079
2.578365,1.6095121
1.776495,1.3491681
1.6660975,1.2658381
3.3702667,1.8366239
0.7187312,0.83490336
2.5395002,1.6070033
3.9906378,2.0011883
0.7732887,0.8646049
0.95247686,0.9758365
3.9047482,1.9762628
1.0480509,1.035856
0.2766556,0.5319081
1.818501,1.3506773
0.018755917,0.13756098
3.345852,1.8393502
1.8551,1.3722099
1.47518,1.2079388
2.1496496,1.4719555
0.65334874,0.7994779
0.92034364,0.969488
1.259235,1.1286653
0.46575433,0.67748475
1.7240565,1.3161355
1.9921412,1.407006
1.1495326,1.0522722
0.7433226,0.8758002
3.772652,1.9280891
2.5394022,1.5792876
0.7835561,0.8890129
0.58388764,0.7631268
2.7933016,1.6682978
2.5581458,1.6019708
3.0852933,1.7549798
2.8100522,1.6652585
1.482963,1.2250757
3.8560777,1.9706845
3.1799703,1.7845086
2.031591,1.4224958
1.9104983,1.3859454
0.761355,0.8740844
3.0853195,1.7625477
0.5664441,0.74127835
0.40609896,0.62077916
1.2808816,1.1395826
0.4435443,0.67207885
0.9926717,0.9962518
1.8476398,1.3633707
0.8998902,0.93827945
3.705326,1.9179643
3.4872317,1.871395
3.6568835,1.9043047
0.95987886,0.9717541
0.13468452,0.33583426
3.3816597,1.8344289
2.3534431,1.5288587
1.5204365,1.2358437
3.1786163,1.7825433
3.3660462,1.830984
2.218592,1.4868798
3.110409,1.7562091
1.956133,1.4049288
1.42786,1.1972508
0.60221744,0.76463914
2.3989358,1.5511662
1.0410566,1.0310295
2.900636,1.7008668
1.0133778,1.0145773
2.7743673,1.6763821
2.3185465,1.5083685
2.454639,1.572143
3.8504815,1.957077
2.3349345,1.5288562
0.9176436,0.9509158
2.5079098,1.5828859
2.4619994,1.5602832
0.014364433,0.11298875
3.8888798,1.960654
3.644296,1.913019
0.77071154,0.888864
2.5081654,1.5726573
0.11543085,0.35718265
2.2155204,1.4819919
3.4756756,1.8629112
2.8260934,1.6734493
2.416761,1.5634412
1.170476,1.0838726
2.241304,1.4989902
1.4172626,1.1827124
3.0845864,1.7585744
3.8098195,1.9581063
3.3255522,1.8213905
1.1777003,1.0878649
0.97094756,0.98440224
3.976612,2.002323
0.9303651,0.94909793
0.06162166,0.24209777
1.8386517,1.3480595
1.0270587,1.0146694
1.2127934,1.0826629
2.0117142,1.403372
0.12905169,0.37777728
2.2690077,1.501843
2.3747585,1.5254257
2.9038837,1.7065481
1.7336731,1.334042
2.557342,1.6018251
1.9861338,1.4064618
3.581274,1.8952993
3.0571845,1.7548257
0.41367173,0.6397045
2.7534416,1.6569071
3.5832362,1.8964256
0.31820536,0.56559426
1.7978524,1.3145006
2.8967123,1.7093148
3.4814034,1.875524
1.2805036,1.1314957
2.011638,1.4270439
0.82830256,0.90534186
0.9438586,0.9701135
1.7113614,1.3044446
2.8089385,1.676374
0.2271083,0.46566713
0.8520748,0.9314713
2.377144,1.5508786
2.5177445,1.6025735
1.2521719,1.1234016
1.686603,1.2973872
2.553459,1.5990995
1.1690365,1.0870008
0.8377391,0.9150639
1.4446812,1.2135882
0.6310911,0.80477494
2.6910946,1.6187898
0.520926,0.72046393
0.04934894,0.21925063
1.3004144,1.1255655
3.5145793,1.8825228
0.7693219,0.87791353
2.4774995,1.5705396
2.6867733,1.6358726
3.5781875,1.8956764
1.1762797,1.0860261
1.8445643,1.3732653
2.202091,1.5013851
0.418302,0.63257843
0.9190515,0.9585869
3.5074584,1.8683382
0.57931584,0.7637715
0.37195674,0.6032279
2.6992412,1.6592027
2.6632533,1.6459597
2.2417762,1.502908
1.9416345,1.3881713
0.9405852,0.96136254
2.057922,1.4468015
0.07467175,0.2616682
1.6788205,1.2983811
0.64525574,0.80214417
2.648275,1.6183531
0.061124846,0.24701324
2.1557348,1.4637852
3.7424192,1.9333994
2.7029095,1.6315618
2.8359694,1.6675137
2.9344692,1.724115
0.3434231,0.5869716
1.7370541,1.3138336
0.79289323,0.89813125
1.6590173,1.2879457
2.9552283,1.7061818
0.45885655,0.66061455
2.1226997,1.4540498
2.734013,1.6561297
1.2704022,1.1251502
2.4495127,1.5486426
0.058136567,0.23290548
1.5940368,1.2585163
0.3860265,0.638382
1.2213538,1.116263
0.09531532,0.31227684
0.5166812,0.72174156
1.878397,1.3730551
1.5980805,1.2769928
3.5117157,1.8575422
0.73564017,0.86446977
1.2339976,1.1085274
0.71021473,0.8487184
3.8666506,1.9681413
3.964002,1.9892412
2.5014365,1.581596
0.27423024,0.5236027
1.3139555,1.1394008
3.1958673,1.7863376
2.1469777,1.4507003
2.2465389,1.4928476
3.824679,1.9529476
0.34181556,0.582152
3.6861513,1.9226197
3.5163536,1.8666171
1.2497844,1.1124569
1.3635164,1.1729974
0.6863404,0.84142745
0.29828143,0.556172
1.627029,1.274013
1.0532488,1.0219649
1.913993,1.3792539
3.606626,1.8941697
0.11693263,0.3480185
2.1442559,1.4580965
2.0096397,1.4237813
2.8032258,1.6746995
3.7506933,1.941963
1.2790868,1.1207451
1.0762043,1.0340751
0.98052216,0.9814683
1.2316498,1.1310035
0.47737303,0.68806607
0.017411983,0.12032659
0.76158416,0.86370975
3.1990051,1.7823983
2.478187,1.5787935
1.9069604,1.3810184
3.2802126,1.8207177
1.0300874,1.0208427
3.103521,1.7740505
0.26465416,0.5058129
3.2419767,1.7897856
2.5720427,1.6086107
3.8004344,1.9649498
2.3290765,1.5331404
0.022970146,0.15157034
1.4255316,1.1934742
1.6539841,1.2677076
0.59804,0.7773186
2.5665781,1.5876906
2.065012,1.4600642
3.0838182,1.7675031
0.35754043,0.61641675
2.7077758,1.6397454
1.962459,1.3908571
2.536239,1.6032851
3.6198575,1.9095049
2.8745441,1.7028155
0.5099443,0.72542346
1.151648,1.0833364
3.5931044,1.899099
1.2061964,1.1001177
1.2284319,1.1010885
2.6834826,1.6316702
0.6724859,0.82623136
2.415245,1.5540049
2.5130415,1.5909936
2.920949,1.7268564
3.0127766,1.7433945
3.1068478,1.7606436
3.5700543,1.8801293
0.028822746,0.16629721
2.742704,1.6464614
2.40077,1.5442924
0.15025534,0.37019053
1.8757954,1.3590798
3.8547397,1.9657465
1.8456595,1.3461015
1.560309,1.2406285
0.8888295,0.9528308
3.6078897,1.9052153
0.1374628,0.36574125
2.8443835,1.7103964
0.9973555,1.0023134
3.0069783,1.7262887
3.2916205,1.8340682
2.3377872,1.5375035
0.0404933,0.2298808
1.7031044,1.3197145
1.1944658,1.1009742
2.6516976,1.6216131
3.461019,1.8786644
3.6418207,1.8886131
0.96163416,0.95995665
1.759681,1.3509566
3.5198474,1.8650432
1.88536,1.3617016
0.5658215,0.73998964
1.9096528,1.3750726
2.4454954,1.5727141
3.399845,1.8452866
0.8668216,0.93232274
3.8207178,1.9509457
3.111964,1.7730348
1.0793557,1.034956
3.9108396,1.9987497
3.7661424,1.9336431
2.9675455,1.744371
2.234011,1.4983072
3.684778,1.9387927
1.7697484,1.3469551
1.7029338,1.3015627
1.509708,1.2300601
3.2982965,1.8114502
0.62252504,0.7866882
0.27084535,0.5334222
1.2282236,1.0951205
3.7760277,1.9444408
1.8309591,1.3414767
1.2299731,1.1117823
0.21561818,0.46578804
2.6531932,1.6307881
2.1363568,1.4544429
3.1672194,1.7868631
1.6240212,1.2815611
2.9713237,1.7351137
0.7241224,0.84940046
2.8336947,1.6959838
1.0210998,1.0060347
3.2662764,1.7948507
2.5498118,1.6006984
1.7964766,1.3407241
0.5170415,0.7120998
0.9795044,0.991902
0.6518378,0.7949045
1.5058957,1.2287635
0.9240549,0.9688753
1.58862,1.2586582
3.7672296,1.9318702
0.20342472,0.4500537
0.5196134,0.73076427
2.073945,1.4388757
2.9652476,1.7286639
1.148571,1.0799475
3.1914978,1.7774339
0.88269717,0.9332909
3.718283,1.9418302
2.215233,1.4954946
0.95260805,0.9732987
2.18759,1.4879428
3.7228315,1.9436005
3.3446944,1.8182392
2.1459243,1.4605589
0.6624578,0.8083997
3.7701845,1.9403328
3.505876,1.8848531
0.049612362,0.23628344
0.29128772,0.548204
1.8674799,1.3820331
2.2767305,1.4903499
2.2433412,1.4891285
2.4627275,1.5686893
2.7393885,1.6642253
3.7505152,1.9352652
1.5926428,1.2649673
0.11587121,0.3317325
2.2628078,1.5087223
2.282998,1.512688
0.93166065,0.9456467
2.0843818,1.4269
3.5865192,1.897694
2.5112936,1.5755163
2.9485502,1.7233654
2.621264,1.6388577
1.3173639,1.1602608
0.7150129,0.85365564
1.5388879,1.2644928
2.7576826,1.6668103
1.7146542,1.307781
1.8228035,1.3455894
2.8839242,1.7024424
2.6057444,1.6075686
3.3573987,1.8466958
3.301387,1.8228159
0.60965246,0.79556876
1.7647003,1.3380333
1.2100679,1.0991862
3.8879902,1.9790139
1.5464239,1.2434864
2.3164384,1.5104243
2.17793,1.4784241
2.8588653,1.7005862
0.5872519,0.77541035
3.840055,1.9749177
0.31083578,0.54857177
2.5663893,1.6060042
3.9809132,1.976738
3.7846859,1.9488709
0.9693626,0.98931164
1.74211,1.3068596
2.0487742,1.4148781
0.7757138,0.88527036
3.1010284,1.7528147
2.0183415,1.4156756
1.1169237,1.0540261
3.6638162,1.9081376
0.88859826,0.9456772
0.9688288,0.9922719
3.7620919,1.9263394
1.1204294,1.0574867
3.0686088,1.7786467
1.7057339,1.3133578
2.8333485,1.6913418
3.9993627,1.9954095
2.989763,1.7338955
1.9630727,1.4135889
2.7279384,1.6581515
1.9228355,1.3903412
3.1102188,1.760199
0.14881709,0.38156688
1.6128086,1.2650787
0.37041914,0.5913843
1.1633673,1.0872958
3.3793845,1.8541199
0.53818214,0.726792
1.8221244,1.3447658
3.9989212,1.9942476
3.2450411,1.8072536
1.7689648,1.3134128
1.133209,1.0714132
2.341853,1.5142739
3.1597738,1.7802653
1.862468,1.3871638
1.1008558,1.0536193
3.039467,1.7557945
3.3904517,1.8360754
0.9873624,0.99359256
0.92282045,0.9663241
1.3681703,1.1599588
0.2764615,0.52337086
3.8132818,1.9432967
3.0280137,1.7401212
0.24716279,0.48215577
3.7970798,1.93673
1.9799107,1.4019147
1.085668,1.0487309
3.7143471,1.9363103
3.408431,1.8555803
1.3722895,1.1701423
2.8865056,1.6952136
0.9332338,0.9566378
3.8950262,1.9788029
0.67415434,0.8099414
1.2200394,1.1198876
3.4157765,1.8466188
3.5882602,1.8806292
2.8692462,1.6930507
0.3678275,0.60244465
1.7924198,1.3257773
1.3814039,1.1927663
1.227657,1.1117857
1.0897076,1.0344565
2.5515015,1.5865877
0.5236449,0.72897017
3.138896,1.7818596
1.2532314,1.1279248
1.4479103,1.2100922
3.3087933,1.8214577
1.8405,1.3717965
2.292642,1.5234259
2.0083516,1.4189357
1.677719,1.2982738
2.6071277,1.5990934
0.24370632,0.48784742
3.0104733,1.7217034
2.7029603,1.645809
1.068433,1.0152421
1.0659329,1.0443156
0.945991,0.9974243
2.871082,1.692876
2.3138635,1.5151109
2.210676,1.4797649
3.6475759,1.8911697
3.999248,2.0063884
2.314722,1.5209805
2.5827208,1.6104591
2.3982732,1.5493263
0.41098619,0.64135444
1.7146724,1.294681
1.7482606,1.3272458
0.2432321,0.5101767
3.181479,1.7790871
0.5574007,0.7387156
2.392795,1.5597584
0.56377715,0.73864037
2.155209,1.4744214
0.103614725,0.33358994
2.3561633,1.5457767
2.24415,1.4827505
0.09369309,0.3065477
0.22469321,0.46913272
3.1873088,1.7720222
2.0431323,1.4302673
0.8439563,0.9253283
2.1989195,1.4859828
0.68510664,0.8530062
2.2090707,1.5071123
0.42189065,0.65045005
0.58718914,0.765692
1.6923274,1.2997591
3.2531142,1.815606
1.7854725,1.3197905
1.6829733,1.2991741
1.3822596,1.1554062
1.8160484,1.3504394
3.3745198,1.8385899
2.374689,1.5567434
2.457467,1.5708907
0.16995591,0.41897148
1.7590916,1.3396508
2.7142222,1.6528618
0.9149012,0.9542028
0.6822452,0.8127784
0.09267297,0.2977137
0.7141029,0.8628513
0.5121988,0.7112055
3.6703181,1.9104658
0.8879136,0.9535293
2.9236276,1.7068198
3.0706756,1.7294419
1.9530685,1.3801061
2.5967157,1.6042496
0.920441,0.9682619
2.758641,1.6666799
2.9853182,1.7225378
1.2071009,1.0991951
3.1227317,1.770783
3.9316952,1.9620104
3.6190917,1.8834975
1.0890936,1.0439659
2.9967809,1.730102
0.70072985,0.84474754
1.9371903,1.3691862
3.6618552,1.9171711
0.09208542,0.29326636
2.7841997,1.6712234
3.8323767,1.9458427
1.4843416,1.2289361
2.71578,1.6572828
0.45781472,0.6717571
1.4970622,1.2046338
2.9908237,1.7404534
0.01537944,0.12611416
1.0384738,1.0404214
1.6584527,1.2911696
2.6112716,1.629846
0.9088462,0.9576082
1.6579984,1.2653488
1.7651297,1.3202242
0.9384405,0.9561079
2.969786,1.7047064
1.874066,1.3712851
3.3493397,1.8317293
0.85845786,0.915732
2.0135694,1.4225184
3.8284636,1.9435263
0.37084123,0.6187684
3.9740763,2.0107229
0.15221165,0.4079657
1.01104,1.008027
0.55854404,0.7415067
2.4446008,1.5595121
3.5389404,1.8775848
0.25986743,0.5270974
2.4999447,1.5887927
3.4130044,1.8355461
1.9321303,1.4046481
1.8198549,1.3439318
3.874573,1.9707042
3.2666733,1.8189985
1.1688145,1.081399
3.760512,1.9337431
2.7038987,1.6391687
3.5704224,1.8806161
2.5011213,1.5741622
2.038213,1.4253477
0.9316023,0.9644117
1.1531109,1.0808793
0.73939097,0.8597725
2.6428843,1.6216735
0.55240864,0.74882454
3.515837,1.8761425
3.45588,1.8703486
0.09338514,0.31298757
2.6105423,1.5928481
2.5101128,1.5851068
2.5546541,1.6070192
2.8119948,1.675531
2.3800929,1.5473053
0.15237324,0.37882933
2.823107,1.6852038
0.4022904,0.6480087
1.9980369,1.4040787
3.7023103,1.9270853
0.2982685,0.5377497
3.0856144,1.7585553
3.7692194,1.9250388
3.755374,1.9323254
1.3134106,1.1538563
2.7223392,1.6453009
2.6254947,1.619994
1.7526977,1.3353691
1.7899314,1.3409609
3.5102491,1.8799636
1.5954099,1.2510412
3.9591174,1.9875554
0.35494655,0.59208554
0.67289025,0.82265544
0.79259145,0.8909878
0.95711607,0.97743374
0.5849366,0.7683242
3.7852793,1.9601027
0.1832724,0.41886783
1.2836853,1.1328088
2.1454496,1.4575028
0.43547386,0.68472755
0.6151125,0.76299083
2.8281982,1.6702636
3.1023703,1.7501906
2.2065232,1.495487
0.8800671,0.9546708
0.5969055,0.77618855
2.5112066,1.5865874
0.80200696,0.89520186
0.70654476,0.83988094
1.7873746,1.3484403
1.3801682,1.1650075
1.0791087,1.046185
2.87845,1.6787415
3.8884494,1.9815227
2.3086421,1.509233
2.9144993,1.6989381
1.1868273,1.1038159
0.6804691,0.8083679
0.69848955,0.8457091
2.09148,1.4435667
2.0025244,1.4251285
2.089534,1.4485518
3.6312184,1.9016482
3.1583986,1.768585
1.4147794,1.172986
2.3745518,1.5306556
2.9016979,1.6948379
3.512834,1.8633112
2.1507347,1.4739047
0.32068747,0.5764757
3.8055675,1.9532505
1.417377,1.1950611
3.522313,1.8792906
0.94655246,0.98050153
3.2122703,1.7907258
0.11756578,0.3499601
3.1091473,1.7668148
1.0252789,1.0165267
2.188532,1.482698
1.0980197,1.049233
2.9017923,1.6961819
1.1918616,1.0906185
3.3648758,1.8385259
1.0080874,0.9966964
3.8275878,1.9568341
1.0764307,1.0349387
1.3089274,1.1551623
3.7240531,1.9241555
2.0758388,1.4359796
1.5613513,1.2612576
0.9618199,0.989582
0.9856038,0.9853172
3.770029,1.9374804
0.94181496,0.9734603
3.3917086,1.8480904
0.94445413,0.97200626
3.9748175,1.9883947
1.8414996,1.3481607
2.3124666,1.5203836
3.5234797,1.8726355
2.4533362,1.5795958
2.7314353,1.6394982
1.5179867,1.248895
1.4114748,1.1886518
3.2050083,1.7786882
1.2712032,1.1231105
3.4292107,1.8408905
2.4844468,1.5787327
1.0573877,1.0538564
0.70843697,0.84083515
3.509356,1.8823217
3.9712873,2.0141706
2.2265356,1.5063303
1.0159408,1.010643
1.0261946,1.0152053
3.8982017,1.9800481
1.9071168,1.3700244
3.278187,1.800479
3.1020715,1.7530915
1.3334088,1.1572813
2.7170706,1.6460893
3.0925002,1.7696908
3.1503797,1.7960378
3.7884681,1.9432646
2.1741352,1.4952433
0.7956261,0.8990061
0.76615727,0.861569
2.5505862,1.6121708
3.3088665,1.8235146
0.9440913,0.9583592
3.3804538,1.8366
3.9177072,1.9773996
3.9685826,1.9831698
3.497427,1.8760432
0.03571044,0.21063921
0.032997355,0.17936379
3.7593772,1.9473914
0.43510062,0.65002465
1.0790415,1.0457635
3.550712,1.8972722
1.5898627,1.2568994
1.1318012,1.0471566
0.64992726,0.819506
3.4946113,1.8458751
2.1392634,1.4688292
1.0406914,1.0364294
2.1600993,1.460349
3.7475064,1.9283792
0.32162866,0.5727429
2.1981943,1.485131
2.4461703,1.5615411
0.4961521,0.7133792
2.7109263,1.6314476
3.0282552,1.7475686
2.9970558,1.7381855
0.68709606,0.82206434
2.5493414,1.609697
2.334891,1.5292581
0.9589354,0.98479813
0.058393925,0.21989845
3.8375819,1.93522
3.2118108,1.7904305
2.812509,1.6736042
1.2881417,1.12803
1.8793384,1.3775938
2.379294,1.5457932
0.19058825,0.42027837
2.0913439,1.4590082
1.7337486,1.314683
1.4981664,1.2156887
2.3078573,1.524205
1.1269958,1.0791235
0.8446697,0.89889765
3.2289767,1.7867842
0.9011198,0.9522058
0.8064433,0.899439
0.7470729,0.87580466
2.4162886,1.5583858
1.9490738,1.3824478
2.1502748,1.4544442
2.2869008,1.5040975
0.48432073,0.70575976
1.8090335,1.3419592
2.643017,1.6253113
0.68001145,0.82847315
1.1590899,1.0944314
1.2229047,1.0979577
2.8340793,1.672803
0.19174637,0.4366579
3.2439692,1.793525
2.693798,1.6334035
1.0763309,1.0345608
2.700924,1.6519275
2.8534853,1.6875556
1.5906119,1.2667347
0.8202385,0.8944089
3.6329517,1.9252112
3.2219086,1.7969395
2.2039654,1.4823967
0.36228,0.5830013
1.0644468,1.032251
2.1223142,1.4593962
1.7762307,1.3307188
2.75554,1.6649461
3.8224018,1.9577482
2.3560169,1.5256958
1.0900493,1.0549988
1.0818094,1.0387745
3.7652268,1.94277
1.7077743,1.3207642
1.9587198,1.3892643
0.62538075,0.7906413
1.5374966,1.2379744
1.5941421,1.2447253
3.6700952,1.9185278
3.1091702,1.7854062
1.0393287,1.0265653
2.798527,1.6722469
1.1422207,1.0539408
0.40779263,0.6410148
3.2915738,1.7973719
1.6460583,1.291473
0.008651116,0.08654497
1.1349854,1.0646459
3.151234,1.777304
0.73901343,0.8549476
2.2729144,1.5146888
2.677709,1.6475095
2.7374775,1.645643
0.03335868,0.19678938
1.9064406,1.3954349
1.3791214,1.1900184
2.2411773,1.4864992
0.6749875,0.8153694
0.57238543,0.7577259
3.136004,1.7647655
1.4357418,1.2127507
0.18562062,0.41706356
3.7583134,1.9428927
2.7862995,1.6774534
3.9018018,1.9817053
0.09331397,0.30614182
1.8164078,1.3596278
2.0569944,1.4470158
1.632401,1.2748559
1.1899598,1.082341
0.24455413,0.48602358
0.79301137,0.87955767
2.451347,1.5579401
0.38704583,0.63432443
0.94922215,0.95790595
0.49865586,0.7156471
2.564985,1.5915875
3.190096,1.8019439
1.5398126,1.2493237
2.927313,1.7188014
1.23102,1.1088848
2.0771143,1.4549057
2.0246413,1.4104944
2.5644078,1.609226
3.650473,1.911232
1.5527953,1.2491455
3.3200114,1.8219643
0.20995547,0.46584356
3.0823765,1.7510271
0.4637794,0.6947963
2.624085,1.6105185
1.7634019,1.330735
2.4658506,1.5748104
2.7719371,1.6661812
3.6291857,1.8953788
1.1574261,1.0681714
1.0934339,1.0428433
3.1986992,1.7778872
3.8374417,1.9747316
1.282177,1.131834
0.94642967,0.9800845
1.0900402,1.0492854
3.8707473,1.9860965
3.943712,1.9683166
2.0462966,1.4335599
3.382607,1.8360687
3.3589904,1.8363972
2.2639766,1.5101075
3.5204046,1.8780315
2.9852266,1.7372972
3.2506344,1.8178152
3.2356281,1.7945397
3.0562427,1.7283438
0.7171435,0.84910226
2.20108,1.4999152
2.7600057,1.665835
2.4176943,1.5612986
2.7710598,1.6622585
1.0495006,1.0092536
0.17765611,0.41159523
2.9332416,1.7009581
3.9188042,1.978904
2.142043,1.4711457
0.09421244,0.30958432
2.6667614,1.6177727
2.7191346,1.6486737
2.9093075,1.7233503
0.029729392,0.18128139
1.6417863,1.2674568
0.8264052,0.9153707
1.0276868,1.030864
0.9633329,0.97642666
0.60309684,0.76344323
0.29160625,0.5431884
0.95609033,0.97949374
0.1072657,0.319725
2.532706,1.5938308
0.60923463,0.7745141
0.99628216,1.008159
0.4058217,0.6370885
2.24295,1.4804116
2.3125849,1.5075477
3.714743,1.9269586
2.2363372,1.4888718
1.0820326,1.0318301
1.1908824,1.0902642
0.14635062,0.3763658
3.0795436,1.7417092
2.5917673,1.6000504
0.9589685,0.9767439
1.15566,1.0805312
1.0729702,1.0239899
3.5029612,1.8540233
3.4813468,1.8782059
2.7207892,1.6368423
3.9748206,1.987626
3.8764672,1.9818088
3.772725,1.9576529
1.1025293,1.0510494
3.168803,1.7772495
3.8421366,1.9531327
3.2884989,1.8212907
3.7454078,1.948118
2.5127234,1.5689691
0.60056674,0.7592678
3.460254,1.8602406
0.08894596,0.30271965
3.9680057,2.0079985
2.712958,1.6556534
0.6692286,0.80132324
3.2223008,1.782408
0.53184265,0.72364265
0.53644454,0.7191014
3.7590513,1.9249612
2.762746,1.6546386
0.7759832,0.8908225
2.7201545,1.6502788
1.1000903,1.0524969
1.1557133,1.0601788
1.8006746,1.3495566
1.9654888,1.4061593
2.8925161,1.7042954
3.1702955,1.7773064
1.6535131,1.2808119
0.72217494,0.84751046
0.62044686,0.7820777
3.4977272,1.8756713
3.239806,1.7964606
3.0616176,1.7411977
3.1094718,1.7554705
1.9417161,1.398799
2.894539,1.679183
3.1561031,1.7756737
3.2960212,1.8010175
0.27618587,0.5248206
1.5241694,1.2313019
3.1002936,1.7585045
1.3489696,1.1700509
0.7570489,0.85564893
2.2601244,1.5055252
0.41865218,0.6481453
2.6212676,1.6216011
0.31164756,0.57468665
0.6187659,0.7675803
3.0802107,1.7590736
0.28295696,0.54989225
2.2384694,1.4935292
1.044863,1.0192436
2.278129,1.5248976
0.7367772,0.86879367
3.4184296,1.8591291
0.91201675,0.95349485
1.2594687,1.1305444
3.9433026,1.978712
0.035849914,0.1771557
2.5314076,1.5778106
1.793757,1.3358812
1.5196359,1.2359507
0.13551097,0.36658907
3.9435415,1.9754747
1.9892495,1.4212505
3.5171864,1.8641692
0.7406701,0.8504984
2.6719775,1.628116
3.098228,1.7593769
2.029476,1.4232993
2.3588061,1.5283194
2.4921162,1.5775021
0.3952623,0.6228804
2.866743,1.6900967
1.1326904,1.0750259
3.9002964,1.9678749
1.7764788,1.3208803
1.3966049,1.1754636
1.1690515,1.0819212
2.498585,1.6031933
1.1984977,1.0806168
1.5783594,1.2615117
0.26724625,0.527481
1.7362958,1.3290876
3.0697222,1.7477692
1.4175642,1.1878262
3.6030178,1.8936839
3.4193487,1.8578618
3.4656513,1.862878
1.4541,1.2167842
3.424927,1.8484746
0.5323082,0.7239741
3.8546705,1.9479532
2.7377295,1.6759686
2.6905105,1.6264126
0.27248433,0.50743306
3.8786168,1.9477223
2.498328,1.5837597
0.9624605,0.97507036
1.6419014,1.2994418
3.2274091,1.787129
3.4322445,1.8517165
0.11375854,0.32476485
1.0918274,1.0527731
1.5339705,1.2185549
0.7432674,0.85455775
3.4858015,1.8498696
0.5217501,0.7222106
0.67551166,0.8089752
3.3044271,1.8132597
3.1137443,1.7607583
2.1252925,1.4546558
2.4215717,1.5436455
2.0133529,1.4142003
3.2394345,1.783782
1.4293114,1.1889387
3.7967858,1.9427729
3.1825848,1.7834365
0.7161823,0.8421095
1.0352931,1.0139822
2.104399,1.4555793
1.3380544,1.1540563
2.4832091,1.5634785
3.0470095,1.7429317
3.8361502,1.965926
0.29103774,0.5484352
1.0506376,1.0225369
0.79087746,0.9111827
1.0610679,1.0216124
3.4571917,1.8592595
3.3668594,1.8183616
0.7439348,0.8503089
1.8722744,1.3855997
0.92413086,0.9635579
0.55797267,0.75541276
3.2029037,1.7887363
1.1762179,1.0858556
1.6680275,1.3084524
0.9036957,0.961048
1.4040631,1.159909
1.2326066,1.1284887
3.6692355,1.9155315
1.8122979,1.3498459
1.5975114,1.2754376
3.042133,1.7236894
2.2401454,1.4980948
1.449268,1.2132385
3.6320665,1.9012878
0.6554515,0.80388683
1.3623785,1.170194
2.6580625,1.6369469
2.6788049,1.6362197
3.7606974,1.9284735
1.6390647,1.2936478
1.8560833,1.375122
0.46245593,0.6835289
0.19035123,0.4285662
1.1913868,1.1134585
0.050592232,0.23952174
0.9564996,0.97207874
1.0829351,1.0211197
2.018044,1.4203699
0.88148594,0.9336241
2.244491,1.4853926
1.0157714,1.0119419
2.0713758,1.4443997
2.378822,1.5465354
2.2221885,1.4916055
2.3358889,1.5103192
2.7685773,1.6756874
0.6459092,0.7994392
1.0594286,1.037336
2.6928625,1.6280947
2.7166588,1.6595805
1.2187545,1.1044025
2.1252415,1.4468017
1.5287622,1.2271308
3.069196,1.7435856
2.214219,1.4720218
1.8264225,1.3350114
3.1611445,1.771521
2.326517,1.5308747
0.92907125,0.9644646
0.73359895,0.85928035
1.6732558,1.302627
1.1460494,1.0686198
0.21235012,0.47050187
3.5172117,1.8859888
0.022268588,0.16123818
1.3229686,1.1493653
0.9550907,0.9631994
2.4485166,1.5541999
3.5700417,1.887693
2.1923351,1.4793909
1.8025752,1.3350878
3.7850294,1.9495652
0.6051438,0.7719834
3.2428493,1.8085517
0.75036573,0.8548274
1.8242143,1.3475833
3.0742528,1.7607772
1.022271,1.0195673
2.6407053,1.6222674
2.1014318,1.454356
1.6282626,1.2797183
1.2970493,1.1157761
3.7446547,1.9365891
2.9063566,1.6934836
0.11417391,0.3459154
1.2153807,1.1209579
0.8511102,0.9308044
1.6604462,1.3120923
1.5332525,1.2350513
1.2312207,1.105937
1.1652685,1.0847758
3.7760868,1.9570538
3.6188114,1.9198906
2.6330297,1.6393713
1.9024477,1.3869671
1.0938215,1.060065
1.8618567,1.3669538
0.54145217,0.7540065
1.0808027,1.0238777
3.1743753,1.7928329
2.6556566,1.6372751
2.5611773,1.5884609
3.4742136,1.8621372
3.1084893,1.7684925
0.23528743,0.46290332
3.8742406,1.9520409
2.8635168,1.678255
3.4753764,1.851823
0.7639369,0.8876744
3.3038893,1.81005
0.37045208,0.6267404
0.43992347,0.6690439
0.8490354,0.91416705
1.985378,1.410302
3.5561314,1.8698287
0.8886103,0.93369466
0.102198824,0.3231266
0.7323442,0.8676956
2.4989252,1.5664274
1.9875951,1.3996181
2.778847,1.6640537
0.09012945,0.32091492
0.49106482,0.7066871
0.39923233,0.6318656
2.6415973,1.619112
2.840576,1.6833878
1.7501231,1.3226862
1.9842361,1.4301775
0.76785904,0.85992926
0.49966273,0.6924787
2.0998473,1.4437667
0.6869341,0.8427688
2.8542762,1.6914121
2.1597233,1.4805442
2.7799492,1.6654457
1.5648943,1.2534688
0.016994495,0.13792348
1.4796131,1.212896
1.9937865,1.4124262
2.3670008,1.5446014
1.5296307,1.2617317
0.9846168,0.986944
0.39335737,0.6221742
0.9216114,0.96692675
0.3899937,0.61385524
1.6545334,1.298436
2.8374038,1.6844262
2.197457,1.4785892
1.8604985,1.365035
0.7668992,0.9005472
3.461458,1.8525151
2.3182771,1.505959
2.4086041,1.5637823
2.3839653,1.5413846
1.2864685,1.1262441
0.75817174,0.8570878
2.725102,1.6670635
1.9718282,1.4219779
1.579457,1.2489203
2.9976406,1.7327218
0.48768404,0.7128522
1.3484322,1.1564796
0.4852276,0.69918793
0.2636129,0.5233758
3.9735947,1.9887154
1.8658254,1.3764839
2.790908,1.6567303
1.4815891,1.2121655
2.5329683,1.5940858
2.432685,1.5591477
3.9874055,1.9958377
0.02139983,0.14221856
2.6997333,1.6424077
1.9122692,1.3651022
3.1264958,1.7725172
2.3328733,1.5356305
1.3880894,1.1937058
0.379705,0.63048327
0.9284193,0.9720399
1.678027,1.2858614
1.0739267,1.0432314
0.600923,0.77406013
0.23455152,0.48254725
1.476749,1.2125583
3.2572243,1.8086538
1.544183,1.2341403
0.9290475,0.9686245
2.2144148,1.482249
3.699701,1.9122705
2.7465348,1.6686306
2.4630125,1.5702401
1.9873369,1.4161308
0.31660345,0.55486834
3.6256454,1.8973625
0.6058187,0.79656917
0.79569095,0.886046
0.77127385,0.89116573
2.5629737,1.598826
0.52794594,0.72782034
1.2209015,1.1233124
0.73818284,0.85787505
3.4377704,1.8556814
0.16855836,0.38878977
0.6227761,0.79842246
0.021406865,0.14912337
2.371518,1.5327433
1.3995316,1.2090006
3.1779459,1.7764065
0.56156725,0.74112374
2.5979373,1.6107996
2.6730225,1.6222124
0.56555223,0.75247216
0.9192036,0.9389072
0.3572606,0.6082021
1.7858684,1.3362863
3.2034678,1.7878058
0.049056012,0.22392608
1.765667,1.3180904
3.6005228,1.8863308
3.3602397,1.8414805
0.0712197,0.27204442
3.0087862,1.7250838
0.82138866,0.91375697
0.86790025,0.96248853
2.2968113,1.510965
2.6079068,1.6288017
2.1306927,1.4609957
3.7159817,1.9252361
2.3362918,1.5211746
2.53576,1.60191
2.761033,1.6664871
1.6769497,1.3058293
1.7328622,1.3251233
3.055095,1.7594889
2.7152724,1.6603878
2.622076,1.6158785
1.1551949,1.0786226
1.3388423,1.1588565
0.45308018,0.66683507
2.7990365,1.6626661
1.7416973,1.3352566
1.4151505,1.1970824
0.9511106,0.9931201
0.67383367,0.8261318
2.832465,1.6812209
2.0331056,1.4228888
3.0013118,1.7282419
2.3883653,1.5438045
3.5161924,1.8739059
3.440028,1.8615429
2.3404539,1.5174797
3.683762,1.9132044
3.7905328,1.9318786
0.50396895,0.71425706
3.891519,1.9800594
3.06297,1.7572985
2.5023997,1.5732492
3.719238,1.9195216
3.1783488,1.7754503
3.417269,1.8374314
0.7234562,0.8562943
1.6803592,1.2885591
1.4886014,1.2233495
1.029058,1.0254569
1.0017416,0.9986512
0.68455863,0.8259605
2.3917139,1.5387274
2.639879,1.6315645
3.8885565,1.9684774
3.9868553,1.9966611
2.0416517,1.4396396
2.76912,1.6638154
2.0459645,1.4200106
0.4854786,0.69610363
3.2860582,1.8123028
1.5510834,1.2496927
1.4963259,1.237561
2.5788705,1.5941024
2.8761816,1.6958289
2.8121748,1.6722487
2.5352764,1.597539
2.8145967,1.6819861
2.2113328,1.4844366
1.3447914,1.1525263
1.5842977,1.2742347
3.8229735,1.9543453
1.3289468,1.1455135
3.3037975,1.7920278
2.4762316,1.57553
0.5059405,0.71095526
0.20631957,0.46142563
3.7104945,1.9295213
2.030276,1.4298416
0.3484261,0.57923126
1.7764995,1.3237599
3.5480537,1.8906257
2.7977211,1.6671059
0.016736787,0.12991835
2.2522593,1.4842705
0.6832543,0.8089375
1.2486455,1.1096975
0.15993522,0.40001202
0.060379673,0.25030762
0.84100986,0.9241626
2.919107,1.7046638
2.2870214,1.5104283
0.46051627,0.68061817
1.9345056,1.391029
0.4099126,0.6407046
2.0238183,1.4349191
3.197897,1.8043407
1.9958396,1.3921596
0.77471507,0.8827635
1.8255174,1.3479918
1.8842977,1.367872
2.657673,1.6261381
1.4733195,1.2291092
2.745309,1.6613472
1.6871455,1.3152287
2.702401,1.6539699
2.3790846,1.557157
2.1464622,1.465905
1.5969219,1.2562873
3.558229,1.8870673
1.5237594,1.2307136
2.1630383,1.4732779
0.04615717,0.1920247
3.3509948,1.8243673
0.5457914,0.73914635
2.9906483,1.7283238
3.9068756,1.9670804
1.1197183,1.0718713
3.8856854,1.9659234
0.04133811,0.21079239
3.385721,1.8174957
0.768915,0.8628081
3.6333323,1.8876758
2.3553088,1.5236571
3.168604,1.77495
0.5123342,0.7126046
1.774054,1.3230895
0.7102042,0.82656145
1.406284,1.1869128
3.053834,1.7467346
1.0904512,1.0525945
2.8361375,1.6824219
2.2004087,1.4807649
2.2210143,1.5034766
0.070522316,0.25683305
0.78552264,0.87167716
3.5823328,1.9046394
1.649451,1.2933575
0.8424948,0.93755305
2.7304175,1.6591299
3.434395,1.8377306
3.130466,1.7624209
2.222474,1.4847201
0.25904074,0.4987299
0.83871686,0.9320588
2.425893,1.533596
2.8077447,1.6791478
3.788563,1.9467059
3.0678818,1.7445943
2.1535702,1.4592218
2.4469128,1.5450678
0.7990759,0.9084689
0.7071358,0.8396421
0.66400164,0.7991022
3.1207848,1.7606758
0.16709752,0.42096886
3.3254812,1.8192585
1.6547674,1.2926583
2.145061,1.4710169
3.1765666,1.7839745
0.8510809,0.9021764
0.78749037,0.88470656
1.9776703,1.4154421
3.5768428,1.8635203
2.35171,1.5343806
0.07671632,0.27803463
2.619033,1.6172051
2.39767,1.5608255
1.4936441,1.2224711
1.4533184,1.1889656
0.3708144,0.60841936
0.01861716,0.13609748
0.19111562,0.43149686
0.047696467,0.1943476
3.2810383,1.819985
3.6630497,1.9018075
0.09557682,0.3039492
2.0622141,1.431331
0.67001736,0.82537496
1.9950148,1.41765
2.059805,1.4371952
0.32481277,0.5673357
2.105584,1.4638377
3.622554,1.9051349
0.048225414,0.22578289
2.1763864,1.4810717
0.60017145,0.7656845
2.751586,1.665228
0.33851317,0.58492
3.6154063,1.8962883
0.53057945,0.7396343
2.5027056,1.5962651
3.9995286,2.0002365
3.4918096,1.8830484
3.7829628,1.9448367
2.2507956,1.5022938
0.29856214,0.53687805
1.8804458,1.3733765
1.8690782,1.3660039
1.5282288,1.2310694
3.3743165,1.8453914
3.6014159,1.8984072
3.3584988,1.837948
1.0143957,0.99323547
0.7937771,0.8988847
0.18245277,0.4275772
2.4885998,1.5765872
2.516882,1.585831
0.7688147,0.86686635
2.6123307,1.6297941
0.0062403223,0.07774315
1.1303519,1.0565026
1.8347063,1.3499635
0.396862,0.6364338
1.7873482,1.3545848
0.8123254,0.8853498
1.1103812,1.0697762
1.9124503,1.3932254
3.5452027,1.8740125
2.3136292,1.5293477
0.070672505,0.2705286
0.5740465,0.761318
0.25336906,0.5170907
0.74506074,0.8579284
1.3746561,1.1796596
0.70024616,0.82089996
1.8467128,1.3695053
3.2967348,1.8057324
3.3021703,1.8274882
1.3585298,1.160558
1.3066801,1.1399277
2.9830143,1.7309287
1.6602912,1.2901826
3.880464,1.9873178
1.7798156,1.3375117
0.9727233,0.98119646
0.039281033,0.19433422
3.8164515,1.9582721
0.47497535,0.6850106
0.7007067,0.8360205
0.15334791,0.4051868
1.8597498,1.3589566
1.6335441,1.261535
3.2630656,1.8057826
2.2214334,1.4902585
2.329174,1.5118761
3.1609764,1.7769612
2.3317292,1.5495534
2.2615166,1.4865795
3.7141025,1.9330213
1.7481984,1.3236774
2.5377443,1.591145
1.5373312,1.2424059
2.6026976,1.6205229
0.04022488,0.1947875
2.90673,1.6789887
3.1270437,1.7721438
3.5094805,1.8655626
1.9993246,1.4162089
1.144723,1.0671442
2.9219146,1.7096592
3.796073,1.943892
3.0794077,1.7564539
3.6447306,1.910609
0.47735205,0.6879866
3.6970341,1.91428
2.8431094,1.6926596
3.2891352,1.8146597
1.6835883,1.2960126
2.2798843,1.5031369
2.4533381,1.5724715
2.075094,1.430861
0.3863056,0.6144464
0.9279487,0.9839505
0.55818707,0.75392854
3.312437,1.8099252
1.4903456,1.2215321
1.1519598,1.0879738
0.8733155,0.93325126
2.8087828,1.6840458
2.0802732,1.4255604
2.3682816,1.5291679
3.0253682,1.7445079
3.879332,1.9908644
2.964759,1.7356062
3.88448,1.9752233
2.7906005,1.6910968
2.708871,1.6564854
0.5769363,0.7583427
0.37189862,0.6099976
0.09571683,0.29352066
2.7748795,1.6558037
2.5962317,1.6130855
2.5253189,1.5920757
2.5002975,1.5886781
2.753445,1.6543546
3.342087,1.8341534
2.9044237,1.7084445
2.397183,1.5627154
0.87173456,0.93666786
3.069082,1.7620211
0.9984992,1.0096186
2.721249,1.6537639
0.5388167,0.71295017
2.040168,1.436075
2.531633,1.5863887
3.2607343,1.8173901
2.8101516,1.6804631
3.2257454,1.8109528
3.4208493,1.8341551
3.5066814,1.8877449
3.5241406,1.8630873
1.0540255,1.0390465
3.231625,1.7881259
0.06771745,0.26225284
3.744163,1.9353371
0.7448504,0.8613807
3.5340145,1.8868622
3.2172174,1.7954216
1.5581586,1.2474496
3.8535933,1.9586705
0.37624514,0.59749556
1.1639866,1.0726684
1.012908,1.0113424
0.032846984,0.18746217
0.6584561,0.81310785
3.1761506,1.7940509
3.32716,1.8420836
2.9801776,1.7349262
2.1901543,1.4735073
2.5292253,1.6032002
2.3262231,1.518109
1.0092611,1.0037073
1.5385445,1.2404073
3.273551,1.808735
0.3750116,0.5934913
0.15490533,0.3876703
2.752248,1.6489351
3.3536823,1.8340172
2.4691393,1.5781212
3.0493436,1.740611
3.9092603,1.9698551
2.5237746,1.5929266
1.776488,1.3510271
3.9726977,2.000775
2.5143974,1.5853999
0.7099457,0.85084426
2.7405503,1.6442212
2.9725165,1.7377317
0.045092918,0.19735132
1.7319875,1.3248063
3.785287,1.969041
3.26497,1.8021643
0.8189418,0.9074681
1.2185857,1.1074042
2.6407208,1.625273
3.650628,1.9219478
3.5126147,1.8544177
0.9711612,0.9900051
2.7259517,1.6725595
2.2566838,1.499097
1.5031337,1.2405802
1.2041718,1.0734848
1.993267,1.4129246
2.2739005,1.525377
3.5979314,1.9000449
2.9965837,1.730762
0.2406701,0.49340692
0.7075913,0.8273732
0.95090747,0.97199994
0.8241035,0.9346502
1.1843547,1.0905825
1.6256458,1.2736136
0.0675948,0.266182
0.2727685,0.5133951
2.6493154,1.6164936
2.4028642,1.5351008
3.5053875,1.8608148
3.8200598,1.9397545
2.9267735,1.723345
1.5786785,1.2620758
2.9757338,1.7260627
2.3147857,1.5203165
3.7722383,1.9251852
3.617935,1.8876055
3.3609014,1.8421731
2.601547,1.6086485
0.68395597,0.81978655
3.0786538,1.751661
3.5153313,1.8791116
3.0036526,1.7449828
2.3425076,1.5170071
2.9774847,1.7365264
1.4646094,1.2106323
0.5608449,0.74579227
1.3521383,1.1669635
3.4415987,1.8579601
3.5839417,1.8748841
0.802363,0.8894223
0.3500274,0.5948005
0.3918646,0.6063955
2.18287,1.4812955
1.0681481,1.0145631
1.7108369,1.3065854
2.1819766,1.4779463
0.22851871,0.49946025
3.157017,1.7754704
0.71762097,0.8477197
1.8055546,1.3445488
3.4851522,1.880574
3.288877,1.8202853
3.554381,1.8776991
2.8465443,1.68495
0.9410248,0.9785828
1.5872189,1.27873
0.40402272,0.63187724
1.4910486,1.2250373
0.019717352,0.138191
2.170074,1.4861825
0.20706475,0.46407858
0.44120762,0.65981233
2.3297596,1.5328318
0.2634502,0.4896172
2.761736,1.6718882
2.6964118,1.6267531
3.660449,1.9127905
1.874361,1.369203
3.9720697,1.9969089
3.6874466,1.9109806
1.7272649,1.3159262
1.2620947,1.1250424
1.9547029,1.4064695
1.8860402,1.3673481
0.64196026,0.8086934
3.2078414,1.7751924
0.38601208,0.63052547
0.46438584,0.67347956
2.3136308,1.5091856
0.9184531,0.96829
3.538528,1.8679181
3.9925463,2.0012922
0.6196208,0.78732437
3.755047,1.9497246
3.1529236,1.7763464
1.5146209,1.2306997
2.132811,1.4504892
1.5661079,1.2560188
2.0562031,1.4335651
2.0584037,1.4302752
3.03635,1.7336248
2.652627,1.6407248
0.31031087,0.5551972
1.1926619,1.0856078
0.33530006,0.6036053
1.7088631,1.2938935
1.9329559,1.3808604
1.4241984,1.1916926
0.7154256,0.8443558
1.4743161,1.2045994
2.7607791,1.6595616
0.4896107,0.6942169
2.0991535,1.4460626
2.7922115,1.6690518
0.82459813,0.9170451
3.6858022,1.9147938
0.5425683,0.7287008
0.6318422,0.8063212
0.4989778,0.7015984
3.1972995,1.7799966
0.38446662,0.6110004
2.0228856,1.4355001
3.550674,1.8897884
2.2756548,1.5087343
1.4514444,1.1845627
1.814152,1.351222
0.10420967,0.3132686
2.0046575,1.4291224
3.6023707,1.912894
3.4977207,1.867223
0.2787558,0.510548
1.9623166,1.3946649
0.3978265,0.6105182
2.3494954,1.5461547
1.8249319,1.3510858
2.6986663,1.6319524
2.0242884,1.4103067
1.7550538,1.3181385
1.4211459,1.1985927
0.26280248,0.504995
2.7566988,1.6732731
0.6996166,0.83821064
3.2702985,1.8145206
1.2925719,1.1321468
2.7325218,1.6718307
3.9218051,1.9880008
1.80204,1.338354
3.0855198,1.7594734
3.1679425,1.7612915
0.13442677,0.3617053
2.1522312,1.4636182
1.2971087,1.1479304
1.7879484,1.3574958
1.2011096,1.1032982
2.1651218,1.4594812
3.6096358,1.9084584
0.20353952,0.4491078
0.85928,0.9268356
3.572983,1.8738276
0.29081437,0.5400361
1.4743675,1.2066692
1.0059991,0.9952316
0.6990712,0.8636277
1.090041,1.0270907
2.325996,1.552997
3.8722296,1.9651936
1.6571194,1.2909433
1.7855728,1.3423828
1.5970744,1.2688494
3.821642,1.933399
0.5242975,0.70822155
1.2216103,1.1063474
0.12034147,0.3465681
1.3765612,1.1842358
1.1104492,1.0251526
0.97168696,0.98505884
0.8910894,0.93500304
1.3337319,1.15512
1.0085717,1.0067728
0.24919333,0.5041096
1.0549709,1.0373629
3.9086702,1.9828427
3.7786407,1.9395349
2.8581898,1.7001811
0.76695263,0.88314575
2.3009171,1.5132669
3.3609178,1.8481287
0.44266662,0.6897867
2.1226375,1.4533801
1.2277827,1.1096529
1.6030138,1.2744322
2.168829,1.4694939
1.9173273,1.3821993
3.6760669,1.9242786
2.1327207,1.4753096
2.7230556,1.6323394
2.227536,1.4921396
1.6170193,1.2751113
0.82392377,0.9053707
0.3243118,0.5839513
2.7096357,1.6486597
0.40583026,0.62890303
0.33345732,0.58569944
3.6619654,1.8969074
3.8811426,1.9631462
2.4053545,1.5366466
0.12741274,0.33561772
3.0506113,1.74868
2.0574653,1.4352372
3.100905,1.7668247
1.6549859,1.2884476
2.9794834,1.7046521
3.181257,1.7820246
2.1858792,1.4884355
3.8753397,1.977413
1.2285777,1.1234844
3.7842531,1.927526
0.17687052,0.42818987
3.2213335,1.7878325
2.2410326,1.4975033
1.3738695,1.1736716
0.30449045,0.54910463
2.759431,1.6618193
2.7023447,1.6558514
2.9033973,1.6989577
2.9704812,1.7242912
0.47519428,0.68075544
3.4353602,1.8594114
0.5878571,0.76851285
2.2637615,1.5082645
3.187464,1.7945786
3.9995284,2.008605
0.77298504,0.8816838
1.1593369,1.0708414
1.184064,1.0962758
2.8443043,1.680834
2.0389688,1.4122806
1.5829189,1.2595161
3.7862601,1.9370172
2.2995467,1.5266807
3.3426533,1.8312588
3.860565,1.9858233
2.0179286,1.4376361
3.6097896,1.9000255
3.1953435,1.7922802
3.9893775,2.0132174
1.8014098,1.339648
0.0862318,0.28342074
0.43693382,0.65304583
3.002644,1.724741
3.2531443,1.7973942
1.4407526,1.1857225
0.46164078,0.69187164
2.8362944,1.6837331
2.5395927,1.5850958
0.22023359,0.46072567
2.189344,1.4844724
0.99025023,0.9841588
0.46378976,0.70295274
0.72593975,0.84654194
0.8390964,0.9164714
0.6406224,0.78396535
0.72831166,0.84533226
2.153345,1.4732484
0.17994413,0.43244693
1.1920679,1.1028868
0.4351921,0.65016574
2.4869068,1.5780787
3.7918994,1.9493074
0.17775767,0.42754588
3.5827477,1.8947498
3.060535,1.76267
2.178087,1.4779226
3.7972116,1.9505925
0.8827179,0.9310923
0.17650013,0.44749463
3.1349006,1.7622174
0.4923503,0.7030542
3.3312428,1.83542
3.6715934,1.9310863
0.99426013,0.9999228
3.452776,1.8569008
2.1339538,1.4603927
1.3897643,1.1932794
1.1187177,1.0719712
3.1404147,1.7757282
2.6502433,1.6314696
3.3737037,1.8242725
2.4537375,1.5758445
1.4276519,1.1937746
1.4436871,1.1931627
3.6489546,1.8834773
2.6697407,1.6287704
3.369996,1.8396938
3.0470994,1.7481654
0.8140166,0.901907
1.8179269,1.341699
0.3354153,0.57684827
3.3461483,1.8315878
2.2375197,1.5039926
3.6518707,1.9211069
0.6729927,0.82004285
3.693523,1.9278129
3.5489573,1.8857048
0.64400405,0.79661846
3.0509157,1.7337433
1.8824649,1.3848972
1.056192,1.0314777
3.6855671,1.9086009
3.1829615,1.7986108
0.6559814,0.816586
3.8043008,1.9786464
2.1120522,1.4650201
2.1921887,1.480623
2.6786606,1.6281077
1.6818879,1.2852496
1.4783596,1.2209561
3.0379524,1.7477492
1.9628927,1.4003618
2.3126872,1.5254645
1.4271561,1.1900134
2.3695793,1.5347784
2.6400592,1.6303284
0.9972716,0.9920218
3.687854,1.9243376
2.0432384,1.4256209
1.4827238,1.2074914
2.7875156,1.6689928
3.7581327,1.9389008
2.179042,1.4829804
1.3248059,1.1545973
2.6542778,1.6400115
3.68655,1.9303558
0.7218639,0.8402862
2.1374109,1.469114
0.88641095,0.94119716
2.1325636,1.470503
3.1057317,1.7564527
3.2135441,1.784832
0.14402986,0.3674653
1.2041092,1.1046617
0.8182014,0.9000935
1.1569684,1.0711062
1.8507811,1.3726021
0.28074715,0.53234226
1.9646853,1.4063857
2.9337785,1.6923635
1.9875822,1.4168818
2.6034465,1.6202687
3.1080916,1.7738056
3.7261076,1.9430524
3.3695662,1.8405874
3.3970125,1.8264109
1.2453737,1.1133157
1.4280353,1.1998211
1.1472826,1.0715575
3.4182181,1.8475515
1.5427974,1.2517905
0.03381922,0.17681304
0.36854276,0.6044664
0.5055371,0.7101682
0.23348339,0.50580746
2.3477604,1.5123614
0.3193524,0.57890123
2.61028,1.6045809
0.9993845,0.99962616
3.1064904,1.7683333
2.4677582,1.5748063
3.5994554,1.8962959
1.8564267,1.3728553
1.5658827,1.2502304
1.3132615,1.1423988
0.72712785,0.85507524
1.3341588,1.1521393
0.033591513,0.18057607
3.6472526,1.9203408
3.8944058,1.9771693
3.6084378,1.8943942
0.27905893,0.5308731
0.56769717,0.7312327
3.3093214,1.8198645
1.992021,1.4164207
0.2370479,0.4908787
1.299563,1.1269227
1.4582013,1.2055471
2.5672975,1.6082568
0.2557669,0.5129626
3.6117122,1.9052222
0.35493612,0.59417325
1.5209622,1.2208909
0.15258087,0.3786611
2.3829355,1.5513259
3.5925796,1.9050664
3.5036473,1.8609141
1.8251152,1.346427
0.8596245,0.93003285
0.82031876,0.9086591
0.5513832,0.7467391
2.2155287,1.4896652
0.8133186,0.89291656
1.8662913,1.3726197
3.8899095,1.9789199
0.5337472,0.72222877
1.3389587,1.1673714
3.0994751,1.7311484
1.5811086,1.2530136
2.25987,1.5179586
0.13426974,0.3822582
0.40904838,0.6441298
2.1788292,1.4818513
0.25743112,0.51271296
3.4663608,1.8629616
3.3792973,1.8443222
0.008101989,0.08965654
0.2583726,0.5161672
3.1350234,1.7645417
2.793764,1.6747742
0.34474406,0.5751096
0.8286467,0.90040004
1.0808005,1.0430461
2.270395,1.4992782
1.2536161,1.1230979
0.874664,0.91683006
1.2017424,1.082425
3.8890257,1.9731774
1.5237876,1.2196109
2.872559,1.6911318
1.7041701,1.3059632
0.35819578,0.60183835
0.4791506,0.692688
1.7896088,1.3371291
3.2872536,1.8183608
1.0647922,1.0161254
2.1587136,1.4781489
2.5985258,1.6177702
3.7350342,1.9286995
1.8575654,1.3713672
1.3369117,1.1610303
2.4091039,1.5685142
1.1871448,1.099684
1.5137817,1.2290382
1.6088375,1.2595859
1.689539,1.3107276
0.5429153,0.73723716
0.42511413,0.65032923
1.6492766,1.2770109
0.31556496,0.58025295
1.8172837,1.3391289
3.780659,1.9514337
2.332127,1.5426916
0.04299837,0.2040721
1.9600301,1.4008521
0.43970013,0.6447839
1.8673902,1.3547869
3.8975449,1.9919006
3.7905726,1.9328891
1.6950179,1.3021193
3.6918077,1.927045
0.25486323,0.49759707
0.616362,0.77995914
0.7670954,0.88638264
0.21429682,0.45392054
2.4588394,1.5659238
2.322868,1.5161604
2.3279808,1.5201075
1.0491116,1.0453731
2.6187928,1.6059691
0.19286117,0.46150717
0.9152566,0.9457276
3.7956936,1.9345186
0.05873671,0.2393995
0.5005917,0.69623834
3.881551,1.9772936
3.2291338,1.8043754
2.8582616,1.6807796
3.8238797,1.9453955
0.70887804,0.84771836
1.8512299,1.358587
0.6993874,0.82983905
2.9654646,1.7187377
3.4000747,1.8477292
3.4481874,1.8632014
1.715761,1.3060948
3.1626844,1.7842579
3.8259223,1.9575462
2.4751978,1.567482
3.411032,1.8511937
3.1031165,1.7609782
1.2745545,1.1190649
3.6529408,1.9414569
3.3760936,1.8486025
0.96246964,0.9866263
0.2994781,0.5648286
2.03758,1.4235768
0.8063626,0.8964644
1.9693984,1.3973259
3.5038788,1.8826576
0.2850875,0.5357712
0.57551515,0.7590902
0.6868753,0.82049036
3.3528683,1.8230292
0.3480435,0.5848738
1.2430513,1.1188383
0.15473089,0.3963282
3.0892327,1.7643226
2.5630882,1.6016829
0.7365759,0.8476831
0.92175335,0.963933
0.4734734,0.69046825
2.052257,1.4348537
0.3937419,0.61734784
0.6699168,0.8241142
1.9881754,1.4080058
2.938084,1.7122868
1.1261879,1.0632843
0.893901,0.9604809
3.0188224,1.7463049
1.0111914,0.98295414
2.7653253,1.669738
2.0634356,1.4507712
2.0238056,1.4426161
1.9290997,1.3902764
0.3176666,0.5550085
3.863702,1.9700221
1.8673829,1.3579296
1.6780962,1.2967162
0.3773957,0.6256358
1.6530311,1.2649965
2.981779,1.7207247
0.83086777,0.91665936
2.684695,1.6180018
2.992379,1.7206745
2.4922645,1.607899
3.9040048,1.980754
1.752385,1.3264817
1.2283372,1.1136396
0.13858223,0.37293103
0.9869145,1.0188516
2.8197544,1.6911052
1.2232316,1.1022794
1.2338303,1.1033304
2.8353727,1.688482
2.312582,1.5100973
1.7238187,1.3186393
0.23966809,0.5057897
0.5385797,0.7399844
1.8169556,1.3469305
2.356558,1.5468813
1.5876228,1.2703735
0.94666374,0.9592036
3.369906,1.8365752
2.8746426,1.691328
3.6123316,1.9038916
3.6697567,1.9106047
2.621548,1.6304659
1.5771426,1.249668
1.9037887,1.3695445
0.2590912,0.50845385
0.46547994,0.6589488
1.0442519,1.0164232
0.6665549,0.81309736
0.46593702,0.7127885
1.8044168,1.3419218
2.1591928,1.4908568
3.2777443,1.8133475
2.049516,1.4329768
1.8950458,1.388206
1.2861416,1.126692
3.2144165,1.7853979
2.6811154,1.6360421
0.7172271,0.8397414
2.1233177,1.4531995
0.6363012,0.7975113
2.826419,1.6784025
1.2395253,1.0987313
2.1005259,1.4590863
0.06575875,0.2521222
3.4360607,1.8643322
1.5826024,1.2626563
0.07116907,0.26920736
0.28906393,0.5396177
3.2256448,1.7859205
3.1412055,1.7814659
0.53029877,0.731033
2.8680627,1.6900047
2.181675,1.4855821
3.0326602,1.7430756
1.0756118,1.0327156
0.2858073,0.5307632
0.5853333,0.7570502
3.7374444,1.9357493
0.9301582,0.9519151
3.8172276,1.9509803
1.911924,1.3854495
1.7931708,1.3360357
3.8755155,1.9716963
0.83059776,0.9179912
2.8454604,1.6696578
0.49555832,0.70245343
3.477837,1.8482696
0.1690886,0.42503607
3.0827584,1.761724
1.0007,0.99404836
2.3903606,1.5404441
3.4177458,1.8551317
2.9460955,1.7127638
3.833128,1.9668049
3.4126604,1.8432435
1.6632671,1.2910472
1.498445,1.2182516
3.04889,1.741777
1.1649395,1.0856465
1.4587929,1.2295882
3.3817465,1.8338124
0.53524226,0.7195932
0.08822955,0.280865
3.8125849,1.9650532
0.86549675,0.93731815
0.5886085,0.7652298
2.3533905,1.5196093
3.5767443,1.902396
1.5799044,1.2687103
2.753404,1.6537777
2.5119965,1.5852556
1.6470584,1.2921406
0.3524988,0.578987
3.7107115,1.9134499
3.9138994,1.982067
2.1847079,1.4713149
0.48242915,0.7022921
2.837943,1.6812763
0.26228535,0.5174235
2.3694398,1.5320919
1.95353,1.3985218
0.20808673,0.4535675
0.6152696,0.78229886
0.55366766,0.74312276
2.8418186,1.6835932
3.0536492,1.748952
0.39620805,0.61690867
1.401302,1.1859807
0.51577115,0.719456
3.6675196,1.9316043
0.23674373,0.4839088
1.6122811,1.250624
0.9624947,0.99244666
3.745109,1.9525846
3.5068324,1.8814684
1.4302362,1.2027969
1.739332,1.2985594
0.36505064,0.5970378
1.5907072,1.2643083
2.211756,1.5050008
1.4842973,1.223258
0.3393251,0.56974053
0.8534808,0.9209752
1.0715147,1.0311066
3.0812263,1.7754931
0.81363916,0.9099651
2.763758,1.6504998
1.2543215,1.1088698
0.44364363,0.67667466
2.0075316,1.4276636
3.3005056,1.8186454
1.2158519,1.103744
2.3507621,1.539613
3.3099718,1.8262078
1.0686076,1.0281613
0.36720598,0.6047152
0.89907163,0.9451665
3.4324918,1.847517
1.3135086,1.144386
0.70892966,0.8456439
2.0172877,1.4346197
2.4722052,1.564006
1.8493135,1.3587029
1.2957073,1.151654
1.9687768,1.3978568
3.6135209,1.8782374
2.5890927,1.6174781
1.7256128,1.3305311
3.2588277,1.8014268
0.007905878,0.09795705
0.7858033,0.88977134
2.1504924,1.4552258
2.6227674,1.6290897
1.9703113,1.4149363
2.6023455,1.6111073
2.445685,1.5715814
2.2583463,1.4958724
0.5781819,0.76441246
1.7687844,1.3349903
1.7587883,1.3262101
0.9148722,0.9449774
3.5789404,1.8932117
3.5178237,1.8799527
1.2086102,1.0896285
0.87100303,0.9431834
1.5681249,1.2467108
0.13822015,0.36943513
3.5886745,1.8823812
0.76540387,0.88015944
0.8960181,0.97309816
1.796229,1.3365979
2.3100567,1.5125402
1.7561797,1.3216896
2.010672,1.419137
3.4962401,1.8746797
3.2648036,1.8174951
0.044298228,0.21876134
1.9320694,1.3854383
2.9476085,1.7215301
2.7895825,1.6530563
1.4295001,1.1884785
2.7343042,1.6462139
2.5336325,1.5905968
1.0412661,1.0018549
0.83990765,0.92438436
0.28817615,0.5264659
1.7438693,1.3268633
2.0713005,1.4524786
0.15716907,0.4202727
1.6073848,1.2511042
0.36506793,0.61286694
0.30080846,0.54515
1.1485522,1.076501
2.0804155,1.4386213
2.4433632,1.5545658
2.2571068,1.5029188
3.8541696,1.967032
0.90486836,0.9677616
1.782116,1.3203286
2.0042953,1.4146725
0.82887214,0.898704
0.9862315,0.9876694
2.597622,1.6168358
3.4334934,1.84959
1.6465816,1.2862744
2.3586326,1.550992
3.932369,1.9765648
3.1079576,1.7483084
0.44668514,0.65829456
3.9978735,1.9968354
2.7823443,1.6326953
0.63489705,0.80051136
0.9308758,0.9955446
2.6946015,1.6220179
3.3597434,1.8186548
2.0814195,1.4402757
2.2831285,1.5211194
0.78320795,0.87928194
2.4519722,1.5644009
2.3258498,1.5217956
1.7518536,1.3188903
0.21635252,0.46949145
2.6462603,1.6288257
2.075062,1.4594691
1.9438188,1.4084256
3.8581254,1.9520489
2.3085132,1.5185128
3.7252364,1.9360129
2.7475102,1.6553887
0.7802582,0.8680835
2.226597,1.4853755
2.9875064,1.7276707
2.9869077,1.7163578
0.45517734,0.6790124
0.41288427,0.6247763
0.090815075,0.2881985
2.5975316,1.6084256
1.5805717,1.2580655
3.1832964,1.790301
3.494869,1.8584806
3.0802505,1.7514688
2.0114884,1.4109536
2.010471,1.410823
0.5671247,0.75735366
2.485704,1.582556
1.369452,1.1816514
0.31187075,0.55869585
2.6587572,1.6153
2.5817263,1.615753
0.1327071,0.33367106
3.9251416,1.97847
0.2773226,0.537617
0.7319687,0.84842163
2.8259518,1.6592528
3.0539377,1.7541174
1.2848997,1.1351987
2.527753,1.6019275
1.3356413,1.1587896
1.3197114,1.1449095
3.7131026,1.9283515
2.8600368,1.7095143
2.0695271,1.4356904
0.90754163,0.95994717
1.2319275,1.1126184
3.659059,1.9006132
2.2136974,1.4867089
2.1818178,1.4981009
1.4211193,1.2044239
0.4524368,0.6787815
2.0277398,1.4242388
3.7667062,1.9261289
2.6790078,1.6498564
1.4167079,1.2135048
3.2153044,1.8080974
3.5735195,1.8989098
1.1522902,1.0682428
1.2285858,1.1006123
2.637169,1.6169214
2.1042683,1.4407389
1.5835878,1.2655655
0.809272,0.9105813
1.1681283,1.0740957
1.1072994,1.0473466
0.2698053,0.5202182
0.24790908,0.48251173
2.1181335,1.4556274
2.9131489,1.7117888
0.88378453,0.9467789
3.1704097,1.78541
3.978609,1.9856852
3.1903577,1.7790914
1.4809649,1.1917328
3.1756802,1.7783227
1.8023964,1.3393655
1.2137882,1.0969038
1.4061453,1.2006708
2.6632676,1.6388285
0.16537836,0.40269047
3.4335144,1.8536242
2.5369897,1.6019021
3.6632936,1.9267771
2.5180502,1.5807934
3.0763338,1.7491175
2.6349442,1.6173992
2.4402604,1.5552909
3.2611997,1.7907225
1.2031742,1.0943221
0.029253548,0.18423311
1.8094428,1.358451
2.1620412,1.4748213
2.132104,1.4757875
0.056761913,0.24412741
2.303895,1.523765
1.9815875,1.4187653
2.5488064,1.6022317
3.979786,1.971956
0.90512466,0.96218807
0.11999564,0.35134095
3.9115915,1.9699513
2.840103,1.6910788
1.0143403,1.0055646
3.9160364,1.9897314
0.38719204,0.63638306
1.2635326,1.1250764
1.6141279,1.2797419
1.7672441,1.3315742
1.6157138,1.2710302
1.4978029,1.2324148
1.1860392,1.0905746
2.6121547,1.6193211
3.5962026,1.9116387
3.0136323,1.7592014
0.81484646,0.907849
0.11241471,0.3341832
1.9697008,1.4190328
3.0889695,1.766551
3.5830374,1.8999779
1.4130665,1.1854336
1.8714559,1.3691583
0.18159552,0.4204876
0.75975704,0.8814816
2.9707031,1.728687
1.2324269,1.0978824
2.0855958,1.4331185
1.3031491,1.1569786
0.82884055,0.9127996
3.3847792,1.8627654
2.4787655,1.5756271
1.6976157,1.3235369
3.431604,1.8451145
0.33478397,0.57794994
0.7440949,0.8648653
0.20271853,0.44068432
1.1910014,1.0953244
3.1795895,1.79036
2.3742664,1.5529476
1.195329,1.0972748
3.4833364,1.8679243
1.3876085,1.1974833
0.8056805,0.8933794
3.3243806,1.832972
3.215821,1.8013645
2.198292,1.4786987
1.1238879,1.0588742
1.7498232,1.3196703
1.2020408,1.0843465
0.36543584,0.59170204
0.13700116,0.35948908
0.79900813,0.8884579
2.6871352,1.6163691
0.83768487,0.90774035
3.4851296,1.8745044
2.637958,1.6502126
0.54650724,0.72971624
3.1964273,1.7777125
2.364613,1.5564911
3.2883494,1.8115183
1.3827921,1.179986
3.1918576,1.803698
2.4340708,1.5636235
3.5981424,1.9003093
3.4707985,1.8652385
2.950913,1.726213
0.2202061,0.46867716
1.0625179,1.046622
1.8438699,1.3588643
0.9867274,1.0029567
2.4458568,1.551847
0.12203671,0.32897353
2.8150563,1.6755096
0.0050069555,0.061762307
3.8619015,1.9632468
1.817314,1.3621174
2.1051788,1.4467297
0.0889368,0.30763286
3.395056,1.8598305
3.2193744,1.7964545
0.80802006,0.8953823
0.31114557,0.55983555
1.2606225,1.1252137
0.23656087,0.4667827
0.30091283,0.54900545
0.3415598,0.5692536
1.6297426,1.2786391
3.6040761,1.9128842
0.25261858,0.514848
3.02959,1.7480445
0.019673785,0.1309154
2.7670774,1.6464537
1.9564056,1.3993238
0.7719547,0.86990803
3.4936912,1.8579187
2.421838,1.5540226
3.604507,1.9108665
2.8641891,1.7008251
0.76097846,0.880154
1.0676478,1.0264951
2.738255,1.6376172
2.127265,1.4506035
2.5850701,1.6073403
2.702955,1.6534529
1.5765706,1.2583387
3.8031871,1.943213
2.664595,1.6261827
2.681863,1.6457282
0.3456609,0.5965797
1.5898685,1.2701467
3.7951732,1.9570959
1.2045165,1.08204
0.9148495,0.9521395
1.0376279,1.0203917
0.2525985,0.5039174
1.6474376,1.2740314
2.8956413,1.70453
2.0218744,1.4302862
3.1844947,1.7920588
0.37225673,0.60495996
2.5313158,1.5811112
2.3799667,1.5423738
2.2737813,1.506243
1.7329427,1.3217567
3.811289,1.9589245
0.11055867,0.3401452
3.688026,1.9061164
3.6828637,1.9312667
3.9885175,1.9998215
3.353163,1.8330424
3.685099,1.9186566
0.47443694,0.6916008
3.397601,1.8573225
0.8449901,0.92235154
2.0325146,1.4254944
2.5160968,1.5886401
1.6072266,1.2703314
1.6597446,1.2864295
0.56584054,0.761016
1.999362,1.3980886
2.8476539,1.6911093
0.23510657,0.4891455
1.2661669,1.1363693
3.7298338,1.9241912
1.950149,1.3814402
3.1875377,1.7965784
0.2368271,0.48924762
2.8787339,1.6891074
3.7074192,1.9160788
2.8400445,1.688859
0.47314548,0.69878244
3.015191,1.7455366
1.5852455,1.2557302
2.1750083,1.4504908
3.0585341,1.7362254
0.27754995,0.5183303
3.1229465,1.77591
1.5681746,1.2437706
3.4643211,1.8628801
0.051651705,0.23355629
1.8748095,1.3663638
3.4008374,1.8588991
2.9316492,1.7244182
3.7870817,1.9308854
3.7727,1.9321842
3.4431927,1.8539836
1.2710254,1.1078246
0.85174674,0.9316614
0.8017229,0.90079105
1.4156259,1.1926893
0.03425907,0.18063232
3.1143017,1.7526251
1.977126,1.4134978
3.751511,1.9237233
1.500776,1.2187289
2.5574107,1.5815283
2.8083963,1.6503303
0.89817065,0.9495844
0.0563814,0.2270941
0.034129802,0.18213448
1.6856475,1.299704
2.5023906,1.5800714
0.2826347,0.54299957
2.2848,1.5187287
1.5834218,1.2614183
1.1612263,1.0661577
2.162529,1.4815885
0.15466318,0.39203686
2.2302709,1.4926428
0.94874686,0.9877272
1.0380017,1.0005238
3.5378013,1.8643004
2.157022,1.4731455
2.2779915,1.5355767
1.8697909,1.382481
2.5249429,1.5898988
2.3360314,1.5367748
3.7854753,1.9470011
3.714617,1.9320636
0.6382891,0.79958916
2.537843,1.5908691
0.13718034,0.378496
1.3330029,1.1534377
0.5848743,0.7719387
3.1700957,1.7776088
0.8715198,0.9288878
2.3271456,1.5191196
0.4141741,0.63142085
0.4266607,0.6571451
0.047480572,0.22033626
0.29333365,0.5257535
3.9776938,1.9754423
3.0665994,1.7541782
0.6826437,0.8179437
3.8029125,1.944215
3.0067408,1.731934
0.115743674,0.33469665
2.3135016,1.5174986
0.040653814,0.21214521
3.1949856,1.7834454
1.0761138,1.021225
2.6454191,1.6232213
0.10721136,0.32983154
1.2643179,1.1370564
0.60211456,0.78152704
1.2743305,1.1123129
3.2583003,1.8217874
3.662682,1.9127489
3.759485,1.9408946
3.179839,1.7829905
1.7826595,1.3390199
1.4140657,1.1738216
2.360092,1.5471525
0.22626694,0.46588385
3.5883913,1.8947362
2.0172307,1.4303207
3.8944597,1.9716648
0.68146765,0.8227889
2.2831445,1.5075648
3.8353648,1.9476074
1.186581,1.0924598
2.6477346,1.6302888
2.0271075,1.4351424
3.7445762,1.9268105
2.572832,1.5930867
3.0354874,1.7490808
1.6917439,1.3093007
1.5300939,1.225086
0.6937072,0.85318947
1.0699973,1.0414453
1.4175397,1.1965683
1.1164951,1.057669
2.338393,1.5385432
0.9845422,1.0122541
0.5840164,0.7487234
3.2193053,1.7842256
1.7589611,1.3169357
2.325005,1.518996
2.3685844,1.5291493
3.4918945,1.873315
2.2991128,1.5130348
1.0823565,1.0368868
3.9769933,1.9941967
0.47257704,0.68872845
3.4633586,1.881572
2.8294275,1.6881849
0.48848793,0.6973923
1.3614082,1.1777691
3.8658757,1.9672643
2.8596568,1.6813447
3.2859368,1.8133477
0.9145323,0.9620342
0.46566877,0.68793136
3.8525362,1.9609685
2.0903704,1.433046
0.50729287,0.71229595
2.3442166,1.5239891
3.0387654,1.7559758
0.8178572,0.912923
0.3490844,0.58651584
3.2376752,1.7818692
2.542713,1.5833188
0.20229785,0.45497075
0.8451466,0.90382457
2.304513,1.5102408
3.867647,1.9800144
0.7899362,0.8976264
0.80911225,0.88949156
2.105534,1.4591001
3.6032765,1.8995163
3.9817026,1.9868758
0.1076498,0.30904946
2.6384792,1.6238773
0.558707,0.74952495
1.1700184,1.0928329
0.049215034,0.22866887
1.6421909,1.2681321
2.3760614,1.5421565
0.032995667,0.21446481
1.7854161,1.3130964
1.2721723,1.1236973
0.020590337,0.14854762
1.9554983,1.399365
3.218318,1.7941593
3.7241273,1.937029
2.955648,1.7176371
3.0728872,1.7585741
2.9938128,1.7293531
0.9719401,0.9778356
1.4329681,1.1974232
1.7661384,1.3281121
0.8894085,0.92350686
1.4003922,1.1823177
2.6485758,1.6407001
0.7326007,0.84772867
0.09021902,0.30261943
2.116598,1.4435707
2.656163,1.6296262
1.7355891,1.3349457
1.2558188,1.1356765
3.3662074,1.8329561
2.8300176,1.6987451
2.2346754,1.4852376
1.7015225,1.2981981
2.826011,1.6814386
3.6056905,1.9038179
1.935292,1.3856561
2.3057292,1.5197978
2.6194293,1.6210641
1.841999,1.3530151
1.9861996,1.3993096
0.1660049,0.4220542
3.6912658,1.9296902
3.793752,1.9437387
3.732944,1.9326495
0.2539798,0.5048493
0.004056557,0.051288657
0.23804155,0.48099372
2.281474,1.5028179
1.6945623,1.322285
3.9641492,2.0095627
3.1341755,1.7817676
2.6868846,1.6324089
0.5107797,0.72946274
1.5280656,1.2352742
3.5001125,1.8725888
2.9170358,1.6997311
0.1136154,0.33709893
1.2796695,1.1302001
2.5355961,1.5956895
2.096768,1.4294245
3.9443033,1.9795928
2.16294,1.4582113
2.7130637,1.6516595
3.126276,1.7819039
1.2514504,1.1144474
3.5199716,1.8754692
0.062444467,0.23751268
3.8516183,1.9611368
2.1872742,1.4758935
0.13750947,0.36489356
2.4161234,1.5813264
0.81413645,0.89462364
3.474258,1.8586065
1.7132369,1.3009516
2.2659159,1.5008923
3.7907753,1.9402101
0.5553908,0.75427127
0.64251703,0.8073789
0.46957514,0.6776308
0.5271379,0.7119955
2.2595408,1.512913
0.46164086,0.6632735
1.3668643,1.1745803
0.4881839,0.70117724
1.8886964,1.3654082
0.13264593,0.3453634
1.4343307,1.2059244
3.573029,1.8912046
1.7265017,1.2959179
3.3522651,1.8208445
0.7413191,0.85513663
1.6923865,1.3257328
2.505509,1.6099774
0.044367418,0.20785426
3.6476033,1.8994193
3.9972856,1.9889448
0.79738855,0.8972526
0.67976433,0.83495915
2.6474853,1.6156842
0.68339014,0.83188945
2.5610113,1.6073902
2.7755427,1.6748121
2.1514192,1.4654145
0.9363928,0.9537147
3.5777822,1.8862135
1.1683617,1.083579
2.1496382,1.4668616
0.9969404,1.0044365
3.4209168,1.8613076
2.162083,1.4751441
3.4814653,1.8578452
1.7989182,1.3504663
0.86999625,0.93057764
2.3556726,1.5321176
1.1546127,1.0661705
3.050002,1.7370096
0.95319873,0.9805813
2.3293366,1.5365725
0.7125089,0.841562
3.555155,1.9101235
2.3183053,1.5271842
2.8125243,1.672893
0.6584615,0.7967878
3.1347163,1.7744845
1.124395,1.0661092
1.40342,1.1926466
0.088957444,0.29474315
0.26712224,0.5043793
0.7420946,0.8539527
0.37914047,0.6138491
0.09396707,0.30267358
1.4955187,1.2151098
3.0940788,1.7607117
0.99614686,1.0061576
1.4975694,1.2295643
2.2067494,1.4856268
1.4661167,1.2074955
3.8244307,1.9498016
0.87332726,0.93681276
1.7854142,1.3369704
3.427559,1.850255
1.2687986,1.1349952
0.6403778,0.8078458
3.6602051,1.914871
2.3549242,1.5305516
2.0762181,1.4268839
0.5259473,0.7201466
0.29527593,0.53541374
3.7199125,1.9266441
0.31692258,0.5594234
1.9565634,1.3907155
3.042491,1.7492297
2.915623,1.6895341
2.6582036,1.6283818
0.12992953,0.3533564
2.6267831,1.6344129
0.6896196,0.82987034
2.279374,1.5061208
2.5132663,1.5814375
1.0069137,1.0151836
1.813928,1.3535585
1.3372519,1.1451986
3.8298922,1.9489206
3.3851671,1.8255453
0.86102116,0.92781305
0.28988132,0.52860767
2.0753825,1.432555
1.2857994,1.1431016
3.6842196,1.9113511
0.99462014,0.98977923
1.0122073,1.0174986
1.3064309,1.1627651
0.38902596,0.62400377
2.1011944,1.447282
1.0532604,1.024058
1.6178099,1.2766429
2.4305341,1.5368059
2.3394313,1.5359639
1.2411324,1.1110116
0.5920661,0.76691186
2.724965,1.6509913
0.08439355,0.27979288
2.8823864,1.7125677
2.2980294,1.5056075
1.6969413,1.3166021
0.8799038,0.9524031
3.3840005,1.8453805
0.3223068,0.5736507
3.691122,1.9225621
0.73655576,0.86161983
0.8418257,0.90858066
2.8507218,1.6831217
3.9919853,1.9917899
0.86650056,0.9328568
2.4117012,1.5393265
3.4951813,1.8719312
1.6092625,1.2754041
2.7151031,1.6544399
0.35723463,0.5910553
0.9108259,0.9452924
3.9695277,2.0000992
2.275984,1.5009258
2.01909,1.4185771
0.23988733,0.5091213
0.9830402,0.99085516
3.123354,1.7720586
1.8637385,1.3708534
2.8756235,1.6777829
3.676607,1.920994
3.2625852,1.8306136
0.68466914,0.83973616
2.782056,1.6766291
2.7809284,1.6782137
3.929223,1.9933739
2.0405076,1.418586
1.8055083,1.3517722
2.8530023,1.6900649
3.245489,1.7870898
2.3305697,1.5230387
2.7472787,1.6572707
3.5331,1.8716006
3.167981,1.7760205
0.56151783,0.75251067
3.4664812,1.8653197
2.1335208,1.4656341
2.837964,1.6886472
3.7369516,1.9237455
3.1744874,1.765824
3.1130855,1.7673056
2.432793,1.5577859
3.7770739,1.9437143
1.2877324,1.1356072
1.345671,1.1551079
3.9469383,1.990028
3.674761,1.9021379
0.8686725,0.9550182
0.30761248,0.55684286
2.4939554,1.5785795
1.8585702,1.3547362
2.6914885,1.644778
1.2668514,1.1087109
3.2597277,1.803565
2.1294813,1.4758177
3.9357884,1.9723331
0.39918283,0.63015586
3.8520787,1.9587786
3.530643,1.8825973
2.9489565,1.720594
3.0229414,1.7340766
1.4943876,1.2156777
2.1259408,1.4571793
1.7032489,1.3057805
3.2419198,1.8027068
2.2519841,1.500968
2.6521075,1.6409583
1.8139282,1.3445491
1.3767889,1.1920308
1.6124766,1.2923801
1.4897134,1.2139692
0.12289655,0.35698727
2.8259804,1.6847104
3.131858,1.7755109
2.4121196,1.5560355
0.9585828,0.9714574
2.8027475,1.6655552
0.37739518,0.61071134
3.7024941,1.9217546
2.6066449,1.5969443
2.896706,1.7163514
2.0887423,1.4507712
2.5349119,1.6163007
2.4520688,1.547327
0.69288605,0.8422065
2.2565904,1.5083554
1.9969661,1.4030328
0.25375918,0.5073636
2.0742543,1.4419703
3.893008,1.980179
3.0439332,1.7396324
0.8618674,0.9181245
2.4387453,1.5663707
0.9079784,0.95864594
3.3862517,1.8363571
3.1020963,1.7717016
3.9588618,1.9938064
1.047911,1.040371
2.1967933,1.4788048
3.439828,1.8462524
2.9360778,1.7085993
0.36354563,0.58930796
0.33440053,0.58181417
0.7670962,0.8814711
3.2939706,1.8039895
0.5856047,0.7772392
0.9357417,0.97399575
3.0017595,1.7293732
2.3525639,1.5361036
3.267451,1.8047646
1.8686255,1.3570994
3.1598713,1.7730509
1.4513527,1.2080548
0.94379556,0.9733917
2.7062006,1.6505424
1.6851009,1.3021743
3.7883453,1.9472088
2.7482827,1.6629148
3.102773,1.7808486
0.17220323,0.41248208
1.780215,1.3452919
3.1726813,1.7814313
3.8863142,1.9686413
3.5142336,1.8719184
0.7438492,0.86303025
3.636858,1.8877969
3.1569731,1.7686615
3.0916088,1.7732303
3.3435328,1.8203515
0.6829915,0.83817565
1.6562897,1.2913597
0.20188224,0.44223052
0.19212209,0.434302
3.4328737,1.8333236
2.989796,1.7570901
1.4441227,1.193634
2.0269518,1.4385307
0.94853437,0.9717519
1.8367038,1.3412707
0.9171284,0.98316336
2.2961695,1.5227869
3.30598,1.83593
3.484169,1.8746502
1.9252007,1.3891791
3.5503547,1.8754476
3.0148973,1.7304409
3.6475756,1.8916748
3.5239384,1.864285
2.0069296,1.418697
1.4874313,1.200087
3.2838094,1.8011686
3.005851,1.7260379
0.6921249,0.8300488
0.078509785,0.28271544
2.5225654,1.584917
3.7962198,1.9394302
0.89635307,0.94011843
2.5307682,1.5948793
1.3108869,1.1314245
1.78016,1.3494521
0.8168164,0.89516544
0.98788863,1.0070453
1.4368999,1.1785583
1.9482596,1.39481
2.371515,1.5483505
2.9841242,1.7363096
1.989157,1.4027787
3.4143214,1.8497865
0.5164463,0.7243222
1.4177891,1.1833129
3.8270667,1.9490358
0.70310843,0.83131003
0.5610482,0.7446456
2.626133,1.639495
2.9858022,1.7292347
0.7828641,0.8888477
0.9135767,0.9351767
1.6459885,1.2845833
3.209187,1.7851721
1.6122899,1.2745221
2.345217,1.5498067
2.1496463,1.4411485
3.2724888,1.8070333
3.658619,1.915572
2.413997,1.5407177
3.3921998,1.844744
1.193623,1.0858918
1.2080866,1.0881356
2.9230056,1.7168212
3.9530988,1.9783735
0.84945506,0.9171888
0.44541734,0.6767621
0.6864775,0.8490596
2.771631,1.6579666
3.7245388,1.9353546
1.3367311,1.1675069
0.8396837,0.908904
0.6733426,0.8067045
0.52295357,0.7241199
2.881994,1.7026117
0.8880998,0.9371926
3.88342,1.9638715
3.479396,1.8434314
2.3474293,1.5364958
2.907362,1.719855
2.6064644,1.6019669
3.9523482,1.9752198
0.4838465,0.6825535
3.5584137,1.8799672
2.6740775,1.6405069
2.2191641,1.4856371
1.7016917,1.3093015
3.9641461,1.9759126
3.2882442,1.8025486
0.070388876,0.25741708
0.15858416,0.39483702
3.0358484,1.7392045
2.1465924,1.4681469
2.2672768,1.5036325
1.3187284,1.1543434
3.7041337,1.9307485
0.89790154,0.94012403
2.7211769,1.6424866
0.25082338,0.4947612
1.1151661,1.066112
3.6515834,1.9114931
1.7204211,1.3101856
2.5516605,1.5973163
1.3526264,1.1787497
2.4502108,1.5809399
0.16386053,0.40442592
1.0407879,1.0400263
3.6530392,1.9165481
0.63226664,0.7944534
0.7278842,0.85795724
1.9648011,1.4005885
3.2167864,1.7836766
0.82300484,0.91328084
3.466854,1.8708873
0.379685,0.6063526
2.0773282,1.4359707
1.241706,1.1068798
0.66080534,0.82352227
1.08958,1.035803
3.1164503,1.7825514
0.13651788,0.37227315
3.9392128,1.9877462
2.8788912,1.6987512
1.2285916,1.1017051
1.5192902,1.2235972
1.6210754,1.2615489
0.091850586,0.28949335
0.295706,0.5493011
1.311271,1.1443166
0.9712018,0.9845663
3.0622396,1.7452053
0.9163737,0.9510758
1.3388213,1.1545409
3.8477995,1.962744
3.3900435,1.841068
3.3016315,1.8093725
3.3125637,1.8185954
2.5533123,1.5913258
2.1274927,1.4769331
3.316055,1.8302892
1.3908002,1.1944641
2.2109778,1.4808556
3.48001,1.8617157
0.4220591,0.65621066
0.11878448,0.3334916
3.6269934,1.903576
2.8639584,1.7110777
2.296235,1.5271918
0.5565623,0.7432033
3.9785006,1.9961727
1.271721,1.1243008
0.25224426,0.5171078
1.7278786,1.3154463
0.26086608,0.52167606
2.023613,1.4406117
1.6578447,1.2860564
2.8691547,1.687298
1.9235666,1.3834904
2.7526839,1.6552527
1.1823506,1.0945351
0.66676384,0.79139245
2.6600718,1.6400023
3.1932344,1.8032432
1.630541,1.2678038
0.06389948,0.24486223
1.420731,1.1762915
0.22540048,0.46552542
3.0968661,1.774406
0.20346515,0.44032946
0.5210207,0.72333544
1.9761761,1.3929921
1.530212,1.2386864
3.2819872,1.8068498
3.3104181,1.8294768
1.0032735,1.0065633
3.311066,1.8279711
0.4001873,0.6312512
2.1930275,1.4716407
1.0142243,1.004112
3.991591,2.0100713
3.256571,1.7956014
0.84853894,0.91572464
1.1521598,1.0805666
2.7811906,1.6621232
3.5388298,1.8896652
2.263528,1.5098295
2.4928813,1.5804615
0.6337029,0.80664545
3.812396,1.9602586
3.2962906,1.8045348
1.2492293,1.1178956
0.3087089,0.5647931
0.835315,0.9027394
2.768681,1.6742889
2.1127994,1.4577677
0.42045194,0.65478504
1.9108158,1.3872135
2.477878,1.5855615
2.3858297,1.5294708
2.9855132,1.7298723
1.7842354,1.334522
2.5701513,1.5909746
1.7959168,1.3553737
2.7940838,1.6657856
3.8382165,1.964026
1.0955936,1.0360762
3.133741,1.7620686
3.0702257,1.7465423
2.0085452,1.4303207
2.0662684,1.435166
0.3636211,0.5933369
1.760768,1.325325
3.784974,1.9420354
3.0233126,1.7428678
1.237782,1.1211991
0.670127,0.80412835
0.7464196,0.8584681
0.526455,0.7212805
3.7087927,1.9142793
2.6874294,1.6307762
3.131541,1.7770245
0.5595893,0.7520675
2.7287498,1.6451669
3.2290554,1.7912297
0.2978564,0.5576372
2.5859854,1.6172932
2.9919064,1.7301184
0.8895977,0.93751293
0.7368931,0.8693879
2.0049305,1.4135495
2.5059872,1.5763638
1.0804865,1.0296558
2.684604,1.6264166
3.2861283,1.8024027
3.9339201,1.9866251
2.8346992,1.6868067
3.40929,1.8650887
0.9047899,0.96290433
0.84344655,0.9155525
3.826825,1.9500775
2.8753977,1.7083682
0.46084797,0.68387705
1.6975237,1.3125933
2.2437882,1.4936073
0.9073837,0.9406545
1.3309826,1.1494734
2.1116793,1.4646705
2.4569252,1.5819666
0.27220163,0.5261432
0.7470409,0.86904114
1.9688362,1.3874657
0.56646115,0.75515676
0.46078572,0.67440915
1.40785,1.1808459
1.5447425,1.244245
1.8121277,1.3477514
1.2263076,1.1037662
1.51504,1.2282904
1.7113923,1.3046776
2.8455143,1.6882173
2.8470454,1.7008147
0.64820117,0.81900007
1.1586692,1.0633928
1.8236879,1.338154
1.4486815,1.2010096
0.341506,0.5764089
3.4653163,1.8608506
3.7829928,1.9403318
3.0018842,1.736796
3.9654543,1.9936227
2.3190749,1.5100359
3.275766,1.8076303
0.5993756,0.76895076
2.3118124,1.5119461
0.541897,0.7405839
3.172728,1.7827474
0.5414687,0.73091793
2.0700815,1.4426501
3.2820692,1.8159246
3.2357333,1.791243
1.5289118,1.2632592
1.1202569,1.0657086
2.902556,1.697751
0.99198097,1.0019258
1.4311091,1.1867335
2.3182096,1.5192753
0.13980459,0.37656394
1.5467533,1.2474989
3.230197,1.8048743
0.8148595,0.8733118
2.9004478,1.6922456
3.0981133,1.7686251
0.24545975,0.4933762
0.35132504,0.6004176
2.871876,1.6957537
2.6750696,1.6345842
3.6079266,1.893515
1.8258952,1.3442274
3.0992806,1.7706964
3.0888345,1.7620244
2.1929684,1.4804443
0.6215443,0.7849228
3.6014843,1.8962797
2.0387394,1.4166782
0.24584752,0.48691285
1.403333,1.1937897
0.72928196,0.8468634
3.44933,1.8558556
1.103331,1.0539905
3.1719956,1.7856076
3.7365959,1.9191817
3.8247323,1.9479784
1.1714221,1.0845335
2.6610463,1.6420319
2.1114233,1.4444135
3.8799896,1.9875838
3.0457413,1.7391998
0.19406152,0.43489203
3.519182,1.8697146
3.5933864,1.8878456
1.0111785,1.0033375
3.2431228,1.8052344
3.9686713,2.0074153
1.8138967,1.3552434
2.8328104,1.6824688
2.7413487,1.654787
0.9953326,1.0085043
1.544735,1.2264688
0.77940637,0.8765676
1.0544745,1.0086604
1.6237437,1.2721603
0.9897439,0.99083054
3.2590706,1.7998978
0.5985229,0.7772087
1.9558743,1.3903456
2.3383124,1.5229352
1.5834991,1.2638083
2.5830305,1.5978992
2.6580274,1.6249977
3.3349183,1.825185
1.9625312,1.4056793
0.17260495,0.42366403
3.726004,1.928859
0.45602947,0.68996984
0.6017676,0.7708162
3.2457073,1.8028574
1.3370274,1.16397
0.23459573,0.473297
0.34873727,0.60478354
2.4475968,1.5578517
2.7249112,1.6554301
0.16200067,0.39213127
0.7527644,0.85617954
3.6570086,1.9108007
3.8578463,1.9759074
2.427165,1.5665153
2.6569085,1.6346328
3.983142,2.0165448
0.35209575,0.58739835
2.1701021,1.4929198
3.0124974,1.7273123
0.8953656,0.9442511
3.7967715,1.9503907
2.603342,1.6159108
0.8493773,0.9282538
3.5315187,1.8655835
0.38345727,0.6262369
3.9421802,1.9653109
0.6713735,0.81553996
2.899975,1.6927454
1.1283576,1.0603211
0.25887173,0.5023986
1.8167357,1.3456603
3.838205,1.9690315
1.0213375,0.9966683
1.378396,1.1779796
3.94268,1.9996632
2.2884772,1.5404717
2.832637,1.6782519
0.64002323,0.79421425
2.098914,1.436244
2.8604665,1.6747203
0.2834718,0.53700835
2.8373923,1.6980293
0.24150367,0.5008037
0.68240756,0.81721413
1.8614551,1.3750472
2.7479925,1.6723187
1.1495285,1.0668135
0.059598796,0.26214722
3.6989064,1.9245204
1.125767,1.0636059
1.9244187,1.3839401
0.26281118,0.49353427
2.7415848,1.6537274
3.1746976,1.7808306
1.8411405,1.3540906
0.6356677,0.78584045
0.488413,0.70571476
3.7841465,1.9394374
2.903901,1.6899987
1.55728,1.2425681
0.8023811,0.89367336
2.5785034,1.6199996
2.717674,1.6384838
3.1010792,1.74817
2.1244295,1.4413042
0.9461855,0.9548995
3.7174141,1.9394414
2.3455787,1.5578165
0.014395921,0.13458869
1.5630382,1.2463427
0.863128,0.9356697
1.733756,1.3254584
2.9659216,1.7220017
1.2248505,1.1184648
0.32151294,0.555194
3.0009959,1.7495303
3.5475006,1.8800206
0.3161265,0.5693322
3.4284227,1.8462752
3.7147417,1.923573
3.2975175,1.8051835
0.14292048,0.38214892
1.1575093,1.0745809
1.0999765,1.0517688
1.6762128,1.2875522
0.80826056,0.9062926
3.7064908,1.9191424
0.801131,0.90262467
1.5427496,1.2425568
2.1610775,1.4798607
0.95461965,0.97453135
1.5696886,1.2399158
3.087469,1.7521583
1.0567672,1.0259634
2.763274,1.6600363
2.966569,1.7060025
0.19877385,0.4428715
1.8605807,1.3463677
0.20932959,0.45999876
3.9275892,1.9747342
0.6956401,0.8314366
2.9663403,1.7238913
2.918567,1.7147754
1.4800688,1.2259152
2.8601,1.6834776
1.2917504,1.1299394
0.42722479,0.64924127
3.7656324,1.9330451
2.524464,1.5888033
0.46136224,0.6758086
0.81776667,0.9167704
0.51534396,0.7378305
0.18788052,0.42711207
3.203464,1.7881889
0.17298664,0.41582367
2.8269174,1.6816127
3.035099,1.7307833
0.83819425,0.9258149
2.8987699,1.7004273
2.699282,1.6649066
3.5544035,1.8853579
0.5932694,0.76787084
2.961106,1.7292745
1.2935692,1.154791
0.06966726,0.26383883
1.3411856,1.1631304
1.4519854,1.196477
2.2251945,1.4836241
3.5504103,1.8792458
2.2972894,1.5196394
0.3358451,0.59599054
2.6456442,1.610774
1.5658754,1.246623
1.2969074,1.1512909
0.8554446,0.9400248
2.3951094,1.5588576
1.484918,1.2183237
3.9695945,2.0005734
2.9490676,1.7074287
0.45005253,0.6749952
0.85544074,0.9115392
1.2893629,1.1336609
3.4735973,1.8499095
0.09806614,0.33383814
3.8042793,1.9503634
1.1333691,1.0769488
2.8016768,1.6468132
1.0900527,1.0437301
0.55938137,0.7537323
1.1693449,1.096774
0.049263366,0.23133944
2.531236,1.5937169
3.1611612,1.7598672
0.0020071606,0.041952528
2.3076246,1.521707
1.6323662,1.2765769
2.942382,1.7155212
0.6357649,0.79176944
1.519765,1.2398316
3.421907,1.8568605
1.1833739,1.1008774
1.4063742,1.1757126
3.4129453,1.8559611
2.5548632,1.5867486
2.2714138,1.4989318
0.0652752,0.27856806
0.6073847,0.7718151
0.83051527,0.90147567
2.2882142,1.5171235
3.182665,1.7890536
0.82559407,0.90106946
0.5477459,0.7331966
0.6156974,0.7750739
1.1040895,1.0545518
0.9418126,0.97486603
2.071119,1.4343467
1.383008,1.1690782
0.95846665,0.98232514
0.48615417,0.6906706
2.5147262,1.5857437
1.5286409,1.2425244
3.011524,1.7468358
3.6641188,1.9121614
1.4642447,1.2135957
3.0793343,1.7567282
1.487747,1.1992446
3.74784,1.9233674
1.1538393,1.0658404
1.9873564,1.4170747
0.027356597,0.1629355
0.965627,0.972178
0.6069906,0.7818504
2.858932,1.6684792
0.28138185,0.5327886
2.4021125,1.5617262
0.75937873,0.858607
3.1237705,1.7772638
2.641728,1.6299815
3.1698427,1.779281
0.41903552,0.63045645
2.96798,1.7305833
1.5676243,1.2587831
2.326229,1.525613
0.23795515,0.47838116
2.2924795,1.5063246
2.6876776,1.6319968
3.9834826,2.001508
3.5896537,1.8998353
1.9260242,1.3739603
1.0849245,1.0400915
0.58429945,0.78627145
2.279045,1.5091591
1.8409114,1.3509457
2.1936622,1.4778844
1.9189811,1.3606168
3.611082,1.8952705
2.966077,1.7220566
0.8371558,0.9232183
2.515662,1.5641601
1.9019382,1.3919078
3.2341368,1.7979987
3.247046,1.7953463
0.86948913,0.9314359
1.9930803,1.4183717
2.1594913,1.479937
1.3774078,1.1719604
0.022779543,0.15882269
3.978161,2.0003996
1.0766566,1.0279899
2.8422978,1.6804576
3.5494497,1.883299
1.0314207,1.0224202
3.340468,1.8213729
0.27478865,0.5319716
2.6114223,1.6068112
1.2735175,1.1353486
1.9966016,1.4010695
3.8937101,1.9870551
2.1636407,1.4570487
2.7763276,1.6708337
3.4480977,1.8525603
0.1626776,0.39690372
0.77028966,0.8864241
3.3211462,1.8280733
0.4903558,0.7000465
1.1276999,1.0664368
2.9749897,1.7423911
1.1851075,1.0704962
2.4228172,1.5302473
0.54383695,0.7331139
2.3210864,1.5204343
0.39341214,0.63238215
0.3446776,0.58887684
2.0943637,1.447915
0.6457877,0.79419154
2.7161374,1.6506562
3.2643893,1.815751
0.21438128,0.46620384
0.93301195,0.966944
3.9462981,1.9954082
1.5060847,1.2259972
2.0113194,1.4167614
3.1099179,1.7714709
3.1518269,1.776149
0.9587232,0.97722363
3.7886138,1.9595082
2.3674686,1.5302256
2.8827727,1.6973511
1.4830967,1.2082428
1.5068825,1.2238885
0.31265303,0.5639487
3.8018816,1.9477901
2.7056036,1.6590179
2.4355826,1.5486906
1.8969753,1.3790501
1.2452573,1.1199893
0.10245031,0.3226044
2.1150587,1.4680175
3.752693,1.9464985
2.246829,1.4838507
2.2065098,1.4970526
2.7178802,1.6534281
3.656345,1.9153149
0.07934651,0.27418867
3.386716,1.8371276
0.6532262,0.80672693
1.9263377,1.3812042
0.5478545,0.7335086
0.68276316,0.82668537
3.4188282,1.8532652
3.9465146,2.006936
0.50553596,0.7114811
1.50953,1.250845
0.64963526,0.8066326
0.58689326,0.7642011
1.4087876,1.1857526
1.3865525,1.1644477
1.3748586,1.1686994
2.8029554,1.6740264
0.08958601,0.30806684
0.79325485,0.87469786
2.9887133,1.7385403
2.8048224,1.6911788
1.6028425,1.2613947
2.9592526,1.7044377
1.4707336,1.1949433
1.7735665,1.3138416
3.1873586,1.7940805
0.741967,0.86373
2.4599783,1.5702541
2.7230859,1.6382017
0.91705805,0.9658329
0.3581362,0.5919784
0.8507703,0.9202301
2.406188,1.5611115
3.01262,1.7393079
0.67171144,0.8155729
0.7057257,0.83397835
0.35100412,0.59550303
3.225709,1.8123069
0.43927813,0.6743922
3.3008187,1.8124664
3.5524616,1.8733534
1.972102,1.4219253
0.6518929,0.8163333
3.859194,1.97514
3.7926867,1.9513471
0.88638055,0.9401447
1.137111,1.0689687
0.3865068,0.62135506
3.1840887,1.7853974
2.6882257,1.6441503
0.0033445028,0.066176094
0.11500953,0.33952025
0.45632437,0.6702789
3.7006638,1.9223746
0.3296784,0.57402945
1.1544758,1.066632
3.3336408,1.8181522
1.171665,1.0740068
0.34533808,0.60972154
2.4800243,1.5812231
2.247143,1.5012432
2.759221,1.6627436
1.9794061,1.4240519
3.9801955,1.9798204
0.99909407,1.003678
1.6532166,1.2905997
1.2382466,1.1000549
3.2815259,1.8239008
1.3727219,1.1734633
0.24641402,0.49301663
0.14222553,0.3664426
3.0218465,1.7348888
3.2100835,1.7942408
1.4976315,1.2292705
1.5713699,1.2482203
0.68915343,0.8461321
1.4861954,1.226343
1.0976025,1.0549293
3.2726412,1.8144383
1.5203301,1.2253784
3.3733912,1.8134347
0.670011,0.82044995
1.7434486,1.3095735
0.44561505,0.67120016
3.9808927,2.0033975
2.4058852,1.5305363
1.4460934,1.203194
1.9731997,1.41256
0.09782329,0.33118892
0.3874202,0.6256996
3.1293733,1.7779859
1.6161455,1.266097
0.9663817,1.0081961
0.20278318,0.44283125
3.1106265,1.7380306
1.4579277,1.2157356
3.2433167,1.7991618
0.3483963,0.6078595
1.2775286,1.1180481
2.6001732,1.6066833
1.0917748,1.0482926
1.7166294,1.3183278
2.783645,1.6733366
1.9797835,1.4070231
2.9669034,1.7260771
0.22263819,0.45934427
3.6775906,1.9086895
3.9880452,1.9713256
3.7611742,1.9428455
0.9385776,0.96090394
3.783597,1.9317868
0.83814454,0.8895346
2.0121443,1.4199389
3.205322,1.777262
2.6888213,1.6220391
1.95784,1.3927873
1.1223841,1.0651546
3.9191809,1.9978842
2.7953877,1.67213
0.7961604,0.89666796
1.6406323,1.2863812
1.6345888,1.2825606
3.6056292,1.9026607
0.3174119,0.56750816
1.2992601,1.1462414
0.7173866,0.8318873
3.7961254,1.9513866
2.294359,1.5190502
2.715169,1.6462902
0.7132938,0.83622974
1.8777623,1.3615918
2.4527893,1.5506891
0.7486151,0.8472066
3.569131,1.9033058
0.0124268485,0.13044421
0.68065095,0.8114557
3.797718,1.9519687
2.264943,1.5080594
1.5826396,1.2635974
2.252566,1.5006418
2.6610065,1.6453618
1.9803103,1.4102165
1.9411279,1.4054766
1.5709577,1.256933
0.45535418,0.66782486
0.6209429,0.7938712
0.96968544,0.9643551
3.1760435,1.7940862
1.5774443,1.2598213
3.0779645,1.7515163
2.865086,1.6845808
2.93801,1.7181778
2.8373094,1.6755829
0.11634916,0.33097067
3.5459342,1.8701104
1.3475735,1.1535622
2.9173245,1.7084419
1.5278978,1.2542739
2.3413417,1.5196825
2.2171466,1.52527
3.8049698,1.9577909
3.5142388,1.8686676
3.546883,1.8889654
3.9738903,1.9972439
2.3348527,1.5195965
2.702661,1.6416724
2.898747,1.7143991
1.6024495,1.266953
1.146282,1.0665932
3.16105,1.7800697
1.8480581,1.3769952
0.020595672,0.13453381
1.3524462,1.1662856
0.9155338,0.94537264
2.6710837,1.6147346
3.1536565,1.7818632
1.8693212,1.3789514
2.328411,1.544165
0.025557606,0.16871037
1.9351202,1.390276
1.3566964,1.1534448
3.6585112,1.9175348
3.9382648,1.985929
0.22071089,0.46742624
1.3503274,1.1642734
0.8217488,0.90530413
1.5102944,1.2427849
3.1209157,1.7569728
1.5332973,1.2508554
3.9067116,1.9704844
3.0076373,1.753227
0.70048064,0.84120667
3.9322135,2.005734
0.29793113,0.54118794
3.2661088,1.8043803
0.29064777,0.5437858
0.45124862,0.6883035
0.2759971,0.5481174
2.9206228,1.7060912
2.9206882,1.7149904
3.5425408,1.8832047
2.1289728,1.447001
1.6015583,1.270097
0.7784866,0.8828864
0.07254163,0.29208088
2.5686216,1.5978793
2.4363105,1.5687572
0.06331342,0.26209983
1.6678183,1.2902881
2.6925893,1.642753
0.96676856,0.98386514
0.6201907,0.7976867
2.6285787,1.6270311
3.434547,1.8446535
1.9214212,1.3818176
2.8647249,1.6947805
3.3597116,1.8479668
2.9780836,1.7248302
3.747646,1.92602
0.17223015,0.43047217
3.7999349,1.9624621
3.6844947,1.9254348
3.8082407,1.9477341
3.500813,1.893245
1.8976513,1.38933
0.53634655,0.7267594
3.668021,1.9265606
1.4369142,1.1884117
3.9032614,1.9780667
1.1187173,1.0766412
1.8494948,1.3664147
2.5570745,1.6041456
1.2589514,1.1230205
3.6571875,1.9040667
0.009997038,0.10704458
2.6214342,1.6126887
1.2412846,1.1244708
0.6321406,0.79334
3.5407722,1.8734435
2.9535162,1.721646
1.6941649,1.2958373
3.7423236,1.9198071
1.0600239,1.0149082
1.2137781,1.0856442
1.2848948,1.132625
1.7101779,1.316851
1.5499572,1.2422627
0.23995672,0.48412523
1.7478689,1.3023349
1.3152499,1.1391915
3.5006099,1.8664213
3.716492,1.91297
3.38783,1.8386532
0.32576993,0.58005744
3.465281,1.8513024
1.788473,1.3188555
2.7286758,1.6392831
1.9631169,1.3800783
1.7237523,1.3084869
3.3966732,1.840812
0.70942134,0.8402245
0.2812747,0.54440075
3.3882432,1.8327974
3.6778388,1.8996795
2.9524279,1.7157788
0.22781485,0.47835708
1.2806112,1.130199
1.3743968,1.195567
0.3872677,0.6343499
0.3088368,0.5767679
0.7942498,0.89357126
3.6116316,1.8892252
3.6196227,1.9098741
3.3247864,1.8285795
1.3423729,1.1502447
0.02958566,0.16455032
0.4556903,0.689122
1.4063277,1.1830732
2.8831744,1.7126943
2.4929736,1.5610478
2.357986,1.5439922
1.6054977,1.2723846
0.031804487,0.18181711
3.0344093,1.7380639
2.024067,1.421016
2.2946086,1.518679
2.515457,1.5863408
0.48553303,0.70138985
3.9406388,1.9884444
0.26772314,0.5259832
3.6461098,1.8987638
2.1847463,1.4661585
3.5988867,1.9106687
3.5995164,1.9041934
3.5193996,1.8804778
1.0048357,0.98569244
3.572313,1.9054784
3.8419883,1.9649376
0.52027065,0.7263047
0.45876148,0.7051115
0.6626999,0.8436031
1.962197,1.4062847
0.1851731,0.40819895
2.6425028,1.6225194
2.471535,1.5684476
3.9548686,1.9874228
3.9119437,1.9862455
3.153602,1.7797219
0.60872304,0.7877834
1.5585907,1.2580183
3.6618392,1.9201531
0.38925096,0.6364637
2.1564157,1.4870135
2.8773963,1.6912564
0.54193324,0.7372364
3.1460779,1.7666599
1.385565,1.1798433
1.4365861,1.2013986
3.5030885,1.8710268
1.0568161,1.0135357
1.045574,1.0142932
2.8858452,1.6976365
0.4387698,0.6564036
3.2830663,1.8014373
2.1278486,1.4561886
1.5389643,1.2655765
3.011389,1.7352378
0.6718521,0.808544
3.1195889,1.777509
3.3213768,1.8058765
2.5798652,1.6118287
1.9638617,1.3936309
1.5602552,1.266318
1.5441624,1.2573436
1.9058628,1.384915
1.3465972,1.1712087
0.9870231,0.98919624
2.0245333,1.4420853
0.17573157,0.43726012
0.95541716,0.9761313
2.767506,1.6554538
2.4668162,1.5500832
3.0174935,1.7422911
3.5318313,1.8695838
1.98163,1.416841
1.8069128,1.348351
3.436057,1.8348453
1.8352957,1.3638738
3.1016524,1.7509962
1.3004569,1.139483
3.7765403,1.9535029
3.85322,1.982613
2.92507,1.7217679
3.0899837,1.7618619
1.5266911,1.2289554
2.0451899,1.4349253
3.0084882,1.7443253
2.2033105,1.4785335
2.9893034,1.7200153
2.6705513,1.625533
1.3798618,1.1735044
1.1510986,1.0751933
3.359877,1.8321886
1.4063812,1.1877654
3.8267682,1.9436742
0.6000826,0.7710257
3.4511993,1.8577027
2.838064,1.6803943
3.3163679,1.8206156
3.495961,1.8574014
1.5847646,1.2503936
1.4445981,1.1800312
1.3266165,1.1442459
2.1666281,1.4813352
0.15916888,0.39359787
1.3502489,1.1676478
2.351517,1.5263071
3.1175935,1.788731
0.26772308,0.52199936
0.8911671,0.9705602
2.4448583,1.5652065
3.438327,1.8579223
2.743281,1.6602377
3.1153176,1.7508783
0.33709028,0.5915806
0.25822097,0.51812255
1.921846,1.4032195
0.41730228,0.64456755
3.1196358,1.768356
0.8469929,0.9212677
3.799271,1.9599059
0.5878252,0.7542959
0.62380946,0.7792585
3.0532718,1.7603477
0.69043577,0.8314156
2.6467,1.6116741
3.5454905,1.8800564
0.35049862,0.59256524
3.5729828,1.8895404
3.2252326,1.7954354
3.7424138,1.9412712
3.5130339,1.8662472
0.96889794,0.99028987
1.9716126,1.4052292
1.4626625,1.1959629
2.3803368,1.5364587
2.8043194,1.6804402
3.8265991,1.9535894
2.385391,1.5439658
1.3951006,1.1823457
3.1232228,1.7688841
0.7254524,0.8660003
0.52163047,0.7353364
3.0405705,1.7302682
1.3063276,1.1484059
1.4663811,1.2157701
2.9570994,1.7166134
1.7717018,1.3189344
3.29514,1.817088
2.4516845,1.558535
0.17306954,0.39349195
2.252093,1.5331815
0.45375815,0.67030114
3.2609634,1.7872376
2.1283448,1.45046
1.1122932,1.0590066
1.2603642,1.1173728
1.3905188,1.1884271
3.8976989,1.9960568
2.2472093,1.5143036
3.8218124,1.9659685
2.8175025,1.66763
3.4277582,1.8616167
0.28692615,0.54510844
0.07452649,0.2743094
2.240277,1.4823858
2.7216597,1.6379051
0.22174013,0.47444573
1.1134388,1.0474591
3.5730336,1.8853946
2.021909,1.4187912
1.1680373,1.0776198
0.19892682,0.45210364
3.3708136,1.8360982
2.25433,1.4983705
0.044656307,0.20376869
0.045980047,0.204616
0.84287786,0.9173615
0.42151937,0.64084893
1.1279844,1.0650556
3.7220876,1.9211036
3.6923158,1.9272053
1.4138378,1.1848341
2.895239,1.6972373
2.7024512,1.6361362
0.032817055,0.17257547
0.8205333,0.9073261
0.12736729,0.3670712
1.7464657,1.3421656
2.647787,1.628149
3.5534127,1.8856726
1.2368782,1.1068854
2.4733593,1.578225
2.8834941,1.7030829
2.4503617,1.5586863
2.9064791,1.7088679
3.1629694,1.7635387
1.338957,1.1658803
2.213201,1.487927
1.4021008,1.1759338
3.164665,1.7777051
2.8005135,1.6753063
0.8408276,0.93279976
0.8901912,0.9584933
1.9117775,1.3835957
0.66659266,0.82610714
0.6754618,0.7973983
1.2434946,1.1210431
1.9063491,1.3833972
1.0655353,1.0311393
3.4103053,1.8331589
0.74136096,0.871289
1.2655593,1.1234297
1.4556165,1.2036624
3.3723137,1.8314744
1.8378265,1.3554741
1.8611389,1.3702103
2.6678922,1.6267242
1.2617738,1.1280624
1.8022916,1.3415488
3.4793108,1.8727028
3.6963403,1.9357489
0.531063,0.7280674
2.8741734,1.7054778
1.330027,1.1681705
0.34293467,0.59517807
2.3349693,1.5266134
3.4959505,1.8684765
2.8353837,1.682887
2.3143232,1.5037425
3.070599,1.7506869
0.903425,0.94588214
0.63421446,0.7916157
1.4614096,1.202284
3.3677094,1.837643
2.1051652,1.4347222
0.8178409,0.8988777
2.9399233,1.7092298
2.2470596,1.5006768
0.56930816,0.7651618
0.6701984,0.8352814
1.86504,1.3641721
1.0061617,0.99819124
3.2125309,1.7840233
3.2066267,1.8041037
1.4788339,1.214309
3.5515935,1.8636187
3.331045,1.8377421
3.608521,1.8805119
2.0837662,1.4559783
3.153469,1.7759349
2.3190472,1.5052364
2.4471684,1.5685749
1.3139846,1.1442527
2.0980465,1.4305958
3.6575341,1.9040282
1.9995341,1.3965055
0.014206337,0.10115546
2.2644439,1.4911453
1.6805751,1.3098918
3.653677,1.9247509
1.1236832,1.0304536
1.701834,1.2891816
2.994717,1.7278448
3.793827,1.9470606
1.1767321,1.0800815
1.5567069,1.2415618
3.5610452,1.8983809
3.316992,1.8005193
0.10134445,0.3165351
1.6466014,1.2702482
1.581871,1.2676319
0.78808856,0.8814589
1.8973377,1.3661199
2.2082558,1.5067973
1.2962865,1.1440203
0.4284383,0.6633349
3.7928505,1.9433525
2.1126904,1.4443748
3.5895302,1.8998985
1.1802448,1.0866768
0.12862387,0.34085834
0.72746956,0.86183083
3.2431858,1.7968136
1.0235864,1.0027455
2.4850092,1.5766125
1.592645,1.2671828
2.8379524,1.6840856
0.93857265,0.9856886
1.2781423,1.1287673
0.96630055,0.97016066
1.0391214,1.0183343
1.7284298,1.2977127
0.63411075,0.80406433
0.10230909,0.30892766
3.797609,1.9492581
0.41237557,0.64193285
1.072139,1.0233035
3.0339987,1.7503015
2.567575,1.5913955
3.1939921,1.7967688
1.5714439,1.2493231
2.0431356,1.4337482
1.0795231,1.0315797
0.15061766,0.38189176
0.8199394,0.90522164
3.601307,1.8926178
3.799751,1.949005
2.5633557,1.6217695
3.6520112,1.9101453
0.48263332,0.70044494
3.0364845,1.743373
3.1672478,1.7698183
3.2426925,1.7786552
3.4360619,1.8641644
1.1419008,1.0733049
1.0054555,0.9991074
2.861774,1.6818266
1.637435,1.273449
3.9346287,1.9948932
3.9293728,1.9889264
2.1002476,1.4189624
3.8326027,1.9689062
3.782561,1.9384857
0.1831296,0.43953303
2.5059445,1.5717243
1.0752807,1.0463791
1.142349,1.065696
0.9388016,0.9597531
0.09907873,0.31007808
2.171132,1.4751384
2.4855056,1.5762912
0.80119175,0.89158344
3.1226583,1.7719259
3.2717502,1.8156078
2.1689243,1.4720762
0.75430566,0.8804725
2.7297597,1.6684854
0.85632294,0.9184317
0.6595522,0.8124987
2.6841974,1.6330034
0.37407234,0.606668
3.0911875,1.7635083
1.2788776,1.1299843
1.9841738,1.4047742
3.4364364,1.8507655
2.4065933,1.5578796
0.30278072,0.5387585
0.013137508,0.1087814
2.717514,1.6511374
1.4718913,1.221118
0.8071307,0.89652425
2.059551,1.4316685
0.03891403,0.222548
2.3368323,1.5275966
0.21991134,0.457796
1.7100074,1.3116523
3.85382,1.9613694
1.0391017,1.0033958
3.7317567,1.9241291
2.7175963,1.6636542
2.3313181,1.5358629
2.193882,1.4845127
0.49707764,0.70924556
1.4122156,1.1811008
0.2011223,0.45446783
0.44808477,0.66137457
1.33072,1.1472986
3.4064968,1.8548075
2.1491995,1.4612538
0.89083165,0.96897066
0.96436334,0.9801233
1.4872519,1.2171136
1.1715187,1.1005666
2.4942822,1.5751098
2.320195,1.5146055
2.3336143,1.5483955
3.1959813,1.8009598
3.6365323,1.9144685
2.2374992,1.4876686
0.39338472,0.6250192
3.3565238,1.8278711
3.1992636,1.791648
0.42143205,0.6545027
2.1958241,1.4762639
1.8288537,1.3436307
3.252816,1.7924331
2.3420026,1.5251096
3.9171607,1.977713
2.9341137,1.7226499
2.1747468,1.47444
0.30482748,0.5533565
0.9107951,0.94618416
1.8921769,1.3785981
0.05963775,0.24937162
1.4930396,1.2273923
3.6782904,1.9099636
2.707168,1.6470716
2.5977316,1.6166507
3.2065923,1.7841812
0.42809376,0.6567167
2.8692439,1.6785755
3.1809645,1.7793089
1.1432449,1.0598848
2.6629715,1.6234124
3.0067804,1.7414572
0.030642064,0.19138971
3.858107,1.9598399
2.6528797,1.619063
0.5224356,0.7156849
2.5874712,1.6181172
1.4151181,1.1952878
1.4007134,1.1936253
1.0124828,1.0052536
2.3637989,1.5453756
2.9980218,1.7242882
2.1314185,1.4686352
0.28096917,0.53685004
1.94483,1.385941
2.6492472,1.6227046
0.56975603,0.7520318
1.7397125,1.324999
1.7884643,1.3365884
0.019143414,0.13648278
3.350752,1.8183457
0.523203,0.72851026
2.2971442,1.5126563
3.556889,1.8798931
3.527563,1.8697513
2.827915,1.6833817
3.2082577,1.8016758
3.738055,1.9177464
1.7010312,1.2976694
3.7125015,1.9203374
3.701393,1.940266
1.250227,1.1207296
2.9746234,1.7263224
2.8108246,1.6735486
0.31064868,0.5644267
3.3409536,1.8081685
0.6285487,0.7779834
0.92385364,0.9522129
2.3330536,1.5324225
2.8487487,1.698093
3.0950477,1.760935
1.4006147,1.1682975
2.0052526,1.4172094
1.6840541,1.2906299
0.8364628,0.92132396
1.0794468,1.0485097
2.4928977,1.5910828
3.2054167,1.7931076
2.4237397,1.5543813
1.8971794,1.3578973
3.0034568,1.725513
0.39798614,0.61540174
2.2658026,1.481962
1.9208356,1.388323
0.8348699,0.9091111
1.1668425,1.0865204
2.89228,1.7007936
2.0191545,1.4073651
3.3718703,1.844544
0.119966604,0.34657276
1.4295676,1.2061545
1.1897495,1.092723
1.0000111,1.0032934
2.4802291,1.5721471
1.8341286,1.342554
3.2718987,1.827661
0.2097669,0.46424583
2.0307574,1.4113631
0.79536074,0.89447135
0.82337224,0.89653325
0.04859519,0.20682602
1.0318501,1.0133909
3.0234346,1.7376857
2.71867,1.6416004
2.077545,1.4418303
3.1190994,1.7636656
0.47319838,0.6788378
1.0640911,1.0254513
3.9259577,1.963303
2.884932,1.7018361
1.6213675,1.2802839
1.6682938,1.2895136
2.3807235,1.5216604
0.04782302,0.22168306
2.8337328,1.6702455
0.25231808,0.49921432
2.005835,1.415494
2.4986532,1.5790567
2.430127,1.5507869
3.6088278,1.9039577
0.89148265,0.94114476
0.75772864,0.85822415
2.6944375,1.6342702
1.8551971,1.3469939
3.0417228,1.7446437
1.828357,1.336713
2.3429894,1.5352867
0.09282176,0.2824312
2.9768329,1.7216164
3.8031359,1.943685
0.49564463,0.7035629
0.793756,0.896736
3.246192,1.7975814
0.34007397,0.56760323
0.60058475,0.7755012
0.59840786,0.779819
1.268704,1.1305184
2.306989,1.5078747
2.1278534,1.4621955
2.3666165,1.5457021
0.3430152,0.58909583
0.8000243,0.90489805
3.5265276,1.898307
0.12401394,0.3342665
3.3988702,1.8505452
0.18629795,0.43423122
1.810372,1.3323532
1.0977186,1.0648178
0.41345593,0.64454144
0.37111762,0.63440174
0.048353687,0.21697569
3.59078,1.8935924
0.55167,0.74378955
2.3994513,1.5484217
2.0350688,1.44547
1.3527017,1.1452782
1.5947623,1.2837331
3.6883042,1.9198813
2.3768215,1.5539037
3.1207166,1.742782
1.4338486,1.1847934
1.4829457,1.2200375
2.99738,1.7185589
1.5682248,1.2560863
0.11186373,0.32014683
3.1454647,1.7597227
1.5465666,1.2441103
1.8677752,1.3686492
2.361022,1.5303361
0.17411344,0.41670454
2.158335,1.4726256
2.00814,1.3991024
0.21014476,0.45887548
1.6788354,1.3109587
2.8760235,1.711801
1.5943395,1.2727736
3.8295937,1.9445282
1.1995627,1.0854023
1.8488389,1.3608041
0.8960949,0.94628066
3.310657,1.8144398
0.6821562,0.8248474
2.1040382,1.4499961
1.5477939,1.2543625
1.6764665,1.290115
3.060652,1.7445253
2.7349372,1.6791958
1.1528935,1.0659392
2.5517368,1.5762502
1.2515832,1.1158803
0.1551733,0.389044
3.7945988,1.9622455
2.1094563,1.4552522
3.1320975,1.7835076
2.8325264,1.6765946
3.9455812,1.9834734
2.586712,1.6173549
3.847336,1.9695451
3.4590702,1.8457301
1.1618272,1.0736121
3.9495916,1.9921883
2.8301256,1.6686237
1.1672165,1.0819397
0.042539686,0.18259867
0.017404996,0.11899473
2.2324378,1.5002158
0.12568739,0.3494069
1.4532838,1.2005677
2.2479198,1.4994562
0.50346506,0.7133215
0.08575521,0.28814167
2.0141227,1.4326713
0.011207875,0.10757598
0.50957173,0.704482
3.1281548,1.7566093
0.93227386,0.97445893
0.78872186,0.88608754
2.3009224,1.5343684
2.5406513,1.5929205
1.8106675,1.3455243
3.725459,1.925036
0.120615974,0.36976764
3.767522,1.9456581
0.5485872,0.73856795
3.8159137,1.9495009
3.1872299,1.7852168
1.328546,1.1626484
1.0278271,1.027191
3.1823175,1.7759334
1.527633,1.2453023
3.764631,1.9624602
3.2355628,1.797328
1.4976251,1.2423449
2.5577707,1.5967742
1.6690046,1.2896628
1.0242116,1.00956
2.8910515,1.6982396
2.0007937,1.4037591
2.6969512,1.6553493
1.3258529,1.1568946
0.076444924,0.27584782
0.9313878,0.9670707
3.3385613,1.8185349
3.0449622,1.7315677
3.380557,1.8300948
2.8707118,1.6713244
1.8652455,1.3615106
3.5090656,1.8641044
2.8214107,1.6812295
1.2875689,1.1342509
0.3133839,0.5578672
0.40487477,0.65030324
1.6192753,1.2727439
0.46537325,0.68620723
3.834845,1.9534403
1.4739599,1.2125759
0.6993846,0.8426527
2.9236536,1.7143643
2.3660707,1.5411962
2.4323971,1.5593027
1.6977717,1.3148657
3.951526,2.0005817
1.9372557,1.4063191
0.30393085,0.5399445
1.0997559,1.0486118
1.9994429,1.4136571
2.4465673,1.570958
2.1680565,1.4570249
2.0732,1.4376726
0.09581928,0.31451875
1.2941915,1.1461383
2.8796778,1.6945249
1.9567071,1.3999387
1.2355654,1.1298852
1.148187,1.0694427
3.1928666,1.7918165
0.88656336,0.9465987
1.5358468,1.2410445
1.3587321,1.1844637
0.02280557,0.14612938
2.2594252,1.5054469
1.419348,1.2044176
2.194426,1.4767628
2.3251925,1.5012676
0.53085995,0.7125266
2.9788723,1.7290182
2.5086148,1.5831822
3.200214,1.801991
1.3176329,1.1571046
1.5008668,1.2416433
0.49570787,0.6882999
0.41957167,0.6427776
1.717823,1.2993349
0.672526,0.81962186
3.3218458,1.8255473
3.077963,1.7697833
2.0031817,1.4300635
0.22227776,0.45671898
2.476742,1.5706627
3.5525339,1.8993448
0.8902717,0.9448305
1.1559099,1.0571114
3.219109,1.8107268
3.7091076,1.9282929
1.6950024,1.2958304
1.430686,1.202547
3.8536477,1.9619011
2.5872483,1.6027629
2.2992814,1.5073831
2.6825614,1.6385837
2.9698625,1.7139146
3.4767406,1.8658158
1.6079674,1.2516973
1.6824536,1.282562
1.5147876,1.2416161
2.7693925,1.65311
1.4798578,1.2240516
2.7737248,1.6610415
2.450684,1.5803413
3.2960925,1.8240466
0.08223928,0.27816588
0.43853658,0.6660764
1.6644207,1.2884059
2.2548184,1.5024431
1.3964452,1.1813154
2.3068745,1.5357158
0.6593413,0.8061103
3.310292,1.8232806
1.6793916,1.2909176
3.5008585,1.8715669
1.9068758,1.3896276
0.26963907,0.5137254
3.8142734,1.9584732
0.31274197,0.56123585
1.3313007,1.1544406
0.378928,0.61889833
0.7250111,0.8664153
1.5272119,1.2196665
1.2334942,1.1261026
3.3498368,1.8444871
3.5907927,1.8892754
2.5678194,1.5954576
3.0371253,1.7521787
0.81496084,0.92507786
0.5254454,0.72452605
0.7967085,0.8853237
2.1928334,1.4870069
3.7577176,1.9162675
3.660826,1.9112265
2.176423,1.4897397
3.7690694,1.9250782
1.6618773,1.3031356
3.067382,1.7448354
0.60936165,0.7829831
3.471171,1.8661051
3.4147174,1.8390697
3.8422832,1.975265
2.018055,1.4329014
2.225503,1.4931287
1.1640661,1.0743741
3.8384774,1.9533669
0.77102727,0.8985336
3.3206713,1.8323961
3.1471488,1.7739036
0.46032318,0.65903276
0.2459759,0.49896508
0.44627684,0.65705216
3.9049904,1.9666036
1.0372627,1.0186741
3.3148441,1.8189521
0.7091792,0.8499212
1.165862,1.0640123
2.7207706,1.6718911
1.2934223,1.1435755
3.1585453,1.7870519
2.0097196,1.4372593
0.6616856,0.8184714
1.22385,1.1037586
2.447038,1.5552477
1.7881426,1.3370632
2.1687737,1.4792053
1.2379893,1.1169883
1.647833,1.2806284
1.9339917,1.3891892
1.0995487,1.0618218
1.0050665,0.99657273
2.0047545,1.4283874
0.054256912,0.24248734
3.4989572,1.8628671
0.44065,0.6789163
0.15566768,0.40768588
1.2236223,1.1064614
1.6047274,1.2870308
0.8436468,0.90442693
2.2949562,1.5178236
0.46873885,0.6767542
1.2547185,1.1072599
3.7190764,1.9330878
1.3069595,1.1296098
3.2342134,1.793687
2.9098964,1.703416
1.1321491,1.0713675
0.8638061,0.91415673
1.672523,1.2794433
3.7268937,1.9442561
0.616217,0.79600024
1.1869513,1.0742525
0.26137486,0.51168305
2.4888928,1.5971857
0.50683945,0.71892935
1.4282516,1.2008948
2.5326252,1.5895661
2.7185376,1.6539285
2.183633,1.481032
0.43595403,0.6566053
2.9265802,1.7161475
0.78424674,0.88387245
2.6664793,1.6362007
3.2472403,1.809366
1.3007864,1.1511416
1.4211099,1.2020984
3.2839522,1.8076549
2.738479,1.6511625
2.3047702,1.4970307
1.2254381,1.106806
2.2272942,1.510344
2.9924254,1.7383142
0.30259013,0.53324616
2.0006537,1.4175462
0.676653,0.83484215
3.9882443,2.0074012
1.8059638,1.3525951
0.803045,0.90443593
1.4352067,1.1880981
0.26365232,0.51616025
2.1884012,1.4984933
2.9573226,1.7141004
2.9061968,1.7130241
3.5507169,1.8884418
2.275396,1.4891658
2.9277763,1.7078505
2.9191298,1.7113125
0.6399326,0.80055964
2.3057036,1.533466
3.1426325,1.7672427
3.0560641,1.7579092
1.7836412,1.3413585
0.22107135,0.46929216
2.2352629,1.4958403
2.4572377,1.5763707
2.5938296,1.6067488
3.4349961,1.8467785
3.447671,1.8588796
3.5350587,1.874087
2.687552,1.6375612
0.025940673,0.1695377
2.2476554,1.5003905
1.1225967,1.059158
1.7102484,1.3120859
0.5335121,0.7344192
2.7323456,1.6658187
2.4020064,1.5432934
2.1400433,1.4636246
1.6863786,1.3021599
1.5109915,1.2225276
1.703299,1.3152493
2.5282362,1.6021268
0.72447836,0.8235986
0.12078482,0.3554902
1.4858265,1.2183346
0.5738463,0.751949
2.5564823,1.6204503
2.2936535,1.4981434
3.9862568,1.9881631
0.02652608,0.16004607
2.5525439,1.6047665
1.6787825,1.2997363
3.964898,1.9887254
2.629084,1.6302607
2.997307,1.7449093
3.865657,1.9573737
0.4495926,0.66386414
3.5222032,1.8919522
1.2011783,1.0886874
1.5260621,1.2395939
3.480978,1.8515084
2.322266,1.5375173
2.318102,1.5287588
1.6438638,1.2747983
0.2157349,0.46682626
2.7934315,1.6592393
3.1871643,1.7782551
2.9959712,1.7133532
3.2323663,1.789748
1.4496667,1.2109385
3.6996503,1.9286748
3.8827019,1.974365
3.265747,1.8039702
3.1782484,1.7884256
3.1659913,1.762976
0.87862027,0.92839134
1.76783,1.3232296
0.47642946,0.6801021
1.880779,1.3765305
1.8194479,1.3377869
0.18944716,0.41238594
2.6623178,1.6377014
0.381649,0.61990184
2.4205837,1.5511379
1.5970869,1.2694206
3.130279,1.768747
3.848547,1.9719179
1.8503504,1.3594894
1.736852,1.3122982
0.7338157,0.86431175
0.25233918,0.49522775
1.2890432,1.128231
1.8718334,1.3538295
3.1044393,1.7526515
0.05463807,0.2193948
2.446903,1.5715138
1.6445312,1.2791883
0.68348694,0.82739663
2.092967,1.4531511
3.5439248,1.8828142
0.63932765,0.7996678
3.4647932,1.8623437
0.4796373,0.6938683
3.684366,1.9000031
3.8395467,1.9451407
2.7208912,1.6463538
0.3020385,0.55621225
1.8406137,1.3615592
1.869799,1.3694738
0.94728124,0.9875439
3.439763,1.8771229
0.26444975,0.5114648
1.0639472,1.0551242
0.2411261,0.49101284
0.7038583,0.86066145
0.90841097,0.94653606
3.5439346,1.8720292
0.1061136,0.31344485
1.9427292,1.3965249
1.172762,1.0801239
3.6444106,1.910533
0.029129025,0.16744906
0.77985656,0.87400734
3.19986,1.7880262
2.1222482,1.449257
1.3989203,1.2052828
2.8768077,1.7041755
3.5879624,1.9037421
1.3618016,1.1655438
1.471916,1.2031637
2.796013,1.6854073
2.4497755,1.5588996
2.7990952,1.6740106
2.54642,1.6051582
0.50889087,0.7148752
0.43303195,0.64508605
2.6084719,1.5982676
0.4923321,0.7002519
0.3408867,0.58404756
1.282816,1.1366514
3.630172,1.91638
2.9011343,1.6848718
1.3026617,1.1481254
1.3289306,1.1493515
0.77844465,0.8884605
1.7323221,1.313909
2.7267175,1.6446925
3.7375767,1.9350603
0.50860995,0.7013615
0.41579166,0.661814
0.7366181,0.8551915
2.294025,1.5098214
2.621535,1.6351492
0.10599826,0.32676107
3.9272676,1.9720646
3.1797242,1.794648
0.9215487,0.9597475
2.4988563,1.5789729
2.4156017,1.5446453
2.5823944,1.6095536
3.657798,1.912429
0.25391304,0.51016265
2.9750364,1.7184982
3.9606125,2.0012014
3.5757475,1.8877895
1.684401,1.3165526
2.5336032,1.587616
1.1870576,1.0865479
2.7720387,1.6655732
2.0440617,1.4505385
3.411821,1.8711767
2.9918108,1.7342235
0.079298325,0.2787372
3.8913398,1.9583337
1.5675142,1.2534455
0.7016296,0.8480675
3.5791564,1.8959194
2.5559886,1.5855721
2.7548227,1.6555576
0.5886137,0.7822114
3.0971782,1.7615523
3.026239,1.751934
3.9183564,1.9801112
2.7038307,1.6397855
0.38540757,0.6091313
1.5175028,1.2348732
0.37430865,0.62325865
2.1493049,1.471958
0.9191212,0.96736354
0.23112474,0.46975902
2.0054927,1.4146426
1.62863,1.2945963
0.46200055,0.6783187
3.5878248,1.8878099
1.5920779,1.2454702
2.6986988,1.6499326
0.10819641,0.34040418
0.43744162,0.6546544
3.0472524,1.7681564
1.0209196,1.0225322
2.6024923,1.6242775
3.417937,1.8589716
3.4029856,1.820685
2.8106883,1.6874455
2.9269948,1.6973138
0.3021718,0.5552873
3.0521872,1.7422888
0.53446484,0.7095214
2.850035,1.7035216
2.3602324,1.5389676
0.3894459,0.6111759
1.9375678,1.4109885
2.999954,1.7384064
1.5827966,1.2391235
3.6983056,1.9302372
2.6202939,1.6103154
0.57314324,0.7583263
0.74711376,0.85329825
1.1348116,1.0701187
3.4091003,1.8439245
3.2151644,1.792889
2.6026595,1.6204126
2.9297206,1.7140498
3.2976005,1.8164834
2.868566,1.6981269
1.8690052,1.3502694
1.2633017,1.1229937
3.4964602,1.8700097
2.366132,1.5466576
1.546628,1.2389327
1.5821538,1.2596558
1.7067298,1.3081825
1.0638988,1.0519933
0.91011214,0.9605826
2.2484868,1.4909465
0.119929716,0.35573688
0.20398974,0.45022133
3.465601,1.8661757
0.8771306,0.92716753
0.13564922,0.37472966
3.9653587,1.9740843
0.8231471,0.9164592
1.9131222,1.3917267
3.3933277,1.832389
2.872964,1.70906
1.3673892,1.1628163
0.60985255,0.7717078
2.4264612,1.5288045
1.8013525,1.3413596
0.19865462,0.4397877
1.8062892,1.34666
0.6003462,0.7762959
2.3115354,1.527484
3.9771452,2.001471
0.29863495,0.5378698
2.671704,1.6324583
3.8440044,1.9584837
1.2286028,1.1006552
2.4766824,1.5508001
3.9221895,1.987389
2.4441743,1.5713469
3.385152,1.8453093
3.945172,1.9981724
3.6612687,1.9159113
3.5894573,1.9074255
2.9491477,1.7163635
1.7447946,1.3327858
2.086372,1.4421892
0.4583424,0.68780035
1.0766102,1.038942
1.0599973,1.0375268
1.7846475,1.3257403
2.854365,1.7067428
0.6349276,0.8152238
2.3877466,1.5431256
3.6696289,1.8937197
1.358592,1.1633762
1.519962,1.2062795
0.60832715,0.77826214
2.637395,1.6263187
2.1703413,1.4719104
3.0052865,1.7364966
3.864261,1.9487056
2.923863,1.7036278
0.7132952,0.84153396
3.058351,1.75934
3.3172033,1.8281593
3.0605264,1.7621559
3.832282,1.9636662
0.6251098,0.7842573
1.2625607,1.1215606
1.3708985,1.1649649
2.5793638,1.6053078
3.0742238,1.735114
1.3147831,1.1432585
3.9269102,1.9819177
3.347759,1.8376416
1.7003758,1.304094
0.6002071,0.7847981
1.6949605,1.3140205
2.978565,1.7328016
1.0638753,1.0280782
1.5065477,1.2304677
0.5649702,0.74986845
3.411748,1.86349
3.4054742,1.8469561
0.9347181,0.96585464
2.092937,1.4592987
0.13770099,0.36432394
3.6136172,1.9207913
3.4902923,1.879116
2.9129567,1.7096177
3.9481695,1.9836468
3.317269,1.8217584
1.2204766,1.1025659
1.6544123,1.298653
3.5198448,1.867348
2.120919,1.4621463
3.1399574,1.7640342
1.0016927,1.0137161
2.1008651,1.4544406
1.7871408,1.3416543
0.047641743,0.22353898
0.42633083,0.648269
2.737565,1.6557735
2.8611486,1.6869255
1.4677638,1.2047511
0.4428922,0.67007643
0.06492303,0.23444313
2.8220208,1.670416
2.3723671,1.5451251
2.6562674,1.6195133
0.62619764,0.80024475
0.46220472,0.6763915
1.8230007,1.3542786
0.78931576,0.8970813
1.7444725,1.3124658
3.170804,1.7734079
0.81869644,0.8880322
1.3955232,1.1773181
3.0668533,1.7303942
1.6208614,1.2542287
2.2869,1.5092212
0.8385598,0.90787727
3.4806967,1.8642781
1.2912574,1.1282153
1.854906,1.3539953
0.78933114,0.9004373
0.8295079,0.9016
1.7511121,1.3256711
0.78180355,0.8834013
3.9730282,1.9947973
2.2486062,1.4885608
0.25044763,0.5019368
0.36442232,0.61004007
1.847428,1.3334453
0.20298065,0.4422789
2.9864082,1.7185278
2.8295622,1.6700251
3.0254078,1.7277024
3.012181,1.7491536
0.7342754,0.8570186
3.5751536,1.8772017
3.3471,1.832484
2.151993,1.4793984
0.99399674,0.9934796
3.6143494,1.901159
3.0705585,1.7481092
0.01939924,0.1381647
1.583134,1.2542778
1.5026641,1.2281377
2.37385,1.5354278
1.0095959,1.0102487
3.5882244,1.9008367
0.60310537,0.7783436
1.0547022,1.026277
0.94937164,0.95937306
0.5880075,0.77426124
1.4285135,1.1951257
0.9435272,0.9700421
2.0356288,1.4384345
3.7529778,1.9353833
0.1887286,0.4522937
3.1199327,1.7611852
3.3270147,1.8186278
0.2930672,0.551243
1.4318322,1.1975263
3.43107,1.858589
2.340783,1.5258838
2.19698,1.4760314
1.3322203,1.1706969
0.30044544,0.544486
1.2839491,1.1359799
0.12978826,0.36843306
1.2667503,1.1166066
3.7014563,1.9264916
3.2688394,1.8003203
0.7283779,0.8620928
1.6465404,1.2670012
3.103714,1.7848593
3.855123,1.9671762
2.2669933,1.5107167
1.2132559,1.0925987
2.1468472,1.4708793
3.8241613,1.95126
2.896128,1.6863762
0.017906658,0.14162712
2.9150896,1.7054546
2.8245955,1.6631093
3.184511,1.8088548
2.9301693,1.700044
1.0790527,1.0392191
3.9322107,1.9797664
2.5273654,1.5784998
3.3697035,1.8387327
0.033688836,0.16730808
1.1141611,1.0613977
3.5594351,1.8806628
0.22163725,0.45991406
1.2009051,1.0899805
0.20456482,0.45213908
0.5014258,0.71407545
1.8100972,1.3253312
1.3882813,1.1779832
3.7277858,1.9152626
1.165766,1.0514343
2.9985528,1.7550807
0.620403,0.78731215
0.016904946,0.13501823
1.6937406,1.293944
2.706589,1.6421282
3.0406554,1.7393427
0.25205407,0.5147951
2.375101,1.5409837
0.7100679,0.8547611
2.0510192,1.4180832
3.5643706,1.8910234
0.15864664,0.39779937
2.4278066,1.5629475
1.7783309,1.3233025
0.33855554,0.57521707
3.2699516,1.8066868
3.909113,1.9803082
3.2331078,1.7987459
1.0326366,1.0184337
1.2217823,1.0845786
2.884126,1.6898463
2.467127,1.5588307
1.3752478,1.171131
0.96327,0.9956361
1.3506794,1.1783096
3.0152419,1.7295321
3.218397,1.7890294
1.3666632,1.1492245
2.325021,1.5374438
0.20010549,0.4424671
1.4186469,1.1958511
2.1321099,1.4663628
3.688093,1.9172649
0.21623626,0.45796046
3.0909173,1.7610579
2.3934362,1.5490433
1.2206349,1.1110301
2.9568305,1.7079804
0.5444908,0.7463921
2.7252865,1.6491964
0.06366774,0.24687263
0.9303687,0.9526302
1.0728699,1.0273387
0.33106887,0.5560341
1.0731705,1.0462604
3.0752923,1.7570599
0.055413496,0.24369687
1.871243,1.3721477
2.042984,1.4303585
3.0370634,1.7483288
3.6732008,1.9272059
2.9551382,1.7475746
2.7701051,1.6614088
2.7909853,1.6662202
0.45788378,0.6701024
3.259666,1.8092464
0.3085743,0.56536186
0.558406,0.75612545
1.9054824,1.3589013
3.8816984,1.9653399
2.9989305,1.7274573
0.39051306,0.6347222
0.24869509,0.49508032
2.4445179,1.5728489
0.3549317,0.6147158
0.789699,0.8899122
2.9388456,1.7047153
2.4205794,1.5371087
0.6771219,0.8333354
0.90166336,0.9508049
1.2547475,1.1136733
3.0179987,1.7582126
1.458922,1.2203476
2.7204232,1.656658
2.8650773,1.6815891
2.1955152,1.4774878
3.0327473,1.7169275
0.55204725,0.74786496
2.2208548,1.4978759
3.69215,1.9253054
1.3059517,1.1548076
0.45487592,0.67816573
1.2661985,1.124043
1.3045974,1.1543443
3.6265984,1.9038864
3.793184,1.9501327
2.5614696,1.6036563
2.1897545,1.4892205
1.420345,1.1969734
2.346843,1.5377723
0.45007774,0.646644
3.3406608,1.8207684
0.034668654,0.17121425
0.6129065,0.7982912
1.5776826,1.2445486
0.79561263,0.8865925
2.4177969,1.5768008
3.869858,1.9698924
3.5793092,1.9121121
3.5338342,1.8731399
0.46174097,0.6569993
2.1826506,1.4895791
3.9096014,1.9811518
2.049652,1.4278746
1.28242,1.1231555
0.63605374,0.8058436
2.5392022,1.5907634
1.9939651,1.4165894
0.42519665,0.6503203
1.5623162,1.2462871
2.5282836,1.5952247
1.788735,1.3507932
2.961975,1.731271
2.1239214,1.4493517
3.6618645,1.8978103
0.39703527,0.6319719
0.6232206,0.77044225
0.5381019,0.7344548
1.9811146,1.4065946
1.5421106,1.2496542
2.3821378,1.5480474
2.633114,1.6270813
0.53308505,0.7334152
2.0658672,1.4346882
2.742362,1.6569302
2.244504,1.5034151
3.3605287,1.8347857
3.2443259,1.7972515
1.9027654,1.3868127
1.3657864,1.1727426
1.7001737,1.3015182
3.8370576,1.9531803
3.2738922,1.8043355
3.203908,1.780895
2.371308,1.53692
1.789606,1.3438365
3.8425736,1.9413825
0.06386708,0.24789207
0.68644446,0.8087816
2.5076857,1.5745182
0.6829961,0.8259549
0.010312579,0.11071172
0.99729913,1.0041037
0.6662687,0.79192
3.7271626,1.9379536
2.9941635,1.7044058
2.1678555,1.4657782
1.6532049,1.2765265
2.0114665,1.4093411
2.3552957,1.5371588
1.875084,1.3752489
0.84865576,0.9302045
0.8475576,0.94145274
2.0097022,1.4147209
1.0853337,1.0219333
0.46826464,0.66858387
0.20188975,0.45170504
0.128703,0.36517245
2.0287776,1.430801
3.501277,1.8534757
0.88064647,0.93086636
0.61942106,0.79466736
3.7780294,1.9651071
0.30103225,0.5546924
0.66761094,0.80683684
1.072233,1.019611
1.9608506,1.3990608
0.22663525,0.46845376
2.853794,1.7065053
3.2992938,1.8310813
2.320047,1.5284545
3.1463656,1.7643952
2.397187,1.5498272
2.149049,1.462166
2.9442928,1.7109182
3.578725,1.9112121
3.0087914,1.7279638
1.0824317,1.0155026
0.84804654,0.8979761
1.1585406,1.0847287
1.8847862,1.3683705
1.7922698,1.342408
1.37043,1.1581597
0.57745713,0.7648364
3.9395638,1.9622804
2.9250448,1.7022641
0.7911652,0.89083713
1.972012,1.4081516
1.3123504,1.128206
3.5326269,1.8964384
3.0334728,1.744575
1.2413355,1.1135823
3.3817816,1.8326136
0.34449518,0.57312506
3.0437393,1.7452307
1.073849,1.0443115
0.95348567,0.95378023
2.0813055,1.4369941
0.88162506,0.9368526
0.13162716,0.37491006
0.8423561,0.9214182
0.38007468,0.6248012
1.5041106,1.2268076
2.8287785,1.682371
3.3656416,1.8327174
2.102972,1.4470571
3.6600847,1.8955076
0.98743165,0.9920838
0.88675374,0.94921917
3.687712,1.9140342
3.6517577,1.9034327
0.8947767,0.95871866
2.511239,1.5932428
3.0396142,1.748973
0.44391003,0.65089494
1.5724465,1.2619214
0.39804757,0.6197219
1.386368,1.1657466
0.73882824,0.8623678
1.6582555,1.2871723
2.4354396,1.5608628
2.2283018,1.490147
3.6829822,1.9259015
1.9852641,1.4032562
1.9607627,1.3897316
0.8179273,0.8952839
1.095108,1.0589428
0.06431215,0.25040376
3.701263,1.9328849
3.9636624,1.9865944
0.43672848,0.6528434
1.7674978,1.3347014
0.06640757,0.2654793
3.7046084,1.9182298
0.47531244,0.6995631
1.8042128,1.3461366
2.660475,1.6262971
1.4249406,1.1947902
1.617291,1.2638086
1.2002494,1.0872872
1.7370635,1.3336978
1.1440597,1.085373
1.6354358,1.2861372
2.2914872,1.5143975
1.0388802,1.0175964
0.123949535,0.3569218
2.2878537,1.5112201
0.19754378,0.44107625
2.4075744,1.5388256
0.51397175,0.7188664
2.8440642,1.6908075
1.9996457,1.4048009
3.7140977,1.9311857
0.9834036,1.0125011
2.927547,1.7106282
3.5886343,1.8839557
3.716277,1.9297258
1.323533,1.1534277
1.2741401,1.1337346
0.4907958,0.6977242
3.1725729,1.779938
3.0445046,1.7343701
1.995641,1.4168781
2.1475863,1.4544914
1.6487557,1.2979277
3.5811684,1.8921943
1.9082134,1.3944894
1.728421,1.3189927
1.2166893,1.1273803
3.9638805,1.965719
2.443396,1.5412389
0.6023821,0.7886524
3.0142064,1.7264719
3.9066217,1.98198
3.2125394,1.7956166
3.3410378,1.8356061
2.4862118,1.5723106
1.4294697,1.1936429
2.3225367,1.5262653
1.2084922,1.1038904
1.2288412,1.1083611
0.7798023,0.869323
3.7983286,1.9485931
0.74750024,0.8662355
0.18078119,0.44707397
3.2098513,1.7828404
2.5022042,1.5995173
1.251725,1.1287484
0.8600192,0.9288984
2.6416912,1.6426619
2.9667776,1.7224743
2.5463636,1.5651534
2.0235517,1.4214952
0.21304424,0.46947253
2.6829534,1.6416699
1.9386369,1.3860711
1.9636669,1.3895395
1.6252382,1.2879162
2.3385727,1.5114362
0.59653896,0.77152663
1.47084,1.217021
2.1515594,1.4582548
1.6619109,1.2952077
0.56439257,0.75936836
2.1553125,1.4647186
0.65555894,0.82057756
1.0881569,1.0504088
2.8217485,1.6884466
1.3787122,1.1907991
1.0142435,0.9956432
1.7690393,1.3090355
3.8378372,1.9735502
1.8708464,1.366079
2.817487,1.6762553
1.1640726,1.0797002
1.027897,0.9978025
3.185809,1.7784467
2.3782494,1.5339204
1.2007458,1.0883492
1.2683297,1.1151246
2.874665,1.6953982
3.1373653,1.7666168
0.65035725,0.8277938
2.558111,1.6007444
2.3891034,1.5497676
2.8755963,1.6927222
0.81909937,0.90743613
3.972426,2.0057435
0.79195553,0.8946119
3.4832122,1.8652344
2.7788997,1.6538463
2.1946993,1.4871094
0.94331104,0.96056783
2.2921653,1.5033617
1.5451654,1.2262827
3.228472,1.7913331
0.19162232,0.47267443
1.8728577,1.3754834
3.9705403,1.9805404
3.134292,1.780592
1.7740421,1.3256993
2.011047,1.4077615
0.67723393,0.81985795
1.7509911,1.3216052
3.147659,1.7763134
2.2202873,1.4968961
2.2929535,1.5054166
2.0757184,1.4412462
3.4399037,1.8488474
3.0475438,1.7312771
0.034787927,0.18478993
2.2758558,1.4941717
2.2788007,1.5161542
2.9002235,1.6878626
1.0505611,1.016942
3.959018,1.9840077
2.0851517,1.4483061
3.1770692,1.7886678
1.4576854,1.2113571
1.8155909,1.336737
2.716548,1.6418864
2.8965375,1.6895232
0.53670865,0.7319974
0.4598205,0.69538736
2.8278954,1.6776139
0.0394255,0.1883065
3.5988672,1.8990119
2.9153476,1.7071782
3.2076192,1.7979211
2.9429345,1.7141252
2.3765228,1.5431954
3.9504466,1.9935468
0.09019662,0.2995915
1.6491517,1.2967801
3.778269,1.9426719
1.0627986,1.0371488
1.9548459,1.4055129
2.9690738,1.7152646
1.4162635,1.1950412
2.4699013,1.5624084
3.2362237,1.7891426
0.5410084,0.7531543
2.155169,1.4810945
0.0147087695,0.119317874
0.5276002,0.73913896
3.8423471,1.9739393
0.12411436,0.32836553
2.1015635,1.4588362
0.8417077,0.90838766
0.6023466,0.784761
2.5169294,1.5947752
3.3255587,1.8198475
1.8882251,1.3877054
0.07519357,0.29183158
2.6705384,1.6408473
2.4683433,1.5724599
3.8642173,1.9695287
2.6834037,1.627076
1.7340629,1.3190125
2.0110013,1.4215753
3.0234702,1.742962
2.4096673,1.5541205
1.2936726,1.1317503
0.98675394,0.98880917
2.8722904,1.6868901
1.8005829,1.3259022
1.2789935,1.1217146
3.3003569,1.7980984
1.2565479,1.1226137
3.1772673,1.7742423
2.6542091,1.6138324
2.406007,1.5477298
0.06354796,0.26819545
3.8076231,1.9444093
1.5976316,1.2592194
3.3296053,1.8391721
1.9710857,1.4120526
1.3401076,1.1668407
2.82956,1.6815486
1.7008696,1.2999163
3.8424664,1.9584249
0.23488387,0.48615512
0.5023062,0.7107791
0.976657,0.9745968
1.0205494,1.0048425
3.207293,1.790721
1.6321034,1.2727602
3.374039,1.8309026
3.4871683,1.8845471
3.6136036,1.9224248
3.597131,1.9167346
2.4098015,1.5498648
0.039001577,0.19379131
2.7699301,1.6556551
1.9077224,1.3845727
2.5593605,1.5962015
3.5034146,1.8808626
0.5967929,0.76561797
1.5027192,1.2249403
1.7080637,1.319507
3.3016126,1.8084754
1.0711609,1.0293251
1.0198784,0.99707204
0.26159117,0.5032341
1.510453,1.2368382
1.2620198,1.1197109
0.9400296,0.9784911
0.61682457,0.7800894
2.0209022,1.4344268
3.5004518,1.8545213
0.37622,0.6194061
0.5118461,0.71734464
1.3964797,1.1788055
0.33628002,0.56360257
0.9434775,0.9663393
2.9911664,1.7284083
0.95111215,0.98034275
1.9525765,1.4018041
0.51336205,0.70870423
2.613038,1.6170852
2.8337314,1.6779941
1.8862847,1.3689492
1.6611388,1.2820139
0.08100155,0.2903503
3.4604952,1.8649161
3.3247871,1.8204559
0.6005481,0.7588673
2.225556,1.5061804
1.7920779,1.3466998
3.3443248,1.830818
1.3647264,1.1797711
0.5835975,0.7590037
2.4414904,1.5501513
0.117619775,0.3556322
0.76045936,0.8733274
0.85653424,0.93068427
3.6980898,1.9345458
1.6199787,1.2812723
1.0375679,1.00066
0.2287852,0.4560798
0.20406672,0.43830568
1.8197148,1.3633784
2.2528806,1.481085
0.8541905,0.9255162
1.1244901,1.061542
3.7274725,1.9332546
0.84994674,0.9493695
2.0420098,1.42036
3.4850953,1.8725617
