x1,y
-0.97520906,-0.56104463
-0.7840993,-0.5857804
0.47426146,-0.8082105
0.36018533,-0.8911608
0.7514748,-0.6252179
0.5139197,-0.785377
0.89024544,-0.55959785
0.08606954,-1.012549
-0.47370136,-0.79541385
-0.73776215,-0.61268103
-0.9908672,-0.55232793
-0.75009847,-0.59667253
0.19854808,-0.96849036
-0.1884455,-0.9655048
0.58459723,-0.7072009
-0.3431391,-0.89284205
-0.28715777,-0.91300756
0.23386681,-0.93985677
0.8749776,-0.5606748
0.18195704,-0.9702287
-0.53862077,-0.768103
-0.2172078,-0.9819152
0.84603477,-0.5727087
0.60534257,-0.7029989
-0.93179935,-0.55704486
-0.49223283,-0.78241724
0.2079149,-0.9621723
0.47585592,-0.7905129
-0.75975287,-0.61510414
0.03001967,-0.9996792
0.12492762,-0.996592
-0.75737345,-0.6247607
-0.12070571,-0.9881635
-0.99379504,-0.55664325
0.39884937,-0.8546168
-0.84680164,-0.56049246
-0.70751756,-0.64980817
0.58475405,-0.7120989
-0.17240886,-0.9827616
0.38662398,-0.8692159
0.30910575,-0.9157775
-0.6986847,-0.63873756
-0.66180795,-0.6597484
0.31826946,-0.8987476
-0.52367145,-0.77244097
-0.11667872,-0.9811711
0.6426672,-0.67013663
-0.45228153,-0.82325274
-0.31498256,-0.921439
-0.37343448,-0.8739942
0.49207637,-0.77724785
-0.35757628,-0.8632095
-0.23410451,-0.9680634
0.11156107,-0.9849774
0.02219433,-0.9958305
-0.4487083,-0.8051942
0.21855691,-0.9517183
-0.29110995,-0.9170682
-0.08380395,-0.9965518
-0.24513762,-0.95128024
0.5692412,-0.7374787
0.08030359,-0.9896507
0.9751818,-0.5550593
-0.013023934,-0.9877539
0.78147775,-0.5902731
0.14744964,-0.99407196
0.7866101,-0.5876896
0.32824713,-0.90385014
-0.7585634,-0.588423
-0.8119639,-0.5943158
0.52866167,-0.76305336
0.36754423,-0.8827255
-0.098715074,-0.9833216
-0.14103238,-0.97083163
0.32156616,-0.9157865
0.110806234,-0.98609054
-0.59499526,-0.69575
0.7506492,-0.6007178
0.40642324,-0.8333252
0.3030589,-0.9088259
-0.047157254,-1.0114615
0.8912522,-0.567851
-0.97829705,-0.5491079
0.39677563,-0.86245084
0.96531856,-0.5259985
0.1815798,-0.9476513
0.18661577,-0.9589974
0.5877832,-0.71191436
-0.95214987,-0.5522402
-0.76888067,-0.59434104
0.6913325,-0.6599021
0.31381983,-0.9176325
0.96531045,-0.5280817
-0.18528992,-0.96322465
-0.10602584,-0.9817064
0.32764158,-0.9231745
-0.6386848,-0.68604594
-0.42390478,-0.8422918
0.7207372,-0.6161632
0.6059207,-0.6954739
0.14213948,-0.97115636
-0.28258076,-0.92212725
0.27248716,-0.9144496
-0.65496695,-0.6780978
-0.13369448,-0.9851556
0.0060044145,-0.9824836
-0.077041626,-0.9930765
-0.1625921,-0.96103656
-0.24877737,-0.944576
0.15638468,-0.97459483
-0.2848252,-0.9116641
0.17930932,-0.9550631
0.03984633,-0.99925554
-0.29357836,-0.9313829
0.56955385,-0.74070406
-0.9142596,-0.55104524
-0.4608777,-0.8064347
-0.009095944,-1.007574
0.8255419,-0.56815946
-0.85585415,-0.55867386
0.16746476,-0.97696584
-0.6598926,-0.6855735
-0.9756372,-0.53834075
0.73338693,-0.6363221
0.7531198,-0.59957504
-0.4502549,-0.7971274
0.7212775,-0.62647665
-0.24572931,-0.94659746
-0.9054614,-0.5335236
-0.5513111,-0.74778706
0.301139,-0.91084456
-0.58766097,-0.7116106
0.15404348,-0.98458296
-0.6349952,-0.66892475
-0.58321047,-0.7101686
0.35093048,-0.86220706
0.74020594,-0.6096071
0.4963513,-0.7888928
-0.88401055,-0.5656152
0.8460526,-0.56366426
-0.67914635,-0.65266794
0.4547238,-0.8029323
0.4558839,-0.8166131
-0.09699168,-0.9978798
0.12807013,-1.0016559
-0.80810666,-0.5812211
0.9457078,-0.5507925
-0.87059575,-0.56101704
0.82017314,-0.57702714
-0.5019767,-0.7804777
-0.21722704,-0.9630417
0.5156709,-0.7782429
0.75826156,-0.59067476
0.39079306,-0.86195105
-0.7568264,-0.5988163
-0.2957105,-0.920317
0.22016048,-0.9552907
0.97272766,-0.5330255
-0.18963888,-0.9699973
-0.39491162,-0.84791476
-0.43924797,-0.8205402
0.7079659,-0.6388436
-0.65879464,-0.6789389
0.28939092,-0.9120434
0.6966153,-0.6484457
0.70664674,-0.6387228
-0.73939663,-0.6212879
0.58640736,-0.7363879
0.8389593,-0.567353
0.56531656,-0.75567114
0.40343234,-0.84475
0.03380646,-0.99236095
0.5353006,-0.75801706
0.15250586,-0.9893434
-0.18499039,-0.96090686
-0.01235349,-1.036899
0.30883908,-0.90937936
0.118079185,-0.9732384
0.33801085,-0.88941926
0.9634095,-0.5494856
-0.47798446,-0.8108513
0.9914978,-0.5196887
-0.8917098,-0.55572003
0.21566877,-0.95666546
0.8679669,-0.5630294
-0.79509,-0.59578276
0.98041785,-0.56855756
0.83703995,-0.5742425
0.7082098,-0.6357967
0.053995065,-1.0074942
-0.5724768,-0.75536054
-0.82164264,-0.57189465
-0.8706156,-0.5573478
0.17598787,-0.95466006
0.40454125,-0.8515856
-0.55882996,-0.758871
-0.021411998,-0.98678696
0.057320602,-0.9835985
0.79341143,-0.6008701
-0.7480924,-0.6056392
0.5955269,-0.6982571
0.54234636,-0.73525286
0.36227918,-0.86426723
-0.5042732,-0.77674073
-0.897041,-0.5509593
0.5653922,-0.7406552
0.11995086,-0.9921667
0.25567913,-0.9496117
0.70453274,-0.63249916
-0.7358353,-0.6197934
-0.5874463,-0.72257584
-0.15813833,-0.9767972
-0.2921175,-0.90733975
0.8998641,-0.5428158
-0.3637301,-0.89661
0.7987346,-0.5601029
0.06416114,-0.9846336
-0.8076707,-0.58537996
0.34575292,-0.8877628
0.494915,-0.7877059
-0.6735658,-0.66782564
-0.16087253,-0.97825027
-0.7034802,-0.64789146
-0.6458843,-0.66724247
0.37506083,-0.88614714
-0.009566663,-1.0064124
-0.9361437,-0.5543006
0.8692851,-0.5396878
0.38121933,-0.85763556
-0.89409757,-0.54601103
0.4405654,-0.8145447
0.675276,-0.65586126
-0.18879054,-0.96650684
0.5089532,-0.77758884
-0.42023802,-0.84428334
-0.7574213,-0.59869933
0.9411936,-0.5343846
-0.9912673,-0.53758633
0.046966556,-1.0022482
-0.80367136,-0.5878868
0.19294034,-0.9411005
-0.99084574,-0.54799515
-0.87513906,-0.5417087
0.41078806,-0.84996104
0.61924237,-0.69901836
0.58827245,-0.71348375
-0.6521743,-0.6567637
-0.9894508,-0.54036564
0.4983918,-0.7900183
-0.6333104,-0.66125345
-0.36232102,-0.8752658
-0.45058233,-0.82082576
0.8632584,-0.55302674
0.75413823,-0.6178553
-0.09282607,-0.98330885
0.5843943,-0.73109114
0.49053937,-0.78318775
-0.05956027,-0.98051953
-0.80783725,-0.5891678
0.5474514,-0.74669427
0.3555088,-0.87828445
-0.6872826,-0.6387641
-0.02732562,-0.99408734
0.5901103,-0.7156009
0.5366908,-0.7423106
0.9424579,-0.54163164
-0.073454395,-1.0011752
0.65263474,-0.68271315
-0.98529327,-0.53205305
0.28517476,-0.90743226
-0.44228536,-0.8225905
-0.68738216,-0.6629754
0.4765063,-0.8054379
-0.2576929,-0.92237353
0.22781599,-0.94396645
0.6610051,-0.68095964
0.07517098,-0.98933595
-0.120595515,-0.9860712
0.2419017,-0.9343597
0.99214053,-0.5488647
-0.7462625,-0.59862
-0.45765418,-0.8159609
0.86848944,-0.5872498
0.98964214,-0.5504632
0.11559659,-0.9842116
-0.9653724,-0.5417716
0.6604554,-0.6711884
0.26134473,-0.9496401
0.050797753,-0.98590076
0.93102354,-0.52860874
-0.7336791,-0.62870014
-0.31058767,-0.8995802
0.2526156,-0.9320318
-0.99065584,-0.5568522
0.7305895,-0.6173432
0.52424866,-0.73659724
-0.5302097,-0.7738975
-0.38407627,-0.8502108
-0.38891754,-0.8609744
0.7222862,-0.62887716
-0.3579365,-0.86760783
-0.44150373,-0.83111346
0.4793442,-0.79701835
0.1574456,-0.97682554
-0.28140625,-0.933753
0.15216975,-0.9647088
0.8388823,-0.56282884
-0.098917775,-0.96755666
-0.99052507,-0.54280806
0.46766502,-0.8074092
0.99649215,-0.54825157
-0.895083,-0.553657
0.2226702,-0.93646115
-0.20299153,-0.9652897
0.12903795,-0.9789217
-0.38434312,-0.8670251
0.50653136,-0.79108137
-0.81345475,-0.57461107
-0.8202176,-0.59044224
0.080433875,-0.99108016
-0.3580632,-0.88480616
0.8462294,-0.5688094
-0.6152541,-0.6994659
0.551613,-0.7446065
0.949248,-0.5455355
-0.3465278,-0.88208157
0.8350404,-0.5689554
-0.36615652,-0.84715235
0.10828432,-0.99935514
-0.9993096,-0.5565192
-0.47150466,-0.8074232
-0.89479125,-0.5595244
-0.94024193,-0.53206414
0.99129105,-0.5269105
0.5298168,-0.7649595
-0.3270879,-0.8937301
0.36214063,-0.8736136
0.053933986,-1.0016505
0.8357808,-0.56256604
-0.5019655,-0.7731475
0.024866983,-1.0160664
-0.98704386,-0.55583745
0.45490187,-0.8183535
0.15615828,-0.9791216
0.24651933,-0.94032174
0.45166418,-0.8269158
-0.23724948,-0.95571774
-0.68723136,-0.6519543
-0.6316512,-0.6981481
0.46384564,-0.79710585
0.9883191,-0.53373474
-0.101459995,-0.9836554
-0.65633833,-0.6589836
-0.8605205,-0.56438416
-0.037343793,-1.0029932
0.43243363,-0.82718414
0.20424777,-0.9514056
-0.41695836,-0.83822596
0.1889256,-0.96202224
0.0866334,-0.9890137
-0.5663571,-0.72421044
-0.18159989,-0.9566624
0.75099117,-0.611567
0.50501406,-0.77294254
0.85916024,-0.58171195
0.78402585,-0.60823125
-0.50522697,-0.78256357
0.72428256,-0.63124216
0.2301591,-0.9309185
0.9242439,-0.54868406
-0.6083013,-0.6995117
-0.31232527,-0.9052114
-0.19874433,-0.97534376
-0.95254445,-0.5404419
-0.040703822,-0.9980129
0.8875999,-0.53688574
0.63059056,-0.6927642
-0.60148585,-0.70195115
-0.4351954,-0.82348603
0.95237577,-0.55180407
-0.88033277,-0.5778254
-0.091915786,-0.9912262
0.7739723,-0.58429724
0.3947267,-0.8536503
0.9646809,-0.5339852
0.9502621,-0.5497692
0.5045814,-0.7718247
-0.02723302,-1.0172688
0.24797992,-0.9346418
0.5876997,-0.73482925
-0.4142828,-0.8376848
-0.083072886,-0.9987169
0.33460096,-0.8860003
-0.4572514,-0.8141573
0.3143049,-0.89522165
-0.70798254,-0.63061434
-0.16104586,-0.9735123
-0.796131,-0.57389605
0.68719524,-0.64388806
-0.3947019,-0.8393835
0.85245615,-0.5630708
0.575912,-0.72899747
-0.3693865,-0.88213325
0.20705916,-0.96362156
-0.11872229,-0.9883901
0.6121019,-0.7073887
0.3726352,-0.8646998
0.30761057,-0.922512
0.45260295,-0.8257241
-0.15749918,-0.996831
-0.17227344,-0.97766876
-0.2974783,-0.9033297
-0.67946655,-0.65863127
-0.2751568,-0.9355995
0.26357004,-0.94044083
-0.37153548,-0.86828387
-0.6125371,-0.6873897
0.9146902,-0.53836405
0.16386838,-0.9867447
-0.93548685,-0.5305295
0.56297916,-0.72626007
0.3492781,-0.88093865
-0.22202042,-0.9632588
0.39462915,-0.86585426
0.82883656,-0.57912284
-0.56871367,-0.7375621
0.056754146,-0.99485976
0.54310596,-0.7784104
-0.83357537,-0.5824215
0.50356454,-0.7825709
0.52770615,-0.7526513
0.10556648,-0.9919813
0.56952876,-0.7297303
0.3407811,-0.8798045
-0.35131633,-0.89237684
-0.7074147,-0.64541405
0.9244813,-0.5567464
0.15138815,-0.9801225
0.42481214,-0.84298193
0.0816921,-0.9767351
0.48631608,-0.79042757
-0.6943392,-0.63695824
-0.55680215,-0.74954313
0.7074794,-0.63577557
-0.8906969,-0.5548762
-0.08729215,-0.99049866
-0.61819196,-0.69227237
0.13854559,-0.98452836
-0.06878484,-0.99736345
0.47686678,-0.7884172
-0.38296816,-0.8736126
-0.15725458,-0.9683748
-0.5311678,-0.75704277
-0.7943503,-0.5791088
-0.5464295,-0.75178885
0.79687387,-0.575065
-0.0329454,-1.0052888
0.075122334,-0.9893635
0.4816657,-0.79125774
0.72848123,-0.6207727
-0.9537282,-0.5330385
-0.75092983,-0.5982151
-0.14522989,-0.9722928
-0.6011022,-0.690693
-0.051101808,-1.0013982
0.2294134,-0.9514458
-0.019644903,-0.9967567
0.35869843,-0.8816097
-0.96166617,-0.54678005
0.083386436,-1.0077289
0.4398841,-0.8182287
0.99329054,-0.5456807
-0.78957754,-0.58946973
-0.9767468,-0.5535844
-0.41861844,-0.84462124
-0.3424069,-0.88744843
0.6163696,-0.70945287
-0.49681863,-0.78688705
-0.5074439,-0.7817746
0.7408806,-0.61604714
-0.14171425,-0.981919
0.31592736,-0.9187475
-0.58392185,-0.71252424
0.20431194,-0.9837844
0.7890698,-0.5870092
0.4627204,-0.7994671
-0.7209138,-0.62776726
-0.7367022,-0.6312328
-0.7963179,-0.57777
0.83802146,-0.5840299
0.21955608,-0.9563389
-0.9652335,-0.53175217
0.6771633,-0.65613186
-0.34694132,-0.8868673
0.35251775,-0.87135553
0.703714,-0.65286404
0.50778675,-0.776686
0.6432668,-0.6782142
0.6085199,-0.7107765
-0.701772,-0.6451377
-0.22467612,-0.94077927
0.82862365,-0.59012115
-0.8124395,-0.58015794
0.9528909,-0.55037296
-0.54705954,-0.7462838
0.23596641,-0.95116735
-0.34587994,-0.88597757
0.9654857,-0.54370683
0.049108736,-0.9972433
-0.7009394,-0.64050734
0.69352245,-0.64327383
-0.19689596,-0.959928
0.70395386,-0.6368826
-0.112963416,-0.98922133
0.86600405,-0.54830414
-0.88901585,-0.5614976
0.96680784,-0.52148557
-0.07205485,-1.0035866
-0.26172635,-0.9387118
-0.9165275,-0.5650792
-0.54412717,-0.75339764
-0.37485313,-0.8608622
0.45632282,-0.8240328
0.3947754,-0.84306
0.7709617,-0.60010046
0.8794225,-0.5687256
0.45352942,-0.8247454
0.3808625,-0.8611135
0.7989872,-0.5897299
-0.7381091,-0.60053796
-0.84523267,-0.57219094
0.4153958,-0.8440226
-0.38059413,-0.87232864
-0.15155293,-0.96811604
0.2156892,-0.9695108
0.9015307,-0.5700849
0.7468979,-0.616933
0.46797103,-0.80827093
-0.1385766,-0.9979275
0.5854061,-0.7156289
-0.6403169,-0.67327327
0.61524767,-0.7017468
-0.049493432,-1.004372
-0.47686756,-0.7850798
-0.072655,-1.0058627
0.57737494,-0.7205108
0.31480357,-0.9107005
-0.7260646,-0.62196404
0.38294977,-0.85657066
0.6661551,-0.6592556
-0.6986902,-0.6589975
-0.8767417,-0.5461838
-0.88663477,-0.5719482
-0.95541674,-0.53661615
-0.9641785,-0.5386104
0.60985297,-0.70495033
0.4775356,-0.7945913
0.88312906,-0.56478304
-0.28834298,-0.9337217
0.41777954,-0.8357548
-0.17826039,-0.9720688
0.12061101,-0.97062427
-0.12212189,-0.9888244
-0.16949435,-0.9819174
-0.50914365,-0.7497643
0.16203982,-0.9883285
-0.47736397,-0.7978455
-0.71963054,-0.6266393
0.49939254,-0.7761914
0.29160702,-0.9220239
-0.41372102,-0.8467759
0.2608415,-0.93580604
-0.9470569,-0.52559316
0.9767171,-0.53474826
-0.6527526,-0.68019533
0.88320935,-0.5589052
-0.8634165,-0.5605032
0.4164116,-0.8511696
-0.5557508,-0.7578451
0.9305231,-0.5517792
-0.36960608,-0.88212395
-0.9208432,-0.5304182
-0.932952,-0.5438719
0.71110934,-0.6479924
-0.8606541,-0.5631364
0.6559647,-0.6650521
-0.69978446,-0.6328602
-0.4475426,-0.81865156
0.9624668,-0.5378526
0.4499107,-0.8203656
-0.70805335,-0.6362965
-0.4591455,-0.7794824
-0.048473846,-1.0036706
0.7701287,-0.61137825
0.4220575,-0.8427351
0.3901337,-0.86086124
-0.2800235,-0.94038177
0.3084834,-0.90445274
-0.6542336,-0.6767324
0.13850619,-1.0041314
0.12041444,-0.9858123
0.3756228,-0.87730175
-0.5146234,-0.7620095
-0.7664303,-0.61085397
0.9345958,-0.54996526
-0.69360554,-0.6407249
-0.32573366,-0.9033561
0.7422145,-0.6236857
0.18867505,-0.97451705
-0.56942695,-0.719675
-0.040437568,-1.0037131
0.68173635,-0.66399217
0.97847456,-0.54600394
0.28619733,-0.92297006
-0.49288642,-0.7823325
0.6250477,-0.7040204
0.61746144,-0.67962265
0.77840585,-0.59990263
-0.7274912,-0.6056631
-0.26979497,-0.9278758
-0.53287643,-0.7530148
-0.567455,-0.72486806
-0.2692795,-0.9343069
-0.9049272,-0.5623719
0.6960337,-0.6354276
0.70363384,-0.6160262
0.8867012,-0.55264556
-0.8593987,-0.55988693
0.14263749,-0.9765311
-0.9870674,-0.55863917
0.17950822,-0.9565346
-0.80506617,-0.5940148
-0.2275572,-0.9346185
-0.35232747,-0.88117737
-0.33830827,-0.8794731
-0.61642134,-0.71520895
-0.7906548,-0.57958984
-0.9675531,-0.5412584
0.50190234,-0.78398985
0.8322531,-0.55863756
0.78956085,-0.58113176
0.2666849,-0.9296733
-0.7577096,-0.62713504
0.13584946,-0.9849217
-0.8038252,-0.573102
0.025661234,-1.0056046
0.71524674,-0.62738407
-0.60163355,-0.70155615
0.8660442,-0.5458085
-0.22759299,-0.9473407
-0.56367517,-0.74513626
0.0031065792,-0.9876166
0.73853064,-0.61878633
-0.4588653,-0.8074657
-0.6553553,-0.6762537
0.2791878,-0.93813974
0.38446894,-0.87596476
-0.8559374,-0.5473649
-0.49435154,-0.7874069
-0.76118845,-0.5963124
0.42135602,-0.81821567
0.057215527,-0.9873704
0.7903358,-0.56954056
0.35343397,-0.8936291
-0.45410228,-0.81595504
-0.32355016,-0.90981585
-0.16102496,-0.9850799
-0.8033321,-0.5884708
0.8426578,-0.57364714
0.39785537,-0.86055267
0.45043495,-0.81771946
0.3192511,-0.9001638
-0.11372802,-0.9773986
-0.24112359,-0.93792266
0.09975961,-0.97055024
0.47534502,-0.77967525
-0.28784993,-0.9255768
-0.013794007,-0.9972755
0.30487853,-0.91126007
-0.44636998,-0.83164537
0.6664267,-0.6530981
-0.57305455,-0.7207424
0.72514015,-0.6173104
-0.9905293,-0.534951
0.28740212,-0.9271
-0.052750852,-0.9841058
-0.5057762,-0.7660426
0.8973647,-0.5718184
-0.5735555,-0.7329859
-0.01696358,-0.9947171
0.11739035,-0.9576415
0.91040903,-0.54517823
0.27549994,-0.9236343
-0.8552917,-0.564321
-0.16736275,-0.9731516
0.7309251,-0.60545313
0.52189046,-0.76567894
-0.8976533,-0.53531015
0.16676475,-0.9746991
-0.76978946,-0.59480006
-0.8031475,-0.6005102
0.9243158,-0.5514361
0.3991877,-0.8568265
-0.78222823,-0.5929855
-0.32349125,-0.9020161
0.35883063,-0.88127774
0.81104475,-0.5663556
-0.8662739,-0.56280774
-0.8335452,-0.5630676
-0.7766086,-0.5949543
0.08929275,-0.9951434
-0.071899824,-0.9734062
-0.67133284,-0.6526987
0.07158849,-0.99607104
-0.3151962,-0.8994291
-0.664677,-0.6575753
-0.93382466,-0.54552317
-0.80131114,-0.5931045
-0.22522205,-0.95437455
0.02815189,-1.0300845
-0.55149156,-0.75114137
0.56084806,-0.7314191
0.14002901,-0.9776107
0.5379216,-0.7576223
-0.20447752,-0.95427585
0.78128237,-0.5833619
0.6007667,-0.70739937
0.10644352,-0.99131477
0.36575022,-0.8777768
-0.7049802,-0.6457223
0.5445348,-0.7419616
0.21420428,-0.9344002
-0.6014933,-0.7207814
-0.45434523,-0.82123977
0.83263284,-0.56685185
-0.6102297,-0.7048845
-0.12893595,-0.9772271
0.6812605,-0.6609201
-0.3709593,-0.89280033
-0.6730079,-0.64840204
-0.012447382,-0.99214935
-0.6185438,-0.6872637
0.96740043,-0.5235173
0.3036073,-0.9169481
0.011333988,-0.98132414
-0.12282472,-0.96981525
0.23451759,-0.94948494
-0.28501797,-0.93377155
-0.5661364,-0.7438963
-0.4824803,-0.78880334
-0.7828841,-0.6027391
0.79131293,-0.5857402
0.8979036,-0.55238026
-0.51316756,-0.77062166
0.9561688,-0.5340573
0.102273256,-0.98553413
-0.51809746,-0.76089007
0.011306818,-0.98064905
-0.8461042,-0.5841019
-0.7188805,-0.6253988
-0.55454266,-0.7430991
0.8261433,-0.5724208
0.89830846,-0.5706308
-0.18161601,-0.9653968
-0.515998,-0.77619165
-0.35234806,-0.8767352
-0.33566704,-0.86815184
0.10588173,-0.99985605
-0.66104156,-0.6622978
0.15436207,-0.9943501
-0.25938043,-0.93354076
0.24999438,-0.9299893
0.13115415,-0.97810924
-0.0807068,-0.9798771
-0.7616518,-0.5966334
-0.6853597,-0.6670388
-0.30718207,-0.89139444
0.48067403,-0.8117659
-0.3302178,-0.878569
-0.44066325,-0.8186771
0.5877938,-0.7145192
0.74467546,-0.595583
0.44842604,-0.81418127
-0.10425767,-0.97943646
-0.5751843,-0.7254932
0.98970234,-0.5505164
-0.32381415,-0.91121024
-0.134652,-0.96094775
0.044264495,-0.9827906
0.12918054,-0.9847031
-0.9593479,-0.54935807
0.79449785,-0.57045615
0.7606851,-0.59437704
-0.75060076,-0.59862447
0.698063,-0.6280365
-0.6861789,-0.6369831
-0.5143878,-0.752696
0.03827719,-0.99002993
0.9536016,-0.5564922
-0.03697663,-1.0019836
-0.22985081,-0.94353133
0.036965773,-0.99525964
-0.5340528,-0.74971515
0.86375254,-0.558652
0.8704446,-0.57157594
0.35233426,-0.8808034
-0.6905253,-0.6641967
-0.028790144,-1.0161828
-0.23581341,-0.94062907
0.9916981,-0.55369323
-0.8957878,-0.55489916
-0.48343074,-0.7899725
-0.016593792,-1.005215
0.65018475,-0.6692917
0.4581108,-0.8011594
0.9123349,-0.55589527
-0.57885116,-0.7303068
-0.79405,-0.5803853
0.17990333,-0.97251505
-0.13483909,-0.97569215
-0.33639896,-0.88825595
0.55064523,-0.74883986
0.09770559,-0.97721964
-0.3567049,-0.8930864
0.07558685,-0.9881925
0.8651559,-0.57981
-0.47610992,-0.7993151
-0.09603432,-0.99021465
-0.42442608,-0.8487832
0.15096478,-0.96212775
0.80388516,-0.59309876
0.30508617,-0.91472495
-0.6111562,-0.68935823
-0.74166334,-0.61229974
-0.92978513,-0.5489238
0.6813117,-0.6582428
-0.056819785,-0.9965654
-0.15451404,-0.9803068
-0.4717898,-0.802205
-0.1398202,-0.98710936
-0.2951744,-0.9078782
0.4874686,-0.798343
0.41387284,-0.8588449
-0.10795121,-0.9602424
0.30753127,-0.8999784
0.17867738,-0.97531766
0.28207555,-0.93250144
0.51872987,-0.7622531
-0.8161083,-0.5831795
0.6637372,-0.65370804
-0.43463135,-0.8244877
-0.23672616,-0.94264936
-0.44689733,-0.8191953
0.6536469,-0.65642786
0.7395428,-0.6177938
-0.71905875,-0.6266556
0.044020165,-1.0056329
-0.23643507,-0.93963164
-0.6359952,-0.6920322
0.11325959,-0.97504395
-0.26880664,-0.91721517
0.43117386,-0.84869057
0.6725058,-0.6478856
-0.97293675,-0.55568254
0.09538737,-0.99526316
0.16170865,-0.9744193
-0.36380523,-0.8811809
0.6055384,-0.7087921
0.8191486,-0.5673291
0.5284356,-0.7512636
0.054776844,-0.9981459
-0.9775963,-0.54346806
-0.15624833,-0.96957445
0.38753393,-0.87200403
-0.68119067,-0.651955
0.55160886,-0.7470723
0.22706252,-0.9469668
-0.33674765,-0.9048637
0.6970403,-0.63830113
0.28623268,-0.91865563
-0.39306706,-0.83805305
-0.6054104,-0.71825784
-0.6861426,-0.6259098
0.973427,-0.5240423
0.7378929,-0.6039209
0.3763004,-0.8737963
-0.058837567,-0.98670304
0.6962573,-0.6597255
0.40640387,-0.8693461
0.114491254,-0.99274063
0.5597595,-0.7485364
-0.76152796,-0.62304443
0.7488174,-0.59425586
-0.7442894,-0.6201989
0.80862844,-0.5753426
-0.5603382,-0.7102459
-0.22339892,-0.9524746
0.52029616,-0.7808236
-0.7726935,-0.57877207
0.94944704,-0.5449427
0.49823382,-0.77568734
-0.47897527,-0.82538325
0.7752087,-0.5931626
-0.9170993,-0.5473445
-0.9782453,-0.54714453
-0.352644,-0.87391293
-0.7969239,-0.59210926
0.63984877,-0.68346274
-0.23096932,-0.9470517
0.23920015,-0.9357727
0.64580125,-0.6789797
-0.6940136,-0.64548343
0.947362,-0.5452396
0.30308172,-0.91416484
-0.8691755,-0.5706345
0.08059391,-0.9859436
0.74172544,-0.60626155
0.79582465,-0.6021468
0.49567896,-0.79056215
0.9444509,-0.5305296
-0.0019552435,-0.99893546
-0.19388199,-0.96633184
-0.55823785,-0.751083
-0.084949374,-0.98022413
0.7146896,-0.6377791
-0.89110726,-0.54484004
-0.5519558,-0.72536796
0.9431975,-0.54260844
0.5808024,-0.7090785
-0.44313934,-0.8190624
0.6766704,-0.6452476
-0.7113776,-0.6353404
0.33360878,-0.9038566
-0.6014481,-0.71282214
0.062093325,-0.9996999
0.26384863,-0.9301537
0.46723866,-0.799501
0.81355995,-0.59332204
0.5869041,-0.7172127
-0.40362376,-0.84768516
0.6861385,-0.6485364
-0.8745426,-0.5663584
0.47288075,-0.79845166
-0.033412978,-0.99514425
-0.1207465,-0.9772562
0.40101162,-0.85478896
-0.87872946,-0.5517669
0.7459471,-0.6064671
-0.48208538,-0.7954548
0.6284351,-0.70212686
-0.3545148,-0.90511084
0.46804217,-0.81417483
0.8386746,-0.58470434
0.382579,-0.86217576
-0.530334,-0.7707743
0.39983866,-0.8599209
0.4000771,-0.8354941
0.8487962,-0.5679394
-0.48736376,-0.78022987
0.9387082,-0.54378885
0.37032858,-0.8869277
-0.3633443,-0.8773717
0.01952746,-1.0228024
0.5235921,-0.7633415
-0.90512645,-0.558118
-0.32754728,-0.89880395
0.77389497,-0.6033704
-0.78612524,-0.5787583
0.05601289,-0.99643743
0.15113641,-0.9805573
-0.42603064,-0.8405622
-0.1913443,-0.9619411
0.8204188,-0.57865906
-0.8792185,-0.5777858
-0.67718303,-0.66045004
0.80237556,-0.582798
-0.6413858,-0.6871437
-0.65146965,-0.670082
0.1689148,-0.9708032
0.9687328,-0.56510544
-0.10607878,-0.9959124
0.044831034,-0.98476475
0.65280676,-0.6662732
0.39271265,-0.8517881
0.99202996,-0.53473014
0.22536938,-0.9529651
-0.1606774,-0.9801444
-0.33283085,-0.88706756
0.97491974,-0.5321879
0.6168028,-0.6847459
0.6394928,-0.687316
-0.61117166,-0.6945817
-0.07923506,-0.9948908
-0.9545822,-0.5362042
0.06883867,-0.9961889
-0.85242945,-0.5630103
-0.6060554,-0.6968694
-0.43599594,-0.8320164
0.6343911,-0.6882624
-0.79507214,-0.5756342
0.8148872,-0.57313466
0.13259023,-0.99243283
-0.78254265,-0.58077055
0.9738733,-0.5287143
-0.9958695,-0.5418952
-0.6741008,-0.6602768
-0.6322536,-0.66991895
0.73638815,-0.60217214
-0.30435213,-0.920605
0.6697087,-0.6626786
-0.9157475,-0.54747665
0.9172166,-0.5303066
0.7074046,-0.6264134
-0.04823472,-1.0008974
-0.69424164,-0.64380836
-0.5526469,-0.74515706
-0.5444065,-0.75778633
0.40558484,-0.84433204
-0.25025782,-0.93482816
-0.99376225,-0.5387236
-0.23174807,-0.945523
0.1437072,-0.9904208
-0.8923535,-0.557772
0.10235499,-0.9889439
0.5537733,-0.73423976
0.12843299,-0.9808269
-0.33718175,-0.90524596
-0.27773103,-0.9461195
-0.13920161,-0.981189
0.6950893,-0.6391153
-0.9365632,-0.5364496
-0.29122412,-0.90132934
0.9188086,-0.5352367
0.6623247,-0.65889966
-0.73030007,-0.6266264
-0.29024163,-0.9049442
-0.96401256,-0.5539554
0.45917097,-0.8014477
-0.7928678,-0.56846035
-0.22815332,-0.9353193
0.8060743,-0.5850333
-0.7265837,-0.6399249
-0.34861976,-0.8935433
0.63115346,-0.6863686
0.264502,-0.93531567
0.5182766,-0.76705027
0.9179374,-0.56473154
0.82670856,-0.56436807
-0.42680603,-0.8413222
-0.40218252,-0.85181195
-0.8272277,-0.57687277
-0.24913886,-0.93239206
0.5488984,-0.7525046
-0.48320237,-0.81225973
0.6560631,-0.663768
0.14633992,-0.99472773
-0.27963135,-0.9266657
-0.16352588,-0.96272177
0.5419019,-0.74626416
-0.36766118,-0.87396073
0.4332198,-0.82997173
-0.16597673,-0.9833344
0.63166124,-0.6823731
-0.57655144,-0.72149485
-0.38259014,-0.86257666
-0.005050064,-0.9998752
0.49787936,-0.785861
-0.68475306,-0.642068
0.8066936,-0.58699924
-0.96435654,-0.55655015
-0.94720364,-0.5345441
-0.102080025,-1.0028344
0.6573974,-0.67586476
-0.73660177,-0.61326677
-0.029155985,-0.9958292
-0.14220612,-0.9816073
0.4896612,-0.7763518
-0.57243776,-0.71970415
0.18803932,-0.9663353
0.8392084,-0.5730678
-0.889674,-0.54938304
0.7689079,-0.59754544
-0.5821978,-0.7104003
-0.83491474,-0.57105315
-0.36166316,-0.86775124
0.02037261,-1.0129075
-0.2858054,-0.91819817
-0.73483354,-0.6256399
-0.04668948,-0.9977609
-0.99591744,-0.5470688
-0.980965,-0.5547194
0.6625736,-0.6722459
0.13661984,-0.9861405
-0.2729626,-0.9108651
-0.1941254,-0.9683679
-0.087632954,-1.0113125
-0.5284645,-0.76935226
0.45377687,-0.8338558
-0.38557303,-0.87319714
0.15305085,-1.0012267
-0.73087144,-0.6271205
-0.944864,-0.53999895
-0.70143175,-0.6432583
-0.29475182,-0.92057145
-0.72200865,-0.6007295
0.31853497,-0.9098298
-0.6741484,-0.65485775
0.62598014,-0.6894549
0.5918842,-0.71263725
-0.4327875,-0.83704066
-0.06840275,-0.9876681
0.36618942,-0.8632939
-0.15131447,-0.97670335
-0.84345794,-0.5542325
-0.44514108,-0.81692564
0.026735883,-0.9976104
0.6326589,-0.69611496
-0.8615398,-0.561008
-0.64698446,-0.665721
0.86208755,-0.5634765
-0.36375463,-0.875914
-0.24496633,-0.95257527
0.33176938,-0.8924263
-0.2632217,-0.92851794
-0.5384456,-0.7311331
0.9369123,-0.5420083
0.042027425,-0.99521613
-0.25794253,-0.9372497
0.5230202,-0.7668283
-0.79555666,-0.589035
0.8042625,-0.5683703
0.6236559,-0.6973305
-0.24702728,-0.9293794
-0.62726855,-0.69046223
0.7190956,-0.6364113
0.91230667,-0.5530931
-0.9042461,-0.55584466
0.97486895,-0.54867274
-0.22734942,-0.9617402
0.61227417,-0.7078236
-0.084399484,-1.017695
0.043665297,-0.99703693
0.07188171,-1.0004463
0.9267292,-0.54762405
0.25967953,-0.9431127
-0.40774632,-0.8344873
0.25320432,-0.95680267
-0.81944036,-0.5659524
-0.3373,-0.9085851
-0.65247685,-0.6792822
0.21205458,-0.95240265
0.06359689,-0.9764643
0.44934717,-0.8115746
-0.32289732,-0.92712295
0.9708497,-0.5397294
-0.36000952,-0.8871232
-0.89545965,-0.5267544
-0.45913157,-0.80932033
0.24778607,-0.93098485
0.52066547,-0.7764214
-0.51620674,-0.7803203
0.56005704,-0.7390886
-0.32781914,-0.9059681
-0.67189485,-0.65527165
-0.71914583,-0.6324866
0.63643557,-0.6833565
-0.5267607,-0.7535215
-0.5599574,-0.73835176
0.7656956,-0.6038234
-0.2706794,-0.93655396
0.98064244,-0.5488626
-0.46105275,-0.8039855
0.32060632,-0.90400404
-0.61098284,-0.7108721
-0.6149615,-0.7024023
0.617981,-0.68794304
0.8516594,-0.5662074
0.7886923,-0.61503226
0.6676913,-0.6523563
0.16655098,-0.9751009
-0.77371365,-0.5889642
-0.32480758,-0.90428925
-0.4379125,-0.8225978
-0.49867493,-0.77812916
0.9464957,-0.551008
-0.7009116,-0.6527832
-0.061569512,-1.0076663
0.85234654,-0.5607429
-0.87889516,-0.55626106
0.4912572,-0.7894639
0.21897162,-0.9489445
-0.27958304,-0.9281854
0.8763761,-0.5599522
-0.32968888,-0.90560716
-0.62263864,-0.689161
0.4490083,-0.80260706
-0.33495885,-0.89928615
-0.4262719,-0.8309928
0.862402,-0.546304
-0.38450763,-0.8702093
0.14894268,-0.96051335
0.3091486,-0.9184096
-0.029309332,-0.9935962
-0.37760502,-0.87901616
0.084724344,-0.9875915
-0.20064698,-0.96712136
-0.9290104,-0.5681969
-0.382087,-0.85106915
0.1727571,-0.96853465
-0.9746289,-0.5487028
0.2999149,-0.9165211
-0.93795353,-0.54616296
0.12575103,-0.98788273
-0.87801814,-0.5588693
0.69581074,-0.644137
0.8208467,-0.55482644
0.22875988,-0.9718502
-0.74701124,-0.6316178
0.8071426,-0.5761713
0.456447,-0.84017336
0.7581373,-0.61025405
-0.07224766,-1.0026402
-0.15661862,-0.97616166
0.18566471,-0.9723919
-0.088871524,-0.99361485
-0.6586626,-0.67537534
0.65062946,-0.6857103
-0.6190893,-0.6981077
0.49284703,-0.7829982
0.7816625,-0.5865313
0.05839766,-0.9947923
-0.4939436,-0.77455574
-0.95704466,-0.542347
0.3091213,-0.90088475
0.106603034,-0.9913409
0.38232347,-0.8602931
0.9026967,-0.5296439
-0.0970746,-0.9888429
0.345234,-0.87613887
-0.7151122,-0.63040346
-0.7208683,-0.63949585
-0.013316602,-0.9982414
0.17352882,-0.96500117
0.9691358,-0.53467876
0.13755198,-0.9880724
0.83461744,-0.5315267
0.57504547,-0.7167385
0.7984333,-0.5720965
0.71473795,-0.6219403
0.08386836,-1.0013967
-0.9999449,-0.54952955
-0.08968755,-0.98636115
-0.56112224,-0.7562579
0.42841345,-0.83873093
-0.60430187,-0.7111706
-0.05389436,-0.9910376
-0.9509836,-0.5533385
-0.8193134,-0.5552509
-0.215023,-0.92259276
0.4602729,-0.8072803
0.3472372,-0.87445724
-0.14468211,-0.9743238
-0.6185273,-0.7012554
-0.3881398,-0.8704575
-0.012083915,-0.9964263
0.89714694,-0.5571177
0.28049055,-0.9143435
-0.7448921,-0.6191281
0.6086155,-0.70079523
0.44223168,-0.832943
0.7769935,-0.60446495
0.22244458,-0.9373152
-0.38012314,-0.87090015
0.6951518,-0.64723015
0.1545837,-0.98285663
0.4054346,-0.8546528
-0.060478777,-0.9974205
0.6089575,-0.7229946
0.25122118,-0.9307785
0.7811062,-0.5891679
-0.2999237,-0.9054065
0.694454,-0.630673
0.57714933,-0.72452813
-0.2602795,-0.9335486
0.7514128,-0.60302335
0.1857968,-0.97924286
-0.25616613,-0.9401475
-0.4487251,-0.81001383
-0.8246479,-0.56450486
-0.81503093,-0.55519336
0.5685107,-0.73311514
-0.22901878,-0.93677664
0.04655053,-0.99842525
0.6695982,-0.671118
0.30945432,-0.9071586
0.8845798,-0.55546826
0.04650837,-1.0020509
-0.77773577,-0.6055727
-0.305618,-0.9136418
-0.7245839,-0.63308364
0.49508685,-0.7666294
-0.06733505,-0.98640555
-0.8852574,-0.5647921
-0.9669078,-0.54910916
-0.88903,-0.55614364
0.34441927,-0.890687
-0.59789735,-0.7191636
0.55536515,-0.74316615
0.026101535,-0.9891682
0.16126576,-0.97802305
-0.6607306,-0.67807746
0.7553655,-0.62695384
-0.05707668,-1.0163449
-0.1754822,-0.9668378
0.59071565,-0.71476656
-0.93496865,-0.5465383
0.03621829,-1.0045089
0.44043535,-0.829875
0.5907625,-0.7134059
-0.68888885,-0.65318537
-0.2190434,-0.95269525
-0.35829014,-0.8826381
0.98421973,-0.5428413
0.47025725,-0.8262828
-0.14898515,-0.9699541
-0.5700477,-0.72843784
-0.6521857,-0.67679894
0.9896782,-0.5474171
0.16661996,-0.9673543
0.4487695,-0.8210626
-0.6854732,-0.6434462
0.49733043,-0.7837027
-0.52127916,-0.75794345
0.5236844,-0.7751315
0.82842976,-0.5703479
-0.22444104,-0.9687197
0.80676943,-0.5904789
-0.071534075,-1.0084364
0.61765784,-0.6980604
-0.09120485,-0.9950841
-0.71241856,-0.6382915
0.33729088,-0.90623796
-0.34844548,-0.90284204
-0.8485965,-0.575438
0.30327845,-0.9036315
0.15799709,-0.97506356
0.8602226,-0.5694678
-0.82511604,-0.5739265
-0.1393602,-0.9781844
-0.536509,-0.75497174
-0.031152248,-1.0044564
0.68540156,-0.6549392
0.88343024,-0.5582629
-0.23921855,-0.9323477
0.23811556,-0.9390056
-0.52845913,-0.74905354
0.5239664,-0.7641004
0.8131559,-0.58787256
-0.047488153,-0.98479956
0.74444735,-0.6162497
0.96762514,-0.5542884
0.21617335,-0.96404016
0.1213337,-0.97849184
-0.23712169,-0.9439978
0.5728525,-0.7364188
0.62966746,-0.6952286
-0.9798061,-0.5165426
-0.4953176,-0.78182197
-0.9359135,-0.54625267
0.55297405,-0.7393217
-0.6453442,-0.695857
-0.7833182,-0.6016186
0.5940251,-0.7217443
0.14886245,-0.96491003
-0.6930928,-0.6643085
0.68919563,-0.65651387
-0.1861255,-0.9655525
-0.25415444,-0.9421323
0.30360198,-0.92198044
-0.9261261,-0.5482869
-0.3280515,-0.882069
-0.8429539,-0.55743515
0.47098398,-0.82049215
-0.4511594,-0.81730723
0.6729533,-0.6755222
-0.16262881,-0.9712129
0.77050054,-0.58939105
-0.5578734,-0.753902
0.30508408,-0.90758795
0.88973373,-0.53687125
-0.21175605,-0.9780164
-0.684032,-0.64945054
0.10749603,-0.98706794
-0.13591108,-0.98276746
0.012095853,-1.0104164
-0.048275303,-0.9947361
-0.46821964,-0.8099607
0.029255137,-0.9967043
-0.7046206,-0.64430153
0.16589916,-0.972536
-0.12571032,-0.95779294
0.94521433,-0.559166
-0.81005394,-0.60834724
0.5036932,-0.77885944
-0.30141094,-0.91660357
0.39458868,-0.8588743
0.91532123,-0.5574064
0.7954665,-0.58225805
-0.7733434,-0.5828519
0.7527947,-0.6154214
-0.21806283,-0.94389915
-0.858742,-0.55789524
-0.58454466,-0.7164042
-0.94288653,-0.54215556
-0.7211827,-0.6312493
-0.065183505,-0.9890928
0.89047277,-0.55744225
0.61938065,-0.6854447
0.062818386,-0.9846815
-0.35254332,-0.8856689
-0.9431653,-0.5544614
-0.8855401,-0.553245
0.46305978,-0.7984432
0.08907113,-0.9970912
-0.7566412,-0.6047663
0.72437054,-0.6271756
0.035639647,-1.0025969
0.67417717,-0.6405164
0.5569291,-0.73171073
-0.3332705,-0.90316004
0.40552214,-0.86988825
0.9846733,-0.5392013
0.49605972,-0.79421955
-0.4714346,-0.8011363
0.18372685,-0.9691217
-0.13409416,-0.96942574
-0.3999845,-0.85493433
-0.43158776,-0.8296448
-0.07904839,-0.97191447
-0.37929818,-0.8550333
-0.7046162,-0.6548795
0.51388866,-0.7755286
-0.41393685,-0.849355
-0.25385115,-0.9318901
0.8061266,-0.58678055
0.32441878,-0.9158763
0.8575619,-0.5599688
0.20263894,-0.95022774
-0.2889013,-0.92159766
-0.5546997,-0.74475795
0.65037054,-0.6742193
-0.10200445,-0.9972717
0.30181032,-0.9154552
0.48386052,-0.797621
-0.5073481,-0.771478
0.9523376,-0.5314486
-0.5288861,-0.7541946
0.51520205,-0.77600336
-0.6969017,-0.6607071
0.94899744,-0.5457868
-0.49702892,-0.778657
0.030805262,-0.9893269
-0.2622293,-0.9359944
0.807904,-0.58612335
0.04398203,-1.0101233
0.343935,-0.8807489
-0.5608362,-0.75330526
0.8918437,-0.54264176
-0.28985375,-0.92539215
-0.8001372,-0.59554535
-0.5636936,-0.72196573
-0.6117307,-0.7131772
-0.78363526,-0.6062137
-0.017727701,-0.9799282
-0.37698174,-0.8623623
-0.011127261,-0.99582905
-0.8415307,-0.5643495
0.17795323,-0.9756391
0.26337802,-0.938102
-0.49048728,-0.7724864
0.13815525,-0.98200613
-0.39113316,-0.86572444
-0.68667763,-0.63533133
0.36102787,-0.88587064
0.670522,-0.65479505
-0.69283867,-0.6308526
0.77612436,-0.5974911
0.1970121,-0.9837488
0.5463196,-0.73992085
0.38637763,-0.84944683
0.7668711,-0.6003055
-0.88054,-0.55649084
0.9737634,-0.5434596
0.7601377,-0.60323066
-0.9133595,-0.550771
-0.49507338,-0.7688914
0.07059961,-0.9930189
0.7125754,-0.63189214
-0.3753597,-0.86155194
-0.90039694,-0.5538892
0.5597441,-0.74126124
-0.13203679,-0.9777072
0.5220364,-0.7670777
-0.34892055,-0.8783602
0.63751,-0.68542963
-0.27797833,-0.9216033
-0.047160365,-0.9897079
0.8746155,-0.5457101
-0.7038708,-0.65739596
0.16438477,-0.97033924
0.6276836,-0.68085
0.3826472,-0.87428546
-0.14691383,-0.96788627
0.6050215,-0.703501
-0.041542374,-1.0026003
0.28774464,-0.9164233
-0.32843444,-0.8898607
-0.88506824,-0.5746931
-0.590867,-0.69972897
-0.0650174,-1.0152724
0.7877941,-0.60081565
-0.7364391,-0.6033472
-0.36685893,-0.86550534
-0.33971316,-0.8959381
0.5566457,-0.73082316
0.0874549,-0.98895466
-0.1680982,-0.9697956
-0.87465537,-0.58476955
0.94094354,-0.5542975
0.6143201,-0.7025521
-0.8873983,-0.5761257
-0.9071663,-0.5406443
-0.49470517,-0.7873437
-0.8983029,-0.536926
0.48209703,-0.8010663
-0.5898293,-0.7307928
0.7625748,-0.61271906
0.22080757,-0.949385
-0.02876677,-0.9881345
-0.7757617,-0.5955904
-0.7389456,-0.6062201
-0.7576238,-0.60561126
-0.5764434,-0.72019607
-0.79166883,-0.5706954
-0.35809648,-0.87476104
0.6242798,-0.69904965
-0.7069792,-0.6329427
-0.40131867,-0.8513681
-0.100546755,-0.9935432
0.22767869,-0.9575042
-0.5253305,-0.7419344
0.22793032,-0.95205027
-0.6323175,-0.70940024
0.25480726,-0.9435666
0.5771004,-0.7337159
-0.95371825,-0.5457821
0.8721898,-0.57157135
0.42549756,-0.8414781
0.89979357,-0.5473027
-0.47065997,-0.81757164
0.8766623,-0.54361296
-0.09286679,-0.990987
-0.6968218,-0.64038527
0.4745631,-0.8053614
0.38938534,-0.8580349
0.84366465,-0.5581435
-0.3920379,-0.85613865
0.25846925,-0.9241382
0.9201455,-0.5448747
0.74473256,-0.6044103
0.6446944,-0.67302406
0.75733405,-0.62653106
0.6885624,-0.65629005
-0.24170834,-0.9515621
-0.968905,-0.5511614
0.9752392,-0.55411845
0.54972374,-0.734914
-0.5483207,-0.732136
0.495982,-0.8022342
-0.27085117,-0.9214623
-0.506512,-0.7721441
0.13190573,-0.9605149
-0.9786741,-0.5442672
0.9529477,-0.5587892
0.88597304,-0.568434
0.5802296,-0.7125471
-0.89312786,-0.55973905
-0.85024595,-0.5562925
0.2965463,-0.9162817
0.5995991,-0.7006677
-0.8918077,-0.5670293
0.12731166,-0.9832416
0.3981824,-0.84658957
-0.6727901,-0.65104765
-0.6488207,-0.6647653
0.86272687,-0.5762231
-0.1979492,-0.9627475
-0.4509174,-0.81853056
-0.9088533,-0.5334179
-0.92620933,-0.5180264
-0.4836517,-0.7804193
0.23993798,-0.9351474
0.21026689,-0.9522968
-0.5490308,-0.7464145
0.4851726,-0.781051
-0.0776286,-0.99198735
0.5987341,-0.7149085
0.8487457,-0.56463003
-0.52533853,-0.77122897
-0.10336374,-1.007956
-0.8936203,-0.5682525
0.5253783,-0.7637909
-0.35483918,-0.9027309
0.30242762,-0.92436063
-0.23770072,-0.94043565
-0.7149066,-0.6381323
-0.9858808,-0.5562495
0.28071535,-0.93552744
0.8686744,-0.5456651
0.80709296,-0.57240605
0.88108283,-0.5625063
0.37616393,-0.8639198
-0.14168976,-0.9790683
0.052849963,-0.98899186
0.45245498,-0.80438733
-0.4024862,-0.8688626
-0.6168518,-0.6928497
-0.8642762,-0.5585461
-0.046596173,-0.9868693
-0.8168289,-0.5936041
-0.07948158,-1.0065458
0.62562793,-0.68980724
-0.69395375,-0.64669895
-0.7588895,-0.6013166
-0.50913584,-0.7925879
-0.8334959,-0.55767965
-0.27092016,-0.9275279
0.21769543,-0.9519368
-0.05579274,-0.99836457
0.44064727,-0.8369676
-0.7595017,-0.612269
-0.3193768,-0.88692
-0.16610478,-0.97204244
-0.08061356,-0.99344003
-0.8626154,-0.55089927
-0.871558,-0.56464547
-0.8310789,-0.56626415
-0.71925753,-0.6264151
-0.999128,-0.5480658
-0.39618975,-0.86065006
-0.17726634,-0.96244293
0.09741051,-0.9850088
-0.9452912,-0.551288
-0.10998182,-0.98327255
0.87607235,-0.5667462
0.5025256,-0.7879587
-0.35774997,-0.8766528
0.05247716,-0.994698
0.39721775,-0.8659152
-0.69101375,-0.6423148
-0.85574234,-0.5634909
0.23782392,-0.93444055
0.47403917,-0.7975453
0.028411157,-1.0105299
0.39087158,-0.85746133
0.4380056,-0.83500355
0.2881737,-0.91970044
0.87331563,-0.55237895
0.072087385,-0.98991644
-0.8861025,-0.5624925
0.13033597,-0.9892574
0.27877805,-0.92490077
-0.31843093,-0.9082634
-0.054446656,-1.001236
0.54098547,-0.76338226
0.43768248,-0.8238037
-0.6447829,-0.6837218
-0.5241073,-0.76841027
0.14129367,-0.9798238
-0.21926706,-0.9781582
0.5009798,-0.79816914
-0.79741156,-0.56927437
-0.34880793,-0.9015195
-0.26470837,-0.9232229
-0.13868394,-0.972079
0.53265476,-0.75903344
-0.96302176,-0.52820885
-0.7107923,-0.62498
0.102374844,-0.98760283
-0.026469061,-0.9954092
0.90295035,-0.539651
-0.8883064,-0.5483939
-0.40697116,-0.84006715
0.5557306,-0.72570115
0.9227279,-0.5333756
0.9884818,-0.54726136
-0.41660812,-0.85060036
0.19131291,-0.96360254
0.9155162,-0.52622
0.9545132,-0.55504936
-0.7643635,-0.6040001
-0.2911239,-0.9202625
0.46725026,-0.81510705
0.11802982,-0.9849747
0.15222956,-0.9828211
-0.13886,-0.9814252
0.68857294,-0.6491384
-0.8710212,-0.55658585
-0.5415361,-0.76191413
0.40627038,-0.8541503
0.6386654,-0.68309385
0.94132036,-0.54431665
-0.40780205,-0.8479581
-0.5593381,-0.73321074
-0.48320532,-0.80609614
-0.5013404,-0.78457355
-0.04654616,-1.0071284
-0.432539,-0.841452
-0.7215378,-0.6230517
-0.8926571,-0.5505518
-0.48834172,-0.7968096
0.6350282,-0.6900079
0.689065,-0.6602248
0.18208687,-0.95688117
-0.20857248,-0.9588272
-0.4671038,-0.82289994
-0.92112213,-0.54544467
0.9807562,-0.55122167
-0.23657095,-0.9516605
-0.25415608,-0.9276408
-0.20512381,-0.9612195
0.55363584,-0.72672004
0.31676665,-0.87478566
0.8864949,-0.5390646
-0.85086507,-0.57386065
0.9217334,-0.5320091
0.1790161,-0.97420496
0.85886693,-0.55563045
0.52789426,-0.74853987
0.9726543,-0.554462
-0.5740212,-0.72707987
0.04134824,-0.9971168
0.877248,-0.5638978
-0.72498,-0.6425902
0.56006235,-0.73142207
0.8279119,-0.58596665
-0.2501235,-0.93291336
-0.113875516,-0.9890331
0.6641085,-0.65044785
0.13282564,-0.99382174
-0.042986657,-0.9989089
-0.45186278,-0.7966334
0.072232924,-1.0018878
-0.24825086,-0.923905
-0.057747465,-1.0045083
0.70023364,-0.6382895
0.6911603,-0.65429497
-0.95800865,-0.53798604
0.09171487,-1.0042546
0.9014624,-0.5548508
-0.107937634,-0.9934813
-0.77918303,-0.60122603
-0.9774388,-0.52874297
-0.18368578,-0.9745432
0.75385594,-0.60640126
0.7854437,-0.572373
0.3233227,-0.898565
0.90590096,-0.5734811
-0.8554763,-0.5414492
-0.25901166,-0.9240406
0.5852669,-0.7071396
0.67975664,-0.6398432
-0.8170127,-0.5772799
0.17430755,-0.98479944
0.33226043,-0.8859906
-0.556205,-0.758472
-0.9333,-0.5589811
-0.9585763,-0.5432519
-0.2820006,-0.9133225
-0.74507064,-0.6193938
0.14243397,-0.9860004
-0.50005877,-0.75730664
-0.32379684,-0.891499
-0.31083757,-0.90366215
0.86261195,-0.54462767
0.72316515,-0.6195043
0.297527,-0.92666215
-0.6860274,-0.6611864
-0.8460978,-0.56645334
-0.28859502,-0.92306006
0.1421798,-0.95892316
0.4499786,-0.8200623
-0.9519561,-0.52588135
-0.6104201,-0.6979058
-0.12312516,-0.97666764
-0.2807668,-0.95380247
-0.083425924,-0.969379
-0.34521142,-0.89567786
0.17572169,-0.9584828
0.7319879,-0.63603145
-0.83615845,-0.5519928
-0.41402125,-0.85947204
-0.46734133,-0.81640893
0.08827011,-0.9968328
0.78441614,-0.5953353
0.6398254,-0.6840312
0.80511045,-0.5778134
-0.5749456,-0.7383578
-0.31290263,-0.9037237
-0.44904238,-0.8024104
0.09183037,-1.002284
0.34234855,-0.89091843
-0.16923584,-0.96328384
-0.38451508,-0.8805917
0.2638593,-0.94579965
-0.0033174474,-0.9946311
0.65744066,-0.67183673
-0.892113,-0.5492846
0.4721443,-0.7989655
0.38552588,-0.8795071
0.7333999,-0.6019784
0.68989575,-0.6476513
-0.69938934,-0.6411354
0.282657,-0.9252654
0.20828052,-0.95202863
0.38881436,-0.85308766
0.96255344,-0.5723553
-0.78114426,-0.58507264
0.25846255,-0.9481712
0.19379726,-0.9684683
-0.98506504,-0.55467325
0.3173015,-0.9100926
-0.005682947,-1.0035762
0.5459823,-0.7512938
0.51047486,-0.7918718
-0.9126878,-0.5473673
0.56082356,-0.7334402
0.79441,-0.58752084
0.26401165,-0.93857926
0.7384191,-0.62593716
-0.583721,-0.7481727
0.8020544,-0.57805693
0.87177235,-0.55411875
-0.43038103,-0.836864
-0.30926663,-0.9258937
0.42181772,-0.8405913
-0.32786265,-0.90423584
0.9790027,-0.5301725
-0.42360777,-0.82611847
-0.94225466,-0.5519321
0.63525814,-0.6766041
-0.91340584,-0.55847937
0.9485196,-0.5308414
0.19991192,-0.9590282
-0.12139431,-0.96460634
0.46515626,-0.8151617
0.43167403,-0.81927747
-0.22295171,-0.93691635
-0.5721184,-0.7343705
0.6898277,-0.66037065
0.84395087,-0.5582105
0.9897218,-0.55419964
-0.27351177,-0.9315813
0.15385163,-0.98480463
0.9621059,-0.52411604
-0.17506069,-0.96935856
0.5809738,-0.71974045
0.87951255,-0.554604
-0.6290789,-0.69600487
0.44912705,-0.81360424
0.4058395,-0.8401441
-0.2220851,-0.95818067
0.96199715,-0.5422689
0.7336709,-0.6087727
0.98854566,-0.55594534
0.100149095,-0.9916984
-0.55568826,-0.7336128
-0.44133422,-0.835217
0.5830706,-0.7203757
-0.2767798,-0.93177074
-0.5700782,-0.73830605
0.8437725,-0.5727693
-0.3180627,-0.91750336
-0.8367468,-0.59063965
0.13308313,-0.99205303
0.10044342,-0.98587495
-0.15536165,-0.9859943
-0.107197784,-0.9931153
-0.5604771,-0.75208235
-0.40835017,-0.8463084
-0.026877599,-0.9819301
0.94425374,-0.5381508
0.9602515,-0.54576385
-0.82561827,-0.5686606
0.8127394,-0.5663893
-0.11975602,-0.97575545
-0.08173815,-0.982093
-0.2813973,-0.9216012
0.7587885,-0.587066
-0.085635394,-0.99624854
-0.9886482,-0.5297106
0.8707293,-0.549914
0.9481955,-0.55006087
-0.1351846,-0.99918896
-0.12775023,-0.98177814
-0.9649782,-0.55932623
-0.5964276,-0.7096989
-0.7597612,-0.6140922
0.5911117,-0.7077289
0.030871117,-1.0123551
-0.42130876,-0.8197549
0.8491751,-0.56116223
0.292238,-0.9355525
0.8733028,-0.5485566
-0.49151912,-0.8051672
0.7329439,-0.613815
0.7096509,-0.64210427
0.794262,-0.56399024
0.6348718,-0.6848974
0.61230516,-0.7219298
0.69800425,-0.6431671
0.79191035,-0.59771353
-0.15248609,-0.9624813
-0.5619863,-0.73400474
-0.8557541,-0.5659146
-0.44973207,-0.81491023
0.7258492,-0.61529595
0.9941985,-0.5367927
-0.15386179,-0.99898297
-0.0640371,-0.9822622
-0.21458486,-0.97328293
0.101845704,-0.97879213
-0.043966603,-1.0040643
0.3679703,-0.8774625
-0.4506527,-0.8213018
-0.19401404,-0.962071
-0.19481178,-0.95014083
-0.3626373,-0.86441076
0.59646696,-0.7099352
0.08054256,-0.98519737
0.11998602,-0.987985
-0.51769143,-0.77340347
-0.15206876,-0.96849865
-0.31069738,-0.89783293
0.81546307,-0.5829079
-0.924352,-0.5294119
-0.64993453,-0.66039705
0.32108167,-0.9200208
0.20998931,-0.96532696
0.42943,-0.8396337
-0.90915483,-0.5516948
0.7651199,-0.6123265
0.86193997,-0.5612269
0.56367815,-0.73382616
-0.65047836,-0.6559673
0.5777544,-0.7147823
-0.3668796,-0.8510021
-0.69594634,-0.65562254
-0.8378726,-0.56664807
-0.9056857,-0.55008554
0.6846622,-0.6512933
0.68616325,-0.65479666
-0.93371856,-0.5490832
0.43125764,-0.83599406
-0.49179155,-0.78154624
-0.55452096,-0.739397
0.12401295,-0.9915045
-0.08419625,-0.9835434
-0.62167054,-0.7091316
-0.9886491,-0.53603715
-0.35495088,-0.87720454
-0.18914096,-0.97497326
-0.049558524,-0.9953598
-0.18358743,-0.9774346
-0.23923975,-0.939867
0.9266072,-0.5613717
0.8398802,-0.562515
-0.21758108,-0.974811
0.88278586,-0.54902685
-0.8257579,-0.5847729
-0.9745465,-0.5413073
-0.33833313,-0.8824991
-0.62944216,-0.69996625
0.40885022,-0.873463
0.2525314,-0.9525634
0.94895655,-0.548654
0.507794,-0.78938806
-0.21050055,-0.9754006
-0.46233258,-0.82128745
-0.8909487,-0.54015553
-0.47155258,-0.7890283
-0.6353653,-0.6983832
0.6781716,-0.64928985
-0.3482883,-0.88197345
0.3673887,-0.8841819
0.2957955,-0.8935531
-0.88132274,-0.55579144
-0.95486194,-0.54268295
-0.10989278,-1.0061725
0.8516114,-0.5572743
0.27855912,-0.9439853
0.7137713,-0.6296617
-0.9120435,-0.5531402
-0.24330145,-0.94952714
-0.88226753,-0.5609534
-0.31799555,-0.8902813
-0.43164527,-0.8223986
0.84295195,-0.55771434
0.63633937,-0.6838208
0.6127815,-0.70936406
-0.95022506,-0.54937714
0.015700866,-1.0066284
-0.80557346,-0.5781064
0.73138,-0.6174448
-0.09573615,-0.9907538
-0.80565625,-0.57191694
0.96730727,-0.5458772
-0.42379522,-0.83240294
-0.60059154,-0.7214291
0.12912646,-0.9640882
-0.031054772,-0.98928535
-0.45102575,-0.8260573
0.47467443,-0.7923575
-0.4210373,-0.83060867
-0.3099082,-0.9254963
0.39992702,-0.8431432
0.14282273,-0.9903828
-0.4224375,-0.8320173
0.8455148,-0.54741997
0.4376475,-0.8239632
-0.39554626,-0.82563555
0.72530776,-0.61611074
-0.37445727,-0.8710346
0.951298,-0.5449432
0.81602365,-0.57276595
-0.197916,-0.96202946
0.32613945,-0.9165169
0.07107639,-0.99872684
0.6335909,-0.69312555
0.7248078,-0.6164045
0.26058722,-0.94182664
0.11117246,-0.98346186
-0.32122064,-0.90104395
0.80007344,-0.5869616
0.21227704,-0.96241295
-0.8649468,-0.557832
0.33709195,-0.8922957
-0.5742208,-0.7358158
-0.71724284,-0.6317669
0.9719835,-0.5461372
0.79309875,-0.58235157
0.45547262,-0.8147775
0.17414853,-0.96791553
-0.22981769,-0.94764
-0.36713237,-0.8782516
-0.32696256,-0.90419686
-0.09475119,-0.9784277
-0.3159515,-0.9132168
-0.550523,-0.72891754
0.8246517,-0.5561544
0.5176649,-0.7765405
0.2823807,-0.9177487
-0.11456835,-0.98138934
0.6086759,-0.69541633
-0.67796296,-0.65019673
-0.7214279,-0.63627654
0.90811855,-0.5335837
0.88472927,-0.53642344
0.33696294,-0.8983869
-0.06874093,-1.0026909
0.7792948,-0.61429495
0.47957075,-0.7929073
0.53757906,-0.757629
0.30126667,-0.92519134
0.84346956,-0.56426054
-0.37798837,-0.87596333
-0.46715626,-0.8022621
0.17615956,-0.9763362
-0.29880303,-0.92285943
-0.8869794,-0.5517828
0.923941,-0.54946035
0.8071202,-0.5951488
-0.9791582,-0.5318061
0.7362837,-0.62149477
0.035742972,-0.9901237
0.010130346,-0.9970566
-0.665238,-0.6819154
-0.60661584,-0.699232
-0.43816364,-0.83107245
0.1123059,-0.9897562
-0.034449644,-0.97683305
-0.4475201,-0.81586283
0.61206496,-0.7019662
-0.2967672,-0.92012876
-0.60623586,-0.6851605
-0.172969,-0.97061914
0.41179624,-0.83511066
-0.3526865,-0.8801312
-0.36284786,-0.87566066
-0.7684182,-0.5894673
-0.79672784,-0.5830227
-0.41409054,-0.8439776
0.4391821,-0.8213132
0.07568539,-1.0057193
0.64988387,-0.66904455
0.43657467,-0.8271128
0.27538398,-0.93207437
-0.7144986,-0.62733644
0.82994074,-0.57727265
-0.9405692,-0.55252683
0.91507405,-0.5355984
0.6069694,-0.69603664
-0.49542853,-0.7780322
0.9709963,-0.5304788
-0.10335481,-0.9824092
0.6091842,-0.7180116
0.8643072,-0.5492277
-0.0047135632,-1.0040449
0.2400623,-0.94928133
0.30945852,-0.9029724
0.16691437,-0.96249276
-0.6286932,-0.68374336
-0.41616067,-0.8440065
-0.7855093,-0.5819545
-0.12864706,-0.9811966
-0.6294555,-0.68399036
-0.6495962,-0.6838569
-0.76918435,-0.6121202
-0.15355696,-0.9800128
-0.81482023,-0.5871729
0.45905733,-0.7989868
0.8002209,-0.59857446
-0.37345436,-0.87764734
0.6788363,-0.67120224
0.17790948,-0.9648866
-0.18823993,-0.9715173
0.62446195,-0.6748972
0.5756185,-0.7232929
0.8806595,-0.5571478
0.8812713,-0.5516295
0.39445326,-0.8525215
0.82510746,-0.565065
-0.8903344,-0.54190284
-0.6204717,-0.69831795
-0.3876232,-0.8699508
0.58557975,-0.7160031
-0.91395164,-0.5300286
0.5158377,-0.7585399
0.3410244,-0.8715839
0.7557632,-0.5903356
-0.9055927,-0.5601435
0.24289382,-0.9431628
-0.80026454,-0.5849657
-0.88721824,-0.5514794
0.89515203,-0.54898393
-0.55522436,-0.7312142
-0.6217515,-0.71063983
0.74944645,-0.6021333
-0.37496325,-0.8636592
0.6945088,-0.6375866
0.3403667,-0.8970111
-0.62083894,-0.6881195
0.039133888,-1.0035992
0.3217854,-0.8992938
0.44565278,-0.8235625
-0.036095653,-1.0061092
-0.28982732,-0.93609136
0.8977522,-0.5416573
-0.16512848,-0.9778111
0.38414332,-0.8658387
0.6741201,-0.65256387
-0.6623245,-0.6774803
-0.03414453,-0.99265504
0.104230314,-0.98644847
0.14013104,-0.99381405
-0.7019398,-0.6451029
-0.9481931,-0.5340773
0.33013687,-0.88513774
0.24282365,-0.9336479
0.40038994,-0.8606469
-0.553922,-0.7488525
-0.3245573,-0.9116033
0.14081918,-0.9730277
-0.884626,-0.56578195
-0.5870048,-0.70133847
0.76159126,-0.60397846
-0.69161344,-0.6484446
-0.671624,-0.66354036
0.44219655,-0.83131564
0.76695013,-0.6007058
0.9419119,-0.55316657
0.672625,-0.6482697
0.42469966,-0.82816195
0.7724822,-0.5953824
0.002395527,-0.99151397
-0.41724488,-0.8501254
0.44034353,-0.83684886
-0.18648267,-0.96118474
-0.24744976,-0.9420343
-0.14841461,-0.9774912
0.25015122,-0.9497961
0.8045928,-0.5813008
0.90404165,-0.5603298
0.30859578,-0.8985925
-0.9280682,-0.54573184
-0.18509273,-0.952329
-0.7403478,-0.613565
0.116447926,-0.9940508
-0.20903265,-0.94944954
0.47508746,-0.81232435
0.20226921,-0.96289146
-0.634268,-0.68632764
-0.6929418,-0.6673412
-0.79974025,-0.56946886
0.4851636,-0.78829694
-0.33567894,-0.9081012
-0.11935626,-0.98265195
-0.14428891,-0.9906237
0.3179657,-0.90100425
-0.9078058,-0.55745786
-0.29024965,-0.91867906
-0.8063177,-0.57701033
-0.90300953,-0.5466235
-0.8366245,-0.57160836
-0.15733007,-0.9822018
0.3880687,-0.86387444
-0.07395467,-0.98441404
-0.5106831,-0.7702751
0.3024224,-0.9051708
-0.59584993,-0.71258557
-0.2427728,-0.9326031
0.9039083,-0.53410906
0.6587291,-0.6811221
0.82707596,-0.5827372
-0.6835708,-0.63995844
0.24153684,-0.92613226
-0.38011596,-0.8773654
0.63288677,-0.6992038
-0.09098385,-0.9993285
0.47286168,-0.8074647
-0.3765489,-0.8670678
-0.8628075,-0.5516386
0.5043734,-0.7815213
0.20420462,-0.9418757
0.73319757,-0.6199881
-0.7687504,-0.6063884
0.9392792,-0.55367386
0.82602775,-0.5769125
0.30506516,-0.909468
0.051044226,-0.9986541
-0.20171572,-0.9640715
-0.8111373,-0.5820131
0.85756904,-0.5689322
-0.6097471,-0.69990104
-0.2858385,-0.9017612
-0.628493,-0.69184494
-0.47754565,-0.7954602
-0.21491657,-0.9597287
0.3935969,-0.8404819
0.6222497,-0.69890743
-0.88348025,-0.5576293
0.6306397,-0.70311505
0.58622247,-0.7380507
-0.7301745,-0.62348497
-0.45116162,-0.8236491
-0.83173525,-0.56527865
-0.031288337,-0.9937722
0.93744826,-0.54230905
0.7530316,-0.60325265
0.7480402,-0.6047207
-0.74550927,-0.60818946
0.80258393,-0.5884649
-0.95972216,-0.55133367
0.52470595,-0.7673061
-0.40094537,-0.8565809
0.0035548394,-0.99818605
0.46758023,-0.7963831
0.2944732,-0.92042184
-0.3300952,-0.8952977
0.6350526,-0.6643326
0.30423343,-0.908528
0.6874461,-0.6431545
-0.26728284,-0.91457695
-0.76522076,-0.6034273
-0.2561436,-0.930131
-0.010982329,-1.0084313
-0.71202266,-0.63602847
0.12334546,-0.9884612
0.3227122,-0.89668655
-0.99483824,-0.52395093
0.109966666,-0.9958367
-0.7441148,-0.60200596
-0.714818,-0.62215877
-0.2462882,-0.93887705
-0.8142911,-0.5747805
0.14420179,-0.97224814
0.47432443,-0.8012829
-0.34714496,-0.8912355
0.87005454,-0.5460051
0.42162454,-0.8400124
0.97799677,-0.5420988
0.21356744,-0.96544737
-0.078343816,-0.9945607
0.52798045,-0.77655077
-0.21076672,-0.95512384
-0.9984122,-0.5594149
-0.57391655,-0.7457944
-0.5883506,-0.732283
-0.021796176,-0.9949657
0.4232606,-0.84722245
0.11374565,-0.98842627
-0.7936508,-0.5933121
-0.478951,-0.7939212
-0.7267758,-0.6410043
-0.84093124,-0.56734014
-0.68660617,-0.6528621
0.0396351,-0.99108154
0.51150155,-0.76837754
-0.20603041,-0.9798839
-0.5984205,-0.6986633
-0.13938414,-0.970425
-0.34012738,-0.88659406
-0.9106608,-0.5616863
0.84506804,-0.5602016
-0.9787676,-0.5365024
-0.91758394,-0.5498408
-0.3991591,-0.8443773
0.5535708,-0.7265252
-0.022265507,-1.0034302
0.022516213,-1.0084214
0.23415503,-0.9487686
-0.9196707,-0.5410587
0.9176039,-0.5467983
0.09901118,-0.9998305
0.64734304,-0.6637853
-0.14184473,-0.9817891
-0.12833801,-0.97761625
-0.6632739,-0.6579763
-0.27991986,-0.92657876
-0.6301761,-0.68129575
0.82543075,-0.555505
-0.34308773,-0.8802669
-0.20096543,-0.9766265
-0.7316469,-0.622202
0.9843936,-0.5507567
0.1428789,-0.96775764
0.14900869,-0.9780707
-0.70895797,-0.6358418
0.3585016,-0.89497274
0.36221075,-0.8470568
0.8083519,-0.5790361
-0.4326581,-0.8325633
0.73954165,-0.63091695
-0.112651505,-0.985643
-0.5496611,-0.74683356
0.32147607,-0.9008385
-0.93472755,-0.55845714
0.7160575,-0.6465856
-0.8692364,-0.5405067
-0.20257376,-0.9715091
-0.7133364,-0.62636316
-0.058890115,-0.9993483
0.9149102,-0.5371179
-0.7147163,-0.62884283
-0.7849792,-0.5902487
-0.6041887,-0.70478034
0.87694925,-0.5629719
-0.43767422,-0.8391638
0.21403512,-0.95768815
-0.42281714,-0.8531444
0.43920118,-0.8476857
0.26232222,-0.9321494
0.9192445,-0.54914683
-0.3423036,-0.88012123
-0.3748674,-0.8612205
0.558342,-0.7346944
-0.6836255,-0.6457015
0.45622572,-0.82240933
0.5442179,-0.7455671
0.71677047,-0.6355853
0.37966004,-0.860767
-0.6659397,-0.63504314
-0.3280965,-0.9223297
-0.88827705,-0.5450149
0.50556725,-0.7780776
0.38228968,-0.8710975
0.029732844,-0.99162614
0.9573633,-0.55581963
-0.36039478,-0.85825783
0.78088903,-0.5826139
-0.6364873,-0.6885945
0.91012806,-0.56714225
-0.42237785,-0.8443908
0.61249036,-0.6858886
-0.7754371,-0.5768073
-0.18164642,-0.96992564
0.93181527,-0.53771687
-0.37750787,-0.8720811
0.5610827,-0.74071807
-0.031117758,-1.0077765
0.21064521,-0.94263655
0.19709058,-0.9689972
0.14046632,-0.9765081
-0.03325399,-0.9971553
-0.61878645,-0.6694767
-0.97550726,-0.5430297
0.35472628,-0.88736
0.41194746,-0.8525441
0.5477113,-0.73857844
0.86170393,-0.5394957
-0.67488,-0.63846135
0.78096545,-0.59808725
-0.5282703,-0.75397
0.084340006,-1.0033072
-0.4812906,-0.7967374
-0.72222066,-0.6398531
-0.89715874,-0.54991734
-0.3127673,-0.91718924
0.942655,-0.54455197
-0.054895896,-0.98372924
-0.92484933,-0.5541375
0.34930897,-0.88967204
-0.5963969,-0.7023144
-0.8831735,-0.55741394
0.58515733,-0.7321385
-0.1075501,-0.9926587
0.9543826,-0.5430226
0.42952052,-0.8270377
-0.42283174,-0.8557766
0.962769,-0.53744394
0.7416237,-0.6126148
-0.36788997,-0.8951319
-0.4189355,-0.843172
0.0048562363,-0.99888253
0.08354309,-1.0017468
0.15728909,-0.986094
-0.5649413,-0.7355166
-0.8906542,-0.55207443
0.08304313,-1.0144341
0.21277043,-0.9627232
0.91587824,-0.5550519
0.08735032,-1.005805
-0.687375,-0.63967746
-0.38545462,-0.8534105
-0.89607126,-0.56515944
-0.96921796,-0.5449654
-0.04408867,-0.99373525
0.32398376,-0.8907677
0.90280455,-0.54049176
0.26708156,-0.9348106
-0.6378721,-0.68119925
0.81446755,-0.5664918
0.7598719,-0.60843074
-0.18477763,-0.9756455
0.044976324,-0.98670685
-0.0012717369,-1.0104585
-0.119314365,-1.003115
-0.34046066,-0.8880892
0.9736593,-0.5361196
0.8164415,-0.56439817
-0.33314764,-0.8886881
0.228461,-0.9413026
-0.8291403,-0.5825139
0.4906781,-0.7858841
0.68740875,-0.64247525
-0.066362225,-1.0017167
-0.8481027,-0.5641647
0.16469386,-0.96159637
-0.8902256,-0.54311293
0.63188684,-0.67429334
0.17004585,-0.97672087
0.74175197,-0.5992191
-0.24211527,-0.94855136
-0.49968868,-0.79770017
0.8773922,-0.5563604
0.80158865,-0.58416617
-0.867949,-0.5663227
0.7265728,-0.6196035
0.856043,-0.53716797
-0.09360584,-0.9862586
0.7854154,-0.58233315
-0.10543524,-0.98157066
-0.885557,-0.5590002
0.09275401,-1.0018824
0.8720442,-0.5581
0.06820724,-0.9952297
-0.7219309,-0.61330223
-0.12078043,-0.99307567
-0.7875203,-0.58960766
0.17057219,-0.9713482
0.24937889,-0.94266707
0.3282541,-0.89275396
-0.8942183,-0.54863006
0.696309,-0.6286637
0.8335178,-0.56808966
-0.42645046,-0.85468394
0.5661598,-0.7442448
-0.03325399,-1.0041963
0.062276185,-1.0208415
-0.51437026,-0.78299177
0.7894751,-0.57916504
0.91670674,-0.5620338
0.30927685,-0.9039718
-0.6966175,-0.6551366
0.06900628,-0.9954668
-0.39507678,-0.85656583
-0.09827053,-0.98781854
0.34908193,-0.90021664
-0.8585947,-0.5506381
-0.59340006,-0.71858853
0.49975187,-0.7922199
-0.92366284,-0.54118717
0.20373054,-0.9595914
-0.46546435,-0.81508315
0.80497164,-0.5857446
0.6662024,-0.6909304
0.83867055,-0.5696525
-0.81227136,-0.5825954
0.98943436,-0.5487962
-0.71300554,-0.63940096
0.7402511,-0.609233
-0.24806298,-0.936144
0.91020554,-0.54503447
-0.9979186,-0.5555827
0.37834087,-0.8739796
0.99131745,-0.5724802
0.38773423,-0.85711646
0.41308686,-0.8311775
0.3344977,-0.9153228
0.9587453,-0.53325784
0.43521208,-0.81758064
-0.00612911,-1.0089879
-0.50447094,-0.75329626
0.553993,-0.7524556
-0.6779532,-0.6592474
-0.87573117,-0.55809283
0.5262367,-0.7583356
-0.26233158,-0.9420015
-0.57566863,-0.7319754
0.53389543,-0.77139
0.73526585,-0.6171734
-0.7890164,-0.5757436
-0.17010254,-0.9735739
-0.952493,-0.5365031
0.6553084,-0.6734728
-0.98357147,-0.52869534
-0.2189762,-0.95249975
0.8054864,-0.5920147
0.16673513,-0.9716351
0.605674,-0.7072801
-0.73007303,-0.62375546
-0.7706233,-0.594581
-0.2912147,-0.93442595
0.34622878,-0.88938737
-0.6733528,-0.6468091
-0.86890566,-0.54448175
0.95166,-0.55067253
-0.4184377,-0.8572694
0.24880634,-0.9250025
0.31909427,-0.9125888
-0.92271286,-0.5501629
0.13180363,-0.9910042
-0.59939253,-0.7104953
-0.8202439,-0.5809044
-0.20618115,-0.9499971
0.5856761,-0.7127054
0.9381106,-0.55730003
-0.009895136,-1.0152003
0.77496916,-0.60773605
0.89037335,-0.55844676
-0.11412407,-0.9812565
-0.7092737,-0.63098896
-0.37979028,-0.85069644
-0.22491714,-0.95740384
-0.09094237,-1.0026401
0.2893348,-0.92017955
0.290409,-0.9367345
0.08650984,-0.9916601
-0.5433851,-0.75678396
-0.273067,-0.9087266
-0.1731211,-0.97261864
0.3274601,-0.87845874
-0.71706814,-0.6250049
-0.5167236,-0.76314974
-0.4322699,-0.82709664
0.03673873,-1.0140668
0.5149973,-0.7581775
0.68868935,-0.6395223
0.48469242,-0.7932691
0.4963371,-0.7995159
-0.5182986,-0.78635657
0.76961374,-0.6017342
-0.8948713,-0.5420422
0.08048198,-0.9927034
-0.82314026,-0.5705109
0.20175204,-0.94502443
-0.9054197,-0.5400883
0.2818025,-0.91694134
-0.93263483,-0.53784007
-0.6697699,-0.6557262
0.5067615,-0.7719554
-0.3944837,-0.8518664
0.7682482,-0.5941334
-0.8037423,-0.54658467
0.061100703,-0.9973413
0.85159063,-0.58544755
-0.17371134,-0.9810464
-0.34443673,-0.8773627
0.93196166,-0.54085946
-0.15159082,-0.9801612
0.3976774,-0.8505789
0.83988017,-0.55787545
-0.9784549,-0.53799266
0.13871188,-0.96664965
0.42689344,-0.8161632
-0.16201615,-0.9648457
0.34587073,-0.88830876
0.61283267,-0.6864421
-0.3688251,-0.8808544
-0.35374507,-0.8945836
-0.82446617,-0.5849583
0.9100423,-0.5503879
-0.9341306,-0.555334
-0.058550388,-0.99324566
0.0657148,-0.9892906
-0.7178727,-0.61042345
-0.019894272,-1.0030595
-0.4105311,-0.83481157
0.6051154,-0.7028775
0.6462623,-0.6691213
-0.13443759,-0.9634557
-0.13101204,-0.9747548
-0.8482068,-0.5717513
-0.28571072,-0.93289036
-0.18876305,-0.97956645
-0.106743775,-1.0062783
-0.09419,-0.9955052
-0.81563795,-0.5748051
-0.6738102,-0.6569912
-0.13225257,-0.98882
-0.2432446,-0.96125704
-0.7151796,-0.61744845
0.29731688,-0.92258537
-0.76472026,-0.59646
-0.9896372,-0.5545148
0.2252168,-0.9667816
-0.83447516,-0.5739055
-0.87909275,-0.549075
-0.8284931,-0.58852077
0.8726928,-0.55960745
-0.789268,-0.59027725
0.6780711,-0.6586319
0.5531782,-0.7561698
0.6824127,-0.6530155
0.21038763,-0.9637508
-0.68977886,-0.66123426
0.5418112,-0.7403342
0.13093023,-0.97319305
0.13664643,-0.987881
0.21754621,-0.9597471
-0.703308,-0.63891685
-0.41706532,-0.83325046
0.9869882,-0.5308853
0.746949,-0.62621605
-0.28152838,-0.91443294
0.97307307,-0.5420884
-0.86070937,-0.56175107
-0.3023394,-0.9249226
0.11039866,-0.98947376
0.24194464,-0.9444125
0.6103175,-0.7052642
0.47332618,-0.80396914
0.37605157,-0.8581905
0.9487151,-0.54038584
0.19673117,-0.95245194
-0.9868854,-0.5583147
0.233505,-0.9505417
0.5178719,-0.77472883
0.83619475,-0.5629089
-0.21532367,-0.95234275
-0.8967503,-0.5428025
-0.74640167,-0.59577143
0.81587714,-0.5745378
0.9011309,-0.5498858
-0.5347949,-0.759848
0.35121015,-0.90192366
-0.05334393,-1.0096595
0.20873901,-0.9736036
-0.899312,-0.5553029
0.92802453,-0.5491874
-0.05676668,-0.9795039
0.54524744,-0.7485397
0.03313699,-0.99737525
0.7135415,-0.6389936
0.26571882,-0.9333456
-0.3586941,-0.90192515
-0.002807861,-0.99358714
0.58115256,-0.7271652
-0.46358266,-0.8214174
0.5739806,-0.7300273
0.41744605,-0.8348429
-0.98338515,-0.5360456
0.73346555,-0.6013918
0.04168948,-0.99948686
0.85502285,-0.5732888
-0.9782865,-0.54000026
0.7235411,-0.61554503
0.5402523,-0.74831975
0.32214615,-0.9004041
0.19606762,-0.9549676
0.19870009,-0.9647773
0.67781043,-0.65394336
0.98787117,-0.5413934
-0.075698294,-1.0207225
0.13288954,-0.9891619
-0.63674915,-0.6954767
-0.21610701,-0.9683064
-0.6614183,-0.67975384
-0.9791299,-0.54248846
0.44709858,-0.81558937
-0.38824293,-0.8723862
0.7400955,-0.6263067
-0.017423812,-0.9956336
0.6082868,-0.69329494
-0.15267858,-0.97298115
0.66549665,-0.6531701
0.7119424,-0.63431406
-0.06632608,-0.9878252
0.86605346,-0.56171525
-0.4094794,-0.8433894
-0.2521998,-0.94988436
-0.046721082,-0.9835954
0.4962582,-0.7684746
-0.20261806,-0.95798683
-0.83237386,-0.5535048
-0.99533427,-0.5401712
0.7454801,-0.6133339
0.27986315,-0.9293032
-0.65994745,-0.6480915
0.8042516,-0.5834775
0.44460255,-0.8227889
0.5305409,-0.75112915
-0.101031005,-0.98601854
0.5060741,-0.7813934
0.21190569,-0.9467194
0.46917802,-0.82104325
-0.32325912,-0.90199095
0.070040986,-0.9948013
-0.9288801,-0.5466256
-0.67539406,-0.6478975
0.7128007,-0.6402892
0.31210247,-0.90862817
0.656037,-0.64429945
0.12216226,-0.9779946
-0.13557895,-0.9718814
0.6302606,-0.68856
-0.9056841,-0.53483
0.37331066,-0.8864718
0.21888484,-0.9420019
-0.9287058,-0.5476133
-0.3287468,-0.90468466
0.03687697,-1.006121
-0.93503416,-0.54530627
-0.3839384,-0.85403264
-0.97029227,-0.5554294
-0.45633397,-0.7994467
0.95496315,-0.5533143
-0.092741564,-0.99496603
0.89904755,-0.5555366
0.60833913,-0.7027677
-0.47559106,-0.8071389
0.87347716,-0.56202656
-0.39981863,-0.8655286
-0.3094121,-0.90764
-0.393279,-0.8710922
-0.115461275,-0.98970854
-0.8527071,-0.5726441
0.6326611,-0.6965114
-0.83615166,-0.5760832
-0.042840444,-1.0067759
-0.86104184,-0.55552614
0.30956143,-0.91444194
-0.09958377,-0.9770014
-0.99773395,-0.551918
-0.13755059,-0.9830703
-0.27260575,-0.93390435
0.82826453,-0.57290787
0.19795905,-0.96184736
0.6543705,-0.67104226
-0.7107012,-0.6268884
-0.74727416,-0.6107551
-0.6342004,-0.682214
0.88731426,-0.54069215
-0.80116063,-0.5863925
-0.033081334,-0.98609054
-0.8474407,-0.5628328
0.5175269,-0.796868
-0.2303211,-0.94646776
0.22352667,-0.9371923
-0.8567055,-0.55537236
-0.13700603,-0.9825648
-0.73242986,-0.62538725
-0.35100597,-0.8682688
-0.6222716,-0.6923344
-0.036542084,-1.0104102
0.7871322,-0.5889078
-0.20538716,-0.9672317
0.8072606,-0.6040967
0.54989016,-0.74599195
0.49383405,-0.78682894
0.562178,-0.7404724
0.42135516,-0.8422246
-0.59344816,-0.7126684
0.6767063,-0.6620946
-0.24812579,-0.95156634
-0.46155798,-0.8236231
0.6661621,-0.6663933
0.23448318,-0.94393814
-0.49389988,-0.8098196
0.77538925,-0.5911404
0.077680826,-0.99699533
-0.95215935,-0.549289
0.053616792,-0.9824281
0.9101453,-0.53624773
-0.6759916,-0.6504693
-0.3980394,-0.8649144
-0.5430236,-0.7391999
-0.5593746,-0.74941665
-0.84548193,-0.5682201
-0.06712172,-0.9931089
0.63687867,-0.7037974
-0.51988065,-0.7658208
0.42228726,-0.8465665
0.14610618,-0.98352295
-0.5754644,-0.73910743
0.13928166,-0.9701549
0.045139242,-1.0014669
-0.54835147,-0.7472058
-0.96613264,-0.5268853
-0.18621781,-0.95636916
-0.35366753,-0.8824312
-0.43434736,-0.8370761
0.3972919,-0.86234254
0.41891104,-0.8361537
0.8533929,-0.57175213
-0.9451121,-0.56256145
0.8207053,-0.58257174
0.3485231,-0.88208157
0.31898764,-0.9097893
0.9841121,-0.5335076
-0.8444651,-0.57205606
0.6064274,-0.7064925
0.18669981,-0.973444
-0.6765703,-0.6568216
0.5415977,-0.76351666
-0.28270546,-0.9103541
-0.49463743,-0.7770552
0.15458654,-0.989773
-0.04601886,-0.9875321
-0.68581724,-0.6352379
0.46211666,-0.8045273
-0.37617594,-0.8567803
-0.0159798,-0.99878925
-0.4224763,-0.8316485
-0.11944546,-0.98095846
-0.50072455,-0.79162896
-0.038345225,-0.9898836
-0.67867255,-0.65035754
-0.4344478,-0.84040296
-0.57350886,-0.7449601
-0.27824414,-0.9229549
0.66045946,-0.66780263
-0.009234505,-1.0124105
-0.15201183,-0.9649887
0.14477481,-0.9746542
0.5692044,-0.72721845
-0.4060164,-0.8477192
0.6138476,-0.7114981
-0.5008154,-0.7929862
0.69587624,-0.63045967
0.6670588,-0.6596099
0.18172953,-0.97806287
-0.2867223,-0.9221631
-0.17148596,-0.9661092
0.6260501,-0.6957339
-0.8352647,-0.5668727
0.57359314,-0.7182749
-0.7334483,-0.60191727
0.63102055,-0.7049314
0.802698,-0.5736089
0.026904477,-0.9942966
0.5057845,-0.7753866
-0.5951097,-0.72160846
0.54337955,-0.7465596
0.40574956,-0.85461754
-0.77050596,-0.59427816
0.008077988,-0.99539393
0.53227454,-0.74649835
-0.81495404,-0.5691359
0.31770465,-0.9233674
0.60247767,-0.7069768
-0.30331105,-0.8991398
-0.23626994,-0.96052897
-0.4510766,-0.819348
-0.62604356,-0.68712956
0.9157065,-0.5695459
0.4071402,-0.84504396
-0.89458793,-0.55716723
0.8553406,-0.5601045
-0.76898885,-0.5971184
0.8481184,-0.5667803
-0.09643809,-0.9908137
-0.028646253,-1.009648
0.080116175,-0.9948211
-0.8125161,-0.58402276
0.32972175,-0.8936141
0.30832472,-0.9091883
0.15552182,-0.98672664
0.77556604,-0.6038408
-0.04313603,-1.0060494
0.4210781,-0.83981544
-0.32143027,-0.9009133
0.8492692,-0.56480867
0.86422396,-0.55762833
-0.03581222,-1.004228
0.4719097,-0.81133574
-0.53355646,-0.7719134
0.28700948,-0.924775
-0.8298673,-0.5773277
0.72516835,-0.6013294
0.44315225,-0.8034621
0.9098073,-0.543135
0.5564387,-0.75027996
-0.6339716,-0.6856741
-0.06503658,-0.9931141
0.084837645,-1.0147566
0.6569358,-0.66906774
0.10079277,-1.0031964
-0.04661203,-1.0011865
0.4260001,-0.84421414
0.2843404,-0.9234565
0.49755648,-0.7891533
-0.049746845,-0.9954623
0.4470077,-0.8135317
0.94221133,-0.53830373
-0.6367763,-0.664294
-0.89538586,-0.55544376
0.14145707,-0.9662082
-0.6830995,-0.6611917
-0.6698903,-0.677483
0.34427118,-0.8833863
-0.15607178,-0.9609019
-0.9349307,-0.5526208
0.12324832,-0.979657
-0.5112244,-0.7825527
-0.132433,-0.9716922
-0.9219447,-0.5355432
-0.87297076,-0.55274785
-0.6169041,-0.7083626
0.4365952,-0.82432574
0.57996666,-0.7407157
-0.31247798,-0.90722877
-0.7488352,-0.61848974
0.87281126,-0.5554003
0.574376,-0.7276669
-0.67020506,-0.65825105
-0.5461178,-0.764321
-0.9270567,-0.5571406
0.80176425,-0.56531894
0.86656946,-0.54986274
-0.8342188,-0.5663876
-0.7062063,-0.65148735
-0.58938426,-0.7139066
-0.63816327,-0.67830133
0.88113916,-0.55852103
-0.4773597,-0.8111555
-0.25028202,-0.94596136
-0.86259264,-0.5493738
0.25690368,-0.9286021
-0.4679869,-0.79632056
-0.50959724,-0.7701473
0.95424736,-0.5524659
-0.922841,-0.56261
-0.62579054,-0.69130045
0.026389483,-0.9896489
0.124520525,-0.9745547
0.42610177,-0.84588087
-0.5817757,-0.7192738
-0.21189441,-0.9634099
-0.42563784,-0.8386326
0.66898966,-0.6732798
-0.28039312,-0.91747344
-0.47775766,-0.7940053
0.23365128,-0.9587555
-0.7849748,-0.5943231
0.69791764,-0.65690935
-0.44192797,-0.8415373
0.6480246,-0.68809307
0.98275405,-0.5435731
-0.95734966,-0.54834664
-0.61605567,-0.6972025
0.49350986,-0.79302925
-0.83434135,-0.5614854
-0.10709133,-0.9921869
-0.6988858,-0.62981325
-0.060492773,-1.0011747
-0.9748685,-0.5374767
-0.6989143,-0.6414827
-0.45009014,-0.83119893
-0.6042243,-0.6907271
-0.27729937,-0.90853345
-0.7101565,-0.63436854
0.6416012,-0.68173456
0.04051854,-0.9889954
-0.37967622,-0.86691356
-0.40961754,-0.8398953
-0.5120495,-0.7715745
0.010472164,-0.9982525
0.06242664,-1.0026224
0.98314613,-0.54985243
0.25802907,-0.92516375
0.062833644,-0.981594
-0.92341304,-0.5442235
0.10004518,-0.97729754
-0.010123149,-1.007673
0.7932642,-0.58177656
0.4451004,-0.82490534
-0.040833477,-0.9980981
-0.54379666,-0.7530161
0.42898375,-0.8357365
-0.42612332,-0.86170816
-0.2941504,-0.930185
0.38473183,-0.8809189
-0.3752065,-0.8742533
-0.4062792,-0.85969394
-0.11562893,-1.0040725
0.32693678,-0.90919954
0.88368076,-0.55566156
-0.7025739,-0.60863936
-0.4948491,-0.7881141
0.97071236,-0.5469545
0.23426683,-0.96060014
-0.9807592,-0.5545363
0.7892726,-0.58037764
-0.43578514,-0.8146533
0.10007802,-0.9992868
-0.26553908,-0.9303854
-0.6514203,-0.64702433
0.20398663,-0.94035476
-0.5700738,-0.7287307
-0.5439532,-0.76006156
0.60538507,-0.71542275
0.28625447,-0.9428824
0.8368071,-0.56854564
-0.12403557,-0.96722156
0.010041607,-1.0068792
-0.86118805,-0.5627253
-0.28038144,-0.92529774
-0.9024788,-0.54915094
-0.29980052,-0.9233245
-0.18255891,-0.9687668
-0.65389496,-0.6677579
0.7101732,-0.6289283
-0.32652354,-0.89579344
-0.89051604,-0.55984426
-0.21924548,-0.95373756
0.09607534,-0.9876853
-0.043925818,-0.9876395
0.12675837,-0.9788059
0.7650675,-0.6119718
-0.94132984,-0.54329646
0.578489,-0.7209582
-0.24822298,-0.93551177
-0.23203287,-0.9415276
0.18045743,-0.96251434
0.18714984,-0.9812254
-0.78865755,-0.5994734
0.267762,-0.9191104
-0.6492306,-0.68381685
-0.41009703,-0.8435904
-0.03287315,-1.0051436
0.3346615,-0.88454235
0.51438797,-0.761485
0.438159,-0.8364407
0.04052573,-0.9913296
-0.65962285,-0.65822625
0.35367212,-0.8770977
0.9532065,-0.54565245
0.6327294,-0.70292705
-0.13806649,-0.96946585
-0.081490524,-0.99959815
0.9087268,-0.5503737
-0.8644751,-0.5541961
0.1858432,-0.9761847
-0.7179831,-0.63989276
-0.8492334,-0.5723956
-0.43124083,-0.8412926
-0.5410951,-0.7635734
-0.9089409,-0.54816294
0.70600384,-0.6341013
0.6704211,-0.6665166
0.36149842,-0.8775305
0.53674334,-0.7832595
-0.8668859,-0.55520475
-0.45447895,-0.8150582
0.1833161,-0.95605266
0.7842239,-0.5878036
0.41377842,-0.8385791
-0.96436936,-0.55013543
-0.5217938,-0.7844352
-0.19101906,-0.9643393
0.24366164,-0.9577991
0.3294869,-0.8969065
0.22192758,-0.94713855
-0.85837257,-0.56185097
0.5156871,-0.7811601
0.34017748,-0.87384015
-0.57324046,-0.73176885
-0.007370124,-0.9899285
-0.48769134,-0.77640635
0.37312806,-0.8578699
-0.5681583,-0.72584766
-0.95967823,-0.52570766
-0.13659826,-0.9779215
-0.9139597,-0.5371464
-0.91358,-0.5451658
-0.6177161,-0.7049448
0.442128,-0.82260615
0.88561976,-0.5673234
0.025304548,-0.9983229
0.355922,-0.88530606
-0.90087193,-0.5407495
0.58070683,-0.70981693
-0.10343441,-1.0001163
-0.03525888,-0.9947801
0.6053764,-0.70121723
-0.76695395,-0.58720964
-0.08865765,-0.98317635
0.078682736,-0.98261803
0.22687894,-0.945954
0.414968,-0.8553048
0.26214454,-0.94086343
0.6953434,-0.63873744
0.9639742,-0.5557451
-0.966183,-0.548203
-0.1735188,-0.97394955
-0.18186659,-0.96849585
0.500952,-0.7783014
-0.41901037,-0.83726597
-0.96986526,-0.5370638
-0.85068405,-0.57258636
0.8472314,-0.5684572
0.8364427,-0.56387025
-0.4873692,-0.80350655
0.87197685,-0.549137
0.75193375,-0.6075969
0.37803113,-0.88072544
-0.51060617,-0.7666749
-0.7632996,-0.6000854
-0.66459113,-0.6454204
-0.60442597,-0.6946037
0.6142891,-0.71511805
-0.35831708,-0.88278663
0.355934,-0.8800279
0.53684145,-0.7530055
-0.13290374,-0.99178183
-0.5721682,-0.72880715
-0.05094365,-1.0001937
-0.73163366,-0.62894034
0.6309046,-0.69196403
0.6126353,-0.704843
0.86781526,-0.5394362
0.62369007,-0.6804379
0.29799622,-0.9123184
-0.24452999,-0.9588631
-0.0069072954,-0.9858644
-0.6270509,-0.7100043
0.34710383,-0.89984274
0.66948205,-0.67538506
0.39433935,-0.8663896
0.91385335,-0.53042597
0.9461105,-0.5358484
0.3929916,-0.85532224
0.49217156,-0.78850853
-0.3453291,-0.8974259
-0.9097805,-0.5397169
0.7166839,-0.61495453
0.37587512,-0.8600233
0.92964363,-0.5388574
-0.99937665,-0.53517854
0.43155336,-0.83113515
-0.4634694,-0.8292062
-0.111409836,-0.9762631
-0.09694383,-1.0010958
-0.92862415,-0.54490113
0.7040768,-0.61928546
-0.82314473,-0.5739954
0.9056384,-0.5322987
0.14203048,-0.978502
-0.45063674,-0.8268197
0.27737176,-0.92685497
0.8547205,-0.56732625
0.56154925,-0.72659504
-0.6688144,-0.6624477
-0.38023078,-0.859035
-0.7827975,-0.58835554
0.46256074,-0.8283771
-0.598082,-0.71806973
0.49123853,-0.7888094
-0.73654103,-0.6211038
0.52512693,-0.7628168
0.028920036,-0.9935472
0.6773986,-0.6440396
0.03783568,-0.9952594
-0.50277954,-0.77964807
0.3619975,-0.8718078
-0.3993613,-0.85983175
-0.8159607,-0.57443786
0.6536092,-0.6668614
0.45906538,-0.81146044
-0.88510215,-0.5533172
0.85390025,-0.5554073
-0.5927947,-0.72436106
0.48724756,-0.80054235
-0.9561935,-0.5453047
-0.04226178,-0.9874732
-0.48642266,-0.80698663
0.11031262,-0.97776675
-0.4596705,-0.79788333
-0.006287016,-0.9978076
-0.97744536,-0.55392575
0.81577724,-0.5934392
0.6170057,-0.67584795
-0.95006275,-0.55553836
0.9729411,-0.54833525
0.85596293,-0.57985973
0.3188838,-0.9242744
-0.21189328,-0.9493159
0.767788,-0.6058638
0.71640474,-0.6211862
-0.15739389,-0.9789752
0.40980208,-0.8345073
0.62086684,-0.697433
0.6349319,-0.6745593
0.9469968,-0.5535443
0.6000303,-0.7170986
0.109569564,-0.99764043
0.60810226,-0.70963395
-0.39576265,-0.87255055
-0.50588197,-0.78873044
-0.40773675,-0.8578692
0.0884165,-0.9728516
0.17717203,-0.97048897
-0.3594719,-0.88338965
-0.03639811,-0.9912367
0.15416087,-0.98110884
-0.4451549,-0.81931657
-0.88641703,-0.54623437
-0.7889088,-0.58318615
0.22543363,-0.95082664
0.8436069,-0.5647905
-0.10870494,-0.98469526
0.017042475,-0.9944273
-0.9196345,-0.5429471
0.90468085,-0.5472913
0.7165876,-0.6390029
-0.023789851,-0.99383914
0.7643882,-0.61396164
-0.12606911,-0.9839739
-0.08518779,-0.9913194
0.36602846,-0.8899225
-0.35330087,-0.8905184
0.7630642,-0.5897383
-0.57255226,-0.73757285
0.9212869,-0.54031706
0.85403794,-0.5741368
-0.30872157,-0.923248
0.32124227,-0.89477164
-0.006638142,-0.988809
0.16905849,-0.9717006
-0.6544642,-0.6665709
0.4971717,-0.7715687
0.020658338,-1.0016198
-0.7916394,-0.5871638
0.59851646,-0.71261144
0.8036194,-0.5897229
-0.9876514,-0.5592221
0.6137058,-0.7080341
0.1347862,-0.97044057
-0.8991994,-0.53367037
-0.108852535,-0.99899906
-0.16870232,-0.96455324
-0.6159427,-0.7001127
-0.27994713,-0.90952647
0.0059018815,-1.0003041
0.09826064,-0.99703604
-0.7082044,-0.63280344
0.17315641,-0.9853062
-0.48667246,-0.79114354
-0.6737992,-0.6603061
-0.33841676,-0.8952182
0.2736872,-0.9342631
0.9193518,-0.5543117
0.6491011,-0.67126876
0.7307429,-0.6202051
-0.5670018,-0.73560447
-0.07699695,-0.99039024
-0.10706573,-0.9895404
-0.079146855,-0.99617904
-0.6005835,-0.7157309
0.686735,-0.637901
-0.3365521,-0.87062657
-0.05132012,-1.0213659
-0.27471355,-0.92989284
-0.30528426,-0.912987
0.22794794,-0.9477905
0.98602057,-0.5161655
0.7698157,-0.59839964
0.85557437,-0.5651534
-0.13197261,-0.9766218
-0.6196814,-0.6867088
-0.9729865,-0.54933316
-0.9124739,-0.54833764
0.4528352,-0.81733423
-0.2736383,-0.91186184
0.30713558,-0.9088268
0.10546277,-0.9844172
0.9597563,-0.54913527
0.42534482,-0.83149153
0.96529216,-0.5446234
-0.3995708,-0.8561263
-0.33669525,-0.89900506
0.02022164,-0.99747175
-0.006888413,-1.0015004
0.040937215,-1.0079839
0.7042045,-0.6464575
0.4283931,-0.83192366
-0.64384097,-0.6769276
0.1736858,-0.9640003
-0.64971215,-0.672488
-0.15758906,-0.9864197
0.81902665,-0.5697676
-0.85367393,-0.5709308
0.9266113,-0.5350913
-0.55708086,-0.73117733
-0.6489201,-0.6802766
-0.03890829,-1.006794
0.78923655,-0.6010862
-0.62487304,-0.70429236
-0.98490226,-0.52759045
-0.16223085,-0.9820821
0.1469301,-0.9826015
0.49441296,-0.7621723
-0.8879842,-0.5409051
0.043921933,-0.9878249
-0.6663283,-0.65564597
-0.13986556,-0.970219
0.93880206,-0.5677124
0.9596832,-0.54446155
0.9706947,-0.55006224
-0.27341262,-0.9437957
0.4058516,-0.8639764
0.7453267,-0.61407316
0.011349337,-1.0139312
-0.051006287,-0.9996399
0.4445295,-0.827278
0.005655797,-0.98379326
0.16455112,-0.96681297
-0.09395418,-0.98255205
0.46294406,-0.82055193
0.69948715,-0.6275662
-0.092037596,-0.9856209
-0.017864551,-1.0006245
0.84547323,-0.5796537
0.12629017,-0.9802611
-0.05017793,-1.0005409
0.94165844,-0.5507281
-0.8671615,-0.555676
0.24601963,-0.9451389
-0.9488964,-0.5446087
-0.102116935,-1.001886
-0.35140666,-0.89993894
-0.13079268,-0.96848243
0.8060272,-0.5932261
0.018410385,-1.0112599
0.16772224,-0.9783913
-0.34102637,-0.88223624
0.97049165,-0.5497978
0.9495155,-0.5450809
0.74349433,-0.6226373
0.41627976,-0.8308033
-0.14396906,-1.000531
-0.7468785,-0.6092762
0.8182811,-0.556574
0.067843065,-0.99821466
0.123522155,-0.99411196
-0.7949639,-0.6080388
0.58516276,-0.71655226
0.104673825,-0.9799253
-0.48320854,-0.7838646
-0.65634537,-0.65442157
0.22790356,-0.9417383
0.7278684,-0.6389468
0.05028985,-0.985409
0.7213921,-0.63508695
-0.62539494,-0.6949951
0.10678086,-0.9814514
-0.117747866,-0.982818
-0.35402536,-0.8912907
-0.79971033,-0.58036995
-0.58760995,-0.745504
0.77660024,-0.58659816
-0.2756507,-0.9317442
0.7159365,-0.6101621
0.62824506,-0.692244
-0.39013618,-0.8475175
-0.043621566,-0.98895705
-0.09342394,-0.9834187
0.7940971,-0.57870907
0.22993153,-0.94358677
-0.12503271,-0.97802204
0.038880717,-0.99107105
0.68305624,-0.6537147
-0.3843222,-0.8700072
-0.16791722,-0.9770923
-0.7390008,-0.61921245
0.13601638,-0.97965056
0.93961436,-0.5365083
-0.31152463,-0.9069931
0.88151515,-0.5445459
0.60909885,-0.7025097
0.58489305,-0.6985006
0.48508716,-0.7929958
0.5197281,-0.76890004
-0.32583955,-0.9062715
0.66451496,-0.6522323
0.9474863,-0.5330121
-0.79120237,-0.57219964
-0.746217,-0.5988631
-0.97678566,-0.5429471
0.4042715,-0.86214435
-0.854931,-0.560025
0.043748494,-0.9876225
0.3756267,-0.86990386
0.1892636,-0.969112
0.21450819,-0.95810455
0.92290837,-0.53313124
-0.3973471,-0.8585308
0.24058065,-0.9369336
0.25332344,-0.92882836
-0.44829333,-0.8142203
-0.39420417,-0.8634942
0.48164117,-0.7989967
-0.3705937,-0.88826615
-0.53595954,-0.7602017
0.96727943,-0.5604628
-0.8143734,-0.56715983
-0.37436417,-0.882813
0.6814042,-0.66288465
-0.59433794,-0.7163221
-0.48562708,-0.79871035
-0.6755136,-0.6366407
0.17050605,-0.95954275
-0.99468756,-0.54713136
0.7513987,-0.5933905
-0.24919611,-0.93542355
0.0026888617,-1.00031
-0.5025946,-0.7901444
-0.91591734,-0.5529294
0.9246798,-0.52381825
0.76145744,-0.59871674
-0.447365,-0.8231386
-0.80126476,-0.58256817
-0.09967411,-0.9887334
0.101275034,-0.9903126
0.1409145,-1.0049297
0.8333869,-0.56117946
0.34597686,-0.8698396
0.23239096,-0.9446042
-0.8290541,-0.56685984
0.049427837,-1.0057987
0.10584956,-0.99268067
0.25979155,-0.9310284
-0.6783271,-0.6524742
0.9216319,-0.5478213
0.14470328,-0.9687565
-0.16713981,-0.9706728
0.32742324,-0.89300275
-0.7105357,-0.63863033
-0.1276639,-0.9751697
0.44193518,-0.83492786
0.8810362,-0.55417717
-0.10665693,-0.98498446
0.2610042,-0.93840456
-0.13819204,-0.9806607
0.04777,-0.990893
0.005875373,-0.9929739
0.39282754,-0.85823023
0.30689517,-0.9144124
-0.98425263,-0.5395863
-0.8333769,-0.5486189
0.5211149,-0.7615655
-0.67704314,-0.63813806
0.53914547,-0.751857
0.630893,-0.68379956
0.86950654,-0.5798402
0.6278261,-0.69085443
0.0669856,-0.98563373
-0.57751,-0.7229567
-0.74268085,-0.61480117
0.74796736,-0.6104119
-0.21932776,-0.9355494
-0.895568,-0.5570202
-0.30523425,-0.90095073
0.73739123,-0.6007657
0.1244332,-0.97774345
0.28288084,-0.9320664
-0.49313518,-0.7816319
-0.9610237,-0.5377144
0.8335522,-0.5542493
-0.8516964,-0.56454563
0.9985745,-0.5666122
0.73839414,-0.62612295
-0.7682829,-0.6016222
0.998671,-0.54504395
0.6161623,-0.6894806
0.69639003,-0.6433201
0.6193648,-0.700639
0.8577994,-0.56911755
0.5133306,-0.774667
0.05271575,-0.99545527
-0.9998951,-0.54275835
-0.44131225,-0.81818926
0.2004866,-0.95774484
-0.37566343,-0.88419163
-0.17985334,-0.9814944
-0.7841849,-0.5954855
0.9599522,-0.54670084
-0.770025,-0.58453786
-0.85727525,-0.5698508
0.16897663,-0.9664662
0.24310084,-0.9265747
0.048921008,-0.99070746
-0.29351956,-0.9079506
0.8486023,-0.54938215
-0.31310472,-0.9025014
-0.37860957,-0.85903543
0.89034635,-0.55099666
0.7697574,-0.5800602
-0.046431277,-0.99402595
-0.47860396,-0.80552113
-0.7410261,-0.62318677
0.598118,-0.715522
0.4523172,-0.83265096
-0.78875494,-0.57447237
0.4808346,-0.7819931
0.7952464,-0.5769003
-0.88834417,-0.5517192
-0.17878497,-0.9789307
-0.1832679,-0.97261286
0.6206365,-0.6891888
-0.7621247,-0.6069481
-0.6971823,-0.6418765
-0.23394099,-0.95966583
0.7035229,-0.64763784
0.9733185,-0.5488175
0.09226102,-0.980406
-0.68436927,-0.64796865
0.8056209,-0.58884776
-0.6754992,-0.6596935
-0.26441032,-0.91858065
0.48147577,-0.7891943
-0.88067186,-0.5642741
-0.030491838,-0.99752647
-0.18548682,-0.9647872
0.8907424,-0.5441385
0.09232975,-1.0029728
0.77527374,-0.600696
-0.822566,-0.5637295
0.11554238,-0.97900826
0.38384897,-0.869757
-0.6978438,-0.6367645
0.69653195,-0.64679295
0.7582794,-0.6013341
0.3557237,-0.8738778
0.040611245,-1.0055319
0.38818887,-0.8646578
-0.42964113,-0.83213466
-0.7785803,-0.59930116
0.10410072,-0.9953159
-0.034931824,-0.99519265
-0.14702919,-0.9678169
-0.62199366,-0.69917136
-0.61946166,-0.70267016
0.9704922,-0.55157506
0.8540648,-0.5631056
-0.49391612,-0.7738871
-0.880129,-0.55840075
-0.35068038,-0.8715625
0.6903563,-0.6511334
-0.5531797,-0.7567799
0.96818054,-0.5260844
-0.5926429,-0.71603066
0.116024755,-0.97716343
0.98455393,-0.5356268
-0.73980194,-0.609192
-0.60484105,-0.7080146
0.18093318,-0.96354306
0.5787353,-0.72723967
0.40458503,-0.8641273
0.17830464,-0.9723545
-0.139014,-0.97285837
0.57258976,-0.7186966
-0.71879584,-0.6175405
-0.5099498,-0.7757446
0.57860184,-0.7122366
-0.43760765,-0.83737284
-0.72355664,-0.59871674
0.6859298,-0.64948857
0.53747064,-0.7543552
0.27774587,-0.93789244
0.31178004,-0.9123251
0.32752666,-0.8915224
0.4611954,-0.8057816
-0.36978438,-0.88721955
0.7307886,-0.61784333
-0.4806962,-0.8136326
-0.17256542,-0.95837027
0.020866819,-0.9871291
0.61245596,-0.7105376
-0.13361718,-0.98016834
0.015862884,-1.0138671
0.70454437,-0.6416031
0.9994623,-0.54276985
0.58641565,-0.7181371
-0.39662224,-0.8523903
-0.7802217,-0.5917529
0.38986817,-0.8563086
0.37375227,-0.8766066
-0.022151664,-1.0013013
0.44922918,-0.8190463
-0.873916,-0.55786586
0.98873264,-0.51710904
-0.031614613,-0.9980734
0.13419852,-0.9959494
0.06509633,-1.0066475
0.089275606,-0.98959845
0.5649142,-0.7362127
-0.8570218,-0.56297654
0.84123665,-0.5823046
-0.3133797,-0.92041016
0.2501506,-0.9506075
-0.8843428,-0.56313646
-0.022684934,-1.0128521
0.6298168,-0.6807845
-0.37329724,-0.8689272
-0.28094122,-0.9156997
0.288488,-0.9069028
-0.861429,-0.5574143
-0.23288088,-0.95508915
0.56297994,-0.7284424
0.3382273,-0.9057134
0.09039772,-0.9974028
0.17111042,-0.973412
-0.49019817,-0.78815573
0.89442533,-0.5391127
0.99284834,-0.5533532
-0.6736048,-0.67090577
-0.8481202,-0.5488653
-0.652969,-0.66141313
-0.3689232,-0.8433892
0.42206046,-0.8537181
0.07343735,-0.9930934
-0.8884564,-0.566942
0.005709276,-0.9835144
0.19192933,-0.9824449
-0.7329099,-0.6292468
-0.82786036,-0.5688826
-0.16106506,-0.97300875
0.55037284,-0.74612576
-0.66948956,-0.6556692
-0.7424819,-0.6035519
0.6794289,-0.64922947
-0.48747393,-0.7960617
-0.76198435,-0.61146563
0.812698,-0.5751931
-0.23294903,-0.9427265
-0.16493051,-0.967129
0.9366857,-0.547377
0.4101559,-0.8636086
0.82266515,-0.56770355
-0.39191362,-0.8637526
0.21274948,-0.9542488
-0.06952542,-0.99447876
0.99807566,-0.5585723
-0.029519394,-0.9993853
0.3747126,-0.8663704
-0.59692293,-0.703405
-0.71911305,-0.64686334
-0.8021712,-0.5983584
0.14476117,-0.9849447
0.7473864,-0.61441404
0.747592,-0.627886
-0.8611329,-0.566416
0.5887883,-0.7303867
0.7600172,-0.61570615
0.6145555,-0.6982635
-0.9513348,-0.5490782
0.41130674,-0.8576778
-0.2575409,-0.928263
0.45566005,-0.82256
-0.08225345,-0.97974044
0.33989325,-0.9096791
-0.45229727,-0.810855
-0.7079189,-0.63537794
0.8433878,-0.56898123
0.4375813,-0.82997996
0.88723296,-0.5530943
0.6142355,-0.6974613
-0.5418065,-0.7393402
0.40134797,-0.8538736
0.12041121,-0.9734327
-0.44650617,-0.82450724
0.7320898,-0.619384
0.5591444,-0.7416147
-0.74314934,-0.6311998
0.13994807,-0.9886488
0.5366943,-0.74019194
-0.67770594,-0.6632968
0.98359704,-0.5358415
0.20938186,-0.978832
0.72350234,-0.629395
0.09250108,-0.9872078
-0.3822246,-0.8655146
0.67098904,-0.65547323
-0.10520925,-1.0139467
0.16527979,-0.9833588
0.151393,-0.98365486
-0.88206434,-0.5640999
-0.32139173,-0.90345246
-0.33299753,-0.91359484
-0.91259104,-0.55088663
-0.7905552,-0.56905496
0.14204764,-0.9837276
-0.35581592,-0.89808315
0.003678277,-0.9899506
-0.033024084,-1.0048888
0.30849943,-0.9250009
0.699216,-0.64259017
-0.54620415,-0.75437105
-0.27684,-0.9252054
0.11439627,-0.98677105
0.48297063,-0.790185
-0.23312788,-0.9456377
-0.469743,-0.7822192
0.3506851,-0.8916891
0.3277406,-0.9122185
0.51374936,-0.78223085
-0.0049503953,-0.9887507
-0.8491432,-0.5808033
0.17719911,-0.9596585
-0.37149692,-0.8505049
0.9957413,-0.53118163
0.16285989,-0.9783235
-0.1157087,-0.9801483
0.5239764,-0.75648224
0.9562631,-0.54761803
-0.013042032,-1.0107918
-0.3372865,-0.89359164
-0.03701601,-0.989839
0.38761365,-0.84816474
0.346496,-0.88643044
0.4900474,-0.7922981
0.24054539,-0.9450685
0.9086559,-0.52897173
-0.27020591,-0.92783505
-0.99750805,-0.53791016
-0.7010752,-0.62780726
-0.91206306,-0.55012363
-0.6958607,-0.6491447
-0.57027036,-0.7291676
-0.45638022,-0.82211983
-0.9509208,-0.54849756
-0.43621504,-0.84924376
-0.7025236,-0.62822145
-0.8280196,-0.580646
0.16250904,-0.96172035
-0.6140935,-0.7086086
-0.8372154,-0.58183247
-0.64122826,-0.6970457
0.7357477,-0.6402744
0.058868147,-0.9809924
0.06897406,-0.98752844
-0.45548564,-0.81333494
0.03228237,-0.9851055
0.471993,-0.81233126
0.193037,-0.9735089
0.07420089,-0.9929765
-0.27279177,-0.9339593
0.2611754,-0.9217614
0.7141748,-0.6002854
-0.61863613,-0.6847719
0.6483426,-0.6715025
-0.031844676,-0.9984255
0.9585161,-0.5265578
-0.47609434,-0.79948074
-0.8047199,-0.57602215
-0.6788523,-0.66387296
-0.9616672,-0.5481947
-0.26930878,-0.9251543
-0.35951737,-0.8674669
0.2768147,-0.92824745
-0.67446864,-0.651997
0.521581,-0.7772416
-0.3548563,-0.8779967
0.75260186,-0.59731096
-0.633528,-0.6846504
0.59490526,-0.7144689
-0.62756425,-0.6939633
-0.9608428,-0.5476804
-0.88312405,-0.54008085
0.6312121,-0.6921864
0.0651652,-0.99607146
-0.35748348,-0.8899043
0.28297588,-0.9236425
-0.24555145,-0.93156797
0.6394736,-0.6921536
0.49680296,-0.79475766
-0.06589765,-0.98063034
-0.977887,-0.5487737
0.038886577,-0.9900034
-0.23415285,-0.9514493
0.18779874,-0.9729595
-0.6785795,-0.6315811
0.32970154,-0.899319
-0.58755,-0.71168387
0.9598338,-0.5443505
0.63783336,-0.6839526
-0.63768286,-0.6696161
0.088249184,-0.9959863
-0.090202235,-1.0015075
0.6210175,-0.6968792
0.4794659,-0.7972457
-0.4080498,-0.8525893
-0.27131522,-0.93565845
-0.8796237,-0.56713796
0.13461316,-0.98736554
0.51790583,-0.78426296
-0.16207701,-0.9837794
0.89141995,-0.5437945
-0.725603,-0.6134648
0.7817141,-0.5923923
-0.9569179,-0.55827624
0.8264897,-0.57720286
-0.38886297,-0.84916615
-0.7804417,-0.58891654
0.97851956,-0.55529326
0.48903665,-0.7828
0.060403027,-1.0001346
-0.21258627,-0.9620931
-0.48981696,-0.7870476
0.19499284,-0.96362954
-0.10218356,-0.97209597
0.012944347,-0.9928076
-0.07620791,-0.9949457
0.28464925,-0.9160168
0.8478647,-0.57333165
0.9056648,-0.5331025
0.67018205,-0.6558404
-0.46310523,-0.78684837
-0.5043382,-0.786992
0.15378764,-0.9971882
0.94925267,-0.5458007
0.103658415,-1.010765
-0.7763607,-0.572495
0.7302198,-0.6219245
0.49352524,-0.8006588
-0.522379,-0.77239895
0.25982785,-0.95110565
-0.55077976,-0.754871
-0.14951316,-0.96132565
-0.5263478,-0.7585175
0.19354868,-0.95743096
-0.39365804,-0.8542368
-0.66382706,-0.663875
-0.8808003,-0.56878483
0.26360375,-0.93005866
0.19315389,-0.9400447
-0.61074084,-0.6919011
-0.9944207,-0.54094785
-0.7277511,-0.6251341
-0.38925907,-0.8679112
0.04626861,-0.96386766
0.77119964,-0.5903736
-0.57940555,-0.7239797
-0.5690051,-0.7341956
0.6883408,-0.65639
0.01646829,-0.9841504
0.38280642,-0.86198145
-0.3065112,-0.904673
0.6777638,-0.6667418
-0.10044275,-0.9846048
0.80585724,-0.5815146
-0.19902946,-0.9574003
0.61745626,-0.6996569
-0.88863164,-0.553374
0.36564472,-0.8704698
-0.7169449,-0.6387695
0.7942325,-0.5965177
0.9292892,-0.56272966
-0.35747913,-0.87924266
0.12532808,-0.980156
-0.20048448,-0.97038627
0.22583379,-0.9630828
-0.2911085,-0.91971076
0.63830537,-0.6752386
-0.9372649,-0.5611086
0.4826148,-0.80022305
-0.9723319,-0.5320535
0.92577845,-0.5532937
-0.918903,-0.5522979
0.5900041,-0.70943093
0.39921504,-0.8555137
0.72150236,-0.6223896
-0.74304813,-0.60535836
-0.29025653,-0.9045072
-0.8279705,-0.56054765
-0.42300928,-0.8190995
0.21869138,-0.9336932
0.939804,-0.53788763
-0.49148986,-0.78764606
-0.3186141,-0.90611166
-0.18424986,-0.9735971
-0.93870205,-0.5614723
0.37692952,-0.873392
-0.7474345,-0.59962183
0.7568297,-0.6138438
-0.17040539,-0.9572767
0.7483598,-0.6110075
0.4694331,-0.794009
0.5577926,-0.7296703
-0.2484314,-0.9467344
0.6257816,-0.6730645
0.12180729,-0.96630913
-0.6619677,-0.6595302
0.78466344,-0.6136155
-0.18599238,-0.97443914
0.795647,-0.6013089
0.15167113,-0.9787381
-0.897297,-0.5567142
0.56972843,-0.7270231
-0.9488962,-0.55592257
-0.8016891,-0.6067573
-0.32589647,-0.8898372
0.2622808,-0.9231242
-0.14426364,-1.0024911
-0.20479095,-0.96435034
-0.14406869,-0.9835384
-0.7460545,-0.6180291
0.39840692,-0.84150255
-0.5977666,-0.7093692
-0.12997836,-1.0010351
0.93971646,-0.536925
0.855603,-0.56041694
0.5370095,-0.7549619
0.77196074,-0.5912234
0.37095106,-0.8914491
0.639413,-0.68121547
-0.5034427,-0.77525127
-0.09043691,-0.99768025
-0.4256097,-0.84046596
-0.9240542,-0.5502383
-0.51936,-0.7598283
-0.4872358,-0.80312294
0.36943868,-0.8751673
-0.31463987,-0.9109031
-0.5680462,-0.718345
-0.9741266,-0.542097
-0.19982125,-0.9611198
0.5417634,-0.77309066
0.2546941,-0.9508949
0.79512465,-0.57899827
0.14767054,-0.98038626
-0.9043365,-0.54284203
-0.12857643,-0.97556597
-0.16056156,-0.96265614
0.6987873,-0.6521381
0.3135377,-0.88913196
-0.46829644,-0.8024632
0.40250984,-0.8471928
0.6627962,-0.6829793
-0.8857808,-0.54674256
0.44294167,-0.83228236
0.5901004,-0.71527976
-0.27724627,-0.90759444
0.90253633,-0.54538256
0.6643717,-0.66155416
-0.47380418,-0.7978345
-0.21332559,-0.9629999
0.816423,-0.59211767
0.6649326,-0.6571272
0.6141167,-0.69784474
0.9425191,-0.53086865
-0.8511791,-0.57229733
-0.874727,-0.56868875
-0.12998113,-0.9761372
0.82539654,-0.57941633
0.06705734,-1.0110223
0.8672656,-0.56384087
-0.6893702,-0.6573749
0.4744405,-0.81676817
-0.35501808,-0.8778827
0.35438484,-0.8767867
-0.14342909,-0.98272526
-0.39236513,-0.83986485
0.71074194,-0.63573104
-0.22065245,-0.9461099
-0.54346895,-0.76624304
-0.69778675,-0.65298665
-0.64568514,-0.66583884
0.044775303,-0.9861704
-0.89186585,-0.5536876
-0.84882605,-0.55783993
-0.0969488,-0.98746634
0.40171945,-0.84657556
0.3782569,-0.8775611
0.79903466,-0.5586425
0.012333591,-0.9672502
-0.5639779,-0.7418745
0.6009923,-0.7098401
-0.70494276,-0.6289794
0.34719086,-0.8773663
0.397666,-0.8598366
-0.6133216,-0.69230187
-0.8904374,-0.5534894
-0.6245801,-0.7029611
0.58706003,-0.72181606
0.668882,-0.65757203
-0.47610196,-0.7961096
0.03941692,-1.0066323
-0.88725483,-0.55536634
-0.61220765,-0.69204164
0.13362439,-0.9763526
-0.5344629,-0.7576132
-0.89812595,-0.55090123
0.77896947,-0.5821285
-0.5351653,-0.7451752
0.5533255,-0.74786705
-0.15518284,-1.0053226
0.41153583,-0.8622123
-0.28740177,-0.9356031
0.20537359,-0.959947
0.3131461,-0.9009446
-0.75275224,-0.6009674
0.767779,-0.60909885
-0.29417723,-0.9230421
0.5745444,-0.72905594
0.10485883,-0.9902856
-0.63380635,-0.68984413
-0.28944004,-0.8942395
-0.8294458,-0.5680705
-0.4570791,-0.8248057
-0.5857443,-0.7197358
-0.45238605,-0.8215416
0.6062063,-0.7075247
-0.83991736,-0.57608646
0.26403105,-0.9411902
-0.29259813,-0.9374505
-0.032463394,-1.0013493
-0.5743726,-0.72777516
0.90707433,-0.5541785
0.3272781,-0.8897681
-0.59625995,-0.7124155
-0.01914543,-0.9992143
-0.6893425,-0.6445711
0.819023,-0.5758177
-0.058130823,-0.9960852
-0.8521466,-0.5767799
-0.69828415,-0.6299638
-0.004269595,-1.0135113
-0.60686606,-0.6950868
0.4221965,-0.8348338
-0.14829077,-0.9836938
0.12873343,-0.9796637
0.23634128,-0.94862527
0.89609075,-0.540755
0.8671354,-0.5652335
-0.24825706,-0.9404517
0.7916066,-0.5953507
0.9879541,-0.5538174
0.7597153,-0.6055258
-0.89835036,-0.5361594
-0.3457132,-0.88296276
-0.78068066,-0.5948015
0.36794683,-0.87517095
-0.30088916,-0.92962235
-0.622917,-0.7012269
-0.5855493,-0.7275522
-0.24972764,-0.93801993
0.19111241,-0.9543758
0.36189368,-0.8794416
-0.9565239,-0.54111207
0.9624161,-0.5427555
-0.9185014,-0.545061
0.96031296,-0.5430157
-0.4622319,-0.80630326
0.7845396,-0.59846586
0.7603144,-0.595187
-0.031834017,-1.0096519
0.50226414,-0.79692745
0.32917556,-0.8957602
0.64382464,-0.6786275
0.11211874,-0.9907757
-0.32686126,-0.9029586
-0.16497698,-0.9665741
-0.7212609,-0.6351115
-0.4260648,-0.8456293
0.93479216,-0.5393421
-0.14143945,-0.9721884
0.42700335,-0.84299546
-0.37836146,-0.8547484
0.43906176,-0.82925576
-0.04636021,-1.001413
0.5776748,-0.72378397
-0.20153397,-0.9593981
0.9288218,-0.5370564
-0.6316055,-0.66277206
0.010937475,-1.0100981
-0.67139393,-0.6625707
-0.47362188,-0.8055278
0.03854949,-0.97922856
-0.6495824,-0.6905888
-0.78348917,-0.59363097
0.694678,-0.63819623
-0.26892945,-0.91948617
0.42300913,-0.84095854
-0.040974073,-0.9856295
0.49229547,-0.79684895
-0.47634432,-0.80469954
-0.8020382,-0.6007342
0.044890672,-0.9897348
0.26960254,-0.9389797
0.897876,-0.5522624
0.5464086,-0.73404354
0.7490035,-0.6200438
0.45983538,-0.800241
0.98960185,-0.5337316
0.48137,-0.7975803
0.30658117,-0.91110104
-0.36649746,-0.881061
-0.5061328,-0.77936727
-0.44185394,-0.8310616
-0.9458698,-0.527387
-0.53143007,-0.75840974
-0.42915916,-0.82333094
-0.82881254,-0.5784347
-0.9768091,-0.5298243
0.0055224695,-0.99122435
-0.63780665,-0.67744243
-0.53486824,-0.75113446
0.9617998,-0.5426118
-0.70318645,-0.630578
-0.9001941,-0.5420797
0.65027165,-0.66741544
-0.45868632,-0.80660653
0.009309084,-0.99799556
0.66706276,-0.6771702
0.013509586,-1.0013151
0.7858825,-0.59870076
0.32752946,-0.91191036
0.2327886,-0.94334525
0.5131719,-0.75670785
-0.5622626,-0.75957954
-0.6563198,-0.678433
0.6807025,-0.6528538
0.80024624,-0.57891536
-0.67891955,-0.6570237
0.062287346,-0.9907488
-0.6610952,-0.653612
-0.93926436,-0.54138815
0.00042334944,-0.9959763
0.20277017,-0.975435
-0.061791033,-1.018616
0.56302816,-0.74233615
-0.5380393,-0.7542503
0.8408464,-0.56443447
0.1263327,-0.9819199
0.06484994,-1.0015506
-0.09491807,-0.9875509
-0.5698075,-0.7319529
-0.4336122,-0.82932234
0.105409384,-0.9873752
0.483806,-0.80040747
-0.71842104,-0.6324656
0.045231625,-0.97884643
-0.93965226,-0.5364335
-0.63341093,-0.68767244
0.6073085,-0.70287484
-0.4474055,-0.82402503
-0.43421745,-0.82826775
0.062024634,-0.99438596
-0.25754875,-0.94219255
0.6825441,-0.6477713
-0.0920502,-0.9896388
0.71195173,-0.63796186
-0.9821351,-0.53550273
0.61695963,-0.70328206
-0.941933,-0.55365163
0.73906094,-0.608004
0.9032612,-0.55860364
0.77258176,-0.59208083
0.7817733,-0.57482105
0.10693613,-0.977787
0.8935353,-0.5563353
-0.7589883,-0.61125106
-0.7759798,-0.58627194
-0.44833776,-0.817799
0.092621855,-1.0077499
-0.66383785,-0.65746063
0.75685346,-0.6081843
-0.4789456,-0.79699814
0.82942593,-0.5693885
-0.42774594,-0.83116055
-0.72293645,-0.60446036
0.48588678,-0.7776244
-0.8978673,-0.5648518
0.5572733,-0.7357798
0.8690471,-0.5731465
-0.53773224,-0.7417894
0.627078,-0.67834646
0.83646584,-0.5756816
-0.35327837,-0.8845306
0.5581202,-0.73127604
-0.8007715,-0.5853536
0.73155093,-0.62607646
-0.06970697,-0.9947045
-0.5043981,-0.7656536
0.052698214,-1.0124787
-0.48518538,-0.8021723
0.59539676,-0.718587
-0.35641938,-0.8626268
-0.8537808,-0.5487762
-0.92989093,-0.5539316
-0.47986662,-0.7984291
0.06422238,-0.98714507
0.27003604,-0.9216324
0.012313992,-0.9984579
0.39719546,-0.85472065
0.36223462,-0.8579267
0.14826153,-0.9796408
0.36377156,-0.8925948
0.72363275,-0.6236084
-0.9194063,-0.5433758
0.6656951,-0.6638081
-0.28799766,-0.9330621
-0.3888952,-0.8567738
0.72625875,-0.63338757
0.21376495,-0.95534533
-0.88285017,-0.5584504
-0.6187536,-0.6856862
0.8709889,-0.57253057
-0.17500621,-0.9814614
-0.45437276,-0.81512916
-0.60421765,-0.7061413
0.11331321,-0.9895739
0.93628895,-0.540946
-0.73153216,-0.61866105
-0.5214722,-0.75816447
-0.008903763,-0.9983658
-0.5694432,-0.7142152
0.99891675,-0.556081
-0.18130672,-0.95152134
-0.11889303,-0.98568505
-0.5616026,-0.75567335
0.59164226,-0.73949456
-0.069655225,-1.0008357
0.29684508,-0.9090013
-0.6516088,-0.66335326
-0.74135715,-0.62371045
0.12161931,-0.99163115
-0.6440339,-0.66572773
0.030484999,-1.0149257
0.9984126,-0.5530005
-0.11648027,-0.9799224
-0.9500748,-0.5510801
0.26860303,-0.92718625
-0.48220706,-0.7987279
0.88138735,-0.5599954
-0.532467,-0.7686833
0.86531174,-0.56405073
-0.9634493,-0.5202326
0.956766,-0.54955673
-0.45311323,-0.8146447
0.5632649,-0.73188263
-0.06736087,-0.9686577
-0.25905102,-0.91969305
0.9159964,-0.56377065
0.88366234,-0.54758465
0.20801516,-0.9498155
0.87855345,-0.54228914
0.57728493,-0.7408025
-0.27332425,-0.9287291
0.7920003,-0.59137684
-0.28254214,-0.91918474
0.8923564,-0.5554963
0.031852663,-1.0024718
0.47749156,-0.8133384
0.2740328,-0.9202922
0.4671189,-0.80824065
-0.63890445,-0.6842525
0.7784631,-0.59751284
0.6447187,-0.6813572
0.26190865,-0.9247538
-0.5762974,-0.7215318
0.1460299,-0.99904674
-0.12784041,-0.9987894
-0.9640169,-0.56168497
0.84634393,-0.5892367
0.5383333,-0.74332416
0.7952422,-0.579205
0.20625539,-0.9429116
-0.33526573,-0.8974978
-0.12081208,-0.97615474
0.65854865,-0.6624115
-0.601243,-0.72797143
-0.6970376,-0.63074505
-0.799129,-0.58910376
-0.8010867,-0.5791089
-0.02679418,-1.0041653
0.4724663,-0.81820655
0.7807932,-0.5900388
0.13580996,-0.9656417
-0.0075685093,-1.0121427
-0.22558852,-0.94830185
-0.39865342,-0.8415892
-0.9329321,-0.57001895
0.46176022,-0.820603
-0.85836875,-0.5608268
0.516167,-0.7756038
0.42751533,-0.8410461
0.97497964,-0.5557253
-0.9600417,-0.5423639
-0.5142995,-0.78146315
-0.83544403,-0.5815787
0.8657436,-0.5705777
0.027971543,-0.9869225
0.9113806,-0.5558203
-0.6892975,-0.64235777
-0.3400408,-0.8971452
0.2778034,-0.9424828
-0.4491718,-0.8273495
0.843687,-0.57163894
-0.12242244,-0.98468316
0.2275973,-0.9482221
-0.2980221,-0.92752326
-0.58230215,-0.7086618
0.5963585,-0.69761443
0.5858569,-0.7191443
0.630818,-0.6839811
-0.33978766,-0.8997841
0.7084922,-0.65012527
-0.36193544,-0.87841547
-0.27771786,-0.92990166
-0.40112785,-0.83654034
-0.13864397,-0.95679605
-0.94689494,-0.5519881
-0.4987357,-0.78255963
-0.48947936,-0.782087
0.70396966,-0.63300604
0.38830224,-0.8569862
-0.47444478,-0.7885656
-0.2746858,-0.9135534
0.92531836,-0.5421128
0.19339518,-0.94091594
0.39867336,-0.84556043
0.94205135,-0.55105495
0.31915385,-0.893604
-0.20008627,-0.9679314
-0.23397572,-0.9453214
-0.7759355,-0.5874595
-0.79805994,-0.59111404
-0.24424174,-0.93418694
-0.16149484,-0.9719654
0.31386885,-0.9181668
-0.07849392,-1.0117005
0.45322955,-0.8340094
-0.79940677,-0.58744705
-0.36846402,-0.8798243
0.8074467,-0.56372267
-0.91238964,-0.5493927
0.31498426,-0.91225153
0.1082562,-0.9864266
-0.87926716,-0.5537516
-0.736698,-0.62314945
-0.42580655,-0.8354539
-0.79591775,-0.5883749
-0.26025808,-0.93941015
0.34058827,-0.89584416
0.46653727,-0.8017909
-0.26618537,-0.9379414
0.76447326,-0.6166099
0.74901456,-0.6116925
-0.7130958,-0.6326613
0.3476804,-0.89368683
-0.46503723,-0.7837913
0.18766275,-0.95785815
-0.24785818,-0.9427149
0.13671029,-0.988823
0.25601456,-0.94964725
-0.6982207,-0.65303874
0.0056313043,-1.0028992
-0.67143935,-0.65057904
-0.63907874,-0.67264235
0.4899161,-0.78716063
0.8276043,-0.5650509
-0.11748716,-0.9837586
0.51261216,-0.7678284
0.15142763,-0.9779106
0.7536471,-0.6151215
0.8614744,-0.5603878
0.67213875,-0.6644225
0.84649503,-0.56168735
-0.50026226,-0.7932357
-0.42166138,-0.83853424
0.17346954,-0.9543113
0.6010128,-0.6882666
-0.8297748,-0.56148016
-0.35813433,-0.86782646
-0.3499624,-0.8939476
0.73744667,-0.6227744
0.4900132,-0.78601605
0.301404,-0.89357746
-0.6272987,-0.67451304
0.04800495,-1.0075257
-0.9815636,-0.5415949
-0.5853522,-0.7111072
0.6039216,-0.6922342
0.31005704,-0.9109508
0.09428968,-0.9923324
0.68651485,-0.64602715
-0.116405696,-0.99789554
-0.43973944,-0.8270478
0.6773018,-0.64845335
-0.39413044,-0.8606475
0.7117219,-0.61481804
0.32639176,-0.89415395
0.26286864,-0.9471665
-0.84051234,-0.57254285
-0.045181487,-1.0172564
-0.2532847,-0.9396879
0.85433674,-0.5715427
-0.97507113,-0.54286146
0.20603749,-0.9606274
-0.17577878,-0.9655745
0.6097387,-0.68800837
0.6685732,-0.6479234
-0.07168794,-0.97851276
-0.6805699,-0.6537978
-0.5911253,-0.718682
0.44790024,-0.8280263
0.6460297,-0.6825622
-0.26684254,-0.9271455
-0.26748723,-0.94407886
-0.6642304,-0.6674753
0.31480318,-0.9186227
-0.7594164,-0.604245
0.40661266,-0.85908014
0.19624476,-0.97604895
0.6211982,-0.6951781
0.19705088,-0.9774264
-0.585386,-0.71736753
0.15715012,-0.9807175
0.8097946,-0.5784578
0.5847425,-0.73907787
-0.6575565,-0.6550137
-0.81328696,-0.5895488
0.9179826,-0.52870584
0.4919019,-0.7931301
0.654745,-0.6572661
0.8005934,-0.57411486
-0.06614279,-1.000143
0.7481481,-0.6039295
-0.73874366,-0.619456
-0.32214206,-0.904051
-0.3170885,-0.8972015
-0.928475,-0.5607542
-0.6254305,-0.69681466
0.45735878,-0.8091083
-0.074702546,-0.98534983
0.19334003,-0.96160513
0.23058227,-0.95500666
-0.5782543,-0.72042406
0.8530251,-0.5658593
-0.7202202,-0.60532194
-0.9936001,-0.5427992
-0.47279492,-0.81914824
0.013296034,-1.0046941
-0.6643614,-0.67265445
0.54678756,-0.76228106
-0.5804855,-0.73544604
0.9087493,-0.5498351
0.41958398,-0.8483843
0.71082175,-0.630466
0.096439436,-0.98799616
0.106799394,-0.9908669
0.949572,-0.54382855
-0.7657489,-0.58299994
0.16171317,-0.9591132
-0.86385596,-0.5572332
0.98041064,-0.54166645
0.2615235,-0.9288601
-0.83429796,-0.5653648
-0.42791736,-0.8301491
0.78207326,-0.6082476
-0.83698094,-0.5677604
-0.45172104,-0.8102415
0.009878647,-1.0020171
0.9651508,-0.5517462
-0.5834037,-0.7225412
0.5847387,-0.71973646
-0.31427622,-0.9201592
-0.98147357,-0.54914397
0.5643499,-0.728252
-0.02029996,-0.9955907
-0.04018034,-0.9955455
0.34731734,-0.87150633
0.30116197,-0.9119952
0.31254718,-0.9057402
-0.34874773,-0.87427175
0.16095325,-0.9745724
0.75538117,-0.60187656
0.7861935,-0.60864973
-0.19034034,-0.9593247
-0.5336205,-0.7616129
-0.85005033,-0.5643706
0.71551466,-0.61545426
-0.6692056,-0.65659
-0.36599186,-0.8712707
0.62376773,-0.6969112
0.5669481,-0.73539233
-0.13117224,-0.96933913
0.38727447,-0.85725063
-0.52277863,-0.7494981
0.85977703,-0.56902355
0.9033783,-0.56420356
0.8842941,-0.5556527
0.24608503,-0.9316032
-0.85702974,-0.5587883
0.22698998,-0.9623266
-0.15636683,-0.98070824
-0.20961602,-0.9510275
-0.94400877,-0.53399867
0.74809283,-0.61790234
0.7154234,-0.6172119
-0.35229182,-0.87683755
0.9552846,-0.5501801
-0.72844344,-0.60379213
0.67035973,-0.6649957
0.24356043,-0.94603366
-0.028500402,-0.9906428
0.92699724,-0.54807854
0.16610184,-0.95741695
0.66748184,-0.650257
-0.5355847,-0.7526241
-0.9355047,-0.53606915
-0.57763374,-0.73062575
0.97668046,-0.54697925
0.12265201,-0.99868906
0.68377215,-0.6468768
0.36995965,-0.8510607
-0.6911132,-0.65160793
-0.77263814,-0.61627424
-0.02923634,-0.9919097
0.8842138,-0.55009985
-0.73388994,-0.6136309
0.003837099,-1.0034578
0.51959443,-0.78589416
-0.84209293,-0.57579845
-0.18604355,-0.9852913
0.0720239,-0.98563135
-0.7807445,-0.5876249
0.31234205,-0.91027623
0.4775168,-0.81024104
0.27897298,-0.92825216
-0.851692,-0.5801867
-0.9869041,-0.5495391
0.5970593,-0.6891193
-0.020070387,-0.99765503
0.13037443,-0.9593374
0.8139512,-0.5958785
0.11832839,-0.9879875
-0.49284598,-0.7990203
-0.104782,-0.99492896
-0.030362379,-0.9991778
0.36344773,-0.8814291
-0.29648137,-0.92710406
0.67954934,-0.6588498
0.0715703,-1.0045716
0.09143168,-0.98869646
0.5197079,-0.759358
-0.83594847,-0.5567701
0.7761988,-0.59390795
-0.6110934,-0.70162183
-0.33441076,-0.90977585
-0.8166675,-0.5773009
-0.057811636,-0.99437696
-0.3236136,-0.9041531
-0.5678226,-0.74456686
-0.6467793,-0.6681685
-0.72038037,-0.63547826
-0.87299496,-0.54751813
-0.5694392,-0.7236001
-0.99205446,-0.56570345
-0.8361156,-0.560242
0.9334298,-0.5466317
-0.19624987,-0.9787869
0.83669883,-0.57446444
-0.20083244,-0.9506925
0.558169,-0.73994666
0.39862412,-0.8606414
-0.67557675,-0.65507793
-0.06395446,-0.9973335
-0.75671715,-0.6181028
-0.18797548,-0.9775975
-0.43498942,-0.82734144
0.23458622,-0.9401988
0.4896061,-0.79453343
0.8275906,-0.5695296
-0.9041859,-0.55675423
0.4863226,-0.7741415
-0.74555427,-0.61249864
0.7368202,-0.63573223
0.2991328,-0.92489165
0.8043382,-0.5850185
-0.74067783,-0.6047852
-0.031845715,-0.9924659
-0.014566702,-1.0063927
0.48249796,-0.81140107
0.9398601,-0.5463944
-0.9738828,-0.55012256
0.3006791,-0.9158184
-0.91835093,-0.5472069
-0.15563528,-0.9733916
0.6986337,-0.64240295
0.124913685,-1.0061462
0.6995287,-0.6377905
0.28418136,-0.9182578
0.8111146,-0.5847416
0.58423746,-0.73475784
0.44853896,-0.8146105
0.4874666,-0.79483116
0.13222767,-0.9908921
0.6986452,-0.63983065
-0.068499796,-0.98483026
-0.8682293,-0.56283367
0.49896055,-0.78622705
0.47644988,-0.8032569
-0.7294854,-0.6342284
-0.5001621,-0.78370446
-0.5098341,-0.75942385
0.18469907,-0.9842592
0.1162687,-0.9888969
-0.76155764,-0.5953665
-0.122103184,-0.99685615
-0.9505365,-0.5415422
-0.6858859,-0.6404419
-0.8618646,-0.5747836
-0.012335565,-0.9843785
-0.8752022,-0.55695456
0.90254015,-0.55361
0.25250423,-0.95356196
0.54354364,-0.75733906
-0.1762617,-0.9869015
0.8986189,-0.571095
0.5498687,-0.74446154
-0.37406236,-0.86905587
-0.7580358,-0.622114
-0.08037121,-0.99164087
0.1007986,-1.0029815
0.063296,-0.9945445
0.88078207,-0.54925394
0.38881326,-0.88182646
-0.06972131,-0.99558324
0.42467955,-0.8302751
-0.30435932,-0.9233477
0.59854734,-0.71386
0.7638582,-0.594143
0.8941437,-0.5548277
-0.9316589,-0.53460735
-0.42114022,-0.8247863
-0.6693194,-0.646634
0.33354923,-0.9004719
-0.4890059,-0.80164194
-0.075428106,-0.9882823
0.57078665,-0.7321828
0.701684,-0.64009225
0.20946506,-0.93787754
-0.09736941,-0.99224293
-0.8729049,-0.56361824
0.4746857,-0.83377564
0.42195123,-0.8494278
-0.528167,-0.7652887
0.45831358,-0.8040544
-0.53762615,-0.74132323
0.3500708,-0.8842627
-0.705333,-0.6407683
0.8245948,-0.5784619
-0.20390418,-0.95571536
0.20592587,-0.9663699
-0.58662415,-0.7104224
0.704574,-0.62549067
0.936478,-0.5321537
-0.3898277,-0.8745699
-0.5912055,-0.7122161
0.07356566,-0.9967195
0.91592985,-0.56452894
0.526403,-0.76415515
0.9674993,-0.54704636
0.7509675,-0.6138784
0.37293652,-0.8548362
-0.6307556,-0.70240307
0.76107526,-0.60436285
0.21214357,-0.9541933
-0.09667327,-1.0171579
0.001041847,-0.9994434
0.927831,-0.54305327
-0.9778725,-0.53512645
0.5003902,-0.8104507
0.52419424,-0.7656474
-0.80933595,-0.58461887
0.93245846,-0.5412838
-0.0089162355,-0.9965455
0.43048352,-0.82998925
-0.14703634,-0.97735935
-0.36662796,-0.8756111
0.13996056,-0.9793821
0.7842437,-0.6100503
0.28032735,-0.89401835
0.30608898,-0.9042717
-0.36676228,-0.858149
-0.5316661,-0.759527
0.25606173,-0.93115
-0.7080911,-0.6510023
-0.107064456,-0.97192335
-0.5004655,-0.7690826
0.41148534,-0.8550331
0.0703106,-1.0011156
-0.79942864,-0.5859703
0.119783245,-0.9817468
0.20313022,-0.9617662
-0.41864708,-0.83375835
-0.33816528,-0.8899158
0.74969167,-0.6072138
-0.7763714,-0.5952075
0.9359919,-0.53061175
-0.5723561,-0.7210458
-0.51646787,-0.77447534
-0.2178691,-0.94447494
0.8960942,-0.5592631
0.7918783,-0.5931831
0.49323535,-0.77901316
0.58934575,-0.7113261
0.043390784,-0.9955339
0.8099653,-0.5746803
-0.7453561,-0.59602344
0.084037334,-0.9935088
0.6430355,-0.6784227
0.13986373,-0.9668857
0.629215,-0.69874406
-0.6658301,-0.66730475
-0.9228611,-0.53913057
0.11733999,-0.99262273
0.39431724,-0.85651326
0.111729994,-0.99934524
-0.272534,-0.9259008
0.44541633,-0.83802867
0.86047524,-0.5733032
0.13983823,-0.97760135
-0.65929604,-0.6583551
0.04260028,-0.9977792
0.5013608,-0.7680541
-0.6045899,-0.70184505
-0.11307081,-0.9928499
0.3369182,-0.87978214
-0.8422621,-0.56080127
-0.59120715,-0.71083266
0.44302157,-0.80982625
-0.37400582,-0.87391686
-0.8134088,-0.5712419
0.49030346,-0.7948933
-0.5828767,-0.72176665
-0.7949674,-0.59677714
0.24862406,-0.93730205
0.8203896,-0.5673214
-0.04593615,-0.99868774
-0.5526714,-0.74054897
0.16372585,-0.9957723
0.27094257,-0.9248079
0.87579376,-0.56870496
0.93654245,-0.5340574
-0.31425342,-0.896952
0.47176626,-0.8122541
0.72205323,-0.631636
0.27482405,-0.9136138
0.7023738,-0.6251174
0.044053156,-0.9936147
0.19878659,-0.966425
-0.7986607,-0.6028411
-0.2361064,-0.93842864
-0.9722333,-0.5491503
0.49254516,-0.7818882
-0.19793016,-0.95333916
0.7976676,-0.5871558
-0.79259247,-0.5852976
-0.95608485,-0.5300742
-0.24998689,-0.94174075
0.9470437,-0.5492988
0.94060266,-0.53993857
0.35931736,-0.8815827
-0.49294028,-0.7868387
-0.03922222,-0.98815686
0.9514665,-0.5549385
0.59715235,-0.705576
0.33615032,-0.8997465
0.8577753,-0.56425077
0.38968447,-0.85959387
-0.40902546,-0.84840906
0.12580349,-1.0010602
-0.46510246,-0.7943444
0.13392423,-0.97088176
0.92362475,-0.54726744
0.012281095,-0.9905052
0.01228656,-1.003826
-0.43380868,-0.8400699
-0.5488575,-0.7463272
-0.78073597,-0.60498923
0.3227436,-0.89530265
0.13191396,-0.9897764
0.02992486,-1.0151052
0.87293345,-0.5926472
0.28374735,-0.92406094
-0.27934197,-0.9218619
-0.48568752,-0.77993953
-0.04702163,-1.0151415
-0.35386735,-0.8727515
-0.3222941,-0.9065235
0.38165855,-0.8659115
-0.41934782,-0.8401529
-0.9691855,-0.5432763
-0.297437,-0.9358561
0.86414015,-0.55180943
0.31676766,-0.89646524
0.032078765,-0.9894047
-0.11705509,-0.98151755
0.69240654,-0.64702564
-0.75266486,-0.6229694
-0.3830436,-0.85991275
0.13466229,-0.9816458
0.3313094,-0.8964363
-0.3624301,-0.8731239
0.6106546,-0.7019763
-0.36067992,-0.88306355
-0.936154,-0.5562056
0.01850521,-0.99971616
0.9902771,-0.52957517
-0.33799246,-0.9034852
-0.36838692,-0.86375284
-0.02588444,-0.99218494
-0.64156336,-0.6965929
0.20369442,-0.95329285
-0.15741748,-0.97534734
-0.19440676,-0.9637613
0.4041879,-0.8305011
-0.6278329,-0.6797776
0.99732083,-0.55431235
0.09480079,-0.9846559
-0.64317775,-0.6875069
-0.8341566,-0.5781133
0.50728506,-0.77593964
-0.53871757,-0.7426326
0.47996926,-0.8123345
0.44044548,-0.8306585
0.9935696,-0.53286654
-0.8216219,-0.58379847
0.100998044,-0.98953754
0.39397773,-0.86035436
-0.6146867,-0.68584925
0.5557757,-0.73856777
0.035400163,-1.0017347
-0.2534013,-0.94624704
-0.27457574,-0.90645033
-0.26868415,-0.93121696
0.5497695,-0.74845976
0.9214247,-0.54110754
0.31198338,-0.9003225
-0.56034786,-0.7523783
-0.75756586,-0.6074653
-0.8323795,-0.58077806
0.12923941,-0.98908263
0.77602124,-0.5829761
-0.17846304,-0.95712787
-0.69858897,-0.635064
-0.11041472,-1.0019355
0.5871529,-0.7167741
0.5572717,-0.7464065
-0.20680426,-0.94823694
-0.037783682,-1.0042071
0.26245484,-0.9418091
0.024409087,-0.9957977
-0.51365566,-0.7607274
0.5480322,-0.7368023
-0.12490679,-0.9715278
-0.31289762,-0.893913
-0.43680996,-0.8118327
0.7559462,-0.6046545
-0.40344504,-0.8554065
0.4035385,-0.85915273
-0.39807102,-0.842593
-0.5049048,-0.78101504
-0.1638402,-0.9826179
0.8849139,-0.54796606
0.6570167,-0.683186
-0.4454757,-0.8328926
-0.27588996,-0.9246606
0.21634626,-0.94548184
-0.1450349,-0.9824965
0.74440396,-0.61530197
0.09685728,-0.9827963
0.7240933,-0.61669743
-0.4888314,-0.81177956
0.36967698,-0.8581362
-0.17399482,-0.9734585
-0.788559,-0.59686583
-0.23613499,-0.95049965
-0.3202158,-0.9164909
-0.35661495,-0.8556767
0.25462535,-0.9503522
-0.18786383,-0.98032206
-0.77545583,-0.5986191
-0.5786166,-0.7387068
0.015637653,-0.99853534
0.033746794,-0.9824446
-0.9261746,-0.54382706
-0.6497048,-0.67038935
0.3142488,-0.9091459
-0.2924721,-0.9286024
-0.3300692,-0.900062
-0.90638214,-0.5379883
-0.22464727,-0.9372474
-0.88261694,-0.5533547
-0.43488938,-0.8207217
-0.7732207,-0.604912
0.67568994,-0.6621595
-0.60326296,-0.72288245
-0.7475674,-0.6000765
0.6980274,-0.6470735
0.24376412,-0.9556495
0.9020969,-0.5443399
0.25395557,-0.92418474
0.3524906,-0.8874013
-0.2772673,-0.94384265
0.49128923,-0.79248166
0.16458265,-0.9708912
-0.6821525,-0.64574206
-0.68921703,-0.6392703
0.28685543,-0.92040604
-0.45575154,-0.81741625
0.08790095,-0.9854467
-0.61512303,-0.7115316
-0.1613836,-0.9839847
0.7248783,-0.63178307
0.38127834,-0.8699591
-0.025330588,-1.0131876
-0.017030284,-0.9899885
-0.22529742,-0.9626664
0.30446824,-0.9385731
-0.6233013,-0.68256164
-0.3256754,-0.8945437
0.3593455,-0.8800608
0.44394615,-0.81848335
0.77194,-0.5967474
-0.3901127,-0.8481531
0.70546746,-0.64424115
0.6481087,-0.65753853
-0.97961974,-0.53406715
0.34520775,-0.8941919
0.5341694,-0.76539135
-0.9920877,-0.5430135
-0.012334471,-1.0110844
0.9057268,-0.55071086
0.90723467,-0.5349184
0.4809092,-0.7949567
0.663333,-0.64343274
-0.38490218,-0.8708907
-0.07786912,-0.9894312
0.99050707,-0.5496535
0.61460525,-0.70074385
-0.91080457,-0.54274374
-0.8909438,-0.5590831
0.15925409,-0.98358274
-0.25339535,-0.94254273
-0.5278822,-0.76775616
-0.35976374,-0.88929194
0.91790193,-0.5321617
-0.35686496,-0.88403165
-0.27633154,-0.9183078
-0.09736771,-0.98298013
-0.67826796,-0.6440329
-0.22133255,-0.9655847
0.2931097,-0.9213469
-0.4815568,-0.78944427
0.24584003,-0.9475691
-0.51053125,-0.7602809
0.573376,-0.74104726
0.87491393,-0.5476163
-0.1111606,-0.9921845
0.9270553,-0.53486526
0.32876325,-0.89520687
0.42327595,-0.8459759
0.0226833,-0.99128646
-0.54508406,-0.76694524
0.87945193,-0.5580714
0.9396774,-0.54866105
0.6839586,-0.64617723
-0.07297798,-1.0215644
-0.65756524,-0.66600174
-0.82060874,-0.57108575
0.009103071,-1.0078598
-0.3895504,-0.8631965
0.71361524,-0.63108385
0.08755681,-0.9829011
0.84141314,-0.58828455
0.45061252,-0.819043
-0.0955652,-0.9861115
0.4861943,-0.7866936
0.93617254,-0.54658985
0.12576331,-0.9785718
-0.37180552,-0.87235165
-0.25638708,-0.9251918
0.24069785,-0.9521177
0.9435681,-0.55044425
-0.055870384,-0.99226785
0.41791248,-0.834727
-0.6416501,-0.6743879
0.24088472,-0.9479384
0.46777517,-0.81034726
-0.15332206,-0.97689134
0.27268645,-0.93947315
-0.54588634,-0.75723433
-0.081171155,-0.97881883
0.6511559,-0.67443293
-0.6007083,-0.7139809
-0.82185423,-0.5800873
0.39284724,-0.8550842
-0.3729409,-0.8498132
-0.02379986,-0.9879307
0.78365725,-0.60492724
-0.65396434,-0.657989
0.5460428,-0.7572933
0.013384214,-1.0062995
-0.9067727,-0.55312705
-0.6410231,-0.69159675
-0.008950243,-0.98706174
-0.55078965,-0.75124055
-0.2891431,-0.94094247
0.38650477,-0.8706208
0.6951084,-0.6412241
-0.11843094,-1.0032747
0.018270021,-0.9969685
0.18092029,-0.9766912
-0.66043204,-0.65520114
0.19495004,-0.95817107
0.6182219,-0.69526744
0.7901326,-0.6041218
-0.6178208,-0.7092552
0.71318907,-0.63748425
0.75114334,-0.61143154
0.52578896,-0.7486336
0.6382641,-0.67883193
-0.11285426,-0.99117666
0.94253504,-0.52913684
0.43566987,-0.8298556
-0.48495314,-0.7895052
-0.9410969,-0.52845573
-0.6490879,-0.6670415
0.4915831,-0.7846042
0.7242662,-0.61907035
-0.8250197,-0.57364315
0.30844197,-0.909074
-0.26198065,-0.94960517
0.17531854,-0.9768274
0.6975929,-0.6420791
-0.14410302,-0.9748162
-0.6251399,-0.69545364
-0.7730003,-0.5733853
0.9968837,-0.53712016
0.53466165,-0.7548975
-0.89139116,-0.56609434
-0.6567714,-0.6694561
0.37006024,-0.86761504
-0.1543643,-0.97739106
0.24130356,-0.944826
0.1300618,-0.98480123
-0.6859141,-0.65623885
-0.12116727,-0.9979288
0.060326792,-0.9745235
-0.12320452,-0.99496454
-0.03808077,-1.0032256
0.9787194,-0.5409607
0.97031385,-0.56375384
-0.29494813,-0.90133303
0.45896155,-0.8008501
-0.5326954,-0.77385515
0.9829077,-0.5469696
-0.17248687,-0.96113133
0.1677049,-0.9724996
-0.2375517,-0.9351867
-0.68678015,-0.6333652
-0.6920236,-0.653497
0.8787678,-0.55010104
0.105086185,-1.0010562
0.9431869,-0.54848766
-0.19427851,-0.96228325
-0.05182249,-0.99585414
-0.56347036,-0.74456644
-0.79044753,-0.58251524
0.5656801,-0.7491232
-0.2080111,-0.96648896
0.57320887,-0.7181656
-0.10470217,-0.9970854
0.8496728,-0.5609749
0.76807296,-0.5835283
0.6423723,-0.6790852
0.58648425,-0.7056931
0.3158463,-0.91887754
0.7416572,-0.6204608
0.70299065,-0.6359223
-0.57420594,-0.73846895
0.39377496,-0.8620107
0.6688892,-0.6591485
0.4906289,-0.78804743
-0.9659208,-0.5462648
0.23501313,-0.96463275
-0.4301488,-0.8392525
0.5476149,-0.76180977
0.48102573,-0.79745203
-0.7824107,-0.59286124
-0.33234432,-0.89707077
0.80111486,-0.59284526
-0.033564977,-1.015607
0.013723834,-0.98552334
-0.5922928,-0.7146845
-0.64431113,-0.68067336
-0.8661106,-0.5590409
-0.84046876,-0.58039576
-0.64946496,-0.6610614
-0.9719721,-0.5503837
0.9890198,-0.5453274
-0.13030349,-0.9783074
-0.18348113,-0.9597322
0.17327608,-0.97066605
0.7104839,-0.64370114
0.3266599,-0.8931422
-0.57216424,-0.72115785
0.489981,-0.7784679
-0.7199944,-0.6220622
0.7129677,-0.610886
0.46593586,-0.80607754
0.87390584,-0.5541044
0.7502244,-0.5973671
-0.17414501,-0.95402706
0.78843987,-0.5755729
0.61961144,-0.6958744
-0.10549127,-0.9812998
0.38982078,-0.84935284
-0.6669033,-0.6613262
0.0686556,-1.0037811
-0.89275795,-0.5613632
-0.17820103,-0.9649841
0.25621885,-0.9277749
0.25497228,-0.9417168
-0.25924334,-0.94274026
-0.82367504,-0.57869625
0.2819609,-0.9222188
-0.8305594,-0.56297493
-0.5313514,-0.75608563
0.60656244,-0.70442176
-0.1266986,-0.97017807
0.9995433,-0.518063
0.54051036,-0.75292593
-0.18966012,-0.9486078
-0.7803568,-0.6003648
-0.14166622,-0.96870184
-0.72673434,-0.6316139
0.37986764,-0.8699923
-0.78995264,-0.58912253
0.88662136,-0.5719989
-0.22048807,-0.970806
-0.9346801,-0.5530514
0.6572052,-0.65534395
-0.2971956,-0.91805077
0.3398936,-0.8821709
0.7266556,-0.6398856
-0.882352,-0.5502397
-0.9685538,-0.5387619
-0.7168531,-0.6390243
-0.52889663,-0.74300814
0.048242804,-1.0102422
0.9219188,-0.5484617
0.090111956,-0.9673611
0.71860486,-0.6378592
-0.6007911,-0.71489257
0.78617644,-0.58901966
0.4292143,-0.84670717
0.8997482,-0.5446607
0.7469344,-0.62933546
0.70051914,-0.6397029
-0.85375386,-0.5478366
0.34773275,-0.8801902
-0.38486585,-0.863625
-0.48318985,-0.7983459
-0.09364651,-0.99211746
0.7345582,-0.6215886
-0.8204294,-0.5709088
0.8483556,-0.55770075
0.716042,-0.62849206
-0.4402693,-0.81873465
-0.32128358,-0.89709365
-0.8985451,-0.56253725
0.45923728,-0.83570445
-0.6564248,-0.6673963
-0.4092648,-0.8515555
-0.20407099,-0.9572027
-0.18681239,-0.9489968
0.60310537,-0.709678
-0.010022457,-0.99679226
-0.88870525,-0.5607253
0.20108145,-0.9554742
-0.3863812,-0.87004143
-0.32027116,-0.8928047
-0.58666164,-0.71777284
-0.7765502,-0.5968957
-0.48762825,-0.80828375
0.75368756,-0.62144715
0.7434903,-0.6077025
0.89012325,-0.5403061
-0.93155044,-0.5424465
0.80102026,-0.585734
-0.2769644,-0.9258032
0.2971454,-0.91711605
0.23964602,-0.9512749
-0.6566006,-0.68251026
-0.65579736,-0.68296784
-0.5732298,-0.73574483
-0.46243304,-0.8091461
-0.26113832,-0.94745684
-0.08997718,-0.9926693
-0.28177124,-0.93132687
0.17858098,-0.9853348
-0.6856852,-0.65578246
0.86469966,-0.5564293
0.6745541,-0.6630792
-0.89635223,-0.53576624
-0.07683247,-0.9878779
0.62937397,-0.6775484
-0.29508564,-0.88572866
-0.1531397,-0.9825462
0.9915116,-0.55875623
0.5110173,-0.78265136
-0.44605154,-0.8210229
0.1304896,-0.9791955
0.6054114,-0.703469
-0.4394424,-0.83079505
-0.84771943,-0.56023866
-0.34034178,-0.87963706
0.7651378,-0.60897046
-0.064256385,-1.0051807
0.19452447,-0.9432405
-0.9173777,-0.5579426
-0.5210603,-0.75893986
0.56952846,-0.73356795
0.42265987,-0.82308483
-0.7782581,-0.59745634
0.6409068,-0.6759584
0.06365706,-1.00909
-0.50015754,-0.7895485
-0.6889841,-0.6447277
-0.6570983,-0.6753194
-0.16400686,-0.98632514
0.7521857,-0.58731425
-0.26445603,-0.93275124
0.3021611,-0.9014964
-0.71449,-0.6118225
-0.8722307,-0.5618016
-0.17772153,-0.9697709
-0.6710957,-0.65833116
-0.6106355,-0.6968261
-0.46072653,-0.8001189
-0.8769901,-0.5454913
0.6017229,-0.70080596
0.08411649,-0.9961628
-0.18575832,-0.9661744
-0.33738998,-0.90535015
-0.9980524,-0.53799045
0.73871356,-0.5931628
0.52374905,-0.762804
0.46212462,-0.79632145
-0.65109515,-0.66442907
-0.89560723,-0.5561499
-0.8705967,-0.5658923
0.072536096,-1.0061327
0.27224818,-0.9274676
0.99639547,-0.53936136
0.044727482,-0.9919136
-0.33523902,-0.9054559
0.3595298,-0.8670075
0.2878836,-0.9261674
-0.95419234,-0.5420529
-0.7525594,-0.6147735
0.3846983,-0.87515426
-0.8352977,-0.5815328
0.61239934,-0.6931559
0.81559235,-0.57704824
-0.6000072,-0.7202507
0.010965723,-1.0060875
-0.37090316,-0.85795707
0.041869137,-0.98943096
0.23191735,-0.9415422
-0.9765463,-0.5222938
0.7907892,-0.57328326
-0.26156926,-0.9335991
-0.61632854,-0.70285976
-0.9357903,-0.51858807
0.9854093,-0.5318525
0.51892084,-0.7744365
-0.08806563,-1.0055879
0.73174953,-0.64284813
-0.08773713,-1.0051274
0.375812,-0.8738705
0.9143479,-0.5337688
0.41248947,-0.83497787
-0.51976657,-0.76567835
0.86673766,-0.55202603
-0.95557654,-0.551055
0.8409049,-0.57989854
0.92425054,-0.54803437
-0.8163821,-0.56672686
-0.8880157,-0.55198205
0.67735577,-0.64779896
-0.9497707,-0.54309285
0.60934293,-0.715454
-0.2940283,-0.9144819
-0.95585793,-0.5470762
0.2855994,-0.9109787
-0.44114587,-0.84093606
-0.69751686,-0.62631965
0.09328557,-1.003661
-0.9435584,-0.5466478
-0.21317238,-0.9704462
0.23431584,-0.9364786
0.45148772,-0.8289964
0.03348615,-1.0043191
-0.87658525,-0.54497236
0.52690494,-0.7681863
-0.22475357,-0.9515531
-0.6385091,-0.67577946
-0.47045398,-0.80080324
0.33493137,-0.8921369
-0.60443497,-0.71187335
-0.8237688,-0.57743484
0.24210684,-0.93877316
0.29180053,-0.92141294
-0.10997327,-0.9854302
0.010006528,-1.0191033
0.66364044,-0.6644389
-0.3228631,-0.895991
0.727346,-0.61639154
0.74713904,-0.61351055
0.024046432,-0.9962302
-0.96658576,-0.5491751
0.8448052,-0.5512657
-0.72019076,-0.6307775
0.054401733,-0.98429227
0.3444708,-0.8896729
-0.8098006,-0.5911044
0.5004859,-0.7848609
0.2260967,-0.96017873
0.34586126,-0.8904663
-0.69229347,-0.65531313
-0.4562848,-0.8167324
-0.39482668,-0.84685105
-0.69920254,-0.626242
0.1320211,-0.9888653
-0.84677577,-0.5574603
-0.486816,-0.77730256
0.5224549,-0.77801657
-0.5258187,-0.7810277
-0.61097103,-0.71511644
-0.7168753,-0.6298885
0.23414417,-0.9684508
-0.09193325,-0.98010665
-0.5601171,-0.7608849
-0.5922766,-0.71498644
0.97763103,-0.54023874
-0.8664559,-0.5513465
0.48730955,-0.78084654
0.830142,-0.5545253
-0.10926234,-0.98420715
-0.036755696,-1.004588
0.7060331,-0.6343131
-0.9711051,-0.5392455
-0.6204562,-0.6920597
0.4276306,-0.83930063
0.028521797,-0.9871072
0.9344121,-0.5484553
-0.57689464,-0.7273645
0.77328736,-0.60553604
0.9997251,-0.5360429
-0.99748033,-0.523104
-0.42294195,-0.8257459
0.96246225,-0.5538643
0.79692405,-0.59345335
-0.80690926,-0.59637403
-0.48583904,-0.7901546
0.2548479,-0.932381
-0.504381,-0.786425
-0.21675298,-0.95966476
-0.49284413,-0.80713415
-0.40213054,-0.85296154
-0.31775308,-0.9112158
0.05040412,-1.0043375
0.55948704,-0.716126
0.1010272,-0.98316956
-0.50812113,-0.77721405
0.31135005,-0.9056284
0.66456026,-0.66857517
0.29843906,-0.9052948
0.60018563,-0.71185386
-0.1015298,-1.0006036
0.84868014,-0.54772854
0.2282271,-0.957157
0.42259118,-0.8174747
-0.77850664,-0.5853609
0.25829175,-0.92874783
-0.9421735,-0.55352
-0.67251885,-0.64343363
0.39735147,-0.8311031
0.35178444,-0.89426345
-0.0074634505,-1.000761
0.31552452,-0.9144831
0.6391637,-0.68460685
0.66813046,-0.6628152
0.7789849,-0.5812393
0.78024733,-0.60778964
0.13034976,-0.975957
-0.29410243,-0.9097285
-0.99941885,-0.55444527
0.8625088,-0.559233
-0.6052517,-0.7111739
0.66582024,-0.66145635
-0.49854556,-0.76544845
-0.3563606,-0.89002657
-0.5871175,-0.7156965
0.55152863,-0.75410235
-0.12911904,-0.9762082
0.9237774,-0.54256845
0.61945903,-0.68922997
0.13294137,-0.9877625
0.56620735,-0.7454617
0.6847543,-0.6658664
0.83421195,-0.5692503
-0.8400669,-0.5617605
0.6023393,-0.70360214
-0.6321814,-0.67873764
0.83228743,-0.57548004
-0.6242485,-0.69270504
-0.6558008,-0.69300884
-0.0122088455,-1.0012159
0.7145264,-0.6134607
-0.8246284,-0.5712936
-0.8802013,-0.53437775
0.5299531,-0.7564982
0.67918676,-0.64368784
-0.08618144,-0.98547643
0.29464048,-0.9086963
-0.74139255,-0.61143595
0.19301978,-0.9549154
-0.9783935,-0.5485605
-0.39619136,-0.84237313
-0.9571863,-0.52761453
-0.457065,-0.80994725
-0.9545601,-0.54687196
0.8813447,-0.56616104
0.7660576,-0.597111
-0.5886269,-0.71775395
0.8342441,-0.57579213
0.7917301,-0.597696
-0.56305486,-0.7468973
0.3456755,-0.8872255
-0.6259459,-0.685704
0.3635667,-0.87158674
-0.8726569,-0.5243661
0.7187374,-0.6209808
0.65002245,-0.6624313
-0.656268,-0.66917133
-0.12012431,-0.9995819
-0.4914871,-0.79331744
-0.7534919,-0.5899255
-0.9733531,-0.5515353
-0.39466995,-0.8559621
0.8773734,-0.5546597
0.77635425,-0.5800918
-0.13123341,-0.977471
-0.4229236,-0.8316592
-0.38467884,-0.86479384
0.41269,-0.86709565
-0.46804136,-0.80997247
0.6518393,-0.67250323
-0.28206193,-0.921939
-0.86501944,-0.5655051
-0.7565964,-0.62017256
0.5417226,-0.7444746
0.5415599,-0.75546306
-0.20567487,-0.9586846
0.99061364,-0.5616714
-0.56139463,-0.73999804
-0.6074872,-0.6966526
0.05429552,-0.99389815
0.11058025,-0.9919525
-0.16138215,-0.979676
0.15248059,-0.9788772
0.7868224,-0.58663785
-0.06976425,-0.99162316
0.9923023,-0.5389138
0.8966245,-0.5422675
0.41148072,-0.84442085
0.4090427,-0.82994163
0.45090982,-0.81164306
0.7228443,-0.6331825
0.6601789,-0.6631887
0.43890083,-0.8213486
0.63186073,-0.67872727
-0.13973302,-0.9849385
-0.0042993403,-1.0195081
0.789779,-0.57430714
-0.81670356,-0.5774531
0.5517468,-0.7657101
0.34293506,-0.8922578
-0.70285267,-0.6308019
-0.16554135,-0.9836751
0.45641014,-0.82519567
0.44880718,-0.8222414
0.3820339,-0.8639926
-0.6881515,-0.65354776
0.5551158,-0.74592257
-0.73586804,-0.60982776
0.9618173,-0.5429888
-0.6899272,-0.6613997
0.18624265,-0.95405036
0.550685,-0.7473676
-0.98523414,-0.5529826
0.44004348,-0.8277806
-0.55183554,-0.75791425
-0.6384628,-0.681558
-0.85154307,-0.5575649
-0.61758447,-0.70226
0.21984929,-0.9559215
0.9981891,-0.5510525
0.13517664,-0.9746366
0.20949024,-0.95952964
-0.22131866,-0.9580634
-0.9248863,-0.54419386
0.46351847,-0.81208026
-0.8434606,-0.56728673
0.4380389,-0.8353495
0.66875625,-0.6544734
-0.55263597,-0.74811935
0.5515299,-0.74784726
0.8241907,-0.57145786
0.11506648,-0.96723235
-0.1454146,-0.97073305
0.10299714,-0.99615717
0.6109978,-0.7138149
0.23306014,-0.94394374
0.1284086,-0.98950905
-0.18890965,-0.967256
-0.948311,-0.5453645
-0.7058009,-0.63745683
0.024311893,-1.0015645
0.29168847,-0.9233921
-0.6414955,-0.7009526
0.358331,-0.8782271
0.047098633,-0.99159366
0.34049624,-0.90038866
0.05445678,-0.989835
-0.14419797,-0.9763506
-0.37126604,-0.87074745
-0.66781086,-0.6594881
-0.82765436,-0.5645273
0.7129591,-0.6264081
0.08680451,-1.0082831
0.9752707,-0.53039116
0.6877372,-0.64246166
-0.7663441,-0.610727
0.74241424,-0.63200647
0.5523776,-0.75636816
0.97534215,-0.5308668
0.777318,-0.5961605
-0.28530473,-0.91410756
0.28380007,-0.90247494
0.274651,-0.9390068
0.8825058,-0.5657396
-0.6539936,-0.6709733
-0.11756108,-0.98329324
0.16233537,-0.9663317
-0.98795676,-0.5533941
-0.70750296,-0.6419042
0.29460713,-0.9032401
-0.055438105,-0.9928797
-0.4830119,-0.7921153
-0.62137175,-0.698257
0.51060045,-0.7619462
-0.0058308016,-0.98935145
-0.42304805,-0.83797836
-0.3159106,-0.92194295
0.5250779,-0.75504696
-0.25079438,-0.9337652
-0.21422353,-0.95426327
0.031841666,-0.98728037
-0.8799251,-0.54991597
0.44122028,-0.82806045
-0.8198581,-0.5651175
0.77260035,-0.595287
0.08332256,-0.983865
0.8830871,-0.5522402
-0.19513239,-0.9570475
0.9667921,-0.5283558
0.21959637,-0.93898356
-0.7531748,-0.61334646
0.12543477,-0.97510636
-0.8953364,-0.5568522
-0.11983977,-0.9777932
0.3462363,-0.88883007
-0.7303909,-0.63627666
-0.6715494,-0.6558983
0.5245784,-0.75430864
-0.45562053,-0.80889153
0.7084908,-0.6432776
0.22852147,-0.9464651
0.09346365,-0.99263126
-0.21001957,-0.94875747
0.9178022,-0.5362814
0.24892372,-0.9529341
-0.84362334,-0.5648503
-0.18342628,-0.9759447
-0.75437796,-0.6053463
0.46924737,-0.8190577
-0.5000077,-0.7834892
-0.9672924,-0.5403108
0.9886161,-0.5670422
-0.05584614,-0.9995666
-0.93021274,-0.5599771
-0.090235546,-0.98359007
-0.45389533,-0.83557016
0.45242184,-0.8207248
-0.9847016,-0.53071976
-0.7260834,-0.6342477
-0.29228425,-0.92563295
-0.20654862,-0.95900816
-0.024398167,-0.9988742
-0.29355437,-0.9408494
-0.20262027,-0.9624147
-0.030443719,-0.99213725
0.8646845,-0.53728795
0.05374632,-1.0047342
-0.13939822,-0.98372
-0.90430963,-0.5448605
-0.70053333,-0.647855
0.51427513,-0.75758874
0.91707253,-0.5470906
-0.23292704,-0.9450331
0.92397696,-0.5403941
-0.34357682,-0.90622354
0.9042315,-0.5461901
0.21869807,-0.9596363
-0.9424778,-0.5525997
-0.8436776,-0.56121916
0.95952904,-0.5318663
-0.389512,-0.86019236
-0.97200495,-0.5278719
-0.8436577,-0.5681718
0.059670743,-1.0136667
-0.5429403,-0.76289934
0.50823295,-0.76159173
0.76874995,-0.5816936
-0.27473477,-0.923791
0.3914352,-0.8650887
0.44993252,-0.8220164
-0.053249404,-0.99759984
-0.4807946,-0.7967218
0.5156585,-0.76580894
-0.89832354,-0.5466908
-0.8348061,-0.58103496
-0.7659137,-0.6123075
-0.36392248,-0.8711594
-0.40350437,-0.85491866
-0.36445242,-0.8770692
-0.8052402,-0.5813518
-0.15829536,-0.9806771
-0.033324968,-0.99757034
0.7641703,-0.59506655
0.8583393,-0.5620884
-0.33413535,-0.88103
0.92300075,-0.53025997
-0.04897316,-1.006057
0.68105704,-0.64833665
-0.9872235,-0.5464425
-0.83498627,-0.57667464
-0.15061696,-0.9779443
-0.20890087,-0.9786778
-0.07477094,-0.98664755
-0.4709099,-0.7953207
0.15064326,-0.9752701
0.47828868,-0.78901374
-0.7303607,-0.6281972
0.093448795,-1.0191474
-0.5265974,-0.76813954
0.7728622,-0.6095238
0.8170563,-0.5762081
0.42266563,-0.8235381
-0.6663338,-0.6593753
0.9040735,-0.5515499
0.4791324,-0.7869573
-0.7948304,-0.56944585
0.161572,-0.9697976
0.23656425,-0.95209974
0.18424007,-0.9654045
0.070325635,-0.9935018
-0.86083376,-0.5618845
-0.6076172,-0.69083196
0.86467683,-0.55035305
0.5430381,-0.76271015
0.13197438,-0.9953694
0.16981523,-0.9769211
-0.402273,-0.8616837
-0.3534593,-0.8877709
-0.7406806,-0.61514145
0.85714686,-0.56296533
0.31215206,-0.905704
-0.46239042,-0.8134398
0.42545992,-0.8499801
0.70512617,-0.6464378
0.40185082,-0.86257017
-0.4423591,-0.8322234
-0.5639764,-0.7316383
-0.7858256,-0.59472567
-0.19591105,-0.9716591
0.8516044,-0.56392735
-0.60105044,-0.7055837
-0.039061774,-0.99590605
-0.9801028,-0.51950794
0.6877689,-0.65393096
0.24270372,-0.93911004
-0.3589686,-0.8690142
-0.74406546,-0.5975252
0.26033086,-0.93706864
0.073030025,-1.0126655
0.9672382,-0.54622227
-0.06137431,-0.9926905
-0.6837003,-0.6242374
0.6949088,-0.6572124
0.7891937,-0.5896365
-0.79425657,-0.5934273
0.65384686,-0.6617503
-0.4773175,-0.805553
0.076585874,-1.0094751
0.18623026,-0.9865023
0.7900352,-0.58609116
-0.6844204,-0.64940983
-0.9606089,-0.5379341
0.19355375,-0.96189743
0.2593409,-0.9319754
0.9306504,-0.5403326
-0.8001079,-0.5922097
-0.1844349,-0.96656734
0.42230985,-0.83309984
0.112018414,-0.9970652
0.90800035,-0.56583744
-0.8226776,-0.57047737
-0.7076315,-0.6370277
0.22831914,-0.9358583
0.25769377,-0.92925185
-0.06887887,-0.9984407
0.4803914,-0.8106656
-0.33078337,-0.88325757
-0.452146,-0.8095672
-0.62438416,-0.67877394
0.21315111,-0.94597155
0.6088283,-0.71503466
-0.94019073,-0.53944916
-0.67875147,-0.64442766
0.7053936,-0.6354973
-0.9558561,-0.54647136
-0.9114522,-0.5522892
0.030162208,-1.0067335
-0.26600328,-0.9328539
0.53967917,-0.7661815
0.30461717,-0.92987007
-0.6252262,-0.69655305
-0.32390916,-0.9065725
-0.82648134,-0.55001706
-0.8113215,-0.565158
0.962994,-0.5451665
-0.92218226,-0.5463002
-0.6368304,-0.67228895
-0.20587356,-0.9586628
0.18301634,-0.9689547
0.9064992,-0.5510444
-0.22252396,-0.95316964
-0.6297966,-0.6989622
-0.021407444,-0.9880715
0.5428762,-0.7539242
-0.4809143,-0.78419214
-0.6617334,-0.65466845
0.4307297,-0.8276805
0.041331336,-0.9859568
0.36720762,-0.87659883
-0.2699497,-0.9353878
0.62766725,-0.6957859
-0.15053643,-0.9768805
0.31455144,-0.8990921
-0.23425117,-0.94281656
0.13722934,-0.96217275
0.13106857,-0.9779071
0.5955625,-0.7179955
-0.80330175,-0.5807909
-0.5481824,-0.7383603
-0.41483203,-0.8480186
0.014323394,-1.0061237
0.8166343,-0.5650147
0.5980431,-0.7029295
0.6755789,-0.6557067
-0.31153017,-0.91292775
-0.33108047,-0.89942634
0.3936655,-0.85448176
0.7168965,-0.62207395
0.91739905,-0.5363149
-0.27444953,-0.92581666
0.2567158,-0.948365
0.40300113,-0.8367841
0.8058058,-0.56943905
0.47389385,-0.7920923
-0.14962272,-0.96418244
0.5362885,-0.7479448
-0.10160605,-0.9885691
0.9814343,-0.5546141
-0.26950923,-0.9378248
-0.85340244,-0.56628263
0.42055422,-0.83159405
-0.40261582,-0.83562946
0.41180727,-0.83149123
-0.8482559,-0.56871885
0.974201,-0.5445804
0.5921025,-0.7285345
0.3764623,-0.8519615
0.28540233,-0.9364788
-0.71896607,-0.6298642
-0.710999,-0.61921734
-0.8458723,-0.56109464
0.5274892,-0.7570034
0.42742273,-0.8321907
0.73057675,-0.6384237
0.30031952,-0.90949965
-0.20879821,-0.9511911
0.8010986,-0.58904827
0.23327066,-0.9396179
-0.9059464,-0.5532455
0.796435,-0.57185453
0.7464851,-0.61220485
0.51555926,-0.76579857
0.8560926,-0.55855477
-0.20250377,-0.9526107
0.68858933,-0.6463597
0.8666863,-0.55102026
0.58188444,-0.71542025
0.46252832,-0.8222284
-0.28739145,-0.9143468
-0.3228971,-0.9058393
0.79680246,-0.5870007
-0.6406308,-0.6826283
-0.9149185,-0.55111974
0.28097293,-0.91029096
-0.32520348,-0.913708
0.45956272,-0.8393726
0.994975,-0.5503649
-0.5662965,-0.73588246
-0.3604236,-0.88686717
0.19279554,-0.9730211
0.32961977,-0.8904691
0.9865579,-0.5428667
-0.008551462,-0.9746805
-0.5618814,-0.7451331
0.76593745,-0.597179
0.42007294,-0.83415586
0.2397738,-0.9470691
0.72971517,-0.6323209
-0.847296,-0.56546754
-0.09040499,-0.9863242
0.7783074,-0.60118467
-0.8343763,-0.5717086
0.14661738,-0.98000574
-0.37863562,-0.8751671
0.13203357,-0.9698006
-0.8080258,-0.57865673
0.08239767,-0.9952396
0.02372618,-0.9912897
-0.8705293,-0.5555329
-0.5320413,-0.74727625
-0.73157215,-0.6292586
-0.049314037,-0.99155587
-0.43297264,-0.8310697
0.03646379,-0.9852381
0.12735325,-0.97425044
-0.98482513,-0.5409671
0.7395915,-0.612768
-0.7052352,-0.63753194
0.6844194,-0.6388652
0.08754736,-0.9977078
-0.5427331,-0.75200176
0.56106716,-0.73151
0.2909415,-0.92641824
0.30679244,-0.9205458
-0.37838274,-0.8583271
-0.19455177,-0.97722965
0.072098196,-0.9855085
-0.25969443,-0.93823266
-0.27258462,-0.94061816
0.6878875,-0.6342546
0.9264404,-0.5634375
-0.038113363,-0.98736954
0.7291842,-0.593036
0.5991533,-0.692837
-0.024385415,-1.0024874
0.32416257,-0.88520783
-0.8691802,-0.5460717
0.28571802,-0.9300123
-0.51238835,-0.783544
0.8753079,-0.55321556
0.33543614,-0.888533
0.24107327,-0.9331855
0.8108149,-0.5690624
0.49396,-0.78507185
-0.16281933,-0.9788557
0.5751535,-0.71834534
0.8617623,-0.54842913
0.8871861,-0.5512289
-0.50040615,-0.7844779
0.09743846,-0.9953555
0.58950746,-0.7317232
0.9597336,-0.5504015
-0.82214427,-0.5597127
0.54251325,-0.7511527
-0.09727108,-0.99651796
0.6849194,-0.6501296
0.50201964,-0.78507054
-0.09827763,-0.98598975
0.85296065,-0.5661066
-0.2651094,-0.9327341
-0.21026467,-0.9771458
0.51296806,-0.783202
-0.47093922,-0.8008804
0.5486253,-0.7485356
0.59640735,-0.70604086
0.44751608,-0.8181525
-0.24897671,-0.92592245
-0.060333382,-1.0254192
0.10932095,-0.98872334
-0.743646,-0.6070072
-0.25977814,-0.9340258
-0.67326146,-0.6602341
-0.4469731,-0.8254262
0.8017512,-0.5895532
-0.88736635,-0.5569922
0.10781478,-0.9976236
-0.12972529,-0.98597646
0.33817166,-0.90068793
0.9253082,-0.5346169
-0.08322379,-1.0017048
0.010798814,-0.98415303
-0.76083,-0.59423476
0.8225777,-0.5622057
-0.22270145,-0.95196164
-0.9157003,-0.5582947
0.059726655,-1.0134418
0.6894304,-0.6385123
0.18189347,-0.9684321
0.19725855,-0.96633273
-0.9569739,-0.53664154
0.9411561,-0.51764405
-0.1883109,-0.964787
-0.7162713,-0.6187125
-0.7194784,-0.6293713
0.3363864,-0.8837567
-0.1368794,-0.98043215
-0.8928346,-0.5422478
-0.82762563,-0.56572294
-0.14741038,-0.98492813
0.5912582,-0.7294802
-0.7150697,-0.653064
-0.77226657,-0.59351635
-0.056232702,-0.9833366
0.04893158,-0.9917215
0.026580779,-0.9854798
0.006244048,-0.9832509
0.779668,-0.58873713
-0.21520287,-0.97707367
-0.9328947,-0.55639124
-0.98002744,-0.5503429
-0.19340402,-0.977154
0.7870853,-0.60663587
0.4233577,-0.83784056
0.14049847,-0.9921114
0.40364495,-0.85877585
-0.66528904,-0.66029084
-0.40157688,-0.8609102
0.58161217,-0.72204953
-0.9785586,-0.54624146
-0.39070597,-0.84865665
0.90253645,-0.55573267
0.22185142,-0.96555835
0.46293825,-0.8128737
-0.20862286,-0.93593025
-0.79330117,-0.57173663
0.36458126,-0.8597141
-0.15144427,-0.973132
-0.7123193,-0.63034487
0.793134,-0.59723747
-0.496584,-0.7807907
-0.30302098,-0.92606086
-0.5817687,-0.7245085
-0.21606104,-0.950359
0.22247685,-0.957779
-0.5858082,-0.71530044
-0.28201905,-0.92899805
-0.97310895,-0.5693006
-0.68104976,-0.644759
0.81381184,-0.57138896
0.2706934,-0.93545336
0.008266896,-1.000808
0.029642629,-0.97422844
0.2841719,-0.91544294
-0.5787965,-0.7309504
-0.9319605,-0.54130405
-0.17963468,-0.9624256
0.81823516,-0.5790121
0.021351399,-1.0012151
0.76546115,-0.61869353
-0.74801517,-0.6124933
-0.453024,-0.8296133
0.2804631,-0.9364206
-0.9530758,-0.5476486
-0.69940734,-0.6357135
-0.77937114,-0.61370635
0.03433087,-1.0022032
0.76303625,-0.61718005
-0.99361396,-0.52336866
-0.88809454,-0.56712043
0.3275075,-0.89956796
-0.26305264,-0.9455518
0.78675705,-0.58657396
0.07572524,-1.0170878
-0.8807495,-0.5400895
-0.98616105,-0.5195724
-0.121752545,-0.9738471
-0.2057335,-0.9573784
-0.037284516,-1.0026187
-0.14078577,-0.9905815
0.20376533,-0.972095
0.8015257,-0.5895555
0.51203424,-0.76861405
0.05837057,-1.0019174
0.054967888,-0.9989745
0.9657692,-0.5405148
0.8836638,-0.54389954
-0.6856152,-0.63065714
0.27269584,-0.944702
-0.376342,-0.849001
-0.601153,-0.69469255
0.88451797,-0.54545945
-0.8280886,-0.5750291
-0.9454141,-0.548032
-0.058951076,-0.98598105
0.07207771,-0.9984075
-0.7856328,-0.61045843
0.8944597,-0.5524329
-0.8157046,-0.5830024
0.4433745,-0.812958
-0.270012,-0.9435584
-0.47414345,-0.77723163
-0.5778885,-0.72611016
-0.64827263,-0.69188696
0.055750784,-0.9965434
-0.91047525,-0.5434529
0.5409389,-0.74027586
-0.53310126,-0.75783294
-0.13165884,-0.981229
-0.83950824,-0.5665544
-0.060428206,-1.0084141
0.25324845,-0.93765503
-0.9012231,-0.5498144
0.73671335,-0.6244447
-0.40281194,-0.870315
-0.3191768,-0.9072877
-0.6681685,-0.65501463
0.7676252,-0.58539414
-0.30869225,-0.911424
-0.40484506,-0.85147274
0.43944514,-0.82914746
-0.36886662,-0.87040883
-0.07695185,-0.99897724
0.99929965,-0.5396523
-0.01943443,-1.0226307
-0.0735589,-0.9891165
0.5964152,-0.71630025
-0.9147149,-0.5483253
-0.24887216,-0.95604914
0.40106076,-0.85285985
0.8248715,-0.5678045
0.29749554,-0.9041958
0.05975464,-0.996324
-0.07764735,-0.99074906
-0.042233124,-0.99202436
-0.057365432,-1.0042847
0.8784416,-0.5419683
0.6202425,-0.7081908
-0.35127774,-0.8763145
-0.8787432,-0.56610113
0.36771992,-0.88806784
0.45798162,-0.82163453
0.5442031,-0.7443642
-0.5341861,-0.7681411
0.2733996,-0.91949534
0.27847278,-0.9251754
-0.77811074,-0.60621524
0.5475434,-0.75035626
0.18414316,-0.9589064
-0.0047722044,-0.9870633
-0.92055935,-0.5388598
-0.083224416,-0.9835199
0.70138425,-0.63905054
-0.2558229,-0.9409579
0.9591596,-0.5452158
0.5738158,-0.71417403
0.6473494,-0.683927
0.17627373,-0.9688959
-0.43831533,-0.82320726
-0.19504388,-0.96499056
0.23584382,-0.9327708
0.77026784,-0.595015
0.4532972,-0.8145379
-0.27967402,-0.9228208
-0.4843533,-0.7828714
0.26728955,-0.9350794
-0.8383096,-0.5744764
-0.25080132,-0.9344091
-0.49870443,-0.77778435
0.74045384,-0.6097193
0.31257454,-0.9304388
-0.7580736,-0.60545045
0.022306621,-0.9988156
0.578504,-0.7180306
-0.7804398,-0.6042837
0.14397727,-0.97333854
0.5158729,-0.7773894
-0.5821744,-0.72297823
0.8573179,-0.54718864
0.10468367,-0.9870218
0.26390085,-0.93083763
-0.29381746,-0.91170347
0.5480097,-0.7404435
0.1973034,-0.9891035
0.8352679,-0.56026924
-0.030402655,-0.986474
0.21442975,-0.9538151
0.15029252,-0.99576455
0.15580592,-0.9831059
0.4286647,-0.84548956
-0.7901597,-0.5880714
0.20664914,-0.956843
-0.16326822,-0.96236974
-0.098971054,-0.9762047
-0.13184302,-0.95736814
-0.7785612,-0.6013226
-0.97069293,-0.54316
-0.7861944,-0.59072447
-0.12909923,-0.9902158
-0.24482703,-0.9390895
-0.7166924,-0.62206984
0.4473384,-0.7976924
0.42934713,-0.8270388
0.8226578,-0.584726
0.69651675,-0.6556341
0.65592474,-0.6776414
0.6038657,-0.6997006
0.7634737,-0.60159874
0.028655903,-1.0120757
-0.84357685,-0.57452166
0.1332877,-0.9715757
0.6930056,-0.631703
-0.8100606,-0.601387
0.64068735,-0.6773086
-0.72486705,-0.61594504
-0.94813514,-0.5468577
0.40440384,-0.8399594
0.29008892,-0.90171677
0.75624466,-0.59597176
0.32550704,-0.89551026
-0.47304177,-0.8112616
0.8427064,-0.54891926
0.80549365,-0.5907302
0.8853324,-0.54751974
0.47705105,-0.8057422
0.73919094,-0.62625253
-0.5179597,-0.75633514
0.17066598,-0.9573158
-0.46460593,-0.81932765
-0.34523168,-0.88322735
0.65490097,-0.67160463
0.4210005,-0.8508186
0.8524624,-0.57156426
0.5647367,-0.7389978
-0.41896597,-0.8379261
0.764764,-0.5814537
-0.84761035,-0.55412716
-0.83677304,-0.5657761
-0.45362982,-0.81743735
0.61008525,-0.71815497
0.8549024,-0.56810945
0.29123175,-0.9074411
0.8565023,-0.55188096
0.20053679,-0.97330785
0.86444503,-0.5617882
-0.15116596,-0.99074185
0.94448715,-0.5367622
-0.5788227,-0.7207437
-0.53628004,-0.77046543
-0.5106761,-0.76901805
-0.6640418,-0.65510434
0.015317687,-0.9921466
0.08578804,-0.9950555
0.55726457,-0.7347001
-0.38970447,-0.8504303
0.8222578,-0.595487
0.6663397,-0.65593714
0.49955213,-0.80190974
0.9629127,-0.54810137
-0.94753987,-0.54592705
0.9764091,-0.53761905
-0.5312214,-0.76082134
-0.91667485,-0.5397819
-0.102621675,-0.99450684
0.37262383,-0.8643302
-0.4098841,-0.84171724
-0.10438017,-0.98682654
-0.526324,-0.7669818
-0.9974364,-0.5471366
0.7880569,-0.5901491
-0.27556056,-0.9344289
-0.70699596,-0.63624686
-0.22944759,-0.94580185
-0.9720165,-0.54278386
-0.8392206,-0.57789916
0.11483271,-0.9895303
-0.54926217,-0.745887
0.31049985,-0.91265154
-0.095444694,-0.9888737
-0.85695267,-0.56633
0.058759306,-0.99481845
0.2669208,-0.9246277
0.115292944,-0.99030256
-0.48994088,-0.78650916
-0.94417834,-0.53185225
-0.16231884,-0.97564614
0.31886917,-0.89724094
-0.86021006,-0.56580645
0.8342332,-0.5668307
-0.3153336,-0.909015
-0.3081288,-0.9284901
-0.33346486,-0.88051933
0.7995696,-0.58771175
0.8900439,-0.54715645
0.78176475,-0.59514004
0.5771056,-0.73653203
-0.4792829,-0.7853823
0.48128277,-0.7898645
-0.41664022,-0.8506598
-0.24672844,-0.93273515
-0.71264774,-0.61591434
0.055104036,-0.9940865
0.6132806,-0.6900812
0.35666397,-0.86766595
-0.2430901,-0.9505159
0.33914313,-0.8857819
0.26753587,-0.9446726
0.08133075,-0.9942072
-0.4642653,-0.81383467
-0.9424124,-0.5484815
-0.92375153,-0.5539649
0.9034504,-0.55789495
0.7351775,-0.629574
-0.52575904,-0.78052205
-0.6112201,-0.70509434
-0.39368826,-0.8715721
0.14455247,-0.9867992
-0.9654568,-0.5526573
0.7843191,-0.6059811
0.5492011,-0.74356234
0.056728207,-0.9959461
0.7312586,-0.6182341
0.09700509,-0.99018997
-0.8226575,-0.5677132
0.11620953,-0.98887306
-0.038712487,-0.9827619
0.38857055,-0.8743641
-0.30777678,-0.92473185
-0.27940148,-0.94627887
0.88402927,-0.57211006
0.838154,-0.57244706
0.80113876,-0.58600086
-0.17027578,-0.9618616
0.49906963,-0.7865344
0.879328,-0.53923494
0.9337527,-0.5420903
-0.51464295,-0.7669375
-0.57090133,-0.7217445
-0.004154895,-1.003858
0.7391803,-0.59922147
0.056704834,-0.99281096
0.5837158,-0.7045123
-0.05107085,-0.9870614
0.50237364,-0.77550966
-0.4678784,-0.8097428
0.64843,-0.6754756
0.5942713,-0.71001095
-0.55027,-0.7572333
0.7450808,-0.6350641
-0.7641717,-0.605928
0.53732085,-0.7587147
0.70024455,-0.63470846
0.6576918,-0.6547558
-0.5115516,-0.77454674
-0.83767605,-0.5799824
-0.9417308,-0.54385924
-0.9520114,-0.5417539
0.021983951,-1.0017525
-0.5995427,-0.71871483
0.74207073,-0.5945438
-0.6718848,-0.65065587
0.3417898,-0.88390046
0.83602154,-0.58664334
0.92962915,-0.55730444
0.71781236,-0.6441602
-0.59115845,-0.7186063
0.05876955,-0.9848063
-0.63086545,-0.68900955
0.19613084,-0.96553
-0.5217234,-0.7835348
-0.3397947,-0.88836735
0.10459669,-0.99400467
-0.7556649,-0.5956147
-0.29124603,-0.92674226
-0.3199573,-0.90483063
0.17073908,-0.97720283
0.14473681,-0.982855
-0.21999732,-0.945753
0.7311383,-0.63260627
0.2857598,-0.923646
0.60907716,-0.70313495
0.14145428,-0.9740394
-0.2375949,-0.94901603
-0.2401212,-0.9336233
-0.5856358,-0.7399683
0.66683805,-0.6573811
0.685647,-0.6495911
-0.7817248,-0.5831278
0.6626151,-0.6752001
0.6415385,-0.66257375
0.20540218,-0.9450666
0.49266595,-0.79288125
0.84224147,-0.5620622
-0.028724566,-1.0101671
0.55387723,-0.73697734
0.9178694,-0.55496764
-0.23652884,-0.94255275
-0.106275946,-0.9987821
0.30891973,-0.89744204
-0.0028346435,-0.9942873
-0.47884318,-0.7784086
0.21760583,-0.9520263
0.5198997,-0.78352696
-0.98854554,-0.54134244
-0.5986195,-0.6847995
0.9878961,-0.5464661
0.7182414,-0.62361884
0.9906087,-0.5380099
0.27957806,-0.93754756
0.012120881,-0.9972602
-0.9357887,-0.5373888
-0.3107547,-0.9009335
-0.17138286,-0.9750509
-0.7354933,-0.6274498
-0.21005525,-0.96428967
-0.5490798,-0.7491759
-0.11551062,-0.9856151
0.18356167,-0.98023486
0.33337647,-0.8846802
0.08045023,-0.9847791
-0.9275248,-0.5203494
0.8349454,-0.5660645
0.65195405,-0.6740316
0.20507225,-0.97402096
0.7076216,-0.65041417
0.7389741,-0.626553
-0.54445904,-0.7629736
-0.4674567,-0.81130743
-0.85877275,-0.56818914
0.10575799,-0.97782433
0.4325266,-0.825833
-0.77692735,-0.5888157
-0.06136655,-1.0123245
0.6299234,-0.6873586
0.32900923,-0.91420245
0.12616661,-0.97828096
0.056767453,-1.0041225
-0.25921273,-0.94838405
-0.1268824,-0.98837394
-0.41795874,-0.8475542
0.3479869,-0.8791211
0.28714353,-0.92648596
-0.59652686,-0.71155673
-0.46405926,-0.81806517
0.97269404,-0.5485658
-0.7910132,-0.59830016
0.3870039,-0.86555946
0.032840542,-0.9937078
-0.84370565,-0.5625273
-0.88113177,-0.5409829
0.60329014,-0.7202558
0.23489682,-0.947713
-0.91066563,-0.55342454
-0.42398936,-0.8361576
-0.48252103,-0.7944663
0.12247911,-0.994218
-0.5173507,-0.7672983
0.5893805,-0.7184529
-0.5238023,-0.75193477
-0.09816153,-1.004831
-0.15588519,-0.981851
-0.85696185,-0.54821104
-0.22081889,-0.95043665
-0.18379468,-0.97601426
-0.70880574,-0.63509524
0.77003765,-0.6179069
-0.2531489,-0.93170357
0.696333,-0.6510715
0.164457,-0.97297823
-0.9805402,-0.54197997
0.36504474,-0.87881225
-0.19151081,-0.98972636
0.46378955,-0.8122653
0.37880197,-0.8921405
0.47779128,-0.78339463
0.38370213,-0.86709565
-0.95896745,-0.5522489
0.9300687,-0.56599504
-0.07288228,-0.9888156
0.78247905,-0.5882001
-0.67030364,-0.66158015
-0.28569582,-0.9224539
0.9477651,-0.55190337
0.7502181,-0.6175775
0.59507495,-0.7007226
-0.4195694,-0.8439377
0.41047296,-0.8428211
-0.5177119,-0.7738209
0.342702,-0.8915308
0.9343037,-0.52362037
-0.3002167,-0.90046084
-0.023297384,-0.9924894
-0.20079623,-0.9614223
-0.8005729,-0.57573044
0.9020089,-0.56709903
-0.22605376,-0.9509637
0.9213864,-0.5536116
0.44032937,-0.81875175
-0.55753994,-0.7324446
0.21492213,-0.943335
-0.8180801,-0.57659495
-0.6087244,-0.70381516
-0.7872511,-0.5839428
-0.8703332,-0.54439235
0.23735319,-0.95953506
-0.46090683,-0.8127766
0.5141691,-0.79538757
-0.32850432,-0.88827085
0.7410696,-0.6219165
-0.11684433,-0.982292
-0.29730695,-0.9290187
-0.9186275,-0.5473589
0.46076876,-0.8164803
0.95278835,-0.55105394
-0.4789545,-0.7885481
0.3088691,-0.91824067
0.34913605,-0.8738297
-0.11884075,-0.9702897
-0.31386697,-0.9116717
-0.89560425,-0.53375995
0.8990242,-0.54082334
0.019979177,-0.97692055
-0.38799876,-0.8431651
0.7631103,-0.60061574
-0.7240312,-0.61438376
0.40049896,-0.85523784
-0.7655102,-0.5877726
0.46023726,-0.82310236
0.20520441,-0.9631065
0.14034538,-0.987383
0.12585633,-0.98797995
-0.12528396,-0.9877159
0.7915419,-0.58795303
-0.9261547,-0.5389083
0.7540125,-0.60626996
-0.14936894,-0.9733586
-0.34222382,-0.89973074
0.19184123,-0.97037977
-0.56689775,-0.73795426
-0.108975366,-0.98919654
0.2542437,-0.92504215
-0.25237173,-0.9376477
-0.36377594,-0.88409704
0.17941697,-0.96219146
0.2508813,-0.93830264
-0.37402642,-0.8725904
0.29720062,-0.90187883
0.6866739,-0.6408514
-0.7735789,-0.59752524
0.87785876,-0.5562039
-0.8653451,-0.56174445
0.048654117,-1.0114318
0.80545884,-0.5842491
-0.48846707,-0.7912353
0.39341193,-0.8708673
-0.9160972,-0.5578987
-0.0389623,-0.9752142
0.25197062,-0.92231166
0.078953154,-1.0011339
-0.6443231,-0.68489975
-0.95707583,-0.537759
-0.10337915,-0.9935243
-0.6389577,-0.68044466
-0.26909482,-0.93071383
0.68121165,-0.65726286
0.09772211,-1.0054599
-0.836548,-0.5767328
0.43471086,-0.8335258
-0.09998465,-0.99641746
-0.9188985,-0.55900115
0.44334802,-0.8069447
0.7715213,-0.59308517
0.49315068,-0.7900834
0.95623875,-0.5368293
-0.6852116,-0.6522873
0.12913893,-0.95978254
-0.81526554,-0.5480739
0.95136887,-0.52644354
-0.56984437,-0.7213558
0.8839972,-0.5572079
-0.08396324,-1.0122484
0.58705646,-0.7053771
0.9092105,-0.5529816
-0.53429157,-0.75739914
0.6315743,-0.68228173
0.7788304,-0.5883737
0.10318221,-0.98588085
0.34855083,-0.89384913
-0.11339486,-0.98880965
-0.14940977,-0.9810728
-0.6811615,-0.6415982
0.37793422,-0.870989
-0.66621244,-0.6651136
-0.6361516,-0.682348
0.0054697227,-1.002932
-0.08369109,-0.993084
0.29892015,-0.92536813
0.044348877,-1.0093112
-0.36951312,-0.87887573
-0.88427603,-0.5500707
0.17756625,-0.9778294
-0.022200502,-0.9968944
-0.83822715,-0.5581388
0.39812267,-0.8693523
-0.49028683,-0.79948825
-0.93136954,-0.5585517
-0.97788703,-0.5574893
0.07933162,-1.0166924
0.85672325,-0.55947924
0.6955303,-0.6519027
-0.7966919,-0.58352184
-0.36348143,-0.867358
-0.37381262,-0.87999415
0.70520645,-0.6289929
0.60031754,-0.69769436
0.9312308,-0.5515892
0.04125132,-1.0180928
-0.9722279,-0.55532223
0.80431765,-0.55744946
-0.928584,-0.54771763
0.6633587,-0.6541947
0.037519258,-0.9984083
0.93143594,-0.5624065
-0.51458466,-0.7671281
0.025331313,-1.0055592
-0.9729155,-0.5235967
0.20171106,-0.96758187
-0.86496484,-0.5417056
-0.8692775,-0.54060066
0.457382,-0.8281165
-0.6295333,-0.68106616
0.95570743,-0.5468063
-0.20728552,-0.9463284
-0.03313694,-0.9948524
-0.37064075,-0.8704923
-0.44311243,-0.828011
0.7484956,-0.60478026
0.7863202,-0.60461295
-0.5825721,-0.71254635
-0.92107975,-0.53776306
-0.44498983,-0.8173069
0.64959216,-0.6832797
-0.004097308,-1.0096631
0.57749474,-0.7323203
0.6662021,-0.67146796
0.63868827,-0.6784657
0.16542058,-0.97814745
-0.6589067,-0.67123705
0.26323736,-0.9378233
-0.3930595,-0.8694925
0.5285202,-0.76731193
-0.5905995,-0.7050676
0.29245245,-0.90986335
-0.8285477,-0.5666976
0.60397655,-0.6914208
-0.37049693,-0.87776923
0.94526696,-0.54716253
-0.07989125,-0.98363245
-0.48565027,-0.7936521
-0.74876213,-0.61964697
0.9737021,-0.5551814
-0.20054051,-0.9698438
0.33425695,-0.8819022
-0.35794178,-0.87821484
-0.5482129,-0.74422294
0.1427549,-0.9793428
-0.208564,-0.96446294
-0.03789869,-1.0249032
0.41083694,-0.86244774
-0.43502325,-0.81706375
-0.69156975,-0.6379067
0.07505679,-0.97829425
-0.7678604,-0.5973674
0.3517849,-0.8771073
0.18249467,-0.9800839
-0.53131324,-0.77572805
-0.46125352,-0.8001847
-0.6275684,-0.6864864
0.78333116,-0.5919693
-0.36326873,-0.88201946
0.8214019,-0.55639565
-0.95511025,-0.55169255
-0.21470237,-0.9399864
0.8099163,-0.579172
0.43306777,-0.8508329
-0.87885875,-0.5485283
-0.010106395,-1.0006045
-0.74510866,-0.6168959
-0.7163414,-0.6286376
-0.11237106,-1.0132924
0.7505823,-0.6075252
-0.27149957,-0.92806774
0.3692445,-0.85468423
-0.54544395,-0.7260447
-0.19345781,-0.9660768
-0.76913315,-0.5894458
-0.73058623,-0.6076358
0.30665517,-0.9095205
-0.9765836,-0.5409157
0.4275181,-0.8383539
0.7285053,-0.6354204
-0.49216613,-0.7774881
0.7479327,-0.6207449
0.46476027,-0.8109704
0.6473837,-0.6648528
0.57380533,-0.7422733
-0.99698544,-0.5479822
0.35696557,-0.86668825
-0.10122661,-1.0039955
0.9769207,-0.54776895
0.16070774,-0.987304
0.20762882,-0.94804513
0.9991528,-0.5258487
-0.46397352,-0.79691726
0.54168713,-0.7485054
-0.88912815,-0.5540321
-0.01657764,-0.9919851
0.25927877,-0.9285295
-0.5863759,-0.73176223
-0.051052168,-1.0084437
-0.086802594,-1.0081196
-0.43736842,-0.82534754
0.2165238,-0.9569731
0.35404915,-0.87667656
-0.8248103,-0.5607543
-0.69008136,-0.64304125
0.9141631,-0.5480602
-0.92126113,-0.53324974
-0.7827993,-0.6075316
0.62517196,-0.69046354
0.6179514,-0.69840646
0.90849245,-0.5497006
0.7320942,-0.6254013
-0.56713665,-0.7203316
0.36107412,-0.89579
-0.6042093,-0.6994427
0.64868915,-0.6845529
0.044375733,-1.0184067
-0.0723527,-0.9903577
0.0016217424,-0.99481916
-0.9513346,-0.5296807
0.43252814,-0.83066505
-0.66549057,-0.65338546
-0.7259849,-0.6149967
-0.39791134,-0.853091
-0.020761156,-1.0123595
0.018530909,-0.9924572
0.3141369,-0.8973446
-0.86863965,-0.5666098
-0.3229195,-0.90490276
-0.5108772,-0.79248095
-0.19408393,-0.95376974
0.018276447,-1.0093572
0.69883573,-0.63449097
0.7206966,-0.61879724
0.06971392,-0.988926
0.57191235,-0.7287544
-0.19234788,-0.9537677
0.9759101,-0.54429615
-0.74759686,-0.60075676
-0.713834,-0.6355931
-0.41353428,-0.8317576
-0.7917117,-0.5854654
-0.98894495,-0.5444431
-0.34638235,-0.88717115
-0.9073446,-0.53626716
0.1647681,-0.9775676
0.67072767,-0.65666324
-0.635471,-0.6936458
0.2018509,-0.96480596
-0.5163759,-0.7655573
0.05915471,-1.0027099
0.06907647,-0.9855551
-0.89694905,-0.5357633
0.85980445,-0.5660318
-0.6446698,-0.682789
0.15211156,-0.96814424
-0.08378857,-0.9899051
0.6085413,-0.717686
-0.2464371,-0.94942325
0.45915487,-0.8108794
0.5486481,-0.7274664
-0.66964084,-0.6503979
0.34589118,-0.86242247
-0.12653394,-0.98384637
0.9099997,-0.571596
0.9760155,-0.5184522
0.4010393,-0.86202496
0.12747781,-0.9980632
-0.3648627,-0.8671974
-0.4747014,-0.7870912
-0.041668795,-0.9857256
0.07061452,-0.990618
0.0908916,-1.0104784
0.6171293,-0.69333476
0.6862682,-0.63516736
-0.2926752,-0.9134246
0.022728339,-0.9996609
0.51478827,-0.7616635
0.74370927,-0.6035552
-0.7000065,-0.644047
0.4939952,-0.78245515
0.8385468,-0.5685036
-0.49816018,-0.7815821
-0.022176549,-0.9998785
-0.99410146,-0.5474625
0.6448398,-0.6843859
0.6852442,-0.6453717
0.82766,-0.5654802
0.460512,-0.81721526
-0.3220937,-0.9127287
-0.63825905,-0.68286866
-0.32390565,-0.9032492
-0.5449549,-0.7397251
-0.7833941,-0.5818931
-0.067984015,-1.0078346
-0.5913999,-0.71760744
-0.8697946,-0.5540715
0.1122936,-0.9910992
0.13880084,-0.9668953
0.015930306,-1.0147299
-0.64848626,-0.6814043
-0.16398044,-0.9729005
0.40583125,-0.85675025
0.44054252,-0.8296234
0.20269218,-0.97799736
0.66590214,-0.650493
0.23451173,-0.9406555
-0.8817115,-0.57417846
0.5398201,-0.74360865
-0.22923362,-0.9510972
-0.5584119,-0.743677
-0.93021196,-0.54359424
-0.35195524,-0.8880574
0.22265801,-0.95194906
0.7061375,-0.6463015
-0.3743489,-0.8736755
0.014975859,-1.0069666
-0.68650544,-0.6440927
-0.09875146,-0.99143904
-0.43204537,-0.83224297
-0.70814836,-0.6445848
-0.019715782,-0.99279153
0.9025477,-0.54481477
0.22191681,-0.94027495
0.43582013,-0.8254294
-0.5586595,-0.7404256
-0.14411032,-0.9732724
0.746713,-0.61879945
-0.13802616,-0.985438
-0.3835587,-0.8694558
-0.6835367,-0.6383233
0.16378541,-0.97447217
-0.85824704,-0.5596375
-0.62431026,-0.69797003
-0.59557235,-0.7096352
-0.9237491,-0.54607683
-0.8126159,-0.56453705
-0.15225081,-0.9782177
-0.9846474,-0.53720385
-0.07442285,-1.004109
0.9382372,-0.5433754
-0.08950585,-0.98842114
0.621901,-0.7028034
-0.99455094,-0.54237884
0.4866597,-0.8036154
-0.0808163,-1.0155197
-0.4148986,-0.841384
-0.99242866,-0.5345065
0.17435119,-0.99117124
0.55279887,-0.7364987
-0.6600678,-0.6555551
0.57343405,-0.7489678
0.7404472,-0.6164264
0.50852585,-0.7890957
0.62032354,-0.6747359
0.33103383,-0.895789
0.5808717,-0.74016404
0.7337568,-0.609914
0.051932607,-1.0011883
0.6633551,-0.6641127
0.57989883,-0.73465484
-0.6107249,-0.6939953
-0.4254651,-0.8307738
0.75454813,-0.5994277
-0.20737621,-0.96269345
0.99439824,-0.55381656
0.3198329,-0.89458644
-0.9069362,-0.538187
-0.22655748,-0.96837455
0.58340544,-0.7179536
-0.26176694,-0.9313258
-0.24717322,-0.9406834
-0.3116961,-0.90133935
-0.34131822,-0.9150307
-0.61205506,-0.6834782
-0.6210701,-0.67047125
0.588137,-0.7153806
0.23108068,-0.9429414
-0.45338413,-0.8240174
0.5653852,-0.7272777
0.19122073,-0.9643812
-0.04601596,-1.0000846
0.2366894,-0.94755954
-0.39173746,-0.8679169
0.48233366,-0.7827184
-0.527578,-0.74630755
0.113462,-0.99530184
0.6882107,-0.6434179
0.045452848,-0.9898931
0.01473837,-1.0102619
0.29576415,-0.9218175
-0.372154,-0.87738055
0.97820234,-0.5316554
0.4027376,-0.84233373
-0.32830122,-0.8911905
0.2687487,-0.9343339
0.75604665,-0.6029864
0.684899,-0.6383946
0.88951373,-0.5375755
-0.69199336,-0.6530348
-0.36345148,-0.8976854
0.8897366,-0.5634596
0.3030818,-0.9176356
0.83292526,-0.56720877
-0.4903114,-0.78470135
0.4840606,-0.79515386
0.030241769,-0.99537396
0.3015243,-0.90677625
0.13252716,-0.9886155
0.46255836,-0.81415397
-0.5888685,-0.7118656
0.9511626,-0.5393329
0.020624213,-1.0127228
0.640268,-0.67270964
-0.9594777,-0.5419272
-0.69693303,-0.6524323
-0.33370203,-0.89717066
0.41903517,-0.8426794
-0.38236454,-0.8738213
0.5532781,-0.74231756
-0.7370137,-0.6144532
-0.11207241,-0.9751792
-0.3617355,-0.89431775
-0.8033803,-0.5811068
0.45064437,-0.82308835
0.7558868,-0.6099157
0.74980026,-0.58946455
-0.46774292,-0.79592204
0.93427986,-0.5330024
0.6013199,-0.70557106
-0.5218511,-0.76558495
0.75360006,-0.619283
-0.61752963,-0.679447
-0.703576,-0.647347
0.75999737,-0.59997964
0.8489543,-0.56780636
-0.095005326,-0.99446785
0.3065377,-0.9248497
-0.35943145,-0.8765494
0.5301619,-0.7789983
0.67443377,-0.68148685
-0.5984931,-0.71604645
0.38601664,-0.8581283
0.7735547,-0.60859287
0.53525203,-0.7766545
0.58601433,-0.7011594
-0.53961694,-0.7333249
0.6519695,-0.665512
0.016016554,-1.0036128
-0.9761028,-0.5382225
0.33562258,-0.8873534
0.5518029,-0.73910606
0.5635771,-0.7285555
0.8659545,-0.5526993
-0.8282337,-0.575205
-0.62433386,-0.6911142
0.8524218,-0.5549891
0.50127125,-0.7777574
-0.1658088,-0.9639571
-0.7231661,-0.63418865
0.6745022,-0.6537577
-0.37843785,-0.875464
0.66794914,-0.6605068
0.11448374,-0.99374247
0.073842406,-0.99751824
0.20524903,-0.9495725
-0.16054206,-0.96889395
-0.7800146,-0.60360974
0.17162019,-0.97572446
-0.15675676,-0.9674353
-0.08167175,-0.97472906
0.20057724,-0.9521252
-0.7159785,-0.6365054
-0.5211152,-0.7690263
-0.42531705,-0.8327057
-0.24567746,-0.9381545
-0.8052186,-0.5795745
-0.68719745,-0.65719575
-0.48994625,-0.7946392
0.38947788,-0.8576862
0.3412156,-0.89467674
-0.98167807,-0.5338073
-0.8586951,-0.5784276
-0.001963364,-0.9872833
-0.14985454,-0.9568147
-0.4114435,-0.8418186
0.001378771,-1.0074795
-0.60009736,-0.6932237
-0.7296933,-0.62475324
-0.8606338,-0.5678536
-0.8565026,-0.55825156
-0.60467243,-0.69416326
0.5820589,-0.7029503
0.6051633,-0.71148264
0.82494587,-0.57173043
0.32249448,-0.90046334
-0.24827775,-0.94494915
-0.74286777,-0.6113395
-0.56178254,-0.7317365
-0.120701745,-0.98235434
-0.5015376,-0.7911305
-0.3698546,-0.8721385
0.88823646,-0.56365865
-0.228109,-0.96518964
-0.69384956,-0.6442417
-0.30794024,-0.90523046
-0.92351025,-0.5455296
0.23340376,-0.9500811
0.44125554,-0.8219598
-0.19312687,-0.94625586
0.10247648,-0.98725843
0.74773914,-0.58914846
-0.5886549,-0.7192284
-0.6707314,-0.66047263
-0.48267537,-0.792952
-0.5613057,-0.76193225
0.75072974,-0.607941
-0.9084884,-0.5581923
-0.83133936,-0.56324494
0.8812236,-0.5599032
-0.2152874,-0.9612112
-0.009047768,-0.9984786
0.1601725,-0.9814833
0.56479526,-0.7423975
0.4240716,-0.8374977
-0.25504327,-0.9229805
0.60345054,-0.70872825
0.4931391,-0.76568377
0.75783575,-0.5933407
-0.49622595,-0.789142
-0.8101386,-0.57569575
-0.788402,-0.58605
0.089480646,-0.9931406
-0.47602254,-0.79730105
-0.91039014,-0.55772793
0.67358416,-0.6447922
0.7248601,-0.6238075
-0.2663135,-0.92188454
-0.73740345,-0.62207955
-0.50269693,-0.7613473
0.3552785,-0.8843013
0.37552598,-0.87717706
0.40366602,-0.87158275
0.71027136,-0.63190293
0.76785797,-0.59239805
0.9788224,-0.53480875
-0.29354453,-0.91725254
0.8252877,-0.58315635
0.2839666,-0.9065246
-0.75526184,-0.609418
0.18640412,-0.9858703
-0.241965,-0.9446861
-0.852357,-0.5826376
-0.50577945,-0.80356306
0.42594388,-0.8405991
-0.3040282,-0.9228968
0.29090124,-0.92520016
0.81755656,-0.57729596
0.18072288,-0.9802093
0.90636086,-0.54300755
-0.31339782,-0.91703516
0.75257695,-0.6135077
0.9268583,-0.5418388
0.0360801,-0.9823671
-0.2726665,-0.93408
-0.2981156,-0.920752
-0.15161286,-0.9695341
0.32161984,-0.9025012
-0.122699685,-0.9850058
0.5258767,-0.76124763
0.38080812,-0.87273455
-0.3496824,-0.8836236
0.6116205,-0.6796868
0.5158096,-0.77266276
0.2360427,-0.9251444
-0.62626106,-0.70559114
0.012362467,-1.0024098
-0.09453883,-0.991184
-0.9601713,-0.5571357
0.9830004,-0.5467589
0.4164061,-0.8494587
-0.26024708,-0.9419516
0.15410143,-0.97603416
0.78131896,-0.57681644
-0.92414653,-0.53959244
-0.4824661,-0.78733504
0.8957839,-0.54776496
-0.96855295,-0.5522847
0.16219257,-0.97579587
0.073090985,-0.99441904
0.95996046,-0.5455705
-0.14002325,-0.9835002
0.95154566,-0.53801125
-0.976669,-0.5337271
-0.32105246,-0.8886167
-0.46185058,-0.8112339
-0.70754427,-0.6217875
0.9916499,-0.5455435
0.94428897,-0.5425315
-0.71192366,-0.62838936
0.046460867,-0.988201
-0.8090558,-0.5600197
-0.7523334,-0.62117547
0.41829234,-0.84358895
0.7340712,-0.6135477
0.20942946,-0.96810937
-0.77484083,-0.61161745
0.6515485,-0.6743256
0.72644997,-0.63325953
0.1202287,-0.9797397
-0.16621271,-0.97967523
-0.18437997,-0.961368
0.3219383,-0.8871199
0.8302806,-0.55132616
0.81544703,-0.5738836
0.5701252,-0.73862034
-0.29209927,-0.9046872
-0.1940177,-0.9604732
0.45402163,-0.81336826
0.385265,-0.8576605
0.8365154,-0.5790859
0.5844497,-0.73271364
0.9571764,-0.5352578
-0.5569479,-0.7449985
0.84521496,-0.5594021
0.9481016,-0.5437582
0.8104584,-0.5681819
-0.71768147,-0.61234593
0.88283587,-0.5517479
0.5155774,-0.76269335
-0.2765122,-0.9265654
-0.0893136,-0.9788272
-0.870068,-0.57215345
-0.17518893,-0.9636561
-0.5053201,-0.78271705
0.43876994,-0.8204662
0.12983917,-0.98431724
0.8680653,-0.5535978
0.23798242,-0.9484998
0.55576587,-0.7700895
0.62537175,-0.67867905
-0.86536294,-0.57763815
0.641581,-0.6898629
-0.67233807,-0.653502
-0.559581,-0.7340876
0.0034826424,-0.99002177
-0.067924306,-0.9908517
0.90757173,-0.536296
-0.107439905,-0.9804828
-0.15875892,-0.99141
0.641151,-0.6781658
-0.41244712,-0.8507183
0.598151,-0.6928048
-0.5091015,-0.7824487
-0.1896106,-0.9566566
0.82650787,-0.5870667
-0.054339208,-0.9986047
0.8618637,-0.5585097
-0.24397011,-0.95782745
-0.8249368,-0.57617533
0.5259261,-0.7590592
-0.5036367,-0.7700902
0.49713898,-0.7759614
0.15235572,-0.9757426
0.9492059,-0.53899956
-0.14825721,-0.98933995
0.78956544,-0.60590005
0.44753286,-0.82068425
-0.7095955,-0.64729166
0.42446503,-0.85902995
0.2751427,-0.9301536
0.9557676,-0.5463999
-0.08581198,-1.0007547
0.1109051,-0.98406136
0.41912872,-0.83512527
0.21613443,-0.9501622
0.23089847,-0.950559
-0.09645305,-0.9950554
0.5420827,-0.76414204
-0.9809815,-0.54453856
-0.68524456,-0.6423631
0.70373344,-0.63910156
0.8619422,-0.55853975
0.47738826,-0.796991
-0.68548465,-0.6508225
0.1594508,-0.98172194
-0.4404286,-0.8258776
0.123640716,-0.9821302
-0.59021395,-0.7108756
-0.7255488,-0.6028583
-0.61479896,-0.69747365
0.78581846,-0.58630294
-0.8840246,-0.5604462
-0.9302426,-0.544015
-0.6187506,-0.7058885
0.13421963,-0.9960749
-0.8216883,-0.5849889
0.038811013,-0.9983853
0.4400331,-0.8428908
0.080098495,-0.9910206
0.53380954,-0.7574226
0.03955156,-1.0114917
-0.8182843,-0.57915205
0.3386556,-0.89528954
-0.34503046,-0.8807061
0.039952934,-1.0064898
0.98960656,-0.5312804
-0.45062268,-0.8215977
0.64225304,-0.6826049
0.12858835,-1.0038007
0.831362,-0.6028217
0.82126546,-0.57892215
0.42874518,-0.85042703
-0.39096722,-0.8705497
0.90223855,-0.5523011
0.6708326,-0.6481458
0.93330187,-0.54733145
0.94001925,-0.54726636
-0.11956108,-0.99165887
-0.80430496,-0.5794173
0.011629014,-0.975979
-0.75695086,-0.60085195
-0.019053604,-1.0115428
0.09787806,-0.9879241
0.15389597,-0.98468
-0.9818935,-0.5348379
0.7127193,-0.6330359
-0.0832997,-0.98911136
0.4153447,-0.83349353
-0.78020686,-0.57369626
0.49014395,-0.7967707
-0.11727287,-1.0071156
0.48148346,-0.8132423
0.85126126,-0.56712663
0.4618009,-0.805484
0.22974738,-0.95041424
0.41311896,-0.84470344
0.480313,-0.81014305
0.004008975,-0.9980973
0.67164063,-0.65588593
0.109094545,-1.0079772
0.26539677,-0.91225845
-0.15306695,-0.9688055
0.9058842,-0.54613036
0.03014168,-0.97736764
-0.5735708,-0.7336707
-0.3629813,-0.8743079
-0.70441204,-0.6524113
-0.74971896,-0.59261245
0.8624785,-0.5528253
0.33002636,-0.9041675
-0.9988314,-0.5514613
0.6249455,-0.6815718
0.06150979,-0.9807157
-0.78103286,-0.5987873
-0.09341492,-0.9834172
-0.26847988,-0.9397603
-0.359387,-0.87343675
-0.073651895,-0.9942234
0.2811444,-0.94069445
0.07350281,-0.99979645
-0.43623465,-0.82022256
0.44712415,-0.8161727
0.9774887,-0.55559635
0.9319891,-0.55537105
0.9932635,-0.56156135
-0.025490928,-1.0075585
-0.9133068,-0.5455104
0.45695573,-0.8064946
0.32721272,-0.9160229
0.93400323,-0.5432519
-0.2580247,-0.9468269
0.9882401,-0.5440951
-0.8686398,-0.5393791
-0.2820499,-0.93581563
0.48029494,-0.79707366
0.23044117,-0.97791064
-0.5884151,-0.7122651
-0.28550124,-0.9264747
-0.6754818,-0.6444081
0.988997,-0.5461814
0.028774003,-0.99392605
0.73449737,-0.59959155
-0.21219626,-0.9497439
-0.5118106,-0.76734614
-0.024108676,-0.987392
0.5388734,-0.75048035
0.82019806,-0.58253616
-0.61422074,-0.7243645
-0.744172,-0.61932606
-0.67779267,-0.64810944
-0.39311576,-0.86209625
0.19744664,-0.9636477
0.47529992,-0.80307233
-0.27062422,-0.93497515
0.8379668,-0.56128925
-0.07912674,-0.9881316
-0.023271708,-1.0006588
0.77264154,-0.59040093
-0.87508655,-0.55527455
0.21740802,-0.9525036
0.12041811,-0.98912334
-0.19803327,-0.9657284
-0.13625962,-0.9863438
0.37802497,-0.8689757
0.1381221,-0.9759249
0.31099442,-0.91315067
-0.11963921,-0.9853227
-0.19494247,-0.9514034
0.038485657,-0.98760796
-0.14817378,-0.9885296
0.69043833,-0.6224063
0.74441266,-0.6066166
-0.8522766,-0.56769484
-0.88180655,-0.57265615
-0.42226717,-0.82946926
-0.8277473,-0.56769526
0.079666115,-1.0029278
-0.95747364,-0.54210484
0.5698382,-0.7453711
0.29805923,-0.9288635
-0.57642055,-0.7294922
-0.3409381,-0.8929275
-0.38880467,-0.8457189
0.84517306,-0.56524
0.7740988,-0.6012686
0.12866208,-0.99091727
-0.27196482,-0.92613673
-0.07647446,-1.0191445
0.1357918,-0.9806195
-0.014877689,-0.9825033
-0.87491244,-0.5458057
-0.074425265,-0.97344977
0.8402172,-0.5740558
-0.18289,-0.9625138
0.40213028,-0.85348636
0.99411774,-0.5324925
0.10494891,-0.9900223
-0.033098634,-0.9882093
-0.46051311,-0.8211894
-0.5414858,-0.7538048
0.111443736,-0.99073535
0.3523143,-0.87158084
-0.14428718,-0.98932385
-0.996447,-0.5496137
0.120323434,-0.9875538
0.14322115,-0.9984639
-0.8537786,-0.5653242
-0.79683673,-0.5845571
-0.39084604,-0.84371525
0.19608428,-0.96550924
-0.64675707,-0.6772183
-0.31146392,-0.9135003
-0.70559216,-0.64135367
-0.3287315,-0.90097386
0.4567892,-0.8150898
-0.2529174,-0.9348761
0.63492614,-0.67811435
0.8548723,-0.56585383
-0.38556442,-0.8607031
0.24323253,-0.94718856
-0.47503656,-0.8083539
0.1377497,-0.96916133
-0.76145434,-0.60342526
0.20468193,-0.9646271
-0.6547053,-0.6676743
-0.21274234,-0.94490784
-0.52656204,-0.7690611
0.59107804,-0.7120734
-0.6365902,-0.6774401
0.92670524,-0.5437135
-0.76188254,-0.6032662
-0.17231998,-0.95258176
0.5364453,-0.75945055
-0.7657785,-0.60173076
-0.37116146,-0.876192
-0.09439715,-0.9872774
0.5246199,-0.7806873
0.5747766,-0.7168632
0.7110714,-0.6461854
-0.38712415,-0.8574466
-0.9693629,-0.5490104
0.439002,-0.81051373
-0.6538932,-0.6679432
-0.21989556,-0.976565
0.6097258,-0.70446396
0.22090723,-0.9480598
0.7469679,-0.61446947
0.30595198,-0.92106986
-0.23494504,-0.9727064
-0.93360555,-0.525297
-0.97049826,-0.51661026
-0.49657264,-0.79580003
0.29329765,-0.9152694
0.42825896,-0.83876884
-0.3116239,-0.8976858
0.69155425,-0.64840925
0.8867057,-0.5558199
-0.40359953,-0.86411315
-0.29627317,-0.9237519
-0.1892573,-0.9560385
-0.44423532,-0.8169899
0.29323605,-0.9191072
0.8179881,-0.5622219
-0.14502603,-0.9918468
-0.6398896,-0.69208264
-0.609506,-0.70404655
0.44365302,-0.81344604
0.468399,-0.7894835
-0.048104826,-1.0215886
0.52140427,-0.7737049
0.021572948,-0.9868365
-0.39010835,-0.8732685
-0.7209477,-0.6487183
0.032323744,-1.001822
0.67199177,-0.64680904
0.8513992,-0.5610935
-0.8786677,-0.54239863
0.83680433,-0.5515553
-0.6440358,-0.66559917
0.2091453,-0.9427422
-0.12625706,-0.99999803
0.40182775,-0.85745686
0.05970243,-1.0059515
-0.22054148,-0.95637983
-0.8575619,-0.55116093
-0.9470784,-0.5352754
-0.52507734,-0.76675934
0.49151757,-0.7766369
0.23588067,-0.95928293
-0.16417111,-0.950479
0.070773855,-0.98734254
0.1816556,-0.9518292
-0.8590472,-0.56468797
-0.35450697,-0.89041525
0.7586778,-0.59032226
0.4668519,-0.8053604
-0.8272398,-0.5775421
-0.44790322,-0.81943583
-0.595677,-0.7155949
-0.23632987,-0.94260925
0.9646791,-0.5303022
0.15414348,-0.9760848
-0.68397486,-0.67142683
0.5706095,-0.7389798
0.17227763,-0.97372454
0.7236963,-0.626611
-0.02735052,-1.0192477
0.78085226,-0.59788775
0.71159005,-0.6335496
-0.87304986,-0.56357825
0.6488528,-0.6747252
-0.76421654,-0.58906156
-0.78117394,-0.59856665
-0.6796259,-0.67085874
0.84057575,-0.5455344
-0.009947369,-1.0059656
-0.3575168,-0.883162
-0.8895788,-0.5517411
-0.76655066,-0.61437935
-0.62152797,-0.6912883
-0.6284056,-0.69367146
-0.8386794,-0.5652903
-0.83902043,-0.5619768
-0.40406486,-0.8386708
0.09459177,-0.97356194
0.14829202,-0.98038244
-0.42366642,-0.842896
-0.8396142,-0.5795624
0.21723373,-0.9483449
0.3123708,-0.9071889
0.396384,-0.8573491
0.85564554,-0.57402116
-0.9273008,-0.5520608
-0.57917726,-0.71841276
0.14376564,-0.9703044
-0.97994095,-0.5411163
-0.89883107,-0.54924685
-0.21225587,-0.9432207
0.1498696,-0.969217
0.3654462,-0.867115
-0.50287163,-0.788628
0.2411413,-0.92146784
-0.26165846,-0.91840374
0.112094454,-0.9832686
0.33906183,-0.89832234
-0.4979052,-0.7935494
-0.2832166,-0.91872025
0.10615085,-0.98612857
-0.5370119,-0.7579833
0.88007116,-0.5649393
0.44733062,-0.8171976
0.2568008,-0.93790346
0.45852843,-0.8277105
-0.53174806,-0.75940955
-0.9869167,-0.534644
0.294706,-0.9134575
0.92929757,-0.54835534
0.31738392,-0.88739115
-0.6518323,-0.67953163
0.7171742,-0.6254812
0.157891,-0.980543
0.23511492,-0.9454806
0.026633274,-1.0035264
0.4680761,-0.79331
0.9184034,-0.54340166
-0.25053743,-0.936767
0.16169502,-0.9779545
0.7084204,-0.63622785
0.7577815,-0.5983278
0.6461486,-0.66896826
0.1216151,-0.98281103
0.87245536,-0.54921395
-0.660214,-0.65267086
-0.5936147,-0.7081642
-0.5658082,-0.7528081
-0.19516511,-0.9603109
0.33460954,-0.8744789
-0.15841769,-0.96549547
0.89971155,-0.54980206
-0.51873803,-0.7616911
0.62875867,-0.6914772
0.56407285,-0.73006016
-0.33804452,-0.8849741
-0.058654353,-0.9816485
0.52319086,-0.78186905
0.7084305,-0.6461573
0.36495566,-0.8799183
0.84446615,-0.5583008
0.24019237,-0.9339751
-0.18823236,-0.964178
0.24604602,-0.9605266
0.22398104,-0.93839025
0.104851246,-0.985056
-0.38732037,-0.8571988
0.33449775,-0.91795427
0.60147107,-0.6935778
0.9176547,-0.5484049
-0.004979346,-0.9878224
0.50462127,-0.7714894
0.60390615,-0.71277195
0.34809598,-0.8822682
-0.24203159,-0.9321344
0.43225598,-0.84858567
0.95511174,-0.5333945
0.21299101,-0.9687524
0.47625938,-0.8088703
-0.52620506,-0.77498096
0.3097478,-0.8859513
-0.9316187,-0.542881
0.6613793,-0.68521714
-0.55805737,-0.7472321
-0.86935264,-0.5643538
-0.6447921,-0.6761746
-0.0602354,-1.003771
-0.9153921,-0.56170535
-0.9302818,-0.5311063
0.020383012,-1.0004926
0.1366203,-0.98328716
-0.36291194,-0.8609103
-0.96635485,-0.52413595
-0.080808386,-0.9942238
0.83735675,-0.5792318
-0.031301964,-0.9989648
-0.093270555,-0.96827555
0.11705765,-0.99508893
-0.67066115,-0.6695087
0.60602987,-0.70253783
-0.9335396,-0.54547566
-0.8874161,-0.54967034
-0.88767153,-0.5503735
0.58519644,-0.7214051
-0.26345262,-0.9382
0.2865051,-0.925172
-0.8409301,-0.5776939
0.5253572,-0.7665637
-0.33043146,-0.8981963
-0.5689422,-0.7353121
0.42953044,-0.8287418
-0.87105095,-0.55906343
-0.027623093,-0.99761
-0.23374642,-0.9471287
0.48251522,-0.79474
0.27797028,-0.93629885
0.7832041,-0.60170126
0.45349813,-0.80530864
-0.1686748,-0.9686113
-0.6295956,-0.6982679
-0.099793665,-1.0079921
-0.66600126,-0.65362185
-0.7732936,-0.5905205
-0.9024017,-0.5538171
0.0843108,-0.9920529
0.13241716,-0.980665
0.31062508,-0.91726935
0.7735749,-0.596961
0.8259233,-0.5735734
-0.31847572,-0.9134091
0.27239168,-0.92656994
-0.075742505,-0.99127364
0.5053952,-0.7897855
0.4329155,-0.82218224
-0.60919666,-0.70832455
-0.6520481,-0.6788855
-0.7716515,-0.59056205
-0.75428355,-0.60034394
-0.508073,-0.7852843
-0.3006433,-0.9094178
0.24192032,-0.93893164
0.49201587,-0.7927012
-0.72149265,-0.6207629
-0.49487618,-0.8055782
0.18337433,-0.97309905
0.51633376,-0.76227015
0.64124835,-0.684472
-0.23310396,-0.9578243
-0.10800435,-1.0151607
0.35579076,-0.87141085
-0.44371814,-0.8302569
-0.8349522,-0.5844702
-0.1135754,-0.98352367
0.9712693,-0.5272658
-0.2529198,-0.93733865
-0.40334913,-0.8707654
0.6450785,-0.68475163
0.8362591,-0.558642
0.5614346,-0.73543435
0.04737623,-1.0110275
0.77673316,-0.5699254
0.17974998,-0.9739416
-0.4094803,-0.84926486
0.8737924,-0.5593953
0.31372356,-0.89773405
-0.7328166,-0.6220544
-0.32848907,-0.9167324
0.3194133,-0.9218956
0.67458725,-0.6626405
0.97754735,-0.54140323
-0.59502244,-0.7180503
0.61070156,-0.69543236
-0.76322156,-0.58809125
0.36295578,-0.88973373
-0.78590894,-0.5886648
0.120564446,-0.9906003
0.04499859,-1.0056859
0.7885136,-0.5948123
0.07382217,-0.9875073
0.432751,-0.8301411
0.7275122,-0.6281127
-0.71826583,-0.60946786
-0.7641694,-0.6055576
-0.7587003,-0.6014745
-0.3508729,-0.88563186
-0.22052136,-0.967926
-0.92283213,-0.5489583
-0.50159544,-0.7874989
-0.98628974,-0.5483474
-0.61787724,-0.6762555
-0.21417283,-0.9614067
0.50894016,-0.77544725
0.9946312,-0.53654456
-0.6013491,-0.71593696
0.40242755,-0.8617013
-0.29517865,-0.9139541
0.6991487,-0.6402979
-0.333173,-0.89026695
-0.3811084,-0.88218075
0.07019198,-0.97883254
0.9954988,-0.54422235
-0.29444692,-0.9068788
-0.5951145,-0.6885984
0.39168453,-0.86014414
0.78758615,-0.59862125
0.6600291,-0.67039144
0.7602681,-0.6058558
-0.9325944,-0.5430506
-0.83930403,-0.5545722
0.58464354,-0.72039396
-0.17490828,-0.957152
-0.09731443,-0.9788853
-0.20498468,-0.9573859
-0.66276914,-0.68035674
0.87847245,-0.5459173
0.4624818,-0.80307287
-0.35427418,-0.88483316
0.1839051,-0.9770985
0.055636358,-0.99755967
-0.046651285,-0.99288166
0.9250795,-0.55775714
-0.09877673,-1.0022712
0.22713286,-0.91864634
-0.47938302,-0.80930316
-0.26766804,-0.93803793
0.1469708,-0.96248645
0.8527769,-0.572332
0.9450942,-0.554045
0.6184258,-0.68655473
0.64215773,-0.69759434
-0.7579672,-0.61050713
0.8095203,-0.5729614
0.8977684,-0.535097
-0.53689253,-0.750645
0.015282972,-0.99508643
-0.2089235,-0.95577157
0.49175882,-0.7758402
-0.6964586,-0.62930435
0.46680388,-0.802553
0.69574344,-0.64101976
-0.76061934,-0.61359847
-0.5386638,-0.7622446
-0.7525352,-0.62754387
0.6159422,-0.699703
-0.9562743,-0.5544633
0.78862715,-0.59741724
0.07462383,-0.982534
-0.5685749,-0.72359836
-0.6983613,-0.6474161
-0.6922797,-0.6490205
-0.4652702,-0.7858104
-0.83878684,-0.57603955
0.5961874,-0.7050265
-0.4528739,-0.80140865
-0.96999305,-0.54086393
0.59419835,-0.7093889
0.17182934,-0.9878911
-0.9364165,-0.54844946
-0.54936373,-0.74467355
-0.354907,-0.86777097
0.87668294,-0.56082785
-0.14749637,-0.97700155
0.38194397,-0.8526242
0.55361813,-0.7325676
0.04689336,-0.9937153
-0.79810774,-0.5908765
0.8687888,-0.5522151
-0.10020655,-0.98848426
-0.65920424,-0.6792806
0.5365536,-0.75803614
0.7638589,-0.5966072
0.4648906,-0.7931862
-0.1075648,-0.9961475
0.96705157,-0.5345481
-0.7999478,-0.58990383
-0.70620775,-0.6366577
-0.44999504,-0.82292163
-0.7354415,-0.59882337
-0.104805246,-0.98258966
0.19155166,-0.9559525
-0.39375743,-0.8644222
-0.9396913,-0.53879076
0.12093518,-0.997418
0.12141595,-1.0107123
0.74166685,-0.6190499
-0.7936665,-0.57335687
-0.25673965,-0.9403929
-0.53649306,-0.7493517
-0.7945639,-0.560223
-0.39724964,-0.85595423
0.60980517,-0.6844145
-0.5301522,-0.7817708
0.8270713,-0.578017
0.38459486,-0.85844195
-0.8086881,-0.5813078
-0.55670995,-0.73548615
-0.93158054,-0.5547246
-0.76869684,-0.578944
0.4423377,-0.80888665
-0.6912365,-0.63890594
-0.41498482,-0.8532253
0.3685362,-0.87350446
0.27746314,-0.9154484
0.79396856,-0.5925694
-0.33184567,-0.88083565
-0.26602486,-0.9276609
-0.809098,-0.5813173
-0.43300155,-0.82111305
0.6911923,-0.6537973
-0.7227397,-0.62885857
-0.25777346,-0.94130313
0.6865658,-0.66488576
-0.55937606,-0.7598981
-0.6856505,-0.6583089
-0.98623663,-0.55126697
0.83599323,-0.56207746
0.7399788,-0.61917496
-0.6228715,-0.68635714
0.57488143,-0.7439013
0.9465394,-0.5402905
-0.3894385,-0.8748343
0.33656487,-0.89821965
-0.58919835,-0.70754784
0.17453752,-0.97334146
-0.34493634,-0.8989009
0.23197207,-0.93515736
0.3360173,-0.8846686
0.43592548,-0.814231
0.8063542,-0.5934603
-0.7807532,-0.61115134
-0.44926417,-0.8043151
-0.65991455,-0.67967206
-0.12761462,-0.98392844
-0.13738921,-0.98247933
-0.33016923,-0.9036881
0.9752932,-0.55563396
0.5218954,-0.77043855
-0.81633824,-0.5673516
-0.19568956,-0.9681758
0.7219999,-0.63856936
-0.666749,-0.66116023
-0.071558125,-1.0150765
0.54654753,-0.74558455
-0.82819223,-0.56560713
0.6348563,-0.6887978
-0.7786599,-0.5862634
-0.07311802,-0.99545795
0.91392654,-0.54991657
0.018239677,-1.0099924
0.80183214,-0.57354045
0.8365167,-0.57323086
-0.14145835,-0.98280793
0.86846787,-0.5509272
-0.82068866,-0.58322257
-0.30707267,-0.9178392
0.7690194,-0.59923744
0.06288314,-1.0120909
0.43222746,-0.8276025
-0.914685,-0.54743135
0.33040866,-0.913625
0.69972587,-0.6618034
0.35944974,-0.88489276
0.9062239,-0.55260706
0.38869885,-0.8482199
-0.36810702,-0.852924
-0.49143302,-0.7976103
0.2588647,-0.9438037
-0.8082164,-0.5658932
-0.23015931,-0.9446877
-0.12952949,-0.94787663
0.20365728,-0.961539
-0.534195,-0.74786735
0.85519516,-0.53825194
0.8842219,-0.56566066
0.19491509,-0.972364
0.34424737,-0.8845057
-0.38568327,-0.86315036
-0.48689133,-0.79087746
-0.46075985,-0.81889945
-0.187471,-0.9657991
0.85822517,-0.5644869
-0.38279414,-0.8591699
-0.42336956,-0.82807595
-0.34827834,-0.90129536
-0.53089374,-0.7474784
0.45581055,-0.8145064
-0.19335738,-0.9538354
-0.06390901,-0.9976709
0.43055266,-0.8216272
0.30070114,-0.9049986
-0.19099063,-0.96006846
-0.9536464,-0.54285616
0.7851979,-0.58587396
-0.77117556,-0.5789248
0.68520534,-0.6386176
0.49755093,-0.7780967
0.6683398,-0.66647786
0.7882833,-0.5957464
-0.9074851,-0.55575657
-0.12448972,-0.99696827
-0.88442993,-0.54485875
-0.36554325,-0.8742205
-0.71847886,-0.6249034
0.15704483,-0.99184054
0.23179482,-0.95530075
0.13723357,-0.98260957
-0.55291384,-0.75568855
-0.50994366,-0.78726137
-0.38421845,-0.8732515
-0.688509,-0.64241976
-0.1350605,-1.0071906
0.4088938,-0.84899163
0.6072308,-0.688803
-0.9538559,-0.5326757
-0.9093836,-0.5367485
0.24798849,-0.94390815
-0.08452213,-0.973405
-0.31193748,-0.91323745
0.5601498,-0.7340128
-0.017451242,-0.99441963
0.1766898,-0.98024094
-0.32752454,-0.91828704
-0.40555686,-0.8407305
0.8974308,-0.5595318
0.39750594,-0.85583967
-0.33921695,-0.8877374
0.9979939,-0.5453314
-0.8920188,-0.544731
-0.14036343,-0.97583145
0.9622041,-0.5377328
0.79952914,-0.5804169
-0.09275261,-1.0059824
0.42786264,-0.83409387
-0.25947875,-0.9301782
-0.04137288,-0.97536254
0.2914821,-0.914667
-0.252179,-0.9402138
0.5499111,-0.73937935
-0.30425113,-0.91857344
-0.58893895,-0.7031705
-0.49171466,-0.7897829
0.8074622,-0.58284026
0.5087297,-0.79087186
0.7975959,-0.58973044
0.86042863,-0.5609493
-0.97620565,-0.52610976
-0.6146847,-0.70261407
-0.21674825,-0.9548862
-0.58201814,-0.71545154
-0.89093775,-0.5600563
0.8567032,-0.566127
0.7779823,-0.58176744
-0.6192971,-0.71039367
-0.017612979,-1.0066001
0.95558506,-0.5395686
0.18139905,-0.96370435
0.08150568,-0.9670593
-0.1509831,-0.97579014
-0.74602026,-0.618007
-0.7712427,-0.6024561
0.7509629,-0.59796065
-0.5158074,-0.77812403
-0.45718816,-0.8157469
-0.7276898,-0.6136458
-0.2151601,-0.95785904
0.25319132,-0.9320504
0.08110997,-1.0087
-0.9314509,-0.5548709
-0.06141166,-1.0017372
-0.16276518,-0.98823184
-0.47533357,-0.8120967
0.29837516,-0.92146677
0.8796138,-0.5333699
0.40095356,-0.84866756
-0.64053684,-0.67193073
0.3030579,-0.90569717
-0.6973846,-0.66447186
0.09309029,-0.9900987
0.9231685,-0.55109143
0.9430155,-0.5596743
0.7663615,-0.59623224
-0.26543584,-0.9504492
0.4099924,-0.84672564
-0.6604329,-0.669391
0.860461,-0.568976
-0.08974532,-0.9823451
0.1373816,-0.98322636
-0.23019286,-0.94619197
-0.1708882,-0.96444315
-0.25090846,-0.93090075
-0.047902815,-0.9965765
0.7188649,-0.6371672
0.6899961,-0.6475173
-0.32539317,-0.8922781
-0.7719692,-0.6039244
-0.10064669,-0.98525506
-0.98917204,-0.55065805
0.49614277,-0.77754444
-0.9946891,-0.54557246
-0.587318,-0.72911406
-0.6993098,-0.61443096
0.7467398,-0.61025035
0.99902487,-0.57036847
-0.70752674,-0.64450836
0.13730036,-0.9677023
0.6520936,-0.6638217
-0.2952276,-0.9045486
-0.49022818,-0.7934165
-0.41742215,-0.83355933
-0.3541576,-0.8853882
-0.48717788,-0.7887289
-0.8663674,-0.5711746
0.8383409,-0.57045764
0.800044,-0.6094976
0.70465744,-0.6381757
0.5339148,-0.7666064
0.4964615,-0.7835101
0.41193217,-0.8563843
0.7044661,-0.6381211
-0.8908681,-0.52051365
0.5394902,-0.75569415
0.73667896,-0.6235539
0.29755294,-0.9143491
0.6973758,-0.67202437
-0.40497568,-0.8538942
-0.27699408,-0.9269251
0.22030686,-0.95069754
-0.71677905,-0.6188681
-0.6175507,-0.6926069
0.98790276,-0.5555772
0.57487303,-0.74648553
-0.7743099,-0.58655244
-0.7666227,-0.6067787
-0.21496634,-0.95197225
0.99560606,-0.5298167
0.950135,-0.5406913
-0.054637358,-1.0125182
-0.1161338,-0.9833372
0.178427,-0.97112906
0.32379684,-0.9148071
-0.47036615,-0.79471445
-0.6584146,-0.6642922
0.6335352,-0.66605526
-0.29180267,-0.9182219
-0.92170817,-0.5532049
0.71536255,-0.6267922
0.46907952,-0.808173
0.44246033,-0.81129324
0.30325112,-0.91133875
-0.17201574,-0.9773658
0.77618605,-0.5936119
-0.26929948,-0.9269909
-0.46432385,-0.80648154
0.079315,-0.99656576
-0.072906606,-0.99376523
-0.93261814,-0.550399
-0.42614678,-0.833099
-0.2373003,-0.95451176
0.58369946,-0.7289907
-0.20504294,-0.9392134
0.8793386,-0.5598346
0.4813237,-0.7925103
0.6382477,-0.69805014
0.78112614,-0.59656006
-0.60847443,-0.69420505
0.6048844,-0.7018018
-0.61361146,-0.71578026
0.09891897,-0.9967217
-0.3878773,-0.85187054
-0.004649336,-1.011466
-0.57815844,-0.72023654
0.9228396,-0.5434013
0.33197844,-0.91241556
-0.49852672,-0.77684104
-0.52680403,-0.7554591
-0.68433774,-0.6511514
0.5542624,-0.7401903
-0.040753968,-1.0056434
0.78870577,-0.5919243
-0.99770975,-0.54299563
-0.0066305264,-0.9895866
-0.02582296,-0.9947494
0.9652522,-0.5471191
0.45008454,-0.82204884
0.07832821,-0.99265814
0.16242047,-0.9762986
0.39824778,-0.85461074
0.8376399,-0.59456885
-0.87242144,-0.5652518
-0.871578,-0.53941715
-0.58894944,-0.71293473
-0.1164178,-0.98133403
-0.30130282,-0.9089024
-0.8959187,-0.5470519
0.19680151,-0.9605573
0.6863626,-0.6370619
-0.8881082,-0.54729545
0.046214387,-1.0151597
0.96312475,-0.55009115
-0.8994412,-0.555843
-0.41118404,-0.8221063
-0.11597088,-0.9854586
-0.65318006,-0.6577201
0.10243114,-0.9917462
0.70400894,-0.63407934
-0.26784894,-0.9302748
-0.9824354,-0.54889923
0.2273884,-0.95876974
0.76453924,-0.6017795
0.58688796,-0.72664267
0.30140808,-0.91191834
0.5510054,-0.74959797
-0.35500973,-0.873869
-0.028431376,-1.0073031
-0.23059192,-0.9492882
-0.9200578,-0.5491948
-0.5091971,-0.77976185
-0.0062995874,-0.991933
0.29102936,-0.9363629
-0.9614553,-0.5619726
0.8536401,-0.5655589
0.19470215,-0.94348806
0.66885895,-0.6570653
-0.63095945,-0.67239714
0.2550344,-0.92638546
-0.8378988,-0.58199763
-0.09460106,-0.9912576
0.39456597,-0.865629
0.32246003,-0.9119262
-0.53284085,-0.775634
-0.777905,-0.60403824
-0.28905287,-0.915211
0.22083321,-0.9460134
-0.82077384,-0.5712421
0.6742672,-0.66575325
0.0077791363,-1.0043807
0.71546906,-0.6404941
0.29818752,-0.9016281
0.9482429,-0.53717256
-0.016936548,-1.0153668
0.45133948,-0.81514674
-0.019800479,-1.0103643
-0.6614298,-0.6618768
-0.8208034,-0.5671943
-0.52823776,-0.7913407
0.15669197,-0.9533802
0.6662079,-0.6513382
-0.7165732,-0.63735867
0.8483667,-0.564581
-0.042807337,-0.990762
0.008422509,-1.02008
-0.9375257,-0.5401526
0.939101,-0.5394138
-0.878701,-0.5458889
-0.4197804,-0.8492641
0.26424032,-0.92968076
0.2831029,-0.9134866
-0.14436132,-0.9888694
0.7379903,-0.6102907
-0.33446813,-0.9041327
-0.6903037,-0.65173256
-0.9164347,-0.56420904
-0.7273746,-0.6474204
0.9101749,-0.53949696
-0.3798026,-0.85574234
0.31364593,-0.9024375
0.9373808,-0.5547395
0.7713897,-0.59028643
0.008800906,-0.99754965
-0.8310431,-0.56546754
0.43811697,-0.8231009
-0.73625726,-0.6242728
-0.7041435,-0.636417
0.75889,-0.6085004
0.33403218,-0.893472
0.86063135,-0.5524842
0.9164874,-0.5528525
-0.079234764,-0.9863624
0.33806717,-0.89187366
0.3098815,-0.9101111
-0.7745366,-0.5978584
0.23814227,-0.9374713
-0.7786247,-0.5961379
0.711731,-0.6337265
0.8566136,-0.5452631
-0.2220331,-0.94360423
0.38755992,-0.8495997
0.3993162,-0.8373053
-0.89971185,-0.54731077
-0.6736419,-0.63375485
0.7715866,-0.59314513
-0.6037697,-0.71971285
0.51644635,-0.7760263
0.1837762,-0.98284966
0.427576,-0.82290477
-0.70248365,-0.6362608
0.6089011,-0.70772594
-0.26811704,-0.92893976
0.9765058,-0.5452276
-0.1338242,-0.9909606
-0.36453903,-0.8542711
-0.71382976,-0.62979406
-0.8598101,-0.5594462
0.7631563,-0.6034887
-0.755829,-0.61820644
0.7608151,-0.62115914
0.10062704,-0.9772926
0.32458976,-0.90495723
0.61381656,-0.72150433
0.083630234,-1.0077465
-0.014980061,-0.99381566
0.5655561,-0.7275941
-0.16812748,-0.9767195
-0.8427745,-0.5548423
0.2611913,-0.9481407
-0.9294808,-0.52907383
0.19886377,-0.97786635
0.021461632,-0.9941667
-0.38977903,-0.8575567
-0.30951655,-0.90064895
-0.09004251,-1.009556
-0.01745195,-1.0024384
-0.1510843,-0.9669474
-0.21562473,-0.96548253
-0.352031,-0.86963445
0.2951455,-0.93668514
-0.181382,-0.984719
-0.36468303,-0.8847778
0.80542684,-0.57504934
-0.636439,-0.6689885
-0.70954955,-0.64072585
0.55331486,-0.7413586
-0.7686449,-0.58704805
-0.45739743,-0.8075533
-0.29824308,-0.89376545
-0.4273199,-0.841178
0.4688631,-0.7926518
-0.604777,-0.7133536
0.37934998,-0.8632787
-0.41646886,-0.8413613
0.71335834,-0.6280473
0.75186366,-0.6198291
-0.44224066,-0.82978934
0.19326752,-0.9727511
0.62265503,-0.6992417
-0.85376066,-0.56324404
0.13710535,-0.99130785
0.9528956,-0.550687
-0.27431995,-0.9217893
0.4565435,-0.8110426
0.5925182,-0.69767267
0.4868795,-0.7910127
0.89919454,-0.5323808
0.5349469,-0.77227974
0.86640686,-0.5769907
-0.5380585,-0.7585154
0.18259063,-0.9717517
-0.24338733,-0.9502199
0.4451563,-0.8265711
-0.69703895,-0.63455546
-0.6414489,-0.6839055
-0.7394416,-0.608929
-0.46179938,-0.7981153
-0.6268929,-0.6823075
0.5484138,-0.74933344
0.1739569,-0.9744775
-0.257287,-0.92298204
-0.5894951,-0.70025355
0.6061536,-0.7016703
0.7604056,-0.59593827
0.7057488,-0.6301771
0.84956837,-0.5702341
0.6155283,-0.6968244
0.26551306,-0.9284266
-0.13962604,-0.9669821
-0.41929424,-0.8417632
-0.98731065,-0.5558476
0.66458315,-0.66498834
-0.1275906,-0.98569584
0.74441093,-0.6204819
-0.35627922,-0.87121695
-0.32382467,-0.88984835
-0.9576736,-0.56817365
-0.029124817,-0.9864049
-0.022531992,-0.99648327
0.3097046,-0.9077307
0.49933854,-0.7783453
-0.3054473,-0.9285832
0.85482854,-0.5667021
-0.08728064,-0.9855797
0.14756136,-0.9730666
0.18792173,-0.9687142
0.75310045,-0.6074967
0.38590452,-0.8611675
-0.29271603,-0.9140699
0.41220146,-0.82330054
0.7855086,-0.60591054
0.6442053,-0.68604904
-0.9052316,-0.54868734
-0.8677657,-0.55319667
0.35820606,-0.8797197
0.96254265,-0.5527894
0.19880602,-0.95643795
-0.12889382,-0.980232
0.16355255,-0.97118306
-0.090223275,-0.99758494
-0.57291776,-0.72433275
-0.4408384,-0.8134597
-0.40197057,-0.8435368
0.19867936,-0.9726681
0.6630751,-0.674161
-0.8973133,-0.54288507
0.04544609,-1.0039734
0.06074247,-1.008729
0.921951,-0.5518672
0.635819,-0.6903738
-0.21740693,-0.956576
0.21947797,-0.95489603
0.31232372,-0.925093
0.3400309,-0.88891983
0.81630003,-0.5718744
0.16129698,-0.9728857
-0.56122255,-0.7321118
0.28607932,-0.9162786
-0.52931666,-0.7737363
-0.76705587,-0.6006397
0.21714997,-0.95081186
-0.43709767,-0.8248981
0.25703776,-0.9220249
0.6409814,-0.6757974
-0.7078478,-0.63436365
-0.88185924,-0.54534066
-0.8307418,-0.5615975
0.9356557,-0.5438086
-0.8216259,-0.5612299
0.8472197,-0.5627177
0.9505294,-0.54852325
-0.8570682,-0.5518942
0.07372012,-1.0016582
0.39654535,-0.8410162
-0.9258569,-0.55025715
0.034945533,-1.0087078
-0.15877359,-0.9827561
0.01627673,-0.99194336
0.09603045,-0.9972943
0.43170518,-0.8393883
-0.75107646,-0.6127976
0.9867556,-0.5705325
-0.44466242,-0.81011504
0.959603,-0.5576466
0.37126842,-0.8605469
0.36718357,-0.8628144
0.84381324,-0.5598404
0.77179265,-0.5976295
-0.5457125,-0.7500189
0.3935705,-0.8412364
0.009832954,-0.9770756
-0.015137454,-1.0192221
-0.9703526,-0.53591615
0.052230522,-1.0001624
-0.8090212,-0.55788106
-0.46225423,-0.8075154
-0.9786726,-0.5506107
-0.19815467,-0.9701195
0.8506258,-0.563942
0.6039854,-0.72775644
-0.88497674,-0.5646968
0.42558435,-0.85039735
0.45530668,-0.84151834
0.55692136,-0.73448753
0.3147324,-0.89864945
-0.8669836,-0.549002
0.30530182,-0.9218955
-0.5699182,-0.7265825
0.18672991,-0.96598345
0.357113,-0.89124876
-0.7876558,-0.5938652
-0.06648141,-1.008965
-0.53375036,-0.77564514
0.6148932,-0.70696855
0.8625476,-0.56567824
0.032244667,-0.990597
0.10978503,-0.9950406
-0.8417109,-0.5563922
-0.22149763,-0.9407318
-0.7104359,-0.6317154
0.40900353,-0.85174847
0.91817236,-0.55665433
0.6138548,-0.70799375
-0.2238499,-0.94436073
0.3272263,-0.89047563
0.9949067,-0.54814494
-0.9184632,-0.544904
-0.44386333,-0.8383185
-0.84170693,-0.57206106
0.27608877,-0.92290896
0.6841365,-0.65692323
-0.27278048,-0.94069856
-0.21197009,-0.96510834
-0.41188568,-0.8598379
0.12684202,-0.99458635
-0.7470443,-0.6034264
-0.6235306,-0.6780697
-0.8375894,-0.55113953
-0.7132427,-0.633693
0.6873922,-0.6494775
-0.63973343,-0.67316467
-0.033529863,-1.0114963
0.3984526,-0.8623362
-0.62270176,-0.6997387
-0.10166943,-0.9760553
-0.57155305,-0.73506373
0.8295712,-0.5590907
-0.9264637,-0.5524374
0.17385717,-0.9808167
0.76248455,-0.5858789
0.57217103,-0.7277503
-0.5332776,-0.7653624
0.07477953,-1.0115416
-0.8758636,-0.56138843
-0.44200128,-0.8061991
-0.23026924,-0.9520651
-0.8501384,-0.5888409
-0.66542923,-0.66707325
0.68668175,-0.64071536
-0.06482784,-0.9985837
0.884584,-0.5476597
-0.6871463,-0.64432293
0.34079584,-0.89336395
0.5281158,-0.7697574
0.55186486,-0.7500321
0.5214378,-0.7719032
-0.66465455,-0.6793725
-0.10669119,-0.983932
0.7829198,-0.5990945
0.14051193,-0.9692993
-0.25282407,-0.92526984
-0.9715089,-0.5473898
0.21566986,-0.9549448
0.78910935,-0.5945189
-0.59239054,-0.73019147
0.99006075,-0.5501181
-0.57903683,-0.7246302
0.14083776,-0.974849
-0.039387792,-0.98037064
0.5409413,-0.7589655
-0.021240007,-1.0082159
-0.32719782,-0.8899272
0.91888463,-0.5739737
0.13672653,-0.9914924
-0.9117674,-0.53637606
-0.11422681,-0.9965432
0.0031149827,-1.0054071
-0.93230224,-0.5448751
0.36577004,-0.86867476
-0.033528022,-0.99933726
-0.7727545,-0.5979956
-0.32886645,-0.9013238
0.0013827842,-1.0028116
0.7448244,-0.6211669
-0.077314384,-1.00444
0.8075,-0.5679538
0.5134252,-0.77975106
0.2914993,-0.9208686
0.2448579,-0.93226963
0.45878008,-0.8333968
-0.11323244,-1.0022905
-0.15525793,-0.9765505
-0.5624606,-0.73684996
0.11629487,-1.0022906
0.3885592,-0.87928206
-0.46871337,-0.82058495
-0.5373003,-0.7525227
-0.62757206,-0.68164325
-0.87964743,-0.5527275
0.83156693,-0.58854866
0.818165,-0.5886809
-0.6948717,-0.6454923
0.6328008,-0.6858062
-0.20618418,-0.9642959
0.15078509,-0.9812719
0.08146976,-0.99046785
0.3927218,-0.837953
0.21309003,-0.9454134
-0.48102826,-0.80037904
-0.24066071,-0.9455153
-0.27326795,-0.9293217
0.8617416,-0.5654678
-0.91100276,-0.53500915
0.56452733,-0.7228524
-0.10763648,-0.98631215
0.46843717,-0.7906786
-0.38750517,-0.8670483
-0.801997,-0.57790816
0.60949755,-0.6898608
-0.79189235,-0.58175147
0.627973,-0.6725159
0.070108026,-0.9898404
0.35971758,-0.88100076
-0.4679442,-0.81730884
0.35787022,-0.8848217
0.7850189,-0.5825619
-0.63917065,-0.6710151
0.6398005,-0.7008633
0.15720963,-0.9811358
-0.5726288,-0.72467685
0.67162204,-0.6568414
-0.5506406,-0.75323695
0.76072997,-0.588704
-0.28487584,-0.91324914
0.40049672,-0.83099794
0.46004853,-0.8152831
-0.0073362184,-1.0156071
0.6752912,-0.6548528
-0.2604991,-0.9143482
0.7056843,-0.63452804
0.13955097,-0.97469294
-0.9162972,-0.5420177
-0.098218,-1.0035034
0.6360268,-0.69291794
-0.47118562,-0.8094214
0.425324,-0.83884424
-0.09789196,-0.9805884
-0.37920782,-0.87454975
0.7788599,-0.6187565
-0.04012504,-1.0070632
0.5089463,-0.7809051
-0.072821595,-0.98128504
-0.39001876,-0.8680189
0.8403222,-0.600179
-0.7294489,-0.6312824
0.16118427,-0.97421384
-0.60634965,-0.72807056
-0.76918167,-0.59345585
-0.80903727,-0.57526624
0.5346747,-0.757201
-0.4767318,-0.794804
0.13826399,-0.9857326
-0.014630845,-1.0064131
0.73682123,-0.62366146
0.53150004,-0.7629323
0.38980937,-0.8398563
0.8035999,-0.58984494
0.17106089,-0.9635491
0.6252194,-0.70078427
0.70738405,-0.6355694
0.6063069,-0.70540226
-0.24529412,-0.97564024
0.61108524,-0.7000375
0.047878515,-1.004807
-0.31493044,-0.9232829
-0.5921644,-0.7127263
0.38562173,-0.85205823
-0.39093506,-0.8591012
-0.47220448,-0.79274833
0.18335758,-0.94556504
-0.48682153,-0.7930094
-0.36234474,-0.87532675
0.4061681,-0.84592426
0.3455682,-0.87955016
0.85897964,-0.5677738
0.59804803,-0.7001585
-0.3166523,-0.89421135
-0.07170527,-0.9914855
0.1346696,-0.9671253
-0.20353593,-0.9488004
0.9697961,-0.55400085
-0.9325973,-0.54443127
0.29164585,-0.91030574
0.2312833,-0.9373002
0.8650933,-0.5842723
0.8029773,-0.583627
0.8374396,-0.55571395
0.97851676,-0.5331452
-0.34535745,-0.9032701
-0.020943757,-1.008803
-0.62561786,-0.68665045
0.6289703,-0.6895066
0.14656289,-0.9810471
0.37843052,-0.86697733
-0.8767453,-0.55771744
-0.8823165,-0.5571847
-0.8502166,-0.5575913
0.42834753,-0.82607967
-0.2637281,-0.93210286
0.49467355,-0.77374434
0.036018025,-1.0045158
-0.61634547,-0.69663006
-0.77097684,-0.60036296
0.8545944,-0.5766928
0.31592962,-0.89968497
0.20951545,-0.94559693
0.22552504,-0.9420289
-0.27931672,-0.9224874
-0.7953205,-0.601408
0.7563314,-0.5993706
0.8458839,-0.5466716
-0.065156594,-0.9968672
-0.15037952,-0.9764539
-0.55905867,-0.72663015
-0.9831628,-0.5428196
0.4023286,-0.8534818
0.00084137294,-0.9999954
0.90039545,-0.54175663
-0.9116506,-0.5383634
-0.32592326,-0.9208665
0.97015125,-0.5364298
0.24194498,-0.9416314
-0.29687035,-0.9237319
-0.6028763,-0.69285357
-0.8693146,-0.5508732
0.84571135,-0.57816
-0.19738907,-0.9544092
0.88994545,-0.5402783
-0.29728076,-0.9233419
0.8857628,-0.5508223
0.6193689,-0.6960732
-0.3458515,-0.8875723
-0.14918104,-0.98118305
0.8866137,-0.55719477
0.4883235,-0.7851998
0.6099188,-0.70092064
0.25434253,-0.92969865
-0.879153,-0.54392767
0.7196084,-0.61163384
0.555727,-0.74939334
0.14299124,-0.9666825
0.39022177,-0.8551072
-0.5372351,-0.75360227
0.85172117,-0.5597107
-0.57178366,-0.7312612
0.34618118,-0.9035164
-0.049586285,-0.98925436
0.10218115,-0.98378843
-0.5887768,-0.7143417
-0.63819313,-0.69652945
-0.34305677,-0.88766843
-0.94086534,-0.5395064
-0.757598,-0.58694685
-0.27186224,-0.9250287
0.21560697,-0.97205216
-0.29615352,-0.911043
-0.8536944,-0.5505625
0.6014083,-0.7115225
-0.68389887,-0.6659577
-0.88828963,-0.53362286
-0.29573798,-0.9152278
-0.07191684,-1.0002083
0.78465015,-0.5833508
-0.50396156,-0.7893059
0.1738174,-0.9796254
-0.44835296,-0.8238713
-0.75884885,-0.6024659
0.27499735,-0.9333686
0.49844843,-0.77842087
0.087613545,-0.9854424
-0.32675886,-0.89933383
0.9756869,-0.54534197
-0.93310446,-0.53623205
0.105164066,-0.9830462
0.3376126,-0.90339625
-0.1531172,-0.9646099
-0.7331026,-0.6118682
-0.64321214,-0.6836844
0.89149404,-0.56804216
0.8097987,-0.57657653
-0.64988256,-0.6713746
-0.8830843,-0.55100834
-0.65471244,-0.65649885
0.7563714,-0.6065158
-0.79950905,-0.5802938
-0.6756388,-0.6504155
0.41350654,-0.8486347
0.6367708,-0.67507285
0.09001086,-0.97832376
-0.6088729,-0.7069567
0.6149744,-0.7166668
-0.25499678,-0.94505143
0.34819952,-0.8856564
-0.5049002,-0.7950415
0.108016774,-0.9936177
-0.32674915,-0.8987575
-0.5328332,-0.7523022
0.4583974,-0.803111
0.7346278,-0.61515737
0.7489407,-0.6120973
-0.11853342,-0.9900828
0.81722474,-0.5767909
0.03986466,-0.99039435
-0.29298317,-0.9126101
0.5179913,-0.7693812
-0.4480541,-0.80707896
-0.18732272,-0.96881086
0.5950501,-0.7019681
-0.01759693,-1.0040892
-0.74305445,-0.6248478
0.9079983,-0.5474882
-0.97534597,-0.56140554
-0.50935173,-0.77896476
0.61305326,-0.6917323
0.6913525,-0.6377318
0.353221,-0.869853
0.22608507,-0.95724845
0.6656136,-0.67350346
0.4906202,-0.7831771
0.96051055,-0.5505921
-0.078709394,-0.99165803
-0.45886293,-0.82287055
-0.9912135,-0.54893816
-0.34028086,-0.8960277
0.65239716,-0.6720436
-0.93284625,-0.5458688
0.3814455,-0.8632147
-0.9104519,-0.5455713
-0.048142157,-0.9929556
-0.15526113,-0.9795801
0.8730565,-0.5514656
-0.3605258,-0.86840844
0.07022194,-1.0067142
0.24063349,-0.95375323
-0.42023674,-0.8325452
-0.5041947,-0.7719142
-0.42730665,-0.83801144
-0.7430182,-0.60774314
-0.7684827,-0.60348654
0.18407819,-0.9669023
-0.7988208,-0.5846974
-0.613414,-0.6983379
-0.65901023,-0.6534514
-0.7230671,-0.6008167
-0.7174213,-0.64274794
0.59541017,-0.7182716
-0.5162105,-0.77792364
-0.5616865,-0.72360075
-0.74220955,-0.6023447
0.40112686,-0.8435985
-0.7167602,-0.6334207
-0.8884391,-0.55020773
0.9943149,-0.5605845
0.13715714,-0.9740607
0.3971645,-0.8512299
0.7579273,-0.6099979
-0.9950257,-0.53697294
0.6079365,-0.70549375
0.3803705,-0.88462216
-0.33448464,-0.8817616
-0.8872293,-0.53528976
0.10629195,-1.0024265
-0.3857342,-0.85997957
-0.92512363,-0.530701
0.8676439,-0.5711336
-0.9055993,-0.5698928
-0.002844246,-1.002357
0.4329765,-0.82993555
0.042042654,-0.98535883
0.96746784,-0.5203165
0.20925193,-0.9504379
0.16942959,-0.9891814
0.26112726,-0.92964786
0.9467952,-0.54502475
-0.3482549,-0.87670666
0.67353284,-0.67636126
-0.828048,-0.5625041
0.31408754,-0.89050055
0.15137874,-0.9751386
0.26380068,-0.9211906
-0.112908624,-0.979489
0.41012833,-0.8680793
0.3286166,-0.89635706
0.70513326,-0.6333974
0.82749474,-0.58261824
-0.58628696,-0.7161275
0.48417202,-0.8108622
0.089387044,-0.9918101
-0.40973902,-0.8422769
-0.61739594,-0.6722367
-0.5187307,-0.77816343
-0.19185069,-0.95647854
-0.031253837,-1.0111989
-0.3667521,-0.8633302
-0.24655396,-0.94159997
0.8237906,-0.5677684
-0.6182891,-0.70507526
-0.9118924,-0.5421786
0.48548362,-0.7993749
-0.32690698,-0.90024805
-0.4877663,-0.8029118
0.8948404,-0.55441594
-0.26287037,-0.9305778
-0.1613544,-0.9744872
0.21757875,-0.9414219
-0.2120451,-0.9618281
0.6521506,-0.656108
-0.104128115,-0.9926279
-0.22912902,-0.93257827
0.1446457,-0.9759766
0.85774714,-0.54033816
0.068780825,-0.99369264
-0.37972072,-0.8821847
-0.31685272,-0.90713805
-0.6050399,-0.70566165
0.25460976,-0.92100435
-0.9418371,-0.5615443
0.3744159,-0.8789899
0.7942917,-0.5844303
0.30290273,-0.9094073
0.68411094,-0.6378935
-0.8299439,-0.5906556
0.46902317,-0.81248933
0.5163363,-0.7624569
-0.31795493,-0.9047574
0.40465602,-0.84306073
-0.13345234,-0.98365587
0.4393361,-0.8160239
0.3946721,-0.863407
-0.3967038,-0.85795146
-0.9437606,-0.5443462
0.55813915,-0.747258
-0.412803,-0.84350425
0.1503989,-0.98200077
0.250248,-0.9362091
0.77006745,-0.59616786
-0.9425369,-0.55132556
0.065844364,-0.99017566
0.26828235,-0.9282249
0.22186317,-0.957897
0.51743716,-0.7613209
-0.87724096,-0.5540426
-0.54132277,-0.7417117
0.28110585,-0.90997154
-0.3246661,-0.9112364
-0.48072943,-0.78005195
-0.24605015,-0.93579996
0.732351,-0.6169207
-0.5749293,-0.73448163
0.600468,-0.70551866
-0.27903476,-0.9474333
0.33879313,-0.9030096
-0.7110507,-0.6516609
-0.66572183,-0.6641354
-0.7362897,-0.6041086
0.6868947,-0.64596
0.4005367,-0.84697187
0.76186895,-0.6055306
0.24981037,-0.939457
0.2853567,-0.93988025
0.05511015,-0.9864349
-0.8825774,-0.5486778
-0.9293925,-0.53726983
-0.013186751,-0.99638283
-0.0071598073,-1.0045341
-0.5523132,-0.7391873
0.1764688,-0.97232085
0.7993863,-0.5850324
0.5656145,-0.7231473
0.13323304,-0.9723202
-0.4750711,-0.805776
-0.5218179,-0.763081
0.66362005,-0.65340805
-0.2639382,-0.9475327
0.22786681,-0.948294
0.7710386,-0.59714586
-0.26339802,-0.94993013
0.40618277,-0.85873175
0.60322875,-0.7191542
-0.7016327,-0.64028835
-0.8446982,-0.5633055
0.6494385,-0.6881408
0.80401534,-0.58923894
-0.19355464,-0.9651593
-0.025136212,-0.9809845
0.47225043,-0.80867577
-0.6131032,-0.7003284
-0.97104806,-0.54004294
0.7072614,-0.6180504
0.31243184,-0.9057196
0.36220893,-0.85985684
0.15649252,-0.9909272
0.12195606,-0.97800714
0.94903404,-0.5515652
0.260129,-0.93714625
-0.7206349,-0.63154364
-0.46494055,-0.81899023
-0.4453339,-0.8111879
-0.5819827,-0.7323648
0.72825074,-0.62900084
0.041600913,-1.0006267
-0.043371633,-1.0048681
0.97394174,-0.54038066
-0.91906995,-0.56533206
-0.10013674,-0.9990739
-0.57159394,-0.7376817
-0.1453419,-0.98776734
-0.676122,-0.641972
-0.7121692,-0.6367063
-0.4654756,-0.81277627
-0.75005674,-0.60799545
0.8959546,-0.5404465
-0.74933505,-0.6166467
-0.0681131,-0.9928436
0.55884224,-0.7522961
0.68945086,-0.643685
0.921666,-0.54647744
0.11220307,-0.998022
-0.37615547,-0.8860574
0.27656543,-0.91455793
0.1876737,-0.9562701
0.18046898,-0.9626848
-0.28776494,-0.90775347
0.75691867,-0.6005535
0.10984055,-0.99738866
0.20874038,-0.9553981
-0.13452716,-0.96682614
-0.5351034,-0.762439
-0.5511297,-0.74818915
0.2628833,-0.92948574
-0.9740193,-0.52816445
0.8658222,-0.55172426
-0.12788582,-0.99232405
0.71946865,-0.626743
-0.136606,-0.9804857
-0.76586205,-0.5945435
-0.78824466,-0.60332245
-0.9970004,-0.5584634
-0.42048955,-0.8405074
-0.13548042,-0.9820147
-0.95228875,-0.55183923
-0.092320666,-0.99078375
-0.74049205,-0.61500055
0.079451814,-0.97536343
0.23077266,-0.9521437
0.0154105425,-1.0114127
0.03519443,-0.98419565
-0.6752323,-0.66182506
0.19714913,-0.9577105
0.9535627,-0.53201145
0.95163894,-0.5264793
-0.30171168,-0.91167206
0.45689994,-0.825675
-0.11685627,-0.98233426
-0.72447985,-0.6259406
0.4807589,-0.8074869
-0.31191584,-0.8979989
0.5218571,-0.75823724
-0.24124661,-0.929839
-0.6499708,-0.67143023
0.7060406,-0.6527511
-0.8962736,-0.53181785
-0.2688564,-0.9444369
0.3450775,-0.89712054
0.7727271,-0.60266286
-0.67778844,-0.6486135
-0.8078903,-0.58333105
-0.3957245,-0.8498291
-0.48761958,-0.8031857
0.38848647,-0.8632142
-0.52466756,-0.75570095
0.24795057,-0.92924476
0.3120131,-0.8995025
0.61116856,-0.6965359
0.2068464,-0.9647051
0.8419663,-0.57447803
0.38419327,-0.85596126
-0.5151138,-0.77093697
0.87973243,-0.56338257
-0.6200396,-0.68588233
-0.62800825,-0.6949105
0.48457286,-0.7801177
0.038012445,-1.0034156
-0.67993927,-0.65971166
-0.7721348,-0.60362124
-0.6612078,-0.6689007
0.8529332,-0.5564435
0.17296042,-0.97189
0.45832133,-0.7967942
-0.7439631,-0.6140821
-0.24140082,-0.9537796
0.11389604,-0.9849338
0.019503556,-0.9793488
-0.25483695,-0.93733716
-0.80846167,-0.5973963
0.36575285,-0.8840734
0.19585869,-0.9590959
-0.15901896,-0.9939175
0.85403395,-0.54601246
0.5120846,-0.7780986
-0.27034593,-0.9586337
-0.8944116,-0.5263641
0.6007799,-0.6939712
-0.11974831,-0.99167293
-0.05553254,-1.0058758
0.17470501,-0.970891
0.32092962,-0.8859951
0.2172801,-0.9537796
-0.43727568,-0.84202373
-0.6441965,-0.6646736
-0.9439134,-0.53878945
-0.97386676,-0.55720174
0.77771074,-0.60177094
0.9890772,-0.54591393
-0.28471187,-0.9238526
-0.57395506,-0.719094
-0.20129201,-0.9493099
-0.7935027,-0.58323526
0.25943446,-0.9241417
-0.5499764,-0.74136037
-0.36515298,-0.8859373
0.71089786,-0.63267046
0.13819604,-0.9862651
-0.73036236,-0.60965174
-0.8089534,-0.586728
0.308371,-0.90609324
-0.6746803,-0.6630358
-0.60639375,-0.7208203
0.20357333,-0.9585495
0.8211527,-0.5716049
0.082843564,-0.98289806
-0.06336663,-0.9888517
0.7173512,-0.6413142
-0.4129795,-0.844797
-0.9308392,-0.5556151
0.1153754,-0.9949254
-0.736209,-0.61478066
-0.8788359,-0.54960966
-0.80591965,-0.59697396
-0.7793338,-0.5907791
0.31132022,-0.9048937
0.16477899,-0.98448616
-0.35956708,-0.8806762
-0.5138433,-0.78340465
-0.99862134,-0.5634997
-0.68222076,-0.6413097
0.15102704,-0.9684095
0.11290482,-0.98910457
0.4728489,-0.79816103
-0.9340357,-0.5558135
0.5902226,-0.7077944
0.16355991,-0.97188216
-0.45421088,-0.82837015
-0.12883306,-0.980409
0.59874904,-0.70640683
-0.028588919,-1.0042328
0.4161172,-0.85760295
-0.18511385,-0.9711889
0.09271872,-0.9801253
0.66565776,-0.6558766
-0.0066928794,-0.99679404
0.12624148,-0.99111354
-0.1556698,-0.9818448
-0.61866933,-0.7048325
0.9469218,-0.5419009
-0.95885706,-0.54099274
-0.7515899,-0.5975381
0.42543265,-0.8509629
0.48137563,-0.7986802
-0.6871692,-0.655048
0.26763755,-0.930499
0.76977813,-0.5923057
0.6007323,-0.7155513
-0.9910438,-0.5372066
-0.91926754,-0.54065496
-0.06709479,-0.9986405
-0.29578444,-0.9069791
-0.813464,-0.5729922
-0.61442864,-0.7056405
0.88598293,-0.5604858
-0.26418072,-0.92409045
-0.55740863,-0.7460248
-0.6760637,-0.6491065
0.18052119,-0.9789982
-0.0710435,-0.9850069
-0.3177268,-0.9201389
-0.26373363,-0.9487925
-0.59566635,-0.7171311
0.49280643,-0.77549183
0.49734592,-0.77423376
-0.9350598,-0.53763676
-0.56950814,-0.72613925
-0.87707186,-0.56237286
-0.82455766,-0.5878924
0.91473144,-0.5338431
-0.08989781,-0.9805217
-0.6011452,-0.718154
0.93099976,-0.54287827
-0.04782646,-0.9996609
0.37042758,-0.88272685
0.91474205,-0.5612072
0.85957396,-0.55763525
0.92892367,-0.5467714
0.67887825,-0.6584018
0.40165386,-0.8532038
-0.5815083,-0.72349787
-0.6344429,-0.68131584
-0.2947784,-0.9047653
0.80083585,-0.5741981
-0.5058172,-0.7706797
-0.57977635,-0.7286927
0.15197295,-0.9841969
-0.5370109,-0.76242363
0.1587906,-0.96627
0.3029058,-0.9048834
-0.29195246,-0.9355584
-0.091327876,-0.98169315
-0.06535303,-0.9931338
-0.7590563,-0.60453373
-0.7750533,-0.5851734
-0.7029815,-0.635357
0.5140847,-0.78142244
0.53574675,-0.7641358
-0.14118418,-0.97804874
-0.9459945,-0.5418428
-0.9726235,-0.5370913
0.91831976,-0.52346945
-0.54227024,-0.73919874
-0.6640397,-0.67282563
-0.8303916,-0.5702121
0.39876795,-0.85698193
0.4548439,-0.81282043
0.91669387,-0.55674285
0.68540233,-0.6639505
-0.9501625,-0.5569354
0.6270549,-0.71449506
0.93471473,-0.55187654
0.051481333,-0.9761596
-0.6726573,-0.6626752
-0.5354568,-0.75375026
0.6752569,-0.6672328
0.93304944,-0.5527661
0.9119393,-0.55754995
-0.00833167,-1.0061687
0.23358357,-0.9472012
0.33795634,-0.881552
-0.1514245,-0.96372885
0.8774002,-0.5485079
0.6379994,-0.67462623
-0.7310115,-0.6246547
-0.7351399,-0.59760875
0.12148063,-0.992967
0.07183656,-0.9955135
-0.9623669,-0.54714483
-0.08907142,-0.98204756
0.89637226,-0.5549648
-0.109152496,-0.9864823
0.34399948,-0.879487
0.408036,-0.85852045
-0.9391575,-0.53810614
-0.44237563,-0.8208328
0.87613416,-0.5636196
0.020450361,-1.0051987
0.9577086,-0.54434454
0.7900018,-0.58655316
-0.4388784,-0.81232697
-0.46630898,-0.78933656
-0.2902936,-0.92683333
0.018051932,-0.97413886
0.79396594,-0.59134686
0.0027816666,-0.98164696
0.5668867,-0.7191775
0.15779725,-0.98547965
-0.5421002,-0.7659233
-0.15668322,-0.97454953
-0.17474657,-0.9608824
0.98462814,-0.5435826
0.099771574,-0.9896436
-0.8485834,-0.55962783
0.14928974,-0.99358267
0.13291606,-0.98135775
-0.039118428,-1.0065545
-0.35873988,-0.88349515
-0.5041512,-0.7926134
-0.5888747,-0.73048484
-0.8174274,-0.572903
-0.24331754,-0.9439243
0.43926263,-0.81000465
0.15934591,-0.9787402
-0.96980727,-0.53569865
0.6685018,-0.64904904
-0.20018981,-0.95894444
0.405277,-0.84728503
0.527413,-0.7504237
-0.04688917,-0.9844799
0.5847331,-0.7143686
0.21941572,-0.93908226
0.5928284,-0.71251273
0.36619955,-0.8860076
-0.67261356,-0.6549129
-0.51835144,-0.77606404
-0.15055247,-0.96507347
-0.2419194,-0.94590485
-0.37850887,-0.85832524
-0.07393853,-1.002571
0.04244153,-1.008661
0.82008684,-0.57715935
-0.39991954,-0.8664207
-0.8900938,-0.5440757
-0.37354633,-0.85831565
0.4323791,-0.8254
-0.23649895,-0.9316685
-0.61178005,-0.69381076
-0.22520539,-0.9547406
0.43996003,-0.82483923
-0.8128097,-0.576852
0.39125013,-0.8471485
-0.7287172,-0.62132204
0.9598143,-0.5540489
-0.11158053,-1.0009309
-0.21671271,-0.95599353
0.1704674,-0.97078866
-0.7112189,-0.6462426
-0.3347464,-0.88318473
0.14373158,-0.9815219
-0.8618793,-0.55071473
-0.4867072,-0.80105835
-0.0052871704,-0.99069846
0.3470251,-0.8971905
-0.37647536,-0.8741516
0.2503494,-0.9434855
-0.49731,-0.7876019
-0.13091798,-0.97215694
-0.15522175,-0.9724678
-0.928883,-0.55502975
0.8802778,-0.5651517
0.5070555,-0.7761324
0.17419648,-0.97250307
-0.3530735,-0.88127965
0.6507935,-0.6894855
0.40908328,-0.82485175
-0.72199637,-0.64334685
0.1281984,-0.9858379
-0.47238535,-0.81029636
0.4524363,-0.82951754
-0.15512681,-0.9699592
-0.49257922,-0.79031354
0.83658785,-0.5799659
0.8214761,-0.57901794
0.6418183,-0.6726977
-0.80831546,-0.5703585
0.51003766,-0.7597381
-0.8378309,-0.56467074
-0.7909226,-0.59332955
-0.67492753,-0.66282105
0.37830618,-0.86232895
-0.23190933,-0.9344811
0.6871585,-0.6681301
0.49196723,-0.78893965
0.5349955,-0.7697867
0.861762,-0.55895644
0.18898697,-0.9477029
0.7064552,-0.65368575
-0.4872422,-0.8087869
0.83583087,-0.5535155
0.8786707,-0.5515221
-0.21906094,-0.95336473
-0.3326848,-0.8865308
-0.40336704,-0.833437
-0.03840122,-0.9958031
0.32396814,-0.90079397
0.013402403,-1.0186841
0.05514165,-1.005878
-0.87888306,-0.5733107
0.79421604,-0.5863444
-0.65116924,-0.658568
0.44400227,-0.8273093
-0.3941927,-0.85255265
-0.05997089,-0.98765874
-0.9857866,-0.539986
0.63270426,-0.68661505
0.9220064,-0.5596378
-0.7532174,-0.60083747
-0.6151224,-0.6863603
-0.8553423,-0.5614971
-0.8421617,-0.56973016
0.09852937,-0.9822056
-0.67239016,-0.654759
-0.55706763,-0.7246508
-0.0972419,-0.9951481
-0.03865939,-0.9910152
-0.42468718,-0.8323215
0.9628205,-0.5426388
-0.7733578,-0.6030137
-0.6170588,-0.6893491
-0.14165199,-0.96416026
-0.41982174,-0.8598517
0.66590244,-0.6610118
-0.6463152,-0.6702763
0.42896765,-0.84206134
-0.74825555,-0.6063188
-0.46414447,-0.80525017
0.4798924,-0.7902687
-0.82223415,-0.577533
0.815331,-0.59023917
-0.357188,-0.8805267
-0.33208555,-0.88293326
-0.531128,-0.7511339
0.7428598,-0.6269771
0.27985215,-0.9264308
-0.91170996,-0.5486915
0.8309992,-0.5646719
0.8631597,-0.5602836
0.10057295,-0.9916015
-0.3700651,-0.8785376
-0.67844146,-0.62997836
-0.47750452,-0.8169817
0.75281566,-0.6079158
-0.5872394,-0.7172718
-0.70131326,-0.6326973
-0.3452681,-0.89211804
-0.39699396,-0.85956776
0.47997555,-0.79213226
-0.23178747,-0.95143276
-0.5929989,-0.7210781
-0.7119805,-0.62138873
-0.00850752,-1.0101354
0.8952939,-0.55792224
-0.170596,-0.96777993
-0.9264314,-0.53811693
-0.45278224,-0.819328
-0.3432133,-0.88463235
0.23885745,-0.9425363
0.73527974,-0.6211903
0.9283581,-0.5549792
-0.52985066,-0.7510485
0.70732754,-0.64528376
-0.8098544,-0.5526179
0.12722221,-0.9891404
-0.30842748,-0.8934756
-0.7563779,-0.5952903
-0.61069155,-0.7044103
-0.462614,-0.7996064
0.43425983,-0.82017833
0.9811884,-0.54697555
-0.9359665,-0.5616057
0.59808636,-0.72576284
0.022697425,-0.9935507
-0.767748,-0.6002405
-0.5354621,-0.7549333
-0.14834976,-0.9681813
0.44859678,-0.8236384
-0.5182998,-0.76194286
0.27921557,-0.93139464
-0.4527999,-0.81600565
0.64906454,-0.67238075
-0.38853547,-0.8714987
0.6449881,-0.67713445
-0.3566195,-0.8726073
0.097090386,-0.9855042
0.5818162,-0.70799994
-0.8076401,-0.58511627
-0.66525227,-0.6479489
0.913207,-0.5451495
-0.63707286,-0.68739694
0.7943958,-0.5849394
0.027915597,-1.0063981
-0.78290236,-0.58909756
-0.046093456,-1.0142958
0.121002845,-0.9730566
-0.6910294,-0.6522851
0.5294205,-0.7608777
-0.76681906,-0.588549
-0.79388106,-0.59309644
0.14654018,-0.9719914
0.6675191,-0.6499484
0.22931017,-0.94740134
-0.90714294,-0.5444844
-0.12536862,-0.97133887
0.44401097,-0.8346776
-0.4727985,-0.7906828
0.39298323,-0.8743494
-0.21195184,-0.9612996
0.932043,-0.52499145
-0.03183046,-0.98932743
0.69940275,-0.64026153
-0.30291647,-0.8919577
0.4797263,-0.80862874
-0.34729457,-0.8815986
-0.43069133,-0.8334409
-0.64901876,-0.67402285
0.28097928,-0.9166917
-0.0424526,-0.9917792
-0.27862376,-0.9243662
-0.8890762,-0.5446219
0.31854114,-0.8900309
0.37120834,-0.86855835
-0.35983798,-0.870926
0.31877622,-0.901468
0.76035583,-0.60878927
-0.30451444,-0.91116154
0.43943006,-0.8194359
0.6910883,-0.66339725
-0.12455868,-0.9815405
-0.69212466,-0.638201
-0.92149836,-0.5451002
0.47965547,-0.8072654
0.045499377,-0.99082476
-0.6482993,-0.6811337
-0.97625655,-0.5263312
-0.14662428,-0.9681289
-0.14116116,-0.9777297
0.945243,-0.5463621
-0.72049224,-0.64172715
-0.62689286,-0.67163545
0.90677965,-0.5543971
-0.81462646,-0.5607856
0.63381565,-0.70702034
0.65785974,-0.6688406
-0.559501,-0.7447252
-0.27649978,-0.93628865
0.8236509,-0.5703126
0.274427,-0.91122645
0.68085223,-0.6565425
0.64093304,-0.67769384
0.031674538,-1.0065926
-0.8717898,-0.5658198
0.07829731,-1.0154754
-0.9446255,-0.5506041
-0.34639046,-0.8897122
-0.7449059,-0.627032
-0.1590256,-0.95624053
-0.8142651,-0.57254684
-0.19659348,-0.954834
-0.9324015,-0.5595752
-0.36503604,-0.8714116
-0.20464516,-0.94370925
-0.57011175,-0.73197454
0.91899955,-0.54298526
-0.41873,-0.8431482
0.21987861,-0.9484143
-0.44180417,-0.8245866
0.59149545,-0.7182853
0.37046885,-0.8684225
0.5742286,-0.7282047
-0.67363906,-0.6540149
-0.29771,-0.9160906
-0.59528863,-0.70179343
0.41033375,-0.8274613
0.35813767,-0.8775807
0.95047534,-0.5381709
0.80453426,-0.58588773
0.8735494,-0.5497657
0.15894367,-0.9906551
-0.70287967,-0.6329295
0.8664423,-0.5675045
0.74642223,-0.5981229
-0.17255111,-0.962315
0.10605367,-0.9902032
-0.8029186,-0.5763999
-0.259611,-0.91582394
0.6075505,-0.704707
0.95376205,-0.5399798
-0.030417813,-0.99409455
-0.43299708,-0.8250686
0.5488245,-0.74999404
0.7091212,-0.6258102
0.27211308,-0.9285792
-0.03481226,-0.9969004
0.78695947,-0.5957564
0.35235342,-0.8730969
-0.99803257,-0.5538996
0.94380075,-0.55849034
0.42729756,-0.85557866
-0.03474088,-0.99066347
-0.96946615,-0.54802185
-0.90915483,-0.55406874
0.936001,-0.5441311
0.5923072,-0.7270359
-0.80623347,-0.5773783
0.49608746,-0.76305205
-0.6545302,-0.66318417
-0.22385113,-0.94711524
0.012329197,-0.9908258
0.80815804,-0.55547357
-0.89592576,-0.5545434
-0.7312729,-0.62451655
0.5439671,-0.7560031
0.9922194,-0.5592823
0.5526275,-0.7425649
0.555304,-0.74179137
0.060020883,-0.99327904
-0.31111658,-0.9183114
-0.71708107,-0.6482843
-0.63552856,-0.70334816
-0.113240406,-0.9841269
0.92720866,-0.5417285
0.21442054,-0.93766785
0.7324141,-0.6082566
-0.5111885,-0.78793913
-0.21452668,-0.96599543
0.4627672,-0.8046542
-0.86325485,-0.5588885
-0.44885713,-0.8098993
0.12884866,-0.9697789
0.39915562,-0.8499952
-0.12833789,-0.9830327
0.73309046,-0.6297521
0.1687895,-0.9817079
0.30249128,-0.90630466
-0.45881385,-0.8249257
-0.3443196,-0.8924417
-0.919023,-0.5579404
-0.8499429,-0.5735076
0.9274378,-0.5471409
0.10107977,-0.9927108
-0.7566153,-0.60014254
-0.37723428,-0.8556511
0.26858926,-0.9329212
0.7167669,-0.64157474
-0.8683846,-0.5610344
-0.092175275,-0.9819776
-0.86287624,-0.5692474
-0.075682215,-1.0049546
0.4440611,-0.8374102
0.54716134,-0.73408943
-0.451067,-0.84090126
-0.46541306,-0.81878847
0.97618216,-0.5544477
-0.7669221,-0.6043018
0.29072708,-0.9254856
0.47289047,-0.8012513
0.5468828,-0.75373137
0.3321383,-0.90589494
-0.16940777,-0.97640973
-0.7633275,-0.6146749
0.14288299,-0.9695098
0.17840442,-0.95518863
0.30489543,-0.92987925
0.8549732,-0.5572519
-0.12195325,-0.98428214
0.91716117,-0.5457997
-0.5702349,-0.73616266
-0.4908514,-0.79663324
-0.74749535,-0.60180265
-0.8497581,-0.55406183
-0.07209262,-0.99367464
0.2690413,-0.9461994
-0.21431479,-0.9544878
0.10401906,-0.9933194
-0.19717692,-0.9625214
-0.910213,-0.5465866
-0.6516552,-0.6735532
-0.46403563,-0.79906523
0.26973507,-0.9365865
0.7300881,-0.6116023
-0.63624257,-0.6867306
-0.5475817,-0.73976797
0.430265,-0.8236761
0.91217387,-0.54332924
-0.29399607,-0.92324734
-0.35961902,-0.89746934
-0.27741453,-0.92131716
-0.659901,-0.67098045
-0.015538687,-0.9988123
0.08696608,-0.9827497
-0.6854795,-0.65645826
-0.55226463,-0.743032
-0.59588844,-0.72849715
0.21155402,-0.9525735
0.42310956,-0.8437484
-0.3887648,-0.8836041
0.5307831,-0.7559703
0.8183395,-0.5494915
0.03660616,-0.998995
0.8193645,-0.5859999
0.25267443,-0.931886
-0.60892713,-0.70653504
-0.48627406,-0.78838557
0.18041736,-0.9779196
-0.54975146,-0.7615629
-0.9925655,-0.54121983
-0.4801244,-0.80305976
-0.8970554,-0.55726564
0.7953964,-0.5764504
0.3734043,-0.87527865
-0.94105077,-0.5396323
-0.90321624,-0.5547431
-0.94238704,-0.53186375
0.59349,-0.69651926
0.57185715,-0.72309
0.47546273,-0.8102584
-0.6992949,-0.6322825
0.9732696,-0.54333115
0.6908522,-0.6416098
0.28575048,-0.9251249
0.3601275,-0.88305426
-0.23221608,-0.94510007
0.14122716,-0.9613626
-0.31047624,-0.905409
0.42874435,-0.8359221
-0.32833984,-0.9049669
0.9014816,-0.55294704
0.9355323,-0.52892387
-0.49387714,-0.79231966
0.6469236,-0.6799
-0.79750526,-0.5965042
-0.4866904,-0.7851999
-0.47284397,-0.7968101
0.24566753,-0.9279778
0.83687204,-0.5607829
-0.40636522,-0.85030687
-0.14951234,-0.9628816
-0.21995817,-0.93966985
-0.23932286,-0.9430566
0.15257104,-0.9729994
0.34652922,-0.90372187
-0.20412023,-0.9563072
0.6130705,-0.6987441
0.17596841,-0.970204
-0.456519,-0.8096085
-0.25682878,-0.9454932
0.92742974,-0.52216333
0.20514861,-0.9512522
0.0014666648,-0.9929006
-0.50583386,-0.77152574
0.06613304,-0.98570764
-0.8368566,-0.5670444
-0.19980843,-0.9666216
0.73288846,-0.6352471
-0.13618223,-0.97095
0.6837567,-0.64491844
-0.9199785,-0.5586172
-0.7228967,-0.638697
0.46708468,-0.8248789
0.488789,-0.79404986
0.29187614,-0.9069269
0.84263474,-0.5808923
0.055768125,-0.9960816
0.45335102,-0.8316958
-0.45671743,-0.82867515
0.22847922,-0.95603365
0.54696935,-0.73017913
0.39513576,-0.8645022
0.6177432,-0.71044195
-0.19381385,-0.96859527
-0.43465844,-0.8349491
-0.44889912,-0.82217425
0.60797936,-0.7101419
0.7081722,-0.6405049
-0.58348364,-0.71733063
-0.25620654,-0.93686205
0.84092945,-0.5768261
-0.9724029,-0.53748494
-0.30477446,-0.8894095
0.22756842,-0.9454439
-0.70582145,-0.62454754
0.37072194,-0.87778157
-0.41503158,-0.8423497
0.8856248,-0.5641353
-0.850842,-0.58720833
0.73344725,-0.6266731
0.20170262,-0.96448433
0.23840527,-0.9563532
-0.9683217,-0.5453509
0.8118184,-0.5909335
0.6988492,-0.62196046
-0.102851,-1.0022066
-0.03054442,-1.0076476
-0.4191037,-0.8467493
-0.34181026,-0.88090813
-0.045405444,-0.9909861
-0.8431542,-0.56567234
-0.84407806,-0.57220143
0.63308054,-0.7126396
-0.24463883,-0.9507342
0.9592284,-0.5427949
-0.8255642,-0.5768833
0.8739827,-0.545089
0.30044505,-0.9091486
-0.38417137,-0.87056756
-0.46759012,-0.79966646
0.9109141,-0.56261873
-0.32199022,-0.8991076
0.052569307,-0.98742694
0.9097886,-0.5422231
-0.5862283,-0.7252422
-0.63518757,-0.67599064
-0.56879264,-0.7496697
-0.528506,-0.7734992
0.40998363,-0.8561206
-0.6550779,-0.6883001
-0.9199693,-0.5358469
0.4393089,-0.8116272
0.92695236,-0.54753166
0.09098933,-0.97961354
-0.27298015,-0.93849087
-0.9381541,-0.548691
0.14120096,-0.9840965
-0.34423196,-0.89997834
0.29970396,-0.90942854
0.9112624,-0.5485807
-0.9551951,-0.5482005
0.38147527,-0.86459905
0.34612304,-0.8787519
0.18637122,-0.96986043
0.4545708,-0.7932417
-0.25165692,-0.93173885
-0.75392467,-0.6045536
-0.99122095,-0.5436478
-0.20007412,-0.94206816
0.6109211,-0.6981198
0.18159431,-0.9687712
-0.7048492,-0.6459804
-0.36339378,-0.8736959
0.3264636,-0.89351004
0.8516022,-0.54585767
0.71760744,-0.6310132
0.26443502,-0.9302287
-0.5631512,-0.73917437
0.73888606,-0.6103156
0.84143996,-0.5602438
0.8185088,-0.5809877
0.13235019,-0.9820883
0.74258524,-0.6130229
0.58637303,-0.71596074
0.23796849,-0.93458295
0.96416473,-0.52793735
-0.51136553,-0.7888771
0.24829127,-0.93084836
-0.9470925,-0.5530292
-0.09828025,-0.9846818
0.6672832,-0.65861577
-0.5298772,-0.7671806
0.50331485,-0.76513714
0.522702,-0.7707856
0.26931855,-0.9203145
0.7869352,-0.5898379
-0.101368055,-1.0061489
-0.5824387,-0.7233233
0.30310354,-0.90568274
0.89732414,-0.5533595
0.260221,-0.94389504
0.7573061,-0.5996726
0.731981,-0.6229041
-0.98792887,-0.5449551
-0.84519714,-0.5784079
0.10451644,-0.97453165
0.7111502,-0.61721295
-0.23280676,-0.95160645
0.77778906,-0.601894
-0.29562622,-0.8925387
-0.1663682,-0.9700404
-0.3526968,-0.8917094
-0.11640818,-0.98394173
-0.08245858,-0.992922
-0.038536884,-0.98669267
-0.4285909,-0.81076926
-0.22975643,-0.9489515
0.20837273,-0.950478
-0.982656,-0.5481828
0.094777726,-1.0036412
-0.963393,-0.54247105
0.21459565,-0.9736727
-0.2429853,-0.9173053
-0.07326547,-0.98419356
0.6207258,-0.69107974
0.34449393,-0.90630066
0.86052215,-0.55905503
-0.5076425,-0.79143333
-0.20511135,-0.9510497
-0.55561113,-0.72977436
-0.63902354,-0.6808142
0.33424065,-0.91105413
0.31441617,-0.9215222
-0.01625376,-1.0161736
-0.7069692,-0.64360213
0.13442995,-0.9940349
0.018366434,-1.005802
0.13741113,-0.96656823
-0.10244886,-0.99577475
-0.83625966,-0.57526755
-0.17814295,-0.96760005
-0.36927488,-0.86674976
-0.46081394,-0.80015314
0.32534462,-0.8812487
0.34128943,-0.89750034
0.94728106,-0.5454987
0.2693125,-0.95020014
-0.40468365,-0.862067
0.067492135,-0.9982052
0.26917407,-0.93766606
-0.17914584,-0.97682726
0.27606362,-0.9365173
0.63728046,-0.67401856
0.2616023,-0.9483327
-0.6591795,-0.6523096
-0.35258573,-0.8946753
0.9264737,-0.5300874
-0.27639562,-0.94043434
0.66035795,-0.6792794
-0.71939045,-0.62583727
0.9701858,-0.54355705
-0.5771758,-0.71801925
0.92274594,-0.5555341
-0.9006129,-0.5533871
0.15332192,-0.9771899
-0.6426585,-0.67332876
0.29086342,-0.9144981
0.79848623,-0.57673335
-0.40359572,-0.83808285
-0.19507809,-0.96390796
-0.90689784,-0.53368455
0.15137087,-0.97890186
0.2066822,-0.95691013
0.23598352,-0.9422714
0.82770485,-0.57132715
-0.8148647,-0.5698945
-0.057635263,-0.9931675
-0.406993,-0.8634161
-0.5130827,-0.7900097
-0.3277418,-0.8952195
0.87725174,-0.5638798
-0.4961633,-0.7809946
-0.8305505,-0.5872213
-0.1777956,-0.9697771
-0.46630034,-0.8145725
-0.41859627,-0.8358393
-0.09422154,-1.0028284
0.6306402,-0.6818321
0.67044187,-0.64888495
-0.033206847,-0.99434876
0.6760733,-0.65266424
-0.6683185,-0.6514124
-0.46671474,-0.7987137
-0.68014264,-0.6716437
0.8422113,-0.55556774
0.51341116,-0.75768983
0.53617626,-0.7504303
0.37319568,-0.8845174
-0.9735213,-0.55565006
-0.5770409,-0.74840295
0.7455297,-0.60188466
-0.036849216,-0.9856611
0.48547816,-0.7890275
-0.5654889,-0.726677
-0.86896414,-0.5606301
0.655205,-0.6646712
-0.53308094,-0.758898
-0.55947685,-0.73639727
-0.20011848,-0.9584491
0.09242465,-0.98473114
0.2545124,-0.9464456
0.85001403,-0.5758783
0.5131709,-0.7588418
0.053354822,-0.9864499
-0.7117755,-0.62619174
-0.7271488,-0.6224161
-0.7386449,-0.62634885
0.9733531,-0.53866225
0.6240591,-0.7010078
-0.8275293,-0.5616261
-0.391898,-0.8711881
-0.35734734,-0.8806907
-0.3691563,-0.86683166
-0.9899141,-0.540104
-0.13569246,-0.9721479
0.7140931,-0.64046395
-0.7829589,-0.58615476
-0.872659,-0.5596457
0.29635918,-0.91465133
0.5457585,-0.76783645
-0.5132287,-0.7626279
0.81433856,-0.5874821
0.3640735,-0.87333375
-0.04629506,-0.9843642
0.59885085,-0.6879946
-0.35220018,-0.8761447
-0.46044037,-0.80589175
-0.47622374,-0.79150146
-0.63231,-0.69089097
0.7564749,-0.6061291
-0.21607502,-0.945787
0.74817705,-0.61294705
0.7669752,-0.61927325
-0.7374281,-0.6046341
-0.91958404,-0.53925
0.936991,-0.5558787
-0.57778186,-0.7371931
-0.23568305,-0.9427606
-0.739699,-0.5797012
0.8936837,-0.5505308
-0.8174931,-0.58180785
0.6144808,-0.716846
0.7218761,-0.6227479
0.84732246,-0.5577534
-0.07896693,-0.9972692
0.12457534,-0.9862321
0.016587714,-1.002724
0.07710053,-1.0040771
-0.5162974,-0.78058404
0.15422033,-1.0040208
-0.47942212,-0.80863446
0.16877545,-0.96798784
0.64778215,-0.6845544
-0.99411374,-0.54047674
0.7263672,-0.64077866
-0.10898113,-0.9844647
0.2206004,-0.95866627
-0.4863645,-0.79938465
0.9974564,-0.53196794
0.23011841,-0.9718769
0.94582564,-0.53814864
0.5451966,-0.741681
0.75202703,-0.6118521
-0.48295775,-0.8094474
0.2884518,-0.9196338
-0.29199314,-0.9230657
0.63516605,-0.67364424
0.95214385,-0.5346617
-0.57297885,-0.72905797
0.47270858,-0.8133904
0.49001473,-0.7913779
-0.29982373,-0.91276324
-0.7136718,-0.6327524
-0.36187336,-0.88028574
-0.6646372,-0.6695635
0.7670371,-0.6130854
0.65445983,-0.6728421
0.5301612,-0.7593412
0.51683974,-0.76974535
-0.20051059,-0.96105516
0.81396776,-0.5967228
0.62059677,-0.70230436
0.81199735,-0.5665751
-0.0015506383,-0.99299455
-0.4325625,-0.83271974
0.29716122,-0.91497403
0.3644661,-0.88742
0.4126636,-0.8554793
-0.22503486,-0.95760477
0.031262375,-1.0021766
-0.7768255,-0.600682
0.20027502,-0.95933515
-0.07120037,-0.9944231
-0.6197025,-0.69290835
-0.014472856,-1.0190743
-0.30368555,-0.8865056
0.3091047,-0.90621203
0.61485285,-0.7021
-0.18104991,-0.97179353
0.66744894,-0.66160804
-0.652167,-0.676796
0.2715006,-0.93673986
-0.14133377,-0.9810555
-0.24749812,-0.9321366
-0.5436077,-0.75167805
-0.5154808,-0.76971024
-0.08347672,-0.9832131
0.67685544,-0.6471053
0.10290525,-0.9725113
0.14458127,-0.99453
0.42497152,-0.84553343
-0.41776428,-0.8499024
-0.23923382,-0.96194583
0.69625026,-0.6502461
-0.8965682,-0.5438291
0.02696923,-0.9855584
0.070575394,-0.9911544
0.10407214,-0.97036415
0.5228429,-0.77434266
-0.09738415,-0.9826367
0.6875109,-0.6414846
-0.32183948,-0.8999832
-0.32094437,-0.9034495
0.92789197,-0.5480047
-0.3511306,-0.8762209
-0.6157836,-0.6930394
0.10356739,-0.9860031
0.9043917,-0.54352283
0.55848706,-0.74042696
-0.12766258,-0.97592455
0.011668254,-1.0067197
0.9957563,-0.5437523
0.43777,-0.8278359
-0.79793483,-0.58694243
0.219575,-0.952162
0.8840296,-0.559254
-0.6138948,-0.67349374
0.54724485,-0.7362691
-0.17018856,-0.95973927
-0.71330416,-0.62530875
0.6766825,-0.645733
0.27908286,-0.91575396
-0.97450024,-0.5459452
0.66167843,-0.6682982
0.07159351,-1.0027387
0.24822704,-0.9332062
0.12664856,-1.0010434
-0.21934845,-0.9491317
-0.7279514,-0.62594306
0.43778718,-0.8438275
0.36790007,-0.8712978
0.7184877,-0.6311202
0.22927386,-0.94475657
-0.91145927,-0.55278665
-0.17579548,-0.9840221
-0.7909924,-0.58973885
0.19343035,-0.971984
-0.59335047,-0.73273623
0.8869177,-0.5442038
-0.68921816,-0.653108
0.6659434,-0.6639981
0.21751346,-0.9759043
-0.3831113,-0.8686087
0.5827688,-0.7148449
0.9318599,-0.5652325
-0.71136236,-0.63425666
0.678824,-0.66101784
0.6232584,-0.6851145
0.5204367,-0.7726581
-0.45878688,-0.8080015
0.54124373,-0.746255
-0.84193015,-0.56979656
-0.7891409,-0.58421487
-0.38623923,-0.8648746
-0.4856016,-0.7899509
-0.04844173,-1.0071443
